fecha	producto_id	cantidad	coste_unitario
2026-01-01	101	6.749	2.19
2026-01-01	103	1.66	1.62
2026-01-01	105	2.323	1.24
2026-01-01	106	7.497	1.45
2026-01-01	107	3.585	1.42
2026-01-01	11	2.896	3.16
2026-01-01	111	3.422	1.28
2026-01-01	112	2.607	1.91
2026-01-01	114	13.187	2.19
2026-01-01	12	3.883	1.71
2026-01-01	121	38.624	0.93
2026-01-01	124	14.586	1.16
2026-01-01	125	4	1.74
2026-01-01	127	5	1.84
2026-01-01	130	5	1.39
2026-01-01	132	2	0.91
2026-01-01	134	0.753	10.3
2026-01-01	135	0.509	9.6
2026-01-01	136	0.341	9.03
2026-01-01	137	0.543	13.1
2026-01-01	138	2.46	3.15
2026-01-01	139	0.361	10.35
2026-01-01	14	0.449	0.69
2026-01-01	140	0.575	9.6
2026-01-01	142	0.485	4.78
2026-01-01	145	0.23	15.9
2026-01-01	146	1.186	10.6
2026-01-01	158	2	1.75
2026-01-01	165	3.208	3.65
2026-01-01	166	6	1.84
2026-01-01	167	5	1.18
2026-01-01	178	0.77	2.43
2026-01-01	18	12.694	0.98
2026-01-01	185	3	1.44
2026-01-01	187	3.448	4.04
2026-01-01	189	4	2.31
2026-01-01	190	9	2.31
2026-01-01	193	7	1.46
2026-01-01	194	9.541	2.07
2026-01-01	195	10	1.09
2026-01-01	196	4	2.31
2026-01-01	197	7.157	1.72
2026-01-01	198	9.391	0.87
2026-01-01	199	3.747	1.62
2026-01-01	207	2	0.94
2026-01-01	208	4	0.66
2026-01-01	209	2	0.88
2026-01-01	211	3	0.85
2026-01-01	213	3	2.02
2026-01-01	214	2	1.95
2026-01-01	216	1	2
2026-01-01	218	6	1.02
2026-01-01	219	3	0.71
2026-01-01	223	1	1.5
2026-01-01	226	2	0.98
2026-01-01	23	4	0.94
2026-01-01	27	2	1.91
2026-01-01	28	7	2.08
2026-01-01	30	4	1.39
2026-01-01	31	0.557	4.4
2026-01-01	33	6.965	1.15
2026-01-01	38	7.791	1.39
2026-01-01	39	2.988	3.3
2026-01-01	4	6	0.76
2026-01-01	40	2	1.53
2026-01-01	41	7.029	1.38
2026-01-01	42	8.354	0.99
2026-01-01	43	13.054	1.3
2026-01-01	44	13.969	1.28
2026-01-01	46	5.119	2.19
2026-01-01	48	2	1.53
2026-01-01	49	2	2.19
2026-01-01	50	1	2.19
2026-01-01	52	26.971	0.7
2026-01-01	53	2	1.85
2026-01-01	54	3	1.85
2026-01-01	55	5	2.1
2026-01-01	56	4	2.6
2026-01-01	57	2	0.98
2026-01-01	58	1.737	1.9
2026-01-01	59	2.932	2.92
2026-01-01	61	2	1.39
2026-01-01	65	2	1.04
2026-01-01	66	3	1.16
2026-01-01	68	1	1.51
2026-01-01	69	8	0.91
2026-01-01	70	3	1.1
2026-01-01	71	2	1.53
2026-01-01	72	5	0.69
2026-01-01	73	3	1.1
2026-01-01	74	12	1.71
2026-01-01	75	4	1.19
2026-01-01	76	19	0.57
2026-01-01	77	2	1.67
2026-01-01	78	9	0.79
2026-01-01	79	6	1.07
2026-01-01	8	2	1.69
2026-01-01	81	7	0.72
2026-01-01	82	7	0.65
2026-01-01	83	3.453	1.72
2026-01-01	84	7	1.16
2026-01-01	87	4	1.04
2026-01-01	88	2.228	1.62
2026-01-01	89	35.69	0.58
2026-01-01	9	4	0.58
2026-01-01	91	26.17	0.53
2026-01-01	92	8.594	0.64
2026-01-01	93	29	1.46
2026-01-01	94	6.288	2.08
2026-01-01	95	5.94	1.84
2026-01-01	96	1.396	1.82
2026-01-01	98	1.387	1.68
2026-01-01	99	1.61	2.28
2026-01-02	101	6.749	2.19
2026-01-02	103	1.66	1.62
2026-01-02	105	2.323	1.24
2026-01-02	106	7.497	1.45
2026-01-02	107	3.585	1.42
2026-01-02	11	2.896	3.16
2026-01-02	111	3.422	1.28
2026-01-02	112	2.607	1.91
2026-01-02	114	13.187	2.19
2026-01-02	12	3.883	1.71
2026-01-02	121	38.624	0.93
2026-01-02	124	14.586	1.16
2026-01-02	125	4	1.74
2026-01-02	127	5	1.84
2026-01-02	130	5	1.39
2026-01-02	134	0.753	10.3
2026-01-02	135	0.509	9.6
2026-01-02	136	0.341	9.03
2026-01-02	137	0.543	13.1
2026-01-02	138	2.46	3.15
2026-01-02	139	0.361	10.35
2026-01-02	140	0.575	9.6
2026-01-02	142	0.485	4.78
2026-01-02	145	0.23	15.9
2026-01-02	146	1.186	10.6
2026-01-02	158	2	1.75
2026-01-02	165	3.208	3.65
2026-01-02	166	6	1.84
2026-01-02	167	5	1.18
2026-01-02	178	0.77	2.43
2026-01-02	18	12.694	0.98
2026-01-02	185	3	1.44
2026-01-02	187	3.448	4.04
2026-01-02	189	4	2.31
2026-01-02	190	9	2.31
2026-01-02	193	7	1.46
2026-01-02	194	9.541	2.07
2026-01-02	195	10	1.09
2026-01-02	196	4	2.31
2026-01-02	197	7.157	1.72
2026-01-02	198	9.391	0.87
2026-01-02	199	3.747	1.62
2026-01-02	205	5	2.47
2026-01-02	207	2	0.94
2026-01-02	208	4	0.66
2026-01-02	209	2	0.88
2026-01-02	211	3	0.85
2026-01-02	213	3	2.02
2026-01-02	214	2	1.95
2026-01-02	216	1	2
2026-01-02	218	6	1.02
2026-01-02	219	3	0.71
2026-01-02	224	17	0.72
2026-01-02	226	2	0.98
2026-01-02	227	17	1.19
2026-01-02	23	4	0.94
2026-01-02	247	3	1.5
2026-01-02	27	2	1.91
2026-01-02	28	7	2.08
2026-01-02	30	4	1.39
2026-01-02	31	0.557	4.4
2026-01-02	33	6.965	1.15
2026-01-02	38	7.791	1.39
2026-01-02	39	2.988	3.3
2026-01-02	4	6	0.76
2026-01-02	40	2	1.53
2026-01-02	41	7.029	1.38
2026-01-02	42	8.354	0.99
2026-01-02	43	13.054	1.3
2026-01-02	44	13.969	1.28
2026-01-02	48	2	1.53
2026-01-02	49	2	2.19
2026-01-02	50	1	2.19
2026-01-02	52	26.971	0.7
2026-01-02	53	2	1.85
2026-01-02	54	3	1.85
2026-01-02	55	5	2.1
2026-01-02	56	4	2.6
2026-01-02	57	2	0.98
2026-01-02	58	1.737	1.9
2026-01-02	60	7	2.02
2026-01-02	61	2	1.39
2026-01-02	65	2	1.04
2026-01-02	66	3	1.16
2026-01-02	68	1	1.51
2026-01-02	69	8	0.91
2026-01-02	70	3	1.1
2026-01-02	71	2	1.53
2026-01-02	72	5	0.69
2026-01-02	73	3	1.1
2026-01-02	75	4	1.19
2026-01-02	76	19	0.57
2026-01-02	77	2	1.67
2026-01-02	78	9	0.79
2026-01-02	79	6	1.07
2026-01-02	8	2	1.69
2026-01-02	81	7	0.72
2026-01-02	82	7	0.65
2026-01-02	83	3.453	1.72
2026-01-02	84	7	1.16
2026-01-02	87	4	1.04
2026-01-02	88	2.228	1.62
2026-01-02	89	35.69	0.58
2026-01-02	9	4	0.58
2026-01-02	91	26.17	0.53
2026-01-02	92	8.594	0.64
2026-01-02	93	29	1.46
2026-01-02	94	6.288	2.08
2026-01-02	95	5.94	1.84
2026-01-02	96	1.396	1.82
2026-01-02	98	1.387	1.68
2026-01-02	99	1.61	2.28
2026-01-05	101	9.374	2.19
2026-01-05	103	2.302	1.62
2026-01-05	105	3.226	1.24
2026-01-05	106	10.414	1.45
2026-01-05	107	4.979	1.42
2026-01-05	11	4.022	3.16
2026-01-05	111	4.75	1.28
2026-01-05	112	3.618	1.91
2026-01-05	114	18.32	2.19
2026-01-05	12	5.392	1.71
2026-01-05	121	53.645	0.93
2026-01-05	124	20.259	1.16
2026-01-05	125	6	1.74
2026-01-05	127	7	1.84
2026-01-05	130	6	1.39
2026-01-05	134	1.046	10.3
2026-01-05	135	0.706	9.6
2026-01-05	136	0.473	9.03
2026-01-05	137	0.753	13.1
2026-01-05	138	3.416	3.15
2026-01-05	139	0.502	10.35
2026-01-05	140	0.798	9.6
2026-01-05	142	0.674	4.78
2026-01-05	145	0.32	15.9
2026-01-05	146	1.646	10.6
2026-01-05	149	5.768	3.66
2026-01-05	155	22	0.57
2026-01-05	158	3	1.75
2026-01-05	160	4	1.31
2026-01-05	165	4.455	3.65
2026-01-05	166	8	1.84
2026-01-05	167	6	1.18
2026-01-05	17	11	1.24
2026-01-05	178	1.07	2.43
2026-01-05	18	17.633	0.98
2026-01-05	185	4	1.44
2026-01-05	186	8	1.66
2026-01-05	187	4.79	4.04
2026-01-05	189	6	2.31
2026-01-05	190	13	2.31
2026-01-05	193	9	1.46
2026-01-05	194	13.251	2.07
2026-01-05	195	15	1.09
2026-01-05	196	6	2.31
2026-01-05	197	9.942	1.72
2026-01-05	198	13.046	0.87
2026-01-05	199	5.204	1.62
2026-01-05	207	3	0.94
2026-01-05	208	6	0.66
2026-01-05	209	3	0.88
2026-01-05	211	4	0.85
2026-01-05	213	4	2.02
2026-01-05	214	2	1.95
2026-01-05	216	2	2
2026-01-05	218	9	1.02
2026-01-05	219	4	0.71
2026-01-05	226	3	0.98
2026-01-05	23	5	0.94
2026-01-05	27	3	1.91
2026-01-05	28	10	2.08
2026-01-05	30	6	1.39
2026-01-05	31	0.775	4.4
2026-01-05	33	9.67	1.15
2026-01-05	35	17	0.98
2026-01-05	38	10.82	1.39
2026-01-05	39	4.148	3.3
2026-01-05	4	9	0.76
2026-01-05	40	3	1.53
2026-01-05	41	9.761	1.38
2026-01-05	42	11.606	0.99
2026-01-05	43	18.131	1.3
2026-01-05	44	19.406	1.28
2026-01-05	48	3	1.53
2026-01-05	49	2	2.19
2026-01-05	50	2	2.19
2026-01-05	52	37.457	0.7
2026-01-05	53	2	1.85
2026-01-05	54	4	1.85
2026-01-05	55	6	2.1
2026-01-05	56	6	2.6
2026-01-05	57	3	0.98
2026-01-05	58	2.416	1.9
2026-01-05	61	3	1.39
2026-01-05	65	3	1.04
2026-01-05	66	5	1.16
2026-01-05	68	2	1.51
2026-01-05	69	11	0.91
2026-01-05	70	5	1.1
2026-01-05	71	3	1.53
2026-01-05	72	7	0.69
2026-01-05	73	4	1.1
2026-01-05	75	6	1.19
2026-01-05	76	27	0.57
2026-01-05	77	3	1.67
2026-01-05	78	13	0.79
2026-01-05	79	8	1.07
2026-01-05	8	2	1.69
2026-01-05	80	7	2.29
2026-01-05	81	10	0.72
2026-01-05	82	9	0.65
2026-01-05	83	4.791	1.72
2026-01-05	84	10	1.16
2026-01-05	87	5	1.04
2026-01-05	88	3.099	1.62
2026-01-05	89	49.586	0.58
2026-01-05	9	5	0.58
2026-01-05	91	36.34	0.53
2026-01-05	92	11.938	0.64
2026-01-05	93	40	1.46
2026-01-05	94	8.731	2.08
2026-01-05	95	8.255	1.84
2026-01-05	96	1.94	1.82
2026-01-05	98	1.929	1.68
2026-01-05	99	2.237	2.28
2026-01-06	101	7.502	2.19
2026-01-06	103	1.846	1.62
2026-01-06	105	2.581	1.24
2026-01-06	106	8.331	1.45
2026-01-06	107	3.986	1.42
2026-01-06	108	6.376	1.73
2026-01-06	11	3.215	3.16
2026-01-06	111	3.805	1.28
2026-01-06	112	2.895	1.91
2026-01-06	114	14.653	2.19
2026-01-06	12	4.31	1.71
2026-01-06	121	42.914	0.93
2026-01-06	124	16.207	1.16
2026-01-06	125	5	1.74
2026-01-06	127	6	1.84
2026-01-06	130	5	1.39
2026-01-06	134	0.837	10.3
2026-01-06	135	0.566	9.6
2026-01-06	136	0.379	9.03
2026-01-06	137	0.603	13.1
2026-01-06	138	2.733	3.15
2026-01-06	139	0.402	10.35
2026-01-06	140	0.639	9.6
2026-01-06	142	0.54	4.78
2026-01-06	145	0.256	15.9
2026-01-06	146	1.317	10.6
2026-01-06	148	3.149	4.5
2026-01-06	158	2	1.75
2026-01-06	161	3	0.91
2026-01-06	165	3.564	3.65
2026-01-06	166	7	1.84
2026-01-06	167	5	1.18
2026-01-06	17	11	1.24
2026-01-06	178	0.856	2.43
2026-01-06	18	14.102	0.98
2026-01-06	185	4	1.44
2026-01-06	187	3.832	4.04
2026-01-06	189	5	2.31
2026-01-06	19	10	1.82
2026-01-06	190	10	2.31
2026-01-06	193	7	1.46
2026-01-06	194	10.599	2.07
2026-01-06	195	12	1.09
2026-01-06	196	5	2.31
2026-01-06	197	7.953	1.72
2026-01-06	198	10.437	0.87
2026-01-06	199	4.16	1.62
2026-01-06	202	5	2.14
2026-01-06	207	2	0.94
2026-01-06	208	4	0.66
2026-01-06	209	2	0.88
2026-01-06	211	4	0.85
2026-01-06	213	3	2.02
2026-01-06	214	2	1.95
2026-01-06	216	1	2
2026-01-06	218	7	1.02
2026-01-06	219	3	0.71
2026-01-06	226	3	0.98
2026-01-06	23	4	0.94
2026-01-06	231	5	0.98
2026-01-06	250	8.925	1.73
2026-01-06	27	2	1.91
2026-01-06	28	8	2.08
2026-01-06	30	5	1.39
2026-01-06	31	0.62	4.4
2026-01-06	33	7.739	1.15
2026-01-06	38	8.655	1.39
2026-01-06	39	3.318	3.3
2026-01-06	4	7	0.76
2026-01-06	40	3	1.53
2026-01-06	41	7.804	1.38
2026-01-06	42	9.283	0.99
2026-01-06	43	14.5	1.3
2026-01-06	44	15.523	1.28
2026-01-06	48	2	1.53
2026-01-06	49	2	2.19
2026-01-06	50	1	2.19
2026-01-06	52	29.971	0.7
2026-01-06	53	2	1.85
2026-01-06	54	4	1.85
2026-01-06	55	5	2.1
2026-01-06	56	5	2.6
2026-01-06	57	2	0.98
2026-01-06	58	1.932	1.9
2026-01-06	61	2	1.39
2026-01-06	65	3	1.04
2026-01-06	66	4	1.16
2026-01-06	68	1	1.51
2026-01-06	69	9	0.91
2026-01-06	70	4	1.1
2026-01-06	71	2	1.53
2026-01-06	72	5	0.69
2026-01-06	73	3	1.1
2026-01-06	75	5	1.19
2026-01-06	76	22	0.57
2026-01-06	77	3	1.67
2026-01-06	78	11	0.79
2026-01-06	79	7	1.07
2026-01-06	8	2	1.69
2026-01-06	81	8	0.72
2026-01-06	82	8	0.65
2026-01-06	83	3.837	1.72
2026-01-06	84	8	1.16
2026-01-06	85	18	1.1
2026-01-06	87	4	1.04
2026-01-06	88	2.475	1.62
2026-01-06	89	39.672	0.58
2026-01-06	9	4	0.58
2026-01-06	91	29.075	0.53
2026-01-06	92	9.547	0.64
2026-01-06	93	32	1.46
2026-01-06	94	6.986	2.08
2026-01-06	95	6.603	1.84
2026-01-06	96	1.555	1.82
2026-01-06	98	1.542	1.68
2026-01-06	99	1.789	2.28
2026-01-07	101	7.128	2.19
2026-01-07	103	1.753	1.62
2026-01-07	105	2.452	1.24
2026-01-07	106	7.91	1.45
2026-01-07	107	3.782	1.42
2026-01-07	11	3.057	3.16
2026-01-07	111	3.609	1.28
2026-01-07	112	2.749	1.91
2026-01-07	114	13.922	2.19
2026-01-07	117	10.582	1.46
2026-01-07	12	4.099	1.71
2026-01-07	121	40.774	0.93
2026-01-07	124	15.397	1.16
2026-01-07	125	4	1.74
2026-01-07	127	5	1.84
2026-01-07	130	5	1.39
2026-01-07	134	0.795	10.3
2026-01-07	135	0.538	9.6
2026-01-07	136	0.36	9.03
2026-01-07	137	0.573	13.1
2026-01-07	138	2.597	3.15
2026-01-07	139	0.382	10.35
2026-01-07	140	0.606	9.6
2026-01-07	142	0.513	4.78
2026-01-07	145	0.243	15.9
2026-01-07	146	1.252	10.6
2026-01-07	158	2	1.75
2026-01-07	165	3.386	3.65
2026-01-07	166	6	1.84
2026-01-07	167	5	1.18
2026-01-07	178	0.811	2.43
2026-01-07	18	13.398	0.98
2026-01-07	185	3	1.44
2026-01-07	187	3.641	4.04
2026-01-07	189	4	2.31
2026-01-07	190	10	2.31
2026-01-07	193	7	1.46
2026-01-07	194	10.072	2.07
2026-01-07	195	11	1.09
2026-01-07	196	4	2.31
2026-01-07	197	7.558	1.72
2026-01-07	198	9.92	0.87
2026-01-07	199	3.951	1.62
2026-01-07	207	2	0.94
2026-01-07	208	4	0.66
2026-01-07	209	2	0.88
2026-01-07	211	3	0.85
2026-01-07	213	3	2.02
2026-01-07	214	2	1.95
2026-01-07	216	1	2
2026-01-07	218	7	1.02
2026-01-07	219	3	0.71
2026-01-07	221	3	1.71
2026-01-07	226	2	0.98
2026-01-07	23	4	0.94
2026-01-07	26	8.908	0.87
2026-01-07	27	2	1.91
2026-01-07	28	7	2.08
2026-01-07	30	5	1.39
2026-01-07	31	0.589	4.4
2026-01-07	33	7.348	1.15
2026-01-07	38	8.223	1.39
2026-01-07	39	3.155	3.3
2026-01-07	4	6	0.76
2026-01-07	40	3	1.53
2026-01-07	41	7.42	1.38
2026-01-07	42	8.818	0.99
2026-01-07	43	13.777	1.3
2026-01-07	44	14.75	1.28
2026-01-07	48	2	1.53
2026-01-07	49	2	2.19
2026-01-07	50	1	2.19
2026-01-07	52	28.471	0.7
2026-01-07	53	2	1.85
2026-01-07	54	3	1.85
2026-01-07	55	5	2.1
2026-01-07	56	5	2.6
2026-01-07	57	2	0.98
2026-01-07	58	1.837	1.9
2026-01-07	61	2	1.39
2026-01-07	62	10	1.35
2026-01-07	65	3	1.04
2026-01-07	66	4	1.16
2026-01-07	68	1	1.51
2026-01-07	69	8	0.91
2026-01-07	70	4	1.1
2026-01-07	71	2	1.53
2026-01-07	72	5	0.69
2026-01-07	73	3	1.1
2026-01-07	75	4	1.19
2026-01-07	76	20	0.57
2026-01-07	77	2	1.67
2026-01-07	78	10	0.79
2026-01-07	79	6	1.07
2026-01-07	8	2	1.69
2026-01-07	81	8	0.72
2026-01-07	82	7	0.65
2026-01-07	83	3.645	1.72
2026-01-07	84	8	1.16
2026-01-07	87	4	1.04
2026-01-07	88	2.352	1.62
2026-01-07	89	37.69	0.58
2026-01-07	9	4	0.58
2026-01-07	91	27.623	0.53
2026-01-07	92	9.078	0.64
2026-01-07	93	31	1.46
2026-01-07	94	6.639	2.08
2026-01-07	95	6.272	1.84
2026-01-07	96	1.478	1.82
2026-01-07	98	1.464	1.68
2026-01-07	99	1.702	2.28
2026-01-08	101	6.749	2.19
2026-01-08	103	1.66	1.62
2026-01-08	105	2.323	1.24
2026-01-08	106	7.497	1.45
2026-01-08	107	3.585	1.42
2026-01-08	11	2.896	3.16
2026-01-08	111	3.422	1.28
2026-01-08	112	2.607	1.91
2026-01-08	114	13.187	2.19
2026-01-08	12	3.883	1.71
2026-01-08	121	38.624	0.93
2026-01-08	124	14.586	1.16
2026-01-08	125	4	1.74
2026-01-08	127	5	1.84
2026-01-08	130	5	1.39
2026-01-08	134	0.753	10.3
2026-01-08	135	0.509	9.6
2026-01-08	136	0.341	9.03
2026-01-08	137	0.543	13.1
2026-01-08	138	2.46	3.15
2026-01-08	139	0.361	10.35
2026-01-08	140	0.575	9.6
2026-01-08	141	2.389	8.74
2026-01-08	142	0.485	4.78
2026-01-08	145	0.23	15.9
2026-01-08	146	1.186	10.6
2026-01-08	147	0.134	2.91
2026-01-08	158	2	1.75
2026-01-08	165	3.208	3.65
2026-01-08	166	6	1.84
2026-01-08	167	5	1.18
2026-01-08	178	0.77	2.43
2026-01-08	18	12.694	0.98
2026-01-08	185	3	1.44
2026-01-08	187	3.448	4.04
2026-01-08	189	4	2.31
2026-01-08	190	9	2.31
2026-01-08	193	7	1.46
2026-01-08	194	9.541	2.07
2026-01-08	195	10	1.09
2026-01-08	196	4	2.31
2026-01-08	197	7.157	1.72
2026-01-08	198	9.391	0.87
2026-01-08	199	3.747	1.62
2026-01-08	207	2	0.94
2026-01-08	208	4	0.66
2026-01-08	209	2	0.88
2026-01-08	211	3	0.85
2026-01-08	213	3	2.02
2026-01-08	214	2	1.95
2026-01-08	216	1	2
2026-01-08	218	6	1.02
2026-01-08	219	3	0.71
2026-01-08	226	2	0.98
2026-01-08	23	4	0.94
2026-01-08	27	2	1.91
2026-01-08	28	7	2.08
2026-01-08	30	4	1.39
2026-01-08	31	0.557	4.4
2026-01-08	33	6.965	1.15
2026-01-08	38	7.791	1.39
2026-01-08	39	2.988	3.3
2026-01-08	4	6	0.76
2026-01-08	40	2	1.53
2026-01-08	41	7.029	1.38
2026-01-08	42	8.354	0.99
2026-01-08	43	13.054	1.3
2026-01-08	44	13.969	1.28
2026-01-08	48	2	1.53
2026-01-08	49	2	2.19
2026-01-08	50	1	2.19
2026-01-08	52	26.971	0.7
2026-01-08	53	2	1.85
2026-01-08	54	3	1.85
2026-01-08	55	5	2.1
2026-01-08	56	4	2.6
2026-01-08	57	2	0.98
2026-01-08	58	1.737	1.9
2026-01-08	61	2	1.39
2026-01-08	65	2	1.04
2026-01-08	66	3	1.16
2026-01-08	68	1	1.51
2026-01-08	69	8	0.91
2026-01-08	70	3	1.1
2026-01-08	71	2	1.53
2026-01-08	72	5	0.69
2026-01-08	73	3	1.1
2026-01-08	75	4	1.19
2026-01-08	76	19	0.57
2026-01-08	77	2	1.67
2026-01-08	78	9	0.79
2026-01-08	79	6	1.07
2026-01-08	8	2	1.69
2026-01-08	81	7	0.72
2026-01-08	82	7	0.65
2026-01-08	83	3.453	1.72
2026-01-08	84	7	1.16
2026-01-08	87	4	1.04
2026-01-08	88	2.228	1.62
2026-01-08	89	35.69	0.58
2026-01-08	9	4	0.58
2026-01-08	91	26.17	0.53
2026-01-08	92	8.594	0.64
2026-01-08	93	29	1.46
2026-01-08	94	6.288	2.08
2026-01-08	95	5.94	1.84
2026-01-08	96	1.396	1.82
2026-01-08	98	1.387	1.68
2026-01-08	99	1.61	2.28
2026-01-09	100	6.5	1.96
2026-01-09	101	6.749	2.19
2026-01-09	103	1.66	1.62
2026-01-09	104	0.14	1.57
2026-01-09	105	2.323	1.24
2026-01-09	106	7.497	1.45
2026-01-09	107	3.585	1.42
2026-01-09	11	2.896	3.16
2026-01-09	111	3.422	1.28
2026-01-09	112	2.607	1.91
2026-01-09	114	13.187	2.19
2026-01-09	12	3.883	1.71
2026-01-09	121	38.624	0.93
2026-01-09	124	14.586	1.16
2026-01-09	125	4	1.74
2026-01-09	127	5	1.84
2026-01-09	130	5	1.39
2026-01-09	134	0.753	10.3
2026-01-09	135	0.509	9.6
2026-01-09	136	0.341	9.03
2026-01-09	137	0.543	13.1
2026-01-09	138	2.46	3.15
2026-01-09	139	0.361	10.35
2026-01-09	140	0.575	9.6
2026-01-09	142	0.485	4.78
2026-01-09	143	6	2.13
2026-01-09	145	0.23	15.9
2026-01-09	146	1.186	10.6
2026-01-09	153	12	1.54
2026-01-09	154	13	1.44
2026-01-09	155	22	0.57
2026-01-09	158	2	1.75
2026-01-09	162	14	0.87
2026-01-09	165	3.208	3.65
2026-01-09	166	6	1.84
2026-01-09	167	5	1.18
2026-01-09	178	0.77	2.43
2026-01-09	18	12.694	0.98
2026-01-09	185	3	1.44
2026-01-09	187	3.448	4.04
2026-01-09	189	4	2.31
2026-01-09	190	9	2.31
2026-01-09	193	7	1.46
2026-01-09	194	9.541	2.07
2026-01-09	195	10	1.09
2026-01-09	196	4	2.31
2026-01-09	197	7.157	1.72
2026-01-09	198	9.391	0.87
2026-01-09	199	3.747	1.62
2026-01-09	207	2	0.94
2026-01-09	208	4	0.66
2026-01-09	209	2	0.88
2026-01-09	211	3	0.85
2026-01-09	213	3	2.02
2026-01-09	214	2	1.95
2026-01-09	216	1	2
2026-01-09	218	6	1.02
2026-01-09	219	3	0.71
2026-01-09	226	2	0.98
2026-01-09	23	4	0.94
2026-01-09	27	2	1.91
2026-01-09	28	7	2.08
2026-01-09	30	4	1.39
2026-01-09	31	0.557	4.4
2026-01-09	33	6.965	1.15
2026-01-09	38	7.791	1.39
2026-01-09	39	2.988	3.3
2026-01-09	4	6	0.76
2026-01-09	40	2	1.53
2026-01-09	41	7.029	1.38
2026-01-09	42	8.354	0.99
2026-01-09	43	13.054	1.3
2026-01-09	44	13.969	1.28
2026-01-09	48	2	1.53
2026-01-09	49	2	2.19
2026-01-09	50	1	2.19
2026-01-09	52	26.971	0.7
2026-01-09	53	2	1.85
2026-01-09	54	3	1.85
2026-01-09	55	5	2.1
2026-01-09	56	4	2.6
2026-01-09	57	2	0.98
2026-01-09	58	1.737	1.9
2026-01-09	61	2	1.39
2026-01-09	65	2	1.04
2026-01-09	66	3	1.16
2026-01-09	68	1	1.51
2026-01-09	69	8	0.91
2026-01-09	70	3	1.1
2026-01-09	71	2	1.53
2026-01-09	72	5	0.69
2026-01-09	73	3	1.1
2026-01-09	75	4	1.19
2026-01-09	76	19	0.57
2026-01-09	77	2	1.67
2026-01-09	78	9	0.79
2026-01-09	79	6	1.07
2026-01-09	8	2	1.69
2026-01-09	81	7	0.72
2026-01-09	82	7	0.65
2026-01-09	83	3.453	1.72
2026-01-09	84	7	1.16
2026-01-09	87	4	1.04
2026-01-09	88	2.228	1.62
2026-01-09	89	35.69	0.58
2026-01-09	9	4	0.58
2026-01-09	91	26.17	0.53
2026-01-09	92	8.594	0.64
2026-01-09	93	29	1.46
2026-01-09	94	6.288	2.08
2026-01-09	95	5.94	1.84
2026-01-09	96	1.396	1.82
2026-01-09	98	1.387	1.68
2026-01-09	99	1.61	2.28
2026-01-12	101	9.374	2.19
2026-01-12	102	7.969	1.28
2026-01-12	103	2.302	1.62
2026-01-12	105	3.226	1.24
2026-01-12	106	10.414	1.45
2026-01-12	107	4.979	1.42
2026-01-12	11	4.022	3.16
2026-01-12	111	4.75	1.28
2026-01-12	112	3.618	1.91
2026-01-12	114	18.32	2.19
2026-01-12	117	10.582	1.46
2026-01-12	12	5.392	1.71
2026-01-12	121	53.645	0.93
2026-01-12	124	20.259	1.16
2026-01-12	125	6	1.74
2026-01-12	127	7	1.84
2026-01-12	130	6	1.39
2026-01-12	134	1.046	10.3
2026-01-12	135	0.706	9.6
2026-01-12	136	0.473	9.03
2026-01-12	137	0.753	13.1
2026-01-12	138	3.416	3.15
2026-01-12	139	0.502	10.35
2026-01-12	140	0.798	9.6
2026-01-12	142	0.674	4.78
2026-01-12	145	0.32	15.9
2026-01-12	146	1.646	10.6
2026-01-12	154	13	1.44
2026-01-12	158	3	1.75
2026-01-12	165	4.455	3.65
2026-01-12	166	8	1.84
2026-01-12	167	6	1.18
2026-01-12	178	1.07	2.43
2026-01-12	18	17.633	0.98
2026-01-12	185	4	1.44
2026-01-12	187	4.79	4.04
2026-01-12	189	6	2.31
2026-01-12	190	13	2.31
2026-01-12	193	9	1.46
2026-01-12	194	13.251	2.07
2026-01-12	195	15	1.09
2026-01-12	196	6	2.31
2026-01-12	197	9.942	1.72
2026-01-12	198	13.046	0.87
2026-01-12	199	5.204	1.62
2026-01-12	207	3	0.94
2026-01-12	208	6	0.66
2026-01-12	209	3	0.88
2026-01-12	211	4	0.85
2026-01-12	213	4	2.02
2026-01-12	214	2	1.95
2026-01-12	215	10	1.95
2026-01-12	216	2	2
2026-01-12	218	9	1.02
2026-01-12	219	4	0.71
2026-01-12	226	3	0.98
2026-01-12	23	5	0.94
2026-01-12	27	3	1.91
2026-01-12	28	10	2.08
2026-01-12	30	6	1.39
2026-01-12	31	0.775	4.4
2026-01-12	33	9.67	1.15
2026-01-12	38	10.82	1.39
2026-01-12	39	4.148	3.3
2026-01-12	4	9	0.76
2026-01-12	40	3	1.53
2026-01-12	41	9.761	1.38
2026-01-12	42	11.606	0.99
2026-01-12	43	18.131	1.3
2026-01-12	44	19.406	1.28
2026-01-12	48	3	1.53
2026-01-12	49	2	2.19
2026-01-12	50	2	2.19
2026-01-12	52	37.457	0.7
2026-01-12	53	2	1.85
2026-01-12	54	4	1.85
2026-01-12	55	6	2.1
2026-01-12	56	6	2.6
2026-01-12	57	3	0.98
2026-01-12	58	2.416	1.9
2026-01-12	61	3	1.39
2026-01-12	65	3	1.04
2026-01-12	66	5	1.16
2026-01-12	68	2	1.51
2026-01-12	69	11	0.91
2026-01-12	70	5	1.1
2026-01-12	71	3	1.53
2026-01-12	72	7	0.69
2026-01-12	73	4	1.1
2026-01-12	74	12	1.71
2026-01-12	75	6	1.19
2026-01-12	76	27	0.57
2026-01-12	77	3	1.67
2026-01-12	78	13	0.79
2026-01-12	79	8	1.07
2026-01-12	8	2	1.69
2026-01-12	81	10	0.72
2026-01-12	82	9	0.65
2026-01-12	83	4.791	1.72
2026-01-12	84	10	1.16
2026-01-12	87	5	1.04
2026-01-12	88	3.099	1.62
2026-01-12	89	49.586	0.58
2026-01-12	9	5	0.58
2026-01-12	91	36.34	0.53
2026-01-12	92	11.938	0.64
2026-01-12	93	40	1.46
2026-01-12	94	8.731	2.08
2026-01-12	95	8.255	1.84
2026-01-12	96	1.94	1.82
2026-01-12	98	1.929	1.68
2026-01-12	99	2.237	2.28
2026-01-13	1	11	1.09
2026-01-13	101	7.502	2.19
2026-01-13	103	1.846	1.62
2026-01-13	105	2.581	1.24
2026-01-13	106	8.331	1.45
2026-01-13	107	3.986	1.42
2026-01-13	11	3.215	3.16
2026-01-13	111	3.805	1.28
2026-01-13	112	2.895	1.91
2026-01-13	114	14.653	2.19
2026-01-13	12	4.31	1.71
2026-01-13	121	42.914	0.93
2026-01-13	124	16.207	1.16
2026-01-13	125	5	1.74
2026-01-13	127	6	1.84
2026-01-13	130	5	1.39
2026-01-13	133	8	1.1
2026-01-13	134	0.837	10.3
2026-01-13	135	0.566	9.6
2026-01-13	136	0.379	9.03
2026-01-13	137	0.603	13.1
2026-01-13	138	2.733	3.15
2026-01-13	139	0.402	10.35
2026-01-13	140	0.639	9.6
2026-01-13	142	0.54	4.78
2026-01-13	145	0.256	15.9
2026-01-13	146	1.317	10.6
2026-01-13	152	9	1.26
2026-01-13	158	2	1.75
2026-01-13	165	3.564	3.65
2026-01-13	166	7	1.84
2026-01-13	167	5	1.18
2026-01-13	178	0.856	2.43
2026-01-13	18	14.102	0.98
2026-01-13	185	4	1.44
2026-01-13	187	3.832	4.04
2026-01-13	189	5	2.31
2026-01-13	190	10	2.31
2026-01-13	193	7	1.46
2026-01-13	194	10.599	2.07
2026-01-13	195	12	1.09
2026-01-13	196	5	2.31
2026-01-13	197	7.953	1.72
2026-01-13	198	10.437	0.87
2026-01-13	199	4.16	1.62
2026-01-13	20	7	0.72
2026-01-13	207	2	0.94
2026-01-13	208	4	0.66
2026-01-13	209	2	0.88
2026-01-13	211	4	0.85
2026-01-13	213	3	2.02
2026-01-13	214	2	1.95
2026-01-13	216	1	2
2026-01-13	218	7	1.02
2026-01-13	219	3	0.71
2026-01-13	226	3	0.98
2026-01-13	23	4	0.94
2026-01-13	232	1	1.1
2026-01-13	27	2	1.91
2026-01-13	28	8	2.08
2026-01-13	30	5	1.39
2026-01-13	31	0.62	4.4
2026-01-13	33	7.739	1.15
2026-01-13	38	8.655	1.39
2026-01-13	39	3.318	3.3
2026-01-13	4	7	0.76
2026-01-13	40	3	1.53
2026-01-13	41	7.804	1.38
2026-01-13	42	9.283	0.99
2026-01-13	43	14.5	1.3
2026-01-13	44	15.523	1.28
2026-01-13	48	2	1.53
2026-01-13	49	2	2.19
2026-01-13	50	1	2.19
2026-01-13	52	29.971	0.7
2026-01-13	53	2	1.85
2026-01-13	54	4	1.85
2026-01-13	55	5	2.1
2026-01-13	56	5	2.6
2026-01-13	57	2	0.98
2026-01-13	58	1.932	1.9
2026-01-13	61	2	1.39
2026-01-13	65	3	1.04
2026-01-13	66	4	1.16
2026-01-13	68	1	1.51
2026-01-13	69	9	0.91
2026-01-13	70	4	1.1
2026-01-13	71	2	1.53
2026-01-13	72	5	0.69
2026-01-13	73	3	1.1
2026-01-13	75	5	1.19
2026-01-13	76	22	0.57
2026-01-13	77	3	1.67
2026-01-13	78	11	0.79
2026-01-13	79	7	1.07
2026-01-13	8	2	1.69
2026-01-13	81	8	0.72
2026-01-13	82	8	0.65
2026-01-13	83	3.837	1.72
2026-01-13	84	8	1.16
2026-01-13	87	4	1.04
2026-01-13	88	2.475	1.62
2026-01-13	89	39.672	0.58
2026-01-13	9	4	0.58
2026-01-13	91	29.075	0.53
2026-01-13	92	9.547	0.64
2026-01-13	93	32	1.46
2026-01-13	94	6.986	2.08
2026-01-13	95	6.603	1.84
2026-01-13	96	1.555	1.82
2026-01-13	98	1.542	1.68
2026-01-13	99	1.789	2.28
2026-01-14	101	7.128	2.19
2026-01-14	103	1.753	1.62
2026-01-14	105	2.452	1.24
2026-01-14	106	7.91	1.45
2026-01-14	107	3.782	1.42
2026-01-14	109	7.978	1.86
2026-01-14	11	3.057	3.16
2026-01-14	111	3.609	1.28
2026-01-14	112	2.749	1.91
2026-01-14	114	13.922	2.19
2026-01-14	12	4.099	1.71
2026-01-14	121	40.774	0.93
2026-01-14	124	15.397	1.16
2026-01-14	125	4	1.74
2026-01-14	127	5	1.84
2026-01-14	130	5	1.39
2026-01-14	134	0.795	10.3
2026-01-14	135	0.538	9.6
2026-01-14	136	0.36	9.03
2026-01-14	137	0.573	13.1
2026-01-14	138	2.597	3.15
2026-01-14	139	0.382	10.35
2026-01-14	140	0.606	9.6
2026-01-14	142	0.513	4.78
2026-01-14	145	0.243	15.9
2026-01-14	146	1.252	10.6
2026-01-14	158	2	1.75
2026-01-14	165	3.386	3.65
2026-01-14	166	6	1.84
2026-01-14	167	5	1.18
2026-01-14	178	0.811	2.43
2026-01-14	18	13.398	0.98
2026-01-14	185	3	1.44
2026-01-14	187	3.641	4.04
2026-01-14	189	4	2.31
2026-01-14	190	10	2.31
2026-01-14	193	7	1.46
2026-01-14	194	10.072	2.07
2026-01-14	195	11	1.09
2026-01-14	196	4	2.31
2026-01-14	197	7.558	1.72
2026-01-14	198	9.92	0.87
2026-01-14	199	3.951	1.62
2026-01-14	207	2	0.94
2026-01-14	208	4	0.66
2026-01-14	209	2	0.88
2026-01-14	211	3	0.85
2026-01-14	213	3	2.02
2026-01-14	214	2	1.95
2026-01-14	216	1	2
2026-01-14	218	7	1.02
2026-01-14	219	3	0.71
2026-01-14	226	2	0.98
2026-01-14	23	4	0.94
2026-01-14	27	2	1.91
2026-01-14	28	7	2.08
2026-01-14	3	18	1.08
2026-01-14	30	5	1.39
2026-01-14	31	0.589	4.4
2026-01-14	33	7.348	1.15
2026-01-14	38	8.223	1.39
2026-01-14	39	3.155	3.3
2026-01-14	4	6	0.76
2026-01-14	40	3	1.53
2026-01-14	41	7.42	1.38
2026-01-14	42	8.818	0.99
2026-01-14	43	13.777	1.3
2026-01-14	44	14.75	1.28
2026-01-14	48	2	1.53
2026-01-14	49	2	2.19
2026-01-14	50	1	2.19
2026-01-14	52	28.471	0.7
2026-01-14	53	2	1.85
2026-01-14	54	3	1.85
2026-01-14	55	5	2.1
2026-01-14	56	5	2.6
2026-01-14	57	2	0.98
2026-01-14	58	1.837	1.9
2026-01-14	61	2	1.39
2026-01-14	65	3	1.04
2026-01-14	66	4	1.16
2026-01-14	68	1	1.51
2026-01-14	69	8	0.91
2026-01-14	70	4	1.1
2026-01-14	71	2	1.53
2026-01-14	72	5	0.69
2026-01-14	73	3	1.1
2026-01-14	75	4	1.19
2026-01-14	76	20	0.57
2026-01-14	77	2	1.67
2026-01-14	78	10	0.79
2026-01-14	79	6	1.07
2026-01-14	8	2	1.69
2026-01-14	81	8	0.72
2026-01-14	82	7	0.65
2026-01-14	83	3.645	1.72
2026-01-14	84	8	1.16
2026-01-14	87	4	1.04
2026-01-14	88	2.352	1.62
2026-01-14	89	37.69	0.58
2026-01-14	9	4	0.58
2026-01-14	91	27.623	0.53
2026-01-14	92	9.078	0.64
2026-01-14	93	31	1.46
2026-01-14	94	6.639	2.08
2026-01-14	95	6.272	1.84
2026-01-14	96	1.478	1.82
2026-01-14	98	1.464	1.68
2026-01-14	99	1.702	2.28
2026-01-15	100	6.5	1.96
2026-01-15	101	6.749	2.19
2026-01-15	103	1.66	1.62
2026-01-15	105	2.323	1.24
2026-01-15	106	7.497	1.45
2026-01-15	107	3.585	1.42
2026-01-15	11	2.896	3.16
2026-01-15	111	3.422	1.28
2026-01-15	112	2.607	1.91
2026-01-15	114	13.187	2.19
2026-01-15	12	3.883	1.71
2026-01-15	121	38.624	0.93
2026-01-15	124	14.586	1.16
2026-01-15	125	4	1.74
2026-01-15	127	5	1.84
2026-01-15	130	5	1.39
2026-01-15	134	0.753	10.3
2026-01-15	135	0.509	9.6
2026-01-15	136	0.341	9.03
2026-01-15	137	0.543	13.1
2026-01-15	138	2.46	3.15
2026-01-15	139	0.361	10.35
2026-01-15	140	0.575	9.6
2026-01-15	142	0.485	4.78
2026-01-15	145	0.23	15.9
2026-01-15	146	1.186	10.6
2026-01-15	148	3.151	4.5
2026-01-15	158	2	1.75
2026-01-15	162	14	0.87
2026-01-15	165	3.208	3.65
2026-01-15	166	6	1.84
2026-01-15	167	5	1.18
2026-01-15	178	0.77	2.43
2026-01-15	18	12.694	0.98
2026-01-15	185	3	1.44
2026-01-15	187	3.448	4.04
2026-01-15	189	4	2.31
2026-01-15	190	9	2.31
2026-01-15	193	7	1.46
2026-01-15	194	9.541	2.07
2026-01-15	195	10	1.09
2026-01-15	196	4	2.31
2026-01-15	197	7.157	1.72
2026-01-15	198	9.391	0.87
2026-01-15	199	3.747	1.62
2026-01-15	207	2	0.94
2026-01-15	208	4	0.66
2026-01-15	209	2	0.88
2026-01-15	211	3	0.85
2026-01-15	213	3	2.02
2026-01-15	214	2	1.95
2026-01-15	216	1	2
2026-01-15	218	6	1.02
2026-01-15	219	3	0.71
2026-01-15	226	2	0.98
2026-01-15	23	4	0.94
2026-01-15	27	2	1.91
2026-01-15	28	7	2.08
2026-01-15	30	4	1.39
2026-01-15	31	0.557	4.4
2026-01-15	33	6.965	1.15
2026-01-15	38	7.791	1.39
2026-01-15	39	2.988	3.3
2026-01-15	4	6	0.76
2026-01-15	40	2	1.53
2026-01-15	41	7.029	1.38
2026-01-15	42	8.354	0.99
2026-01-15	43	13.054	1.3
2026-01-15	44	13.969	1.28
2026-01-15	48	2	1.53
2026-01-15	49	2	2.19
2026-01-15	50	1	2.19
2026-01-15	52	26.971	0.7
2026-01-15	53	2	1.85
2026-01-15	54	3	1.85
2026-01-15	55	5	2.1
2026-01-15	56	4	2.6
2026-01-15	57	2	0.98
2026-01-15	58	1.737	1.9
2026-01-15	61	2	1.39
2026-01-15	65	2	1.04
2026-01-15	66	3	1.16
2026-01-15	68	1	1.51
2026-01-15	69	8	0.91
2026-01-15	70	3	1.1
2026-01-15	71	2	1.53
2026-01-15	72	5	0.69
2026-01-15	73	3	1.1
2026-01-15	75	4	1.19
2026-01-15	76	19	0.57
2026-01-15	77	2	1.67
2026-01-15	78	9	0.79
2026-01-15	79	6	1.07
2026-01-15	8	2	1.69
2026-01-15	81	7	0.72
2026-01-15	82	7	0.65
2026-01-15	83	3.453	1.72
2026-01-15	84	7	1.16
2026-01-15	87	4	1.04
2026-01-15	88	2.228	1.62
2026-01-15	89	35.69	0.58
2026-01-15	9	4	0.58
2026-01-15	91	26.17	0.53
2026-01-15	92	8.594	0.64
2026-01-15	93	29	1.46
2026-01-15	94	6.288	2.08
2026-01-15	95	5.94	1.84
2026-01-15	96	1.396	1.82
2026-01-15	98	1.387	1.68
2026-01-15	99	1.61	2.28
2026-01-16	101	6.749	2.19
2026-01-16	103	1.66	1.62
2026-01-16	105	2.323	1.24
2026-01-16	106	7.497	1.45
2026-01-16	107	3.585	1.42
2026-01-16	11	2.896	3.16
2026-01-16	111	3.422	1.28
2026-01-16	112	2.607	1.91
2026-01-16	114	13.187	2.19
2026-01-16	12	3.883	1.71
2026-01-16	121	38.624	0.93
2026-01-16	124	14.586	1.16
2026-01-16	125	4	1.74
2026-01-16	127	5	1.84
2026-01-16	130	5	1.39
2026-01-16	134	0.753	10.3
2026-01-16	135	0.509	9.6
2026-01-16	136	0.341	9.03
2026-01-16	137	0.543	13.1
2026-01-16	138	2.46	3.15
2026-01-16	139	0.361	10.35
2026-01-16	140	0.575	9.6
2026-01-16	142	0.485	4.78
2026-01-16	145	0.23	15.9
2026-01-16	146	1.186	10.6
2026-01-16	158	2	1.75
2026-01-16	165	3.208	3.65
2026-01-16	166	6	1.84
2026-01-16	167	5	1.18
2026-01-16	178	0.77	2.43
2026-01-16	18	12.694	0.98
2026-01-16	185	3	1.44
2026-01-16	187	3.448	4.04
2026-01-16	189	4	2.31
2026-01-16	190	9	2.31
2026-01-16	193	7	1.46
2026-01-16	194	9.541	2.07
2026-01-16	195	10	1.09
2026-01-16	196	4	2.31
2026-01-16	197	7.157	1.72
2026-01-16	198	9.391	0.87
2026-01-16	199	3.747	1.62
2026-01-16	203	5	1.99
2026-01-16	207	2	0.94
2026-01-16	208	4	0.66
2026-01-16	209	2	0.88
2026-01-16	211	3	0.85
2026-01-16	213	3	2.02
2026-01-16	214	2	1.95
2026-01-16	216	1	2
2026-01-16	218	6	1.02
2026-01-16	219	3	0.71
2026-01-16	226	2	0.98
2026-01-16	227	17	1.19
2026-01-16	23	4	0.94
2026-01-16	27	2	1.91
2026-01-16	28	7	2.08
2026-01-16	30	4	1.39
2026-01-16	31	0.557	4.4
2026-01-16	33	6.965	1.15
2026-01-16	38	7.791	1.39
2026-01-16	39	2.988	3.3
2026-01-16	4	6	0.76
2026-01-16	40	2	1.53
2026-01-16	41	7.029	1.38
2026-01-16	42	8.354	0.99
2026-01-16	43	13.054	1.3
2026-01-16	44	13.969	1.28
2026-01-16	47	4.571	2.19
2026-01-16	48	2	1.53
2026-01-16	49	2	2.19
2026-01-16	50	1	2.19
2026-01-16	52	26.971	0.7
2026-01-16	53	2	1.85
2026-01-16	54	3	1.85
2026-01-16	55	5	2.1
2026-01-16	56	4	2.6
2026-01-16	57	2	0.98
2026-01-16	58	1.737	1.9
2026-01-16	61	2	1.39
2026-01-16	65	2	1.04
2026-01-16	66	3	1.16
2026-01-16	68	1	1.51
2026-01-16	69	8	0.91
2026-01-16	70	3	1.1
2026-01-16	71	2	1.53
2026-01-16	72	5	0.69
2026-01-16	73	3	1.1
2026-01-16	75	4	1.19
2026-01-16	76	19	0.57
2026-01-16	77	2	1.67
2026-01-16	78	9	0.79
2026-01-16	79	6	1.07
2026-01-16	8	2	1.69
2026-01-16	81	7	0.72
2026-01-16	82	7	0.65
2026-01-16	83	3.453	1.72
2026-01-16	84	7	1.16
2026-01-16	87	4	1.04
2026-01-16	88	2.228	1.62
2026-01-16	89	35.69	0.58
2026-01-16	9	4	0.58
2026-01-16	91	26.17	0.53
2026-01-16	92	8.594	0.64
2026-01-16	93	29	1.46
2026-01-16	94	6.288	2.08
2026-01-16	95	5.94	1.84
2026-01-16	96	1.396	1.82
2026-01-16	98	1.387	1.68
2026-01-16	99	1.61	2.28
2026-01-19	101	9.374	2.19
2026-01-19	103	2.302	1.62
2026-01-19	105	3.226	1.24
2026-01-19	106	10.414	1.45
2026-01-19	107	4.979	1.42
2026-01-19	11	4.022	3.16
2026-01-19	111	4.75	1.28
2026-01-19	112	3.618	1.91
2026-01-19	114	18.32	2.19
2026-01-19	12	5.392	1.71
2026-01-19	121	53.645	0.93
2026-01-19	124	20.259	1.16
2026-01-19	125	6	1.74
2026-01-19	127	7	1.84
2026-01-19	130	6	1.39
2026-01-19	134	1.046	10.3
2026-01-19	135	0.706	9.6
2026-01-19	136	0.473	9.03
2026-01-19	137	0.753	13.1
2026-01-19	138	3.416	3.15
2026-01-19	139	0.502	10.35
2026-01-19	140	0.798	9.6
2026-01-19	142	0.674	4.78
2026-01-19	144	5.691	3.82
2026-01-19	145	0.32	15.9
2026-01-19	146	1.646	10.6
2026-01-19	158	3	1.75
2026-01-19	165	4.455	3.65
2026-01-19	166	8	1.84
2026-01-19	167	6	1.18
2026-01-19	178	1.07	2.43
2026-01-19	18	17.633	0.98
2026-01-19	185	4	1.44
2026-01-19	187	4.79	4.04
2026-01-19	189	6	2.31
2026-01-19	190	13	2.31
2026-01-19	193	9	1.46
2026-01-19	194	13.251	2.07
2026-01-19	195	15	1.09
2026-01-19	196	6	2.31
2026-01-19	197	9.942	1.72
2026-01-19	198	13.046	0.87
2026-01-19	199	5.204	1.62
2026-01-19	205	5	2.47
2026-01-19	207	3	0.94
2026-01-19	208	6	0.66
2026-01-19	209	3	0.88
2026-01-19	211	4	0.85
2026-01-19	213	4	2.02
2026-01-19	214	2	1.95
2026-01-19	216	2	2
2026-01-19	218	9	1.02
2026-01-19	219	4	0.71
2026-01-19	220	2	2.01
2026-01-19	222	10	1.9
2026-01-19	226	3	0.98
2026-01-19	23	5	0.94
2026-01-19	27	3	1.91
2026-01-19	28	10	2.08
2026-01-19	30	6	1.39
2026-01-19	31	0.775	4.4
2026-01-19	33	9.67	1.15
2026-01-19	38	10.82	1.39
2026-01-19	39	4.148	3.3
2026-01-19	4	9	0.76
2026-01-19	40	3	1.53
2026-01-19	41	9.761	1.38
2026-01-19	42	11.606	0.99
2026-01-19	43	18.131	1.3
2026-01-19	44	19.406	1.28
2026-01-19	48	3	1.53
2026-01-19	49	2	2.19
2026-01-19	50	2	2.19
2026-01-19	52	37.457	0.7
2026-01-19	53	2	1.85
2026-01-19	54	4	1.85
2026-01-19	55	6	2.1
2026-01-19	56	6	2.6
2026-01-19	57	3	0.98
2026-01-19	58	2.416	1.9
2026-01-19	61	3	1.39
2026-01-19	65	3	1.04
2026-01-19	66	5	1.16
2026-01-19	68	2	1.51
2026-01-19	69	11	0.91
2026-01-19	70	5	1.1
2026-01-19	71	3	1.53
2026-01-19	72	7	0.69
2026-01-19	73	4	1.1
2026-01-19	75	6	1.19
2026-01-19	76	27	0.57
2026-01-19	77	3	1.67
2026-01-19	78	13	0.79
2026-01-19	79	8	1.07
2026-01-19	8	2	1.69
2026-01-19	81	10	0.72
2026-01-19	82	9	0.65
2026-01-19	83	4.791	1.72
2026-01-19	84	10	1.16
2026-01-19	87	5	1.04
2026-01-19	88	3.099	1.62
2026-01-19	89	49.586	0.58
2026-01-19	9	5	0.58
2026-01-19	91	36.34	0.53
2026-01-19	92	11.938	0.64
2026-01-19	93	40	1.46
2026-01-19	94	8.731	2.08
2026-01-19	95	8.255	1.84
2026-01-19	96	1.94	1.82
2026-01-19	97	7.648	1.28
2026-01-19	98	1.929	1.68
2026-01-19	99	2.237	2.28
2026-01-20	101	7.502	2.19
2026-01-20	103	1.846	1.62
2026-01-20	105	2.581	1.24
2026-01-20	106	8.331	1.45
2026-01-20	107	3.986	1.42
2026-01-20	11	3.215	3.16
2026-01-20	111	3.805	1.28
2026-01-20	112	2.895	1.91
2026-01-20	114	14.653	2.19
2026-01-20	12	4.31	1.71
2026-01-20	121	42.914	0.93
2026-01-20	124	16.207	1.16
2026-01-20	125	5	1.74
2026-01-20	127	6	1.84
2026-01-20	130	5	1.39
2026-01-20	134	0.837	10.3
2026-01-20	135	0.566	9.6
2026-01-20	136	0.379	9.03
2026-01-20	137	0.603	13.1
2026-01-20	138	2.733	3.15
2026-01-20	139	0.402	10.35
2026-01-20	140	0.639	9.6
2026-01-20	142	0.54	4.78
2026-01-20	145	0.256	15.9
2026-01-20	146	1.317	10.6
2026-01-20	158	2	1.75
2026-01-20	165	3.564	3.65
2026-01-20	166	7	1.84
2026-01-20	167	5	1.18
2026-01-20	178	0.856	2.43
2026-01-20	18	14.102	0.98
2026-01-20	185	4	1.44
2026-01-20	187	3.832	4.04
2026-01-20	189	5	2.31
2026-01-20	190	10	2.31
2026-01-20	193	7	1.46
2026-01-20	194	10.599	2.07
2026-01-20	195	12	1.09
2026-01-20	196	5	2.31
2026-01-20	197	7.953	1.72
2026-01-20	198	10.437	0.87
2026-01-20	199	4.16	1.62
2026-01-20	207	2	0.94
2026-01-20	208	4	0.66
2026-01-20	209	2	0.88
2026-01-20	211	4	0.85
2026-01-20	213	3	2.02
2026-01-20	214	2	1.95
2026-01-20	216	1	2
2026-01-20	218	7	1.02
2026-01-20	219	3	0.71
2026-01-20	226	3	0.98
2026-01-20	229	1	1.35
2026-01-20	23	4	0.94
2026-01-20	27	2	1.91
2026-01-20	28	8	2.08
2026-01-20	30	5	1.39
2026-01-20	31	0.62	4.4
2026-01-20	33	7.739	1.15
2026-01-20	38	8.655	1.39
2026-01-20	39	3.318	3.3
2026-01-20	4	7	0.76
2026-01-20	40	3	1.53
2026-01-20	41	7.804	1.38
2026-01-20	42	9.283	0.99
2026-01-20	43	14.5	1.3
2026-01-20	44	15.523	1.28
2026-01-20	47	4.571	2.19
2026-01-20	48	2	1.53
2026-01-20	49	2	2.19
2026-01-20	50	1	2.19
2026-01-20	52	29.971	0.7
2026-01-20	53	2	1.85
2026-01-20	54	4	1.85
2026-01-20	55	5	2.1
2026-01-20	56	5	2.6
2026-01-20	57	2	0.98
2026-01-20	58	1.932	1.9
2026-01-20	61	2	1.39
2026-01-20	65	3	1.04
2026-01-20	66	4	1.16
2026-01-20	68	1	1.51
2026-01-20	69	9	0.91
2026-01-20	70	4	1.1
2026-01-20	71	2	1.53
2026-01-20	72	5	0.69
2026-01-20	73	3	1.1
2026-01-20	75	5	1.19
2026-01-20	76	22	0.57
2026-01-20	77	3	1.67
2026-01-20	78	11	0.79
2026-01-20	79	7	1.07
2026-01-20	8	2	1.69
2026-01-20	81	8	0.72
2026-01-20	82	8	0.65
2026-01-20	83	3.837	1.72
2026-01-20	84	8	1.16
2026-01-20	87	4	1.04
2026-01-20	88	2.475	1.62
2026-01-20	89	39.672	0.58
2026-01-20	9	4	0.58
2026-01-20	91	29.075	0.53
2026-01-20	92	9.547	0.64
2026-01-20	93	32	1.46
2026-01-20	94	6.986	2.08
2026-01-20	95	6.603	1.84
2026-01-20	96	1.555	1.82
2026-01-20	98	1.542	1.68
2026-01-20	99	1.789	2.28
2026-01-21	101	7.128	2.19
2026-01-21	103	1.753	1.62
2026-01-21	105	2.452	1.24
2026-01-21	106	7.91	1.45
2026-01-21	107	3.782	1.42
2026-01-21	11	3.057	3.16
2026-01-21	111	3.609	1.28
2026-01-21	112	2.749	1.91
2026-01-21	114	13.922	2.19
2026-01-21	12	4.099	1.71
2026-01-21	121	40.774	0.93
2026-01-21	124	15.397	1.16
2026-01-21	125	4	1.74
2026-01-21	127	5	1.84
2026-01-21	130	5	1.39
2026-01-21	134	0.795	10.3
2026-01-21	135	0.538	9.6
2026-01-21	136	0.36	9.03
2026-01-21	137	0.573	13.1
2026-01-21	138	2.597	3.15
2026-01-21	139	0.382	10.35
2026-01-21	140	0.606	9.6
2026-01-21	142	0.513	4.78
2026-01-21	145	0.243	15.9
2026-01-21	146	1.252	10.6
2026-01-21	158	2	1.75
2026-01-21	159	4	1.31
2026-01-21	165	3.386	3.65
2026-01-21	166	6	1.84
2026-01-21	167	5	1.18
2026-01-21	175	17	1.1
2026-01-21	178	0.811	2.43
2026-01-21	18	13.398	0.98
2026-01-21	185	3	1.44
2026-01-21	187	3.641	4.04
2026-01-21	189	4	2.31
2026-01-21	190	10	2.31
2026-01-21	193	7	1.46
2026-01-21	194	10.072	2.07
2026-01-21	195	11	1.09
2026-01-21	196	4	2.31
2026-01-21	197	7.558	1.72
2026-01-21	198	9.92	0.87
2026-01-21	199	3.951	1.62
2026-01-21	200	3	1.68
2026-01-21	207	2	0.94
2026-01-21	208	4	0.66
2026-01-21	209	2	0.88
2026-01-21	211	3	0.85
2026-01-21	213	3	2.02
2026-01-21	214	2	1.95
2026-01-21	216	1	2
2026-01-21	218	7	1.02
2026-01-21	219	3	0.71
2026-01-21	226	2	0.98
2026-01-21	23	4	0.94
2026-01-21	27	2	1.91
2026-01-21	28	7	2.08
2026-01-21	30	5	1.39
2026-01-21	31	0.589	4.4
2026-01-21	33	7.348	1.15
2026-01-21	38	8.223	1.39
2026-01-21	39	3.155	3.3
2026-01-21	4	6	0.76
2026-01-21	40	3	1.53
2026-01-21	41	7.42	1.38
2026-01-21	42	8.818	0.99
2026-01-21	43	13.777	1.3
2026-01-21	44	14.75	1.28
2026-01-21	48	2	1.53
2026-01-21	49	2	2.19
2026-01-21	50	1	2.19
2026-01-21	52	28.471	0.7
2026-01-21	53	2	1.85
2026-01-21	54	3	1.85
2026-01-21	55	5	2.1
2026-01-21	56	5	2.6
2026-01-21	57	2	0.98
2026-01-21	58	1.837	1.9
2026-01-21	61	2	1.39
2026-01-21	65	3	1.04
2026-01-21	66	4	1.16
2026-01-21	68	1	1.51
2026-01-21	69	8	0.91
2026-01-21	70	4	1.1
2026-01-21	71	2	1.53
2026-01-21	72	5	0.69
2026-01-21	73	3	1.1
2026-01-21	75	4	1.19
2026-01-21	76	20	0.57
2026-01-21	77	2	1.67
2026-01-21	78	10	0.79
2026-01-21	79	6	1.07
2026-01-21	8	2	1.69
2026-01-21	81	8	0.72
2026-01-21	82	7	0.65
2026-01-21	83	3.645	1.72
2026-01-21	84	8	1.16
2026-01-21	85	18	1.1
2026-01-21	87	4	1.04
2026-01-21	88	2.352	1.62
2026-01-21	89	37.69	0.58
2026-01-21	9	4	0.58
2026-01-21	91	27.623	0.53
2026-01-21	92	9.078	0.64
2026-01-21	93	31	1.46
2026-01-21	94	6.639	2.08
2026-01-21	95	6.272	1.84
2026-01-21	96	1.478	1.82
2026-01-21	98	1.464	1.68
2026-01-21	99	1.702	2.28
2026-01-22	101	6.749	2.19
2026-01-22	103	1.66	1.62
2026-01-22	105	2.323	1.24
2026-01-22	106	7.497	1.45
2026-01-22	107	3.585	1.42
2026-01-22	109	7.978	1.86
2026-01-22	11	2.896	3.16
2026-01-22	111	3.422	1.28
2026-01-22	112	2.607	1.91
2026-01-22	114	13.187	2.19
2026-01-22	12	3.883	1.71
2026-01-22	121	38.624	0.93
2026-01-22	124	14.586	1.16
2026-01-22	125	4	1.74
2026-01-22	127	5	1.84
2026-01-22	130	5	1.39
2026-01-22	134	0.753	10.3
2026-01-22	135	0.509	9.6
2026-01-22	136	0.341	9.03
2026-01-22	137	0.543	13.1
2026-01-22	138	2.46	3.15
2026-01-22	139	0.361	10.35
2026-01-22	140	0.575	9.6
2026-01-22	141	2.389	8.74
2026-01-22	142	0.485	4.78
2026-01-22	145	0.23	15.9
2026-01-22	146	1.186	10.6
2026-01-22	153	12	1.54
2026-01-22	158	2	1.75
2026-01-22	165	3.208	3.65
2026-01-22	166	6	1.84
2026-01-22	167	5	1.18
2026-01-22	178	0.77	2.43
2026-01-22	18	12.694	0.98
2026-01-22	185	3	1.44
2026-01-22	187	3.448	4.04
2026-01-22	189	4	2.31
2026-01-22	190	9	2.31
2026-01-22	193	7	1.46
2026-01-22	194	9.541	2.07
2026-01-22	195	10	1.09
2026-01-22	196	4	2.31
2026-01-22	197	7.157	1.72
2026-01-22	198	9.391	0.87
2026-01-22	199	3.747	1.62
2026-01-22	207	2	0.94
2026-01-22	208	4	0.66
2026-01-22	209	2	0.88
2026-01-22	211	3	0.85
2026-01-22	213	3	2.02
2026-01-22	214	2	1.95
2026-01-22	216	1	2
2026-01-22	217	2	1.2
2026-01-22	218	6	1.02
2026-01-22	219	3	0.71
2026-01-22	224	17	0.72
2026-01-22	226	2	0.98
2026-01-22	23	4	0.94
2026-01-22	24	19.241	0.87
2026-01-22	249	6	1.64
2026-01-22	27	2	1.91
2026-01-22	28	7	2.08
2026-01-22	30	4	1.39
2026-01-22	31	0.557	4.4
2026-01-22	33	6.965	1.15
2026-01-22	38	7.791	1.39
2026-01-22	39	2.988	3.3
2026-01-22	4	6	0.76
2026-01-22	40	2	1.53
2026-01-22	41	7.029	1.38
2026-01-22	42	8.354	0.99
2026-01-22	43	13.054	1.3
2026-01-22	44	13.969	1.28
2026-01-22	46	5.119	2.19
2026-01-22	48	2	1.53
2026-01-22	49	2	2.19
2026-01-22	50	1	2.19
2026-01-22	52	26.971	0.7
2026-01-22	53	2	1.85
2026-01-22	54	3	1.85
2026-01-22	55	5	2.1
2026-01-22	56	4	2.6
2026-01-22	57	2	0.98
2026-01-22	58	1.737	1.9
2026-01-22	60	7	2.02
2026-01-22	61	2	1.39
2026-01-22	65	2	1.04
2026-01-22	66	3	1.16
2026-01-22	68	1	1.51
2026-01-22	69	8	0.91
2026-01-22	70	3	1.1
2026-01-22	71	2	1.53
2026-01-22	72	5	0.69
2026-01-22	73	3	1.1
2026-01-22	75	4	1.19
2026-01-22	76	19	0.57
2026-01-22	77	2	1.67
2026-01-22	78	9	0.79
2026-01-22	79	6	1.07
2026-01-22	8	2	1.69
2026-01-22	81	7	0.72
2026-01-22	82	7	0.65
2026-01-22	83	3.453	1.72
2026-01-22	84	7	1.16
2026-01-22	87	4	1.04
2026-01-22	88	2.228	1.62
2026-01-22	89	35.69	0.58
2026-01-22	9	4	0.58
2026-01-22	91	26.17	0.53
2026-01-22	92	8.594	0.64
2026-01-22	93	29	1.46
2026-01-22	94	6.288	2.08
2026-01-22	95	5.94	1.84
2026-01-22	96	1.396	1.82
2026-01-22	98	1.387	1.68
2026-01-22	99	1.61	2.28
2026-01-23	101	6.749	2.19
2026-01-23	103	1.66	1.62
2026-01-23	105	2.323	1.24
2026-01-23	106	7.497	1.45
2026-01-23	107	3.585	1.42
2026-01-23	11	2.896	3.16
2026-01-23	111	3.422	1.28
2026-01-23	112	2.607	1.91
2026-01-23	114	13.187	2.19
2026-01-23	12	3.883	1.71
2026-01-23	121	38.624	0.93
2026-01-23	124	14.586	1.16
2026-01-23	125	4	1.74
2026-01-23	127	5	1.84
2026-01-23	128	11	1.67
2026-01-23	130	5	1.39
2026-01-23	134	0.753	10.3
2026-01-23	135	0.509	9.6
2026-01-23	136	0.341	9.03
2026-01-23	137	0.543	13.1
2026-01-23	138	2.46	3.15
2026-01-23	139	0.361	10.35
2026-01-23	140	0.575	9.6
2026-01-23	142	0.485	4.78
2026-01-23	144	5.694	3.82
2026-01-23	145	0.23	15.9
2026-01-23	146	1.186	10.6
2026-01-23	158	2	1.75
2026-01-23	165	3.208	3.65
2026-01-23	166	6	1.84
2026-01-23	167	5	1.18
2026-01-23	178	0.77	2.43
2026-01-23	18	12.694	0.98
2026-01-23	185	3	1.44
2026-01-23	187	3.448	4.04
2026-01-23	189	4	2.31
2026-01-23	190	9	2.31
2026-01-23	193	7	1.46
2026-01-23	194	9.541	2.07
2026-01-23	195	10	1.09
2026-01-23	196	4	2.31
2026-01-23	197	7.157	1.72
2026-01-23	198	9.391	0.87
2026-01-23	199	3.747	1.62
2026-01-23	204	6	2.08
2026-01-23	207	2	0.94
2026-01-23	208	4	0.66
2026-01-23	209	2	0.88
2026-01-23	21	16	0.76
2026-01-23	211	3	0.85
2026-01-23	213	3	2.02
2026-01-23	214	2	1.95
2026-01-23	216	1	2
2026-01-23	218	6	1.02
2026-01-23	219	3	0.71
2026-01-23	226	2	0.98
2026-01-23	23	4	0.94
2026-01-23	236	8	2.05
2026-01-23	27	2	1.91
2026-01-23	28	7	2.08
2026-01-23	30	4	1.39
2026-01-23	31	0.557	4.4
2026-01-23	33	6.965	1.15
2026-01-23	35	17	0.98
2026-01-23	38	7.791	1.39
2026-01-23	39	2.988	3.3
2026-01-23	4	6	0.76
2026-01-23	40	2	1.53
2026-01-23	41	7.029	1.38
2026-01-23	42	8.354	0.99
2026-01-23	43	13.054	1.3
2026-01-23	44	13.969	1.28
2026-01-23	48	2	1.53
2026-01-23	49	2	2.19
2026-01-23	50	1	2.19
2026-01-23	52	26.971	0.7
2026-01-23	53	2	1.85
2026-01-23	54	3	1.85
2026-01-23	55	5	2.1
2026-01-23	56	4	2.6
2026-01-23	57	2	0.98
2026-01-23	58	1.737	1.9
2026-01-23	61	2	1.39
2026-01-23	65	2	1.04
2026-01-23	66	3	1.16
2026-01-23	68	1	1.51
2026-01-23	69	8	0.91
2026-01-23	70	3	1.1
2026-01-23	71	2	1.53
2026-01-23	72	5	0.69
2026-01-23	73	3	1.1
2026-01-23	75	4	1.19
2026-01-23	76	19	0.57
2026-01-23	77	2	1.67
2026-01-23	78	9	0.79
2026-01-23	79	6	1.07
2026-01-23	8	2	1.69
2026-01-23	81	7	0.72
2026-01-23	82	7	0.65
2026-01-23	83	3.453	1.72
2026-01-23	84	7	1.16
2026-01-23	87	4	1.04
2026-01-23	88	2.228	1.62
2026-01-23	89	35.69	0.58
2026-01-23	9	4	0.58
2026-01-23	91	26.17	0.53
2026-01-23	92	8.594	0.64
2026-01-23	93	29	1.46
2026-01-23	94	6.288	2.08
2026-01-23	95	5.94	1.84
2026-01-23	96	1.396	1.82
2026-01-23	98	1.387	1.68
2026-01-23	99	1.61	2.28
2026-01-26	101	9.374	2.19
2026-01-26	103	2.302	1.62
2026-01-26	105	3.226	1.24
2026-01-26	106	10.414	1.45
2026-01-26	107	4.979	1.42
2026-01-26	11	4.022	3.16
2026-01-26	110	4	2.19
2026-01-26	111	4.75	1.28
2026-01-26	112	3.618	1.91
2026-01-26	114	18.32	2.19
2026-01-26	118	6.945	2.19
2026-01-26	12	5.392	1.71
2026-01-26	121	53.645	0.93
2026-01-26	124	20.259	1.16
2026-01-26	125	6	1.74
2026-01-26	127	7	1.84
2026-01-26	130	6	1.39
2026-01-26	134	1.046	10.3
2026-01-26	135	0.706	9.6
2026-01-26	136	0.473	9.03
2026-01-26	137	0.753	13.1
2026-01-26	138	3.416	3.15
2026-01-26	139	0.502	10.35
2026-01-26	140	0.798	9.6
2026-01-26	142	0.674	4.78
2026-01-26	145	0.32	15.9
2026-01-26	146	1.646	10.6
2026-01-26	149	5.768	3.66
2026-01-26	152	9	1.26
2026-01-26	157	5	2.63
2026-01-26	158	3	1.75
2026-01-26	16	22.609	0.87
2026-01-26	165	4.455	3.65
2026-01-26	166	8	1.84
2026-01-26	167	6	1.18
2026-01-26	178	1.07	2.43
2026-01-26	18	17.633	0.98
2026-01-26	185	4	1.44
2026-01-26	186	8	1.66
2026-01-26	187	4.79	4.04
2026-01-26	189	6	2.31
2026-01-26	190	13	2.31
2026-01-26	193	9	1.46
2026-01-26	194	13.251	2.07
2026-01-26	195	15	1.09
2026-01-26	196	6	2.31
2026-01-26	197	9.942	1.72
2026-01-26	198	13.046	0.87
2026-01-26	199	5.204	1.62
2026-01-26	201	12.408	1.3
2026-01-26	207	3	0.94
2026-01-26	208	6	0.66
2026-01-26	209	3	0.88
2026-01-26	211	4	0.85
2026-01-26	213	4	2.02
2026-01-26	214	2	1.95
2026-01-26	216	2	2
2026-01-26	218	9	1.02
2026-01-26	219	4	0.71
2026-01-26	226	3	0.98
2026-01-26	23	5	0.94
2026-01-26	27	3	1.91
2026-01-26	28	10	2.08
2026-01-26	30	6	1.39
2026-01-26	31	0.775	4.4
2026-01-26	33	9.67	1.15
2026-01-26	38	10.82	1.39
2026-01-26	39	4.148	3.3
2026-01-26	4	9	0.76
2026-01-26	40	3	1.53
2026-01-26	41	9.761	1.38
2026-01-26	42	11.606	0.99
2026-01-26	43	18.131	1.3
2026-01-26	44	19.406	1.28
2026-01-26	48	3	1.53
2026-01-26	49	2	2.19
2026-01-26	50	2	2.19
2026-01-26	52	37.457	0.7
2026-01-26	53	2	1.85
2026-01-26	54	4	1.85
2026-01-26	55	6	2.1
2026-01-26	56	6	2.6
2026-01-26	57	3	0.98
2026-01-26	58	2.416	1.9
2026-01-26	61	3	1.39
2026-01-26	65	3	1.04
2026-01-26	66	5	1.16
2026-01-26	68	2	1.51
2026-01-26	69	11	0.91
2026-01-26	70	5	1.1
2026-01-26	71	3	1.53
2026-01-26	72	7	0.69
2026-01-26	73	4	1.1
2026-01-26	75	6	1.19
2026-01-26	76	27	0.57
2026-01-26	77	3	1.67
2026-01-26	78	13	0.79
2026-01-26	79	8	1.07
2026-01-26	8	2	1.69
2026-01-26	81	10	0.72
2026-01-26	82	9	0.65
2026-01-26	83	4.791	1.72
2026-01-26	84	10	1.16
2026-01-26	87	5	1.04
2026-01-26	88	3.099	1.62
2026-01-26	89	49.586	0.58
2026-01-26	9	5	0.58
2026-01-26	91	36.34	0.53
2026-01-26	92	11.938	0.64
2026-01-26	93	40	1.46
2026-01-26	94	8.731	2.08
2026-01-26	95	8.255	1.84
2026-01-26	96	1.94	1.82
2026-01-26	98	1.929	1.68
2026-01-26	99	2.237	2.28
2026-01-27	101	7.502	2.19
2026-01-27	103	1.846	1.62
2026-01-27	105	2.581	1.24
2026-01-27	106	8.331	1.45
2026-01-27	107	3.986	1.42
2026-01-27	11	3.215	3.16
2026-01-27	111	3.805	1.28
2026-01-27	112	2.895	1.91
2026-01-27	114	14.653	2.19
2026-01-27	12	4.31	1.71
2026-01-27	121	42.914	0.93
2026-01-27	124	16.207	1.16
2026-01-27	125	5	1.74
2026-01-27	127	6	1.84
2026-01-27	130	5	1.39
2026-01-27	134	0.837	10.3
2026-01-27	135	0.566	9.6
2026-01-27	136	0.379	9.03
2026-01-27	137	0.603	13.1
2026-01-27	138	2.733	3.15
2026-01-27	139	0.402	10.35
2026-01-27	140	0.639	9.6
2026-01-27	142	0.54	4.78
2026-01-27	145	0.256	15.9
2026-01-27	146	1.317	10.6
2026-01-27	158	2	1.75
2026-01-27	165	3.564	3.65
2026-01-27	166	7	1.84
2026-01-27	167	5	1.18
2026-01-27	170	4	0.93
2026-01-27	178	0.856	2.43
2026-01-27	18	14.102	0.98
2026-01-27	185	4	1.44
2026-01-27	187	3.832	4.04
2026-01-27	189	5	2.31
2026-01-27	190	10	2.31
2026-01-27	193	7	1.46
2026-01-27	194	10.599	2.07
2026-01-27	195	12	1.09
2026-01-27	196	5	2.31
2026-01-27	197	7.953	1.72
2026-01-27	198	10.437	0.87
2026-01-27	199	4.16	1.62
2026-01-27	206	13	1.36
2026-01-27	207	2	0.94
2026-01-27	208	4	0.66
2026-01-27	209	2	0.88
2026-01-27	211	4	0.85
2026-01-27	213	3	2.02
2026-01-27	214	2	1.95
2026-01-27	215	10	1.95
2026-01-27	216	1	2
2026-01-27	218	7	1.02
2026-01-27	219	3	0.71
2026-01-27	226	3	0.98
2026-01-27	23	4	0.94
2026-01-27	24	19.241	0.87
2026-01-27	27	2	1.91
2026-01-27	28	8	2.08
2026-01-27	30	5	1.39
2026-01-27	31	0.62	4.4
2026-01-27	33	7.739	1.15
2026-01-27	38	8.655	1.39
2026-01-27	39	3.318	3.3
2026-01-27	4	7	0.76
2026-01-27	40	3	1.53
2026-01-27	41	7.804	1.38
2026-01-27	42	9.283	0.99
2026-01-27	43	14.5	1.3
2026-01-27	44	15.523	1.28
2026-01-27	48	2	1.53
2026-01-27	49	2	2.19
2026-01-27	50	1	2.19
2026-01-27	51	0.151	1.46
2026-01-27	52	29.971	0.7
2026-01-27	53	2	1.85
2026-01-27	54	4	1.85
2026-01-27	55	5	2.1
2026-01-27	56	5	2.6
2026-01-27	57	2	0.98
2026-01-27	58	1.932	1.9
2026-01-27	61	2	1.39
2026-01-27	65	3	1.04
2026-01-27	66	4	1.16
2026-01-27	68	1	1.51
2026-01-27	69	9	0.91
2026-01-27	70	4	1.1
2026-01-27	71	2	1.53
2026-01-27	72	5	0.69
2026-01-27	73	3	1.1
2026-01-27	75	5	1.19
2026-01-27	76	22	0.57
2026-01-27	77	3	1.67
2026-01-27	78	11	0.79
2026-01-27	79	7	1.07
2026-01-27	8	2	1.69
2026-01-27	81	8	0.72
2026-01-27	82	8	0.65
2026-01-27	83	3.837	1.72
2026-01-27	84	8	1.16
2026-01-27	87	4	1.04
2026-01-27	88	2.475	1.62
2026-01-27	89	39.672	0.58
2026-01-27	9	4	0.58
2026-01-27	91	29.075	0.53
2026-01-27	92	9.547	0.64
2026-01-27	93	32	1.46
2026-01-27	94	6.986	2.08
2026-01-27	95	6.603	1.84
2026-01-27	96	1.555	1.82
2026-01-27	98	1.542	1.68
2026-01-27	99	1.789	2.28
2026-01-28	101	7.128	2.19
2026-01-28	103	1.753	1.62
2026-01-28	105	2.452	1.24
2026-01-28	106	7.91	1.45
2026-01-28	107	3.782	1.42
2026-01-28	11	3.057	3.16
2026-01-28	111	3.609	1.28
2026-01-28	112	2.749	1.91
2026-01-28	113	0.673	3.24
2026-01-28	114	13.922	2.19
2026-01-28	12	4.099	1.71
2026-01-28	121	40.774	0.93
2026-01-28	124	15.397	1.16
2026-01-28	125	4	1.74
2026-01-28	127	5	1.84
2026-01-28	130	5	1.39
2026-01-28	134	0.795	10.3
2026-01-28	135	0.538	9.6
2026-01-28	136	0.36	9.03
2026-01-28	137	0.573	13.1
2026-01-28	138	2.597	3.15
2026-01-28	139	0.382	10.35
2026-01-28	140	0.606	9.6
2026-01-28	142	0.513	4.78
2026-01-28	145	0.243	15.9
2026-01-28	146	1.252	10.6
2026-01-28	158	2	1.75
2026-01-28	16	22.609	0.87
2026-01-28	165	3.386	3.65
2026-01-28	166	6	1.84
2026-01-28	167	5	1.18
2026-01-28	178	0.811	2.43
2026-01-28	18	13.398	0.98
2026-01-28	185	3	1.44
2026-01-28	187	3.641	4.04
2026-01-28	189	4	2.31
2026-01-28	190	10	2.31
2026-01-28	193	7	1.46
2026-01-28	194	10.072	2.07
2026-01-28	195	11	1.09
2026-01-28	196	4	2.31
2026-01-28	197	7.558	1.72
2026-01-28	198	9.92	0.87
2026-01-28	199	3.951	1.62
2026-01-28	207	2	0.94
2026-01-28	208	4	0.66
2026-01-28	209	2	0.88
2026-01-28	21	16	0.76
2026-01-28	211	3	0.85
2026-01-28	213	3	2.02
2026-01-28	214	2	1.95
2026-01-28	216	1	2
2026-01-28	218	7	1.02
2026-01-28	219	3	0.71
2026-01-28	226	2	0.98
2026-01-28	23	4	0.94
2026-01-28	27	2	1.91
2026-01-28	28	7	2.08
2026-01-28	30	5	1.39
2026-01-28	31	0.589	4.4
2026-01-28	33	7.348	1.15
2026-01-28	38	8.223	1.39
2026-01-28	39	3.155	3.3
2026-01-28	4	6	0.76
2026-01-28	40	3	1.53
2026-01-28	41	7.42	1.38
2026-01-28	42	8.818	0.99
2026-01-28	43	13.777	1.3
2026-01-28	44	14.75	1.28
2026-01-28	48	2	1.53
2026-01-28	49	2	2.19
2026-01-28	50	1	2.19
2026-01-28	52	28.471	0.7
2026-01-28	53	2	1.85
2026-01-28	54	3	1.85
2026-01-28	55	5	2.1
2026-01-28	56	5	2.6
2026-01-28	57	2	0.98
2026-01-28	58	1.837	1.9
2026-01-28	61	2	1.39
2026-01-28	65	3	1.04
2026-01-28	66	4	1.16
2026-01-28	68	1	1.51
2026-01-28	69	8	0.91
2026-01-28	70	4	1.1
2026-01-28	71	2	1.53
2026-01-28	72	5	0.69
2026-01-28	73	3	1.1
2026-01-28	75	4	1.19
2026-01-28	76	20	0.57
2026-01-28	77	2	1.67
2026-01-28	78	10	0.79
2026-01-28	79	6	1.07
2026-01-28	8	2	1.69
2026-01-28	81	8	0.72
2026-01-28	82	7	0.65
2026-01-28	83	3.645	1.72
2026-01-28	84	8	1.16
2026-01-28	87	4	1.04
2026-01-28	88	2.352	1.62
2026-01-28	89	37.69	0.58
2026-01-28	9	4	0.58
2026-01-28	91	27.623	0.53
2026-01-28	92	9.078	0.64
2026-01-28	93	31	1.46
2026-01-28	94	6.639	2.08
2026-01-28	95	6.272	1.84
2026-01-28	96	1.478	1.82
2026-01-28	98	1.464	1.68
2026-01-28	99	1.702	2.28
2026-01-29	101	6.749	2.19
2026-01-29	103	1.66	1.62
2026-01-29	105	2.323	1.24
2026-01-29	106	7.497	1.45
2026-01-29	107	3.585	1.42
2026-01-29	11	2.896	3.16
2026-01-29	111	3.422	1.28
2026-01-29	112	2.607	1.91
2026-01-29	114	13.187	2.19
2026-01-29	12	3.883	1.71
2026-01-29	121	38.624	0.93
2026-01-29	122	1.855	2.2
2026-01-29	124	14.586	1.16
2026-01-29	125	4	1.74
2026-01-29	127	5	1.84
2026-01-29	130	5	1.39
2026-01-29	134	0.753	10.3
2026-01-29	135	0.509	9.6
2026-01-29	136	0.341	9.03
2026-01-29	137	0.543	13.1
2026-01-29	138	2.46	3.15
2026-01-29	139	0.361	10.35
2026-01-29	140	0.575	9.6
2026-01-29	142	0.485	4.78
2026-01-29	145	0.23	15.9
2026-01-29	146	1.186	10.6
2026-01-29	158	2	1.75
2026-01-29	165	3.208	3.65
2026-01-29	166	6	1.84
2026-01-29	167	5	1.18
2026-01-29	178	0.77	2.43
2026-01-29	18	12.694	0.98
2026-01-29	185	3	1.44
2026-01-29	187	3.448	4.04
2026-01-29	189	4	2.31
2026-01-29	190	9	2.31
2026-01-29	193	7	1.46
2026-01-29	194	9.541	2.07
2026-01-29	195	10	1.09
2026-01-29	196	4	2.31
2026-01-29	197	7.157	1.72
2026-01-29	198	9.391	0.87
2026-01-29	199	3.747	1.62
2026-01-29	201	12.408	1.3
2026-01-29	207	2	0.94
2026-01-29	208	4	0.66
2026-01-29	209	2	0.88
2026-01-29	211	3	0.85
2026-01-29	213	3	2.02
2026-01-29	214	2	1.95
2026-01-29	216	1	2
2026-01-29	218	6	1.02
2026-01-29	219	3	0.71
2026-01-29	225	9	1.18
2026-01-29	226	2	0.98
2026-01-29	23	4	0.94
2026-01-29	248	0.277	7.59
2026-01-29	249	6	1.64
2026-01-29	27	2	1.91
2026-01-29	28	7	2.08
2026-01-29	30	4	1.39
2026-01-29	31	0.557	4.4
2026-01-29	33	6.965	1.15
2026-01-29	38	7.791	1.39
2026-01-29	39	2.988	3.3
2026-01-29	4	6	0.76
2026-01-29	40	2	1.53
2026-01-29	41	7.029	1.38
2026-01-29	42	8.354	0.99
2026-01-29	43	13.054	1.3
2026-01-29	44	13.969	1.28
2026-01-29	48	2	1.53
2026-01-29	49	2	2.19
2026-01-29	50	1	2.19
2026-01-29	52	26.971	0.7
2026-01-29	53	2	1.85
2026-01-29	54	3	1.85
2026-01-29	55	5	2.1
2026-01-29	56	4	2.6
2026-01-29	57	2	0.98
2026-01-29	58	1.737	1.9
2026-01-29	61	2	1.39
2026-01-29	65	2	1.04
2026-01-29	66	3	1.16
2026-01-29	68	1	1.51
2026-01-29	69	8	0.91
2026-01-29	70	3	1.1
2026-01-29	71	2	1.53
2026-01-29	72	5	0.69
2026-01-29	73	3	1.1
2026-01-29	75	4	1.19
2026-01-29	76	19	0.57
2026-01-29	77	2	1.67
2026-01-29	78	9	0.79
2026-01-29	79	6	1.07
2026-01-29	8	2	1.69
2026-01-29	81	7	0.72
2026-01-29	82	7	0.65
2026-01-29	83	3.453	1.72
2026-01-29	84	7	1.16
2026-01-29	87	4	1.04
2026-01-29	88	2.228	1.62
2026-01-29	89	35.69	0.58
2026-01-29	9	4	0.58
2026-01-29	91	26.17	0.53
2026-01-29	92	8.594	0.64
2026-01-29	93	29	1.46
2026-01-29	94	6.288	2.08
2026-01-29	95	5.94	1.84
2026-01-29	96	1.396	1.82
2026-01-29	98	1.387	1.68
2026-01-29	99	1.61	2.28
2026-01-30	101	6.767	2.19
2026-01-30	103	1.654	1.62
2026-01-30	105	2.282	1.24
2026-01-30	106	7.51	1.45
2026-01-30	107	3.585	1.42
2026-01-30	11	2.886	3.16
2026-01-30	111	3.414	1.28
2026-01-30	112	2.592	1.91
2026-01-30	114	13.21	2.19
2026-01-30	12	3.86	1.71
2026-01-30	121	38.613	0.93
2026-01-30	124	14.526	1.16
2026-01-30	125	4	1.74
2026-01-30	127	5	1.84
2026-01-30	128	11	1.67
2026-01-30	130	5	1.39
2026-01-30	134	0.75	10.3
2026-01-30	135	0.504	9.6
2026-01-30	136	0.333	9.03
2026-01-30	137	0.542	13.1
2026-01-30	138	2.454	3.15
2026-01-30	139	0.366	10.35
2026-01-30	140	0.57	9.6
2026-01-30	142	0.487	4.78
2026-01-30	145	0.233	15.9
2026-01-30	146	1.185	10.6
2026-01-30	158	2	1.75
2026-01-30	165	3.184	3.65
2026-01-30	166	6	1.84
2026-01-30	167	5	1.18
2026-01-30	178	0.765	2.43
2026-01-30	18	12.755	0.98
2026-01-30	185	3	1.44
2026-01-30	187	3.465	4.04
2026-01-30	189	4	2.31
2026-01-30	190	9	2.31
2026-01-30	193	7	1.46
2026-01-30	194	9.536	2.07
2026-01-30	195	10	1.09
2026-01-30	196	4	2.31
2026-01-30	197	7.192	1.72
2026-01-30	198	9.437	0.87
2026-01-30	199	3.728	1.62
2026-01-30	207	2	0.94
2026-01-30	208	4	0.66
2026-01-30	209	2	0.88
2026-01-30	211	3	0.85
2026-01-30	213	3	2.02
2026-01-30	214	2	1.95
2026-01-30	216	1	2
2026-01-30	218	6	1.02
2026-01-30	219	3	0.71
2026-01-30	226	2	0.98
2026-01-30	23	4	0.94
2026-01-30	27	2	1.91
2026-01-30	28	7	2.08
2026-01-30	30	4	1.39
2026-01-30	31	0.557	4.4
2026-01-30	33	6.983	1.15
2026-01-30	38	7.777	1.39
2026-01-30	39	2.991	3.3
2026-01-30	4	6	0.76
2026-01-30	40	2	1.53
2026-01-30	41	6.993	1.38
2026-01-30	42	8.323	0.99
2026-01-30	43	13.031	1.3
2026-01-30	44	13.977	1.28
2026-01-30	48	2	1.53
2026-01-30	49	2	2.19
2026-01-30	50	1	2.19
2026-01-30	52	26.914	0.7
2026-01-30	53	2	1.85
2026-01-30	54	3	1.85
2026-01-30	55	5	2.1
2026-01-30	56	4	2.6
2026-01-30	57	2	0.98
2026-01-30	58	1.742	1.9
2026-01-30	61	2	1.39
2026-01-30	65	2	1.04
2026-01-30	66	3	1.16
2026-01-30	68	1	1.51
2026-01-30	69	8	0.91
2026-01-30	70	3	1.1
2026-01-30	71	2	1.53
2026-01-30	72	5	0.69
2026-01-30	73	3	1.1
2026-01-30	75	4	1.19
2026-01-30	76	19	0.57
2026-01-30	77	2	1.67
2026-01-30	78	9	0.79
2026-01-30	79	6	1.07
2026-01-30	8	2	1.69
2026-01-30	80	7	2.29
2026-01-30	81	8	0.72
2026-01-30	82	7	0.65
2026-01-30	83	3.419	1.72
2026-01-30	84	7	1.16
2026-01-30	87	4	1.04
2026-01-30	88	2.235	1.62
2026-01-30	89	35.69	0.58
2026-01-30	9	4	0.58
2026-01-30	91	26.057	0.53
2026-01-30	92	8.672	0.64
2026-01-30	93	29	1.46
2026-01-30	94	6.284	2.08
2026-01-30	95	5.946	1.84
2026-01-30	96	1.418	1.82
2026-01-30	98	1.435	1.68
2026-01-30	99	1.64	2.28
2026-02-02	101	10.032	2.19
2026-02-02	103	2.469	1.62
2026-02-02	105	3.452	1.24
2026-02-02	106	11.145	1.45
2026-02-02	107	5.331	1.42
2026-02-02	11	4.304	3.16
2026-02-02	111	5.086	1.28
2026-02-02	112	3.874	1.91
2026-02-02	114	19.603	2.19
2026-02-02	117	10.39	1.46
2026-02-02	12	5.766	1.71
2026-02-02	121	57.398	0.93
2026-02-02	124	21.672	1.16
2026-02-02	125	6	1.74
2026-02-02	127	8	1.84
2026-02-02	130	7	1.39
2026-02-02	134	1.119	10.3
2026-02-02	135	0.756	9.6
2026-02-02	136	0.506	9.03
2026-02-02	137	0.806	13.1
2026-02-02	138	3.654	3.15
2026-02-02	139	0.538	10.35
2026-02-02	140	0.854	9.6
2026-02-02	141	0.293	8.74
2026-02-02	142	0.722	4.78
2026-02-02	144	0.699	3.82
2026-02-02	145	0.342	15.9
2026-02-02	146	1.762	10.6
2026-02-02	149	0.708	3.66
2026-02-02	157	5	2.63
2026-02-02	158	3	1.75
2026-02-02	161	2	0.91
2026-02-02	162	13	0.87
2026-02-02	165	4.767	3.65
2026-02-02	166	9	1.84
2026-02-02	167	7	1.18
2026-02-02	178	1.144	2.43
2026-02-02	18	18.867	0.98
2026-02-02	185	5	1.44
2026-02-02	187	5.126	4.04
2026-02-02	189	6	2.31
2026-02-02	190	14	2.31
2026-02-02	193	10	1.46
2026-02-02	194	14.179	2.07
2026-02-02	195	16	1.09
2026-02-02	196	6	2.31
2026-02-02	197	10.64	1.72
2026-02-02	198	13.966	0.87
2026-02-02	199	5.568	1.62
2026-02-02	207	3	0.94
2026-02-02	208	6	0.66
2026-02-02	209	3	0.88
2026-02-02	211	5	0.85
2026-02-02	213	4	2.02
2026-02-02	214	2	1.95
2026-02-02	216	2	2
2026-02-02	218	10	1.02
2026-02-02	219	4	0.71
2026-02-02	226	3	0.98
2026-02-02	227	2	1.19
2026-02-02	23	6	0.94
2026-02-02	27	3	1.91
2026-02-02	28	10	2.08
2026-02-02	30	6	1.39
2026-02-02	31	0.83	4.4
2026-02-02	33	10.348	1.15
2026-02-02	38	11.576	1.39
2026-02-02	39	4.439	3.3
2026-02-02	4	9	0.76
2026-02-02	40	4	1.53
2026-02-02	41	10.442	1.38
2026-02-02	42	12.414	0.99
2026-02-02	43	19.392	1.3
2026-02-02	44	20.766	1.28
2026-02-02	48	3	1.53
2026-02-02	49	3	2.19
2026-02-02	50	2	2.19
2026-02-02	52	40.086	0.7
2026-02-02	53	2	1.85
2026-02-02	54	5	1.85
2026-02-02	55	7	2.1
2026-02-02	56	7	2.6
2026-02-02	57	3	0.98
2026-02-02	58	2.584	1.9
2026-02-02	60	6	2.02
2026-02-02	61	3	1.39
2026-02-02	65	4	1.04
2026-02-02	66	5	1.16
2026-02-02	68	2	1.51
2026-02-02	69	12	0.91
2026-02-02	70	5	1.1
2026-02-02	71	3	1.53
2026-02-02	72	7	0.69
2026-02-02	73	4	1.1
2026-02-02	75	6	1.19
2026-02-02	76	29	0.57
2026-02-02	77	3	1.67
2026-02-02	78	14	0.79
2026-02-02	79	9	1.07
2026-02-02	8	2	1.69
2026-02-02	81	11	0.72
2026-02-02	82	10	0.65
2026-02-02	83	5.128	1.72
2026-02-02	84	11	1.16
2026-02-02	85	2	1.1
2026-02-02	87	6	1.04
2026-02-02	88	3.315	1.62
2026-02-02	89	53.052	0.58
2026-02-02	9	6	0.58
2026-02-02	91	38.887	0.53
2026-02-02	92	12.781	0.64
2026-02-02	93	43	1.46
2026-02-02	94	9.346	2.08
2026-02-02	95	8.832	1.84
2026-02-02	96	2.077	1.82
2026-02-02	98	2.065	1.68
2026-02-02	99	2.395	2.28
2026-02-03	101	8.027	2.19
2026-02-03	103	1.975	1.62
2026-02-03	105	2.758	1.24
2026-02-03	106	8.91	1.45
2026-02-03	107	4.261	1.42
2026-02-03	11	3.443	3.16
2026-02-03	111	4.07	1.28
2026-02-03	112	3.099	1.91
2026-02-03	114	15.68	2.19
2026-02-03	117	10.384	1.46
2026-02-03	12	4.614	1.71
2026-02-03	121	45.914	0.93
2026-02-03	124	17.336	1.16
2026-02-03	125	5	1.74
2026-02-03	127	6	1.84
2026-02-03	130	5	1.39
2026-02-03	134	0.895	10.3
2026-02-03	135	0.605	9.6
2026-02-03	136	0.405	9.03
2026-02-03	137	0.645	13.1
2026-02-03	138	2.924	3.15
2026-02-03	139	0.43	10.35
2026-02-03	140	0.683	9.6
2026-02-03	141	0.235	8.74
2026-02-03	142	0.577	4.78
2026-02-03	144	0.558	3.82
2026-02-03	145	0.274	15.9
2026-02-03	146	1.409	10.6
2026-02-03	149	0.566	3.66
2026-02-03	158	2	1.75
2026-02-03	160	5	1.31
2026-02-03	165	3.814	3.65
2026-02-03	166	7	1.84
2026-02-03	167	6	1.18
2026-02-03	178	0.914	2.43
2026-02-03	18	15.092	0.98
2026-02-03	185	4	1.44
2026-02-03	187	4.101	4.04
2026-02-03	189	5	2.31
2026-02-03	190	11	2.31
2026-02-03	193	8	1.46
2026-02-03	194	11.343	2.07
2026-02-03	195	12	1.09
2026-02-03	196	5	2.31
2026-02-03	197	8.512	1.72
2026-02-03	198	11.172	0.87
2026-02-03	199	4.451	1.62
2026-02-03	207	2	0.94
2026-02-03	208	5	0.66
2026-02-03	209	3	0.88
2026-02-03	211	4	0.85
2026-02-03	213	3	2.02
2026-02-03	214	2	1.95
2026-02-03	216	1	2
2026-02-03	218	8	1.02
2026-02-03	219	3	0.71
2026-02-03	226	3	0.98
2026-02-03	227	2	1.19
2026-02-03	23	4	0.94
2026-02-03	27	2	1.91
2026-02-03	28	8	2.08
2026-02-03	30	5	1.39
2026-02-03	31	0.664	4.4
2026-02-03	33	8.278	1.15
2026-02-03	35	17	0.98
2026-02-03	38	9.259	1.39
2026-02-03	39	3.552	3.3
2026-02-03	4	7	0.76
2026-02-03	40	3	1.53
2026-02-03	41	8.355	1.38
2026-02-03	42	9.929	0.99
2026-02-03	43	15.515	1.3
2026-02-03	44	16.609	1.28
2026-02-03	48	2	1.53
2026-02-03	49	2	2.19
2026-02-03	50	1	2.19
2026-02-03	52	32.057	0.7
2026-02-03	53	2	1.85
2026-02-03	54	4	1.85
2026-02-03	55	5	2.1
2026-02-03	56	5	2.6
2026-02-03	57	3	0.98
2026-02-03	58	2.068	1.9
2026-02-03	59	2.877	2.92
2026-02-03	61	2	1.39
2026-02-03	65	3	1.04
2026-02-03	66	4	1.16
2026-02-03	68	2	1.51
2026-02-03	69	9	0.91
2026-02-03	70	4	1.1
2026-02-03	71	2	1.53
2026-02-03	72	6	0.69
2026-02-03	73	3	1.1
2026-02-03	75	5	1.19
2026-02-03	76	23	0.57
2026-02-03	77	3	1.67
2026-02-03	78	11	0.79
2026-02-03	79	7	1.07
2026-02-03	8	2	1.69
2026-02-03	81	9	0.72
2026-02-03	82	8	0.65
2026-02-03	83	4.105	1.72
2026-02-03	84	9	1.16
2026-02-03	85	2	1.1
2026-02-03	87	5	1.04
2026-02-03	88	2.648	1.62
2026-02-03	89	42.448	0.58
2026-02-03	9	5	0.58
2026-02-03	91	31.113	0.53
2026-02-03	92	10.219	0.64
2026-02-03	93	35	1.46
2026-02-03	94	7.476	2.08
2026-02-03	95	7.065	1.84
2026-02-03	96	1.665	1.82
2026-02-03	98	1.655	1.68
2026-02-03	99	1.917	2.28
2026-02-04	101	7.626	2.19
2026-02-04	103	1.877	1.62
2026-02-04	105	2.621	1.24
2026-02-04	106	8.469	1.45
2026-02-04	107	4.049	1.42
2026-02-04	109	7.833	1.86
2026-02-04	11	3.269	3.16
2026-02-04	111	3.867	1.28
2026-02-04	112	2.942	1.91
2026-02-04	114	14.895	2.19
2026-02-04	12	4.386	1.71
2026-02-04	121	43.624	0.93
2026-02-04	124	16.474	1.16
2026-02-04	125	5	1.74
2026-02-04	127	6	1.84
2026-02-04	130	5	1.39
2026-02-04	134	0.85	10.3
2026-02-04	135	0.575	9.6
2026-02-04	136	0.384	9.03
2026-02-04	137	0.613	13.1
2026-02-04	138	2.778	3.15
2026-02-04	139	0.409	10.35
2026-02-04	140	0.649	9.6
2026-02-04	141	0.223	8.74
2026-02-04	142	0.548	4.78
2026-02-04	144	0.531	3.82
2026-02-04	145	0.26	15.9
2026-02-04	146	1.34	10.6
2026-02-04	149	0.538	3.66
2026-02-04	158	2	1.75
2026-02-04	16	22.195	0.87
2026-02-04	165	3.622	3.65
2026-02-04	166	7	1.84
2026-02-04	167	5	1.18
2026-02-04	17	11	1.24
2026-02-04	178	0.868	2.43
2026-02-04	18	14.337	0.98
2026-02-04	185	4	1.44
2026-02-04	186	7	1.66
2026-02-04	187	3.896	4.04
2026-02-04	189	5	2.31
2026-02-04	190	11	2.31
2026-02-04	193	7	1.46
2026-02-04	194	10.778	2.07
2026-02-04	195	12	1.09
2026-02-04	196	5	2.31
2026-02-04	197	8.087	1.72
2026-02-04	198	10.609	0.87
2026-02-04	199	4.228	1.62
2026-02-04	207	2	0.94
2026-02-04	208	4	0.66
2026-02-04	209	3	0.88
2026-02-04	21	16	0.76
2026-02-04	211	4	0.85
2026-02-04	213	3	2.02
2026-02-04	214	2	1.95
2026-02-04	216	1	2
2026-02-04	218	7	1.02
2026-02-04	219	3	0.71
2026-02-04	226	3	0.98
2026-02-04	227	2	1.19
2026-02-04	23	4	0.94
2026-02-04	247	3	1.5
2026-02-04	27	2	1.91
2026-02-04	28	8	2.08
2026-02-04	30	5	1.39
2026-02-04	31	0.63	4.4
2026-02-04	33	7.87	1.15
2026-02-04	38	8.799	1.39
2026-02-04	39	3.373	3.3
2026-02-04	4	7	0.76
2026-02-04	40	3	1.53
2026-02-04	41	7.935	1.38
2026-02-04	42	9.434	0.99
2026-02-04	43	14.738	1.3
2026-02-04	44	15.781	1.28
2026-02-04	48	2	1.53
2026-02-04	49	2	2.19
2026-02-04	50	1	2.19
2026-02-04	52	30.457	0.7
2026-02-04	53	2	1.85
2026-02-04	54	4	1.85
2026-02-04	55	5	2.1
2026-02-04	56	5	2.6
2026-02-04	57	2	0.98
2026-02-04	58	1.963	1.9
2026-02-04	61	2	1.39
2026-02-04	65	3	1.04
2026-02-04	66	4	1.16
2026-02-04	68	1	1.51
2026-02-04	69	9	0.91
2026-02-04	70	4	1.1
2026-02-04	71	2	1.53
2026-02-04	72	6	0.69
2026-02-04	73	3	1.1
2026-02-04	75	5	1.19
2026-02-04	76	22	0.57
2026-02-04	77	3	1.67
2026-02-04	78	11	0.79
2026-02-04	79	7	1.07
2026-02-04	8	2	1.69
2026-02-04	81	8	0.72
2026-02-04	82	8	0.65
2026-02-04	83	3.895	1.72
2026-02-04	84	8	1.16
2026-02-04	85	2	1.1
2026-02-04	87	4	1.04
2026-02-04	88	2.519	1.62
2026-02-04	89	40.31	0.58
2026-02-04	9	4	0.58
2026-02-04	91	29.547	0.53
2026-02-04	92	9.719	0.64
2026-02-04	93	33	1.46
2026-02-04	94	7.101	2.08
2026-02-04	95	6.712	1.84
2026-02-04	96	1.577	1.82
2026-02-04	98	1.571	1.68
2026-02-04	99	1.82	2.28
2026-02-05	100	6.383	1.96
2026-02-05	101	7.224	2.19
2026-02-05	103	1.778	1.62
2026-02-05	105	2.484	1.24
2026-02-05	106	8.021	1.45
2026-02-05	107	3.838	1.42
2026-02-05	11	3.098	3.16
2026-02-05	111	3.664	1.28
2026-02-05	112	2.785	1.91
2026-02-05	114	14.114	2.19
2026-02-05	12	4.152	1.71
2026-02-05	121	41.323	0.93
2026-02-05	124	15.603	1.16
2026-02-05	125	4	1.74
2026-02-05	127	5	1.84
2026-02-05	130	5	1.39
2026-02-05	134	0.806	10.3
2026-02-05	135	0.545	9.6
2026-02-05	136	0.364	9.03
2026-02-05	137	0.58	13.1
2026-02-05	138	2.632	3.15
2026-02-05	139	0.387	10.35
2026-02-05	140	0.615	9.6
2026-02-05	141	0.212	8.74
2026-02-05	142	0.519	4.78
2026-02-05	144	0.503	3.82
2026-02-05	145	0.247	15.9
2026-02-05	146	1.269	10.6
2026-02-05	148	3.091	4.5
2026-02-05	149	0.511	3.66
2026-02-05	158	2	1.75
2026-02-05	165	3.43	3.65
2026-02-05	166	6	1.84
2026-02-05	167	5	1.18
2026-02-05	17	11	1.24
2026-02-05	178	0.823	2.43
2026-02-05	18	13.582	0.98
2026-02-05	185	3	1.44
2026-02-05	187	3.691	4.04
2026-02-05	189	4	2.31
2026-02-05	190	10	2.31
2026-02-05	193	7	1.46
2026-02-05	194	10.208	2.07
2026-02-05	195	11	1.09
2026-02-05	196	4	2.31
2026-02-05	197	7.663	1.72
2026-02-05	198	10.057	0.87
2026-02-05	199	4.006	1.62
2026-02-05	20	7	0.72
2026-02-05	207	2	0.94
2026-02-05	208	4	0.66
2026-02-05	209	2	0.88
2026-02-05	211	3	0.85
2026-02-05	213	3	2.02
2026-02-05	214	2	1.95
2026-02-05	216	1	2
2026-02-05	218	7	1.02
2026-02-05	219	3	0.71
2026-02-05	226	2	0.98
2026-02-05	227	2	1.19
2026-02-05	23	4	0.94
2026-02-05	249	12	1.64
2026-02-05	27	2	1.91
2026-02-05	28	7	2.08
2026-02-05	30	5	1.39
2026-02-05	31	0.595	4.4
2026-02-05	33	7.452	1.15
2026-02-05	38	8.338	1.39
2026-02-05	39	3.197	3.3
2026-02-05	4	7	0.76
2026-02-05	40	3	1.53
2026-02-05	41	7.522	1.38
2026-02-05	42	8.939	0.99
2026-02-05	43	13.962	1.3
2026-02-05	44	14.945	1.28
2026-02-05	48	2	1.53
2026-02-05	49	2	2.19
2026-02-05	50	1	2.19
2026-02-05	52	28.857	0.7
2026-02-05	53	2	1.85
2026-02-05	54	3	1.85
2026-02-05	55	5	2.1
2026-02-05	56	5	2.6
2026-02-05	57	2	0.98
2026-02-05	58	1.858	1.9
2026-02-05	61	2	1.39
2026-02-05	65	3	1.04
2026-02-05	66	4	1.16
2026-02-05	68	1	1.51
2026-02-05	69	8	0.91
2026-02-05	70	4	1.1
2026-02-05	71	2	1.53
2026-02-05	72	5	0.69
2026-02-05	73	3	1.1
2026-02-05	74	12	1.71
2026-02-05	75	5	1.19
2026-02-05	76	21	0.57
2026-02-05	77	2	1.67
2026-02-05	78	10	0.79
2026-02-05	79	6	1.07
2026-02-05	8	2	1.69
2026-02-05	81	8	0.72
2026-02-05	82	7	0.65
2026-02-05	83	3.692	1.72
2026-02-05	84	8	1.16
2026-02-05	85	2	1.1
2026-02-05	87	4	1.04
2026-02-05	88	2.383	1.62
2026-02-05	89	38.19	0.58
2026-02-05	9	4	0.58
2026-02-05	91	28	0.53
2026-02-05	92	9.203	0.64
2026-02-05	93	31	1.46
2026-02-05	94	6.726	2.08
2026-02-05	95	6.359	1.84
2026-02-05	96	1.495	1.82
2026-02-05	98	1.488	1.68
2026-02-05	99	1.724	2.28
2026-02-06	100	6.378	1.96
2026-02-06	101	7.224	2.19
2026-02-06	103	1.778	1.62
2026-02-06	105	2.484	1.24
2026-02-06	106	8.021	1.45
2026-02-06	107	3.838	1.42
2026-02-06	11	3.098	3.16
2026-02-06	111	3.664	1.28
2026-02-06	112	2.785	1.91
2026-02-06	113	0.66	3.24
2026-02-06	114	14.114	2.19
2026-02-06	12	4.152	1.71
2026-02-06	121	41.323	0.93
2026-02-06	124	15.603	1.16
2026-02-06	125	4	1.74
2026-02-06	127	5	1.84
2026-02-06	130	5	1.39
2026-02-06	134	0.806	10.3
2026-02-06	135	0.545	9.6
2026-02-06	136	0.364	9.03
2026-02-06	137	0.58	13.1
2026-02-06	138	2.632	3.15
2026-02-06	139	0.387	10.35
2026-02-06	140	0.615	9.6
2026-02-06	141	0.212	8.74
2026-02-06	142	0.519	4.78
2026-02-06	144	0.503	3.82
2026-02-06	145	0.247	15.9
2026-02-06	146	1.269	10.6
2026-02-06	149	0.511	3.66
2026-02-06	158	2	1.75
2026-02-06	162	13	0.87
2026-02-06	165	3.43	3.65
2026-02-06	166	6	1.84
2026-02-06	167	5	1.18
2026-02-06	178	0.823	2.43
2026-02-06	18	13.582	0.98
2026-02-06	185	3	1.44
2026-02-06	187	3.691	4.04
2026-02-06	189	4	2.31
2026-02-06	190	10	2.31
2026-02-06	193	7	1.46
2026-02-06	194	10.208	2.07
2026-02-06	195	11	1.09
2026-02-06	196	4	2.31
2026-02-06	197	7.663	1.72
2026-02-06	198	10.057	0.87
2026-02-06	199	4.006	1.62
2026-02-06	207	2	0.94
2026-02-06	208	4	0.66
2026-02-06	209	2	0.88
2026-02-06	211	3	0.85
2026-02-06	213	3	2.02
2026-02-06	214	2	1.95
2026-02-06	216	1	2
2026-02-06	218	7	1.02
2026-02-06	219	3	0.71
2026-02-06	226	2	0.98
2026-02-06	227	2	1.19
2026-02-06	23	4	0.94
2026-02-06	250	8.763	1.73
2026-02-06	26	8.747	0.87
2026-02-06	27	2	1.91
2026-02-06	28	7	2.08
2026-02-06	30	5	1.39
2026-02-06	31	0.595	4.4
2026-02-06	33	7.452	1.15
2026-02-06	38	8.338	1.39
2026-02-06	39	3.197	3.3
2026-02-06	4	7	0.76
2026-02-06	40	3	1.53
2026-02-06	41	7.522	1.38
2026-02-06	42	8.939	0.99
2026-02-06	43	13.962	1.3
2026-02-06	44	14.945	1.28
2026-02-06	48	2	1.53
2026-02-06	49	2	2.19
2026-02-06	50	1	2.19
2026-02-06	52	28.857	0.7
2026-02-06	53	2	1.85
2026-02-06	54	3	1.85
2026-02-06	55	5	2.1
2026-02-06	56	5	2.6
2026-02-06	57	2	0.98
2026-02-06	58	1.858	1.9
2026-02-06	61	2	1.39
2026-02-06	65	3	1.04
2026-02-06	66	4	1.16
2026-02-06	68	1	1.51
2026-02-06	69	8	0.91
2026-02-06	70	4	1.1
2026-02-06	71	2	1.53
2026-02-06	72	5	0.69
2026-02-06	73	3	1.1
2026-02-06	74	12	1.71
2026-02-06	75	5	1.19
2026-02-06	76	21	0.57
2026-02-06	77	2	1.67
2026-02-06	78	10	0.79
2026-02-06	79	6	1.07
2026-02-06	8	2	1.69
2026-02-06	81	8	0.72
2026-02-06	82	7	0.65
2026-02-06	83	3.692	1.72
2026-02-06	84	8	1.16
2026-02-06	85	2	1.1
2026-02-06	87	4	1.04
2026-02-06	88	2.383	1.62
2026-02-06	89	38.19	0.58
2026-02-06	9	4	0.58
2026-02-06	91	28	0.53
2026-02-06	92	9.203	0.64
2026-02-06	93	31	1.46
2026-02-06	94	6.726	2.08
2026-02-06	95	6.359	1.84
2026-02-06	96	1.495	1.82
2026-02-06	98	1.488	1.68
2026-02-06	99	1.724	2.28
2026-02-09	101	10.032	2.19
2026-02-09	103	2.469	1.62
2026-02-09	105	3.452	1.24
2026-02-09	106	11.145	1.45
2026-02-09	107	5.331	1.42
2026-02-09	109	7.833	1.86
2026-02-09	11	4.304	3.16
2026-02-09	110	5	2.19
2026-02-09	111	5.086	1.28
2026-02-09	112	3.874	1.91
2026-02-09	114	19.603	2.19
2026-02-09	12	5.766	1.71
2026-02-09	121	57.398	0.93
2026-02-09	124	21.672	1.16
2026-02-09	125	6	1.74
2026-02-09	127	8	1.84
2026-02-09	130	7	1.39
2026-02-09	134	1.119	10.3
2026-02-09	135	0.756	9.6
2026-02-09	136	0.506	9.03
2026-02-09	137	0.806	13.1
2026-02-09	138	3.654	3.15
2026-02-09	139	0.538	10.35
2026-02-09	140	0.854	9.6
2026-02-09	141	0.293	8.74
2026-02-09	142	0.722	4.78
2026-02-09	144	0.699	3.82
2026-02-09	145	0.342	15.9
2026-02-09	146	1.762	10.6
2026-02-09	149	0.708	3.66
2026-02-09	158	3	1.75
2026-02-09	165	4.767	3.65
2026-02-09	166	9	1.84
2026-02-09	167	7	1.18
2026-02-09	178	1.144	2.43
2026-02-09	18	18.867	0.98
2026-02-09	185	5	1.44
2026-02-09	187	5.126	4.04
2026-02-09	189	6	2.31
2026-02-09	19	9	1.82
2026-02-09	190	14	2.31
2026-02-09	193	10	1.46
2026-02-09	194	14.179	2.07
2026-02-09	195	16	1.09
2026-02-09	196	6	2.31
2026-02-09	197	10.64	1.72
2026-02-09	198	13.966	0.87
2026-02-09	199	5.568	1.62
2026-02-09	207	3	0.94
2026-02-09	208	6	0.66
2026-02-09	209	3	0.88
2026-02-09	211	5	0.85
2026-02-09	213	4	2.02
2026-02-09	214	2	1.95
2026-02-09	216	2	2
2026-02-09	218	10	1.02
2026-02-09	219	4	0.71
2026-02-09	226	3	0.98
2026-02-09	227	2	1.19
2026-02-09	23	6	0.94
2026-02-09	27	3	1.91
2026-02-09	28	10	2.08
2026-02-09	30	6	1.39
2026-02-09	31	0.83	4.4
2026-02-09	33	10.348	1.15
2026-02-09	38	11.576	1.39
2026-02-09	39	4.439	3.3
2026-02-09	4	9	0.76
2026-02-09	40	4	1.53
2026-02-09	41	10.442	1.38
2026-02-09	42	12.414	0.99
2026-02-09	43	19.392	1.3
2026-02-09	44	20.766	1.28
2026-02-09	48	3	1.53
2026-02-09	49	3	2.19
2026-02-09	50	2	2.19
2026-02-09	52	40.086	0.7
2026-02-09	53	2	1.85
2026-02-09	54	5	1.85
2026-02-09	55	7	2.1
2026-02-09	56	7	2.6
2026-02-09	57	3	0.98
2026-02-09	58	2.584	1.9
2026-02-09	61	3	1.39
2026-02-09	65	4	1.04
2026-02-09	66	5	1.16
2026-02-09	68	2	1.51
2026-02-09	69	12	0.91
2026-02-09	70	5	1.1
2026-02-09	71	3	1.53
2026-02-09	72	7	0.69
2026-02-09	73	4	1.1
2026-02-09	75	6	1.19
2026-02-09	76	29	0.57
2026-02-09	77	3	1.67
2026-02-09	78	14	0.79
2026-02-09	79	9	1.07
2026-02-09	8	2	1.69
2026-02-09	80	7	2.29
2026-02-09	81	11	0.72
2026-02-09	82	10	0.65
2026-02-09	83	5.128	1.72
2026-02-09	84	11	1.16
2026-02-09	85	2	1.1
2026-02-09	87	6	1.04
2026-02-09	88	3.315	1.62
2026-02-09	89	53.052	0.58
2026-02-09	9	6	0.58
2026-02-09	91	38.887	0.53
2026-02-09	92	12.781	0.64
2026-02-09	93	43	1.46
2026-02-09	94	9.346	2.08
2026-02-09	95	8.832	1.84
2026-02-09	96	2.077	1.82
2026-02-09	98	2.065	1.68
2026-02-09	99	2.395	2.28
2026-02-10	101	8.027	2.19
2026-02-10	103	1.975	1.62
2026-02-10	105	2.758	1.24
2026-02-10	106	8.91	1.45
2026-02-10	107	4.261	1.42
2026-02-10	108	6.26	1.73
2026-02-10	11	3.443	3.16
2026-02-10	111	4.07	1.28
2026-02-10	112	3.099	1.91
2026-02-10	114	15.68	2.19
2026-02-10	12	4.614	1.71
2026-02-10	121	45.914	0.93
2026-02-10	124	17.336	1.16
2026-02-10	125	5	1.74
2026-02-10	127	6	1.84
2026-02-10	130	5	1.39
2026-02-10	134	0.895	10.3
2026-02-10	135	0.605	9.6
2026-02-10	136	0.405	9.03
2026-02-10	137	0.645	13.1
2026-02-10	138	2.924	3.15
2026-02-10	139	0.43	10.35
2026-02-10	140	0.683	9.6
2026-02-10	141	0.235	8.74
2026-02-10	142	0.577	4.78
2026-02-10	144	0.558	3.82
2026-02-10	145	0.274	15.9
2026-02-10	146	1.409	10.6
2026-02-10	149	0.566	3.66
2026-02-10	155	22	0.57
2026-02-10	158	2	1.75
2026-02-10	165	3.814	3.65
2026-02-10	166	7	1.84
2026-02-10	167	6	1.18
2026-02-10	175	17	1.1
2026-02-10	178	0.914	2.43
2026-02-10	18	15.092	0.98
2026-02-10	185	4	1.44
2026-02-10	187	4.101	4.04
2026-02-10	189	5	2.31
2026-02-10	190	11	2.31
2026-02-10	193	8	1.46
2026-02-10	194	11.343	2.07
2026-02-10	195	12	1.09
2026-02-10	196	5	2.31
2026-02-10	197	8.512	1.72
2026-02-10	198	11.172	0.87
2026-02-10	199	4.451	1.62
2026-02-10	205	4	2.47
2026-02-10	207	2	0.94
2026-02-10	208	5	0.66
2026-02-10	209	3	0.88
2026-02-10	211	4	0.85
2026-02-10	213	3	2.02
2026-02-10	214	2	1.95
2026-02-10	216	1	2
2026-02-10	218	8	1.02
2026-02-10	219	3	0.71
2026-02-10	220	2	2.01
2026-02-10	226	3	0.98
2026-02-10	227	2	1.19
2026-02-10	23	4	0.94
2026-02-10	27	2	1.91
2026-02-10	28	8	2.08
2026-02-10	30	5	1.39
2026-02-10	31	0.664	4.4
2026-02-10	33	8.278	1.15
2026-02-10	35	17	0.98
2026-02-10	38	9.259	1.39
2026-02-10	39	3.552	3.3
2026-02-10	4	7	0.76
2026-02-10	40	3	1.53
2026-02-10	41	8.355	1.38
2026-02-10	42	9.929	0.99
2026-02-10	43	15.515	1.3
2026-02-10	44	16.609	1.28
2026-02-10	48	2	1.53
2026-02-10	49	2	2.19
2026-02-10	50	1	2.19
2026-02-10	52	32.057	0.7
2026-02-10	53	2	1.85
2026-02-10	54	4	1.85
2026-02-10	55	5	2.1
2026-02-10	56	5	2.6
2026-02-10	57	3	0.98
2026-02-10	58	2.068	1.9
2026-02-10	61	2	1.39
2026-02-10	65	3	1.04
2026-02-10	66	4	1.16
2026-02-10	68	2	1.51
2026-02-10	69	9	0.91
2026-02-10	70	4	1.1
2026-02-10	71	2	1.53
2026-02-10	72	6	0.69
2026-02-10	73	3	1.1
2026-02-10	75	5	1.19
2026-02-10	76	23	0.57
2026-02-10	77	3	1.67
2026-02-10	78	11	0.79
2026-02-10	79	7	1.07
2026-02-10	8	2	1.69
2026-02-10	81	9	0.72
2026-02-10	82	8	0.65
2026-02-10	83	4.105	1.72
2026-02-10	84	9	1.16
2026-02-10	85	2	1.1
2026-02-10	87	5	1.04
2026-02-10	88	2.648	1.62
2026-02-10	89	42.448	0.58
2026-02-10	9	5	0.58
2026-02-10	91	31.113	0.53
2026-02-10	92	10.219	0.64
2026-02-10	93	35	1.46
2026-02-10	94	7.476	2.08
2026-02-10	95	7.065	1.84
2026-02-10	96	1.665	1.82
2026-02-10	98	1.655	1.68
2026-02-10	99	1.917	2.28
2026-02-11	101	7.626	2.19
2026-02-11	102	7.828	1.28
2026-02-11	103	1.877	1.62
2026-02-11	105	2.621	1.24
2026-02-11	106	8.469	1.45
2026-02-11	107	4.049	1.42
2026-02-11	11	3.269	3.16
2026-02-11	111	3.867	1.28
2026-02-11	112	2.942	1.91
2026-02-11	114	14.895	2.19
2026-02-11	118	6.817	2.19
2026-02-11	12	4.386	1.71
2026-02-11	121	43.624	0.93
2026-02-11	124	16.474	1.16
2026-02-11	125	5	1.74
2026-02-11	127	6	1.84
2026-02-11	130	5	1.39
2026-02-11	134	0.85	10.3
2026-02-11	135	0.575	9.6
2026-02-11	136	0.384	9.03
2026-02-11	137	0.613	13.1
2026-02-11	138	2.778	3.15
2026-02-11	139	0.409	10.35
2026-02-11	140	0.649	9.6
2026-02-11	141	0.223	8.74
2026-02-11	142	0.548	4.78
2026-02-11	144	0.531	3.82
2026-02-11	145	0.26	15.9
2026-02-11	146	1.34	10.6
2026-02-11	149	0.538	3.66
2026-02-11	158	2	1.75
2026-02-11	165	3.622	3.65
2026-02-11	166	7	1.84
2026-02-11	167	5	1.18
2026-02-11	178	0.868	2.43
2026-02-11	18	14.337	0.98
2026-02-11	185	4	1.44
2026-02-11	187	3.896	4.04
2026-02-11	189	5	2.31
2026-02-11	190	11	2.31
2026-02-11	193	7	1.46
2026-02-11	194	10.778	2.07
2026-02-11	195	12	1.09
2026-02-11	196	5	2.31
2026-02-11	197	8.087	1.72
2026-02-11	198	10.609	0.87
2026-02-11	199	4.228	1.62
2026-02-11	207	2	0.94
2026-02-11	208	4	0.66
2026-02-11	209	3	0.88
2026-02-11	211	4	0.85
2026-02-11	213	3	2.02
2026-02-11	214	2	1.95
2026-02-11	216	1	2
2026-02-11	218	7	1.02
2026-02-11	219	3	0.71
2026-02-11	226	3	0.98
2026-02-11	227	2	1.19
2026-02-11	23	4	0.94
2026-02-11	27	2	1.91
2026-02-11	28	8	2.08
2026-02-11	30	5	1.39
2026-02-11	31	0.63	4.4
2026-02-11	33	7.87	1.15
2026-02-11	38	8.799	1.39
2026-02-11	39	3.373	3.3
2026-02-11	4	7	0.76
2026-02-11	40	3	1.53
2026-02-11	41	7.935	1.38
2026-02-11	42	9.434	0.99
2026-02-11	43	14.738	1.3
2026-02-11	44	15.781	1.28
2026-02-11	48	2	1.53
2026-02-11	49	2	2.19
2026-02-11	50	1	2.19
2026-02-11	52	30.457	0.7
2026-02-11	53	2	1.85
2026-02-11	54	4	1.85
2026-02-11	55	5	2.1
2026-02-11	56	5	2.6
2026-02-11	57	2	0.98
2026-02-11	58	1.963	1.9
2026-02-11	61	2	1.39
2026-02-11	65	3	1.04
2026-02-11	66	4	1.16
2026-02-11	68	1	1.51
2026-02-11	69	9	0.91
2026-02-11	70	4	1.1
2026-02-11	71	2	1.53
2026-02-11	72	6	0.69
2026-02-11	73	3	1.1
2026-02-11	75	5	1.19
2026-02-11	76	22	0.57
2026-02-11	77	3	1.67
2026-02-11	78	11	0.79
2026-02-11	79	7	1.07
2026-02-11	8	2	1.69
2026-02-11	81	8	0.72
2026-02-11	82	8	0.65
2026-02-11	83	3.895	1.72
2026-02-11	84	8	1.16
2026-02-11	85	2	1.1
2026-02-11	87	4	1.04
2026-02-11	88	2.519	1.62
2026-02-11	89	40.31	0.58
2026-02-11	9	4	0.58
2026-02-11	91	29.547	0.53
2026-02-11	92	9.719	0.64
2026-02-11	93	33	1.46
2026-02-11	94	7.101	2.08
2026-02-11	95	6.712	1.84
2026-02-11	96	1.577	1.82
2026-02-11	98	1.571	1.68
2026-02-11	99	1.82	2.28
2026-02-12	101	7.224	2.19
2026-02-12	103	1.778	1.62
2026-02-12	104	0.14	1.57
2026-02-12	105	2.484	1.24
2026-02-12	106	8.021	1.45
2026-02-12	107	3.838	1.42
2026-02-12	11	3.098	3.16
2026-02-12	111	3.664	1.28
2026-02-12	112	2.785	1.91
2026-02-12	114	14.114	2.19
2026-02-12	12	4.152	1.71
2026-02-12	121	41.323	0.93
2026-02-12	124	15.603	1.16
2026-02-12	125	4	1.74
2026-02-12	127	5	1.84
2026-02-12	130	5	1.39
2026-02-12	134	0.806	10.3
2026-02-12	135	0.545	9.6
2026-02-12	136	0.364	9.03
2026-02-12	137	0.58	13.1
2026-02-12	138	2.632	3.15
2026-02-12	139	0.387	10.35
2026-02-12	140	0.615	9.6
2026-02-12	141	0.212	8.74
2026-02-12	142	0.519	4.78
2026-02-12	144	0.503	3.82
2026-02-12	145	0.247	15.9
2026-02-12	146	1.269	10.6
2026-02-12	147	0.134	2.91
2026-02-12	149	0.511	3.66
2026-02-12	154	12	1.44
2026-02-12	158	2	1.75
2026-02-12	165	3.43	3.65
2026-02-12	166	6	1.84
2026-02-12	167	5	1.18
2026-02-12	178	0.823	2.43
2026-02-12	18	13.582	0.98
2026-02-12	185	3	1.44
2026-02-12	187	3.691	4.04
2026-02-12	189	4	2.31
2026-02-12	190	10	2.31
2026-02-12	193	7	1.46
2026-02-12	194	10.208	2.07
2026-02-12	195	11	1.09
2026-02-12	196	4	2.31
2026-02-12	197	7.663	1.72
2026-02-12	198	10.057	0.87
2026-02-12	199	4.006	1.62
2026-02-12	206	12	1.36
2026-02-12	207	2	0.94
2026-02-12	208	4	0.66
2026-02-12	209	2	0.88
2026-02-12	211	3	0.85
2026-02-12	213	3	2.02
2026-02-12	214	2	1.95
2026-02-12	216	1	2
2026-02-12	218	7	1.02
2026-02-12	219	3	0.71
2026-02-12	221	4	1.71
2026-02-12	226	2	0.98
2026-02-12	227	2	1.19
2026-02-12	23	4	0.94
2026-02-12	232	1	1.1
2026-02-12	248	0.273	7.59
2026-02-12	27	2	1.91
2026-02-12	28	7	2.08
2026-02-12	30	5	1.39
2026-02-12	31	0.595	4.4
2026-02-12	33	7.452	1.15
2026-02-12	38	8.338	1.39
2026-02-12	39	3.197	3.3
2026-02-12	4	7	0.76
2026-02-12	40	3	1.53
2026-02-12	41	7.522	1.38
2026-02-12	42	8.939	0.99
2026-02-12	43	13.962	1.3
2026-02-12	44	14.945	1.28
2026-02-12	48	2	1.53
2026-02-12	49	2	2.19
2026-02-12	50	1	2.19
2026-02-12	52	28.857	0.7
2026-02-12	53	2	1.85
2026-02-12	54	3	1.85
2026-02-12	55	5	2.1
2026-02-12	56	5	2.6
2026-02-12	57	2	0.98
2026-02-12	58	1.858	1.9
2026-02-12	61	2	1.39
2026-02-12	65	3	1.04
2026-02-12	66	4	1.16
2026-02-12	68	1	1.51
2026-02-12	69	8	0.91
2026-02-12	70	4	1.1
2026-02-12	71	2	1.53
2026-02-12	72	5	0.69
2026-02-12	73	3	1.1
2026-02-12	75	5	1.19
2026-02-12	76	21	0.57
2026-02-12	77	2	1.67
2026-02-12	78	10	0.79
2026-02-12	79	6	1.07
2026-02-12	8	2	1.69
2026-02-12	80	7	2.29
2026-02-12	81	8	0.72
2026-02-12	82	7	0.65
2026-02-12	83	3.692	1.72
2026-02-12	84	8	1.16
2026-02-12	85	2	1.1
2026-02-12	87	4	1.04
2026-02-12	88	2.383	1.62
2026-02-12	89	38.19	0.58
2026-02-12	9	4	0.58
2026-02-12	91	28	0.53
2026-02-12	92	9.203	0.64
2026-02-12	93	31	1.46
2026-02-12	94	6.726	2.08
2026-02-12	95	6.359	1.84
2026-02-12	96	1.495	1.82
2026-02-12	98	1.488	1.68
2026-02-12	99	1.724	2.28
2026-02-13	101	7.224	2.19
2026-02-13	103	1.778	1.62
2026-02-13	105	2.484	1.24
2026-02-13	106	8.021	1.45
2026-02-13	107	3.838	1.42
2026-02-13	11	3.098	3.16
2026-02-13	111	3.664	1.28
2026-02-13	112	2.785	1.91
2026-02-13	114	14.114	2.19
2026-02-13	12	4.152	1.71
2026-02-13	121	41.323	0.93
2026-02-13	124	15.603	1.16
2026-02-13	125	4	1.74
2026-02-13	127	5	1.84
2026-02-13	130	5	1.39
2026-02-13	134	0.806	10.3
2026-02-13	135	0.545	9.6
2026-02-13	136	0.364	9.03
2026-02-13	137	0.58	13.1
2026-02-13	138	2.632	3.15
2026-02-13	139	0.387	10.35
2026-02-13	140	0.615	9.6
2026-02-13	141	0.212	8.74
2026-02-13	142	0.519	4.78
2026-02-13	144	0.503	3.82
2026-02-13	145	0.247	15.9
2026-02-13	146	1.269	10.6
2026-02-13	149	0.511	3.66
2026-02-13	153	13	1.54
2026-02-13	154	12	1.44
2026-02-13	158	2	1.75
2026-02-13	165	3.43	3.65
2026-02-13	166	6	1.84
2026-02-13	167	5	1.18
2026-02-13	178	0.823	2.43
2026-02-13	18	13.582	0.98
2026-02-13	185	3	1.44
2026-02-13	187	3.691	4.04
2026-02-13	189	4	2.31
2026-02-13	190	10	2.31
2026-02-13	193	7	1.46
2026-02-13	194	10.208	2.07
2026-02-13	195	11	1.09
2026-02-13	196	4	2.31
2026-02-13	197	7.663	1.72
2026-02-13	198	10.057	0.87
2026-02-13	199	4.006	1.62
2026-02-13	201	12.177	1.3
2026-02-13	207	2	0.94
2026-02-13	208	4	0.66
2026-02-13	209	2	0.88
2026-02-13	21	16	0.76
2026-02-13	211	3	0.85
2026-02-13	213	3	2.02
2026-02-13	214	2	1.95
2026-02-13	216	1	2
2026-02-13	218	7	1.02
2026-02-13	219	3	0.71
2026-02-13	226	2	0.98
2026-02-13	227	2	1.19
2026-02-13	23	4	0.94
2026-02-13	24	18.885	0.87
2026-02-13	27	2	1.91
2026-02-13	28	7	2.08
2026-02-13	30	5	1.39
2026-02-13	31	0.595	4.4
2026-02-13	33	7.452	1.15
2026-02-13	38	8.338	1.39
2026-02-13	39	3.197	3.3
2026-02-13	4	7	0.76
2026-02-13	40	3	1.53
2026-02-13	41	7.522	1.38
2026-02-13	42	8.939	0.99
2026-02-13	43	13.962	1.3
2026-02-13	44	14.945	1.28
2026-02-13	48	2	1.53
2026-02-13	49	2	2.19
2026-02-13	50	1	2.19
2026-02-13	52	28.857	0.7
2026-02-13	53	2	1.85
2026-02-13	54	3	1.85
2026-02-13	55	5	2.1
2026-02-13	56	5	2.6
2026-02-13	57	2	0.98
2026-02-13	58	1.858	1.9
2026-02-13	61	2	1.39
2026-02-13	65	3	1.04
2026-02-13	66	4	1.16
2026-02-13	68	1	1.51
2026-02-13	69	8	0.91
2026-02-13	70	4	1.1
2026-02-13	71	2	1.53
2026-02-13	72	5	0.69
2026-02-13	73	3	1.1
2026-02-13	75	5	1.19
2026-02-13	76	21	0.57
2026-02-13	77	2	1.67
2026-02-13	78	10	0.79
2026-02-13	79	6	1.07
2026-02-13	8	2	1.69
2026-02-13	81	8	0.72
2026-02-13	82	7	0.65
2026-02-13	83	3.692	1.72
2026-02-13	84	8	1.16
2026-02-13	85	2	1.1
2026-02-13	87	4	1.04
2026-02-13	88	2.383	1.62
2026-02-13	89	38.19	0.58
2026-02-13	9	4	0.58
2026-02-13	91	28	0.53
2026-02-13	92	9.203	0.64
2026-02-13	93	31	1.46
2026-02-13	94	6.726	2.08
2026-02-13	95	6.359	1.84
2026-02-13	96	1.495	1.82
2026-02-13	98	1.488	1.68
2026-02-13	99	1.724	2.28
2026-02-16	101	10.032	2.19
2026-02-16	103	2.469	1.62
2026-02-16	105	3.452	1.24
2026-02-16	106	11.145	1.45
2026-02-16	107	5.331	1.42
2026-02-16	11	4.304	3.16
2026-02-16	111	5.086	1.28
2026-02-16	112	3.874	1.91
2026-02-16	114	19.603	2.19
2026-02-16	12	5.766	1.71
2026-02-16	121	57.398	0.93
2026-02-16	124	21.672	1.16
2026-02-16	125	6	1.74
2026-02-16	127	8	1.84
2026-02-16	130	7	1.39
2026-02-16	134	1.119	10.3
2026-02-16	135	0.756	9.6
2026-02-16	136	0.506	9.03
2026-02-16	137	0.806	13.1
2026-02-16	138	3.654	3.15
2026-02-16	139	0.538	10.35
2026-02-16	140	0.854	9.6
2026-02-16	141	0.293	8.74
2026-02-16	142	0.722	4.78
2026-02-16	144	0.699	3.82
2026-02-16	145	0.342	15.9
2026-02-16	146	1.762	10.6
2026-02-16	149	0.708	3.66
2026-02-16	158	3	1.75
2026-02-16	165	4.767	3.65
2026-02-16	166	9	1.84
2026-02-16	167	7	1.18
2026-02-16	178	1.144	2.43
2026-02-16	18	18.867	0.98
2026-02-16	185	5	1.44
2026-02-16	187	5.126	4.04
2026-02-16	189	6	2.31
2026-02-16	190	14	2.31
2026-02-16	193	10	1.46
2026-02-16	194	14.179	2.07
2026-02-16	195	16	1.09
2026-02-16	196	6	2.31
2026-02-16	197	10.64	1.72
2026-02-16	198	13.966	0.87
2026-02-16	199	5.568	1.62
2026-02-16	207	3	0.94
2026-02-16	208	6	0.66
2026-02-16	209	3	0.88
2026-02-16	211	5	0.85
2026-02-16	213	4	2.02
2026-02-16	214	2	1.95
2026-02-16	215	10	1.95
2026-02-16	216	2	2
2026-02-16	217	2	1.2
2026-02-16	218	10	1.02
2026-02-16	219	4	0.71
2026-02-16	226	3	0.98
2026-02-16	227	2	1.19
2026-02-16	23	6	0.94
2026-02-16	27	3	1.91
2026-02-16	28	10	2.08
2026-02-16	30	6	1.39
2026-02-16	31	0.83	4.4
2026-02-16	33	10.348	1.15
2026-02-16	38	11.576	1.39
2026-02-16	39	4.439	3.3
2026-02-16	4	9	0.76
2026-02-16	40	4	1.53
2026-02-16	41	10.442	1.38
2026-02-16	42	12.414	0.99
2026-02-16	43	19.392	1.3
2026-02-16	44	20.766	1.28
2026-02-16	48	3	1.53
2026-02-16	49	3	2.19
2026-02-16	50	2	2.19
2026-02-16	52	40.086	0.7
2026-02-16	53	2	1.85
2026-02-16	54	5	1.85
2026-02-16	55	7	2.1
2026-02-16	56	7	2.6
2026-02-16	57	3	0.98
2026-02-16	58	2.584	1.9
2026-02-16	61	3	1.39
2026-02-16	65	4	1.04
2026-02-16	66	5	1.16
2026-02-16	68	2	1.51
2026-02-16	69	12	0.91
2026-02-16	70	5	1.1
2026-02-16	71	3	1.53
2026-02-16	72	7	0.69
2026-02-16	73	4	1.1
2026-02-16	75	6	1.19
2026-02-16	76	29	0.57
2026-02-16	77	3	1.67
2026-02-16	78	14	0.79
2026-02-16	79	9	1.07
2026-02-16	8	2	1.69
2026-02-16	81	11	0.72
2026-02-16	82	10	0.65
2026-02-16	83	5.128	1.72
2026-02-16	84	11	1.16
2026-02-16	85	2	1.1
2026-02-16	87	6	1.04
2026-02-16	88	3.315	1.62
2026-02-16	89	53.052	0.58
2026-02-16	9	6	0.58
2026-02-16	91	38.887	0.53
2026-02-16	92	12.781	0.64
2026-02-16	93	43	1.46
2026-02-16	94	9.346	2.08
2026-02-16	95	8.832	1.84
2026-02-16	96	2.077	1.82
2026-02-16	97	7.508	1.28
2026-02-16	98	2.065	1.68
2026-02-16	99	2.395	2.28
2026-02-17	101	8.027	2.19
2026-02-17	103	1.975	1.62
2026-02-17	105	2.758	1.24
2026-02-17	106	8.91	1.45
2026-02-17	107	4.261	1.42
2026-02-17	11	3.443	3.16
2026-02-17	111	4.07	1.28
2026-02-17	112	3.099	1.91
2026-02-17	114	15.68	2.19
2026-02-17	12	4.614	1.71
2026-02-17	121	45.914	0.93
2026-02-17	124	17.336	1.16
2026-02-17	125	5	1.74
2026-02-17	127	6	1.84
2026-02-17	130	5	1.39
2026-02-17	134	0.895	10.3
2026-02-17	135	0.605	9.6
2026-02-17	136	0.405	9.03
2026-02-17	137	0.645	13.1
2026-02-17	138	2.924	3.15
2026-02-17	139	0.43	10.35
2026-02-17	140	0.683	9.6
2026-02-17	141	0.235	8.74
2026-02-17	142	0.577	4.78
2026-02-17	144	0.558	3.82
2026-02-17	145	0.274	15.9
2026-02-17	146	1.409	10.6
2026-02-17	149	0.566	3.66
2026-02-17	158	2	1.75
2026-02-17	165	3.814	3.65
2026-02-17	166	7	1.84
2026-02-17	167	6	1.18
2026-02-17	178	0.914	2.43
2026-02-17	18	15.092	0.98
2026-02-17	185	4	1.44
2026-02-17	187	4.101	4.04
2026-02-17	189	5	2.31
2026-02-17	190	11	2.31
2026-02-17	193	8	1.46
2026-02-17	194	11.343	2.07
2026-02-17	195	12	1.09
2026-02-17	196	5	2.31
2026-02-17	197	8.512	1.72
2026-02-17	198	11.172	0.87
2026-02-17	199	4.451	1.62
2026-02-17	207	2	0.94
2026-02-17	208	5	0.66
2026-02-17	209	3	0.88
2026-02-17	211	4	0.85
2026-02-17	213	3	2.02
2026-02-17	214	2	1.95
2026-02-17	216	1	2
2026-02-17	218	8	1.02
2026-02-17	219	3	0.71
2026-02-17	222	10	1.9
2026-02-17	226	3	0.98
2026-02-17	227	2	1.19
2026-02-17	23	4	0.94
2026-02-17	27	2	1.91
2026-02-17	28	8	2.08
2026-02-17	3	17	1.08
2026-02-17	30	5	1.39
2026-02-17	31	0.664	4.4
2026-02-17	33	8.278	1.15
2026-02-17	38	9.259	1.39
2026-02-17	39	3.552	3.3
2026-02-17	4	7	0.76
2026-02-17	40	3	1.53
2026-02-17	41	8.355	1.38
2026-02-17	42	9.929	0.99
2026-02-17	43	15.515	1.3
2026-02-17	44	16.609	1.28
2026-02-17	48	2	1.53
2026-02-17	49	2	2.19
2026-02-17	50	1	2.19
2026-02-17	52	32.057	0.7
2026-02-17	53	2	1.85
2026-02-17	54	4	1.85
2026-02-17	55	5	2.1
2026-02-17	56	5	2.6
2026-02-17	57	3	0.98
2026-02-17	58	2.068	1.9
2026-02-17	61	2	1.39
2026-02-17	65	3	1.04
2026-02-17	66	4	1.16
2026-02-17	68	2	1.51
2026-02-17	69	9	0.91
2026-02-17	70	4	1.1
2026-02-17	71	2	1.53
2026-02-17	72	6	0.69
2026-02-17	73	3	1.1
2026-02-17	75	5	1.19
2026-02-17	76	23	0.57
2026-02-17	77	3	1.67
2026-02-17	78	11	0.79
2026-02-17	79	7	1.07
2026-02-17	8	2	1.69
2026-02-17	81	9	0.72
2026-02-17	82	8	0.65
2026-02-17	83	4.105	1.72
2026-02-17	84	9	1.16
2026-02-17	85	2	1.1
2026-02-17	87	5	1.04
2026-02-17	88	2.648	1.62
2026-02-17	89	42.448	0.58
2026-02-17	9	5	0.58
2026-02-17	91	31.113	0.53
2026-02-17	92	10.219	0.64
2026-02-17	93	35	1.46
2026-02-17	94	7.476	2.08
2026-02-17	95	7.065	1.84
2026-02-17	96	1.665	1.82
2026-02-17	98	1.655	1.68
2026-02-17	99	1.917	2.28
2026-02-18	101	7.626	2.19
2026-02-18	103	1.877	1.62
2026-02-18	105	2.621	1.24
2026-02-18	106	8.469	1.45
2026-02-18	107	4.049	1.42
2026-02-18	11	3.269	3.16
2026-02-18	111	3.867	1.28
2026-02-18	112	2.942	1.91
2026-02-18	114	14.895	2.19
2026-02-18	12	4.386	1.71
2026-02-18	121	43.624	0.93
2026-02-18	124	16.474	1.16
2026-02-18	125	5	1.74
2026-02-18	127	6	1.84
2026-02-18	128	11	1.67
2026-02-18	130	5	1.39
2026-02-18	134	0.85	10.3
2026-02-18	135	0.575	9.6
2026-02-18	136	0.384	9.03
2026-02-18	137	0.613	13.1
2026-02-18	138	2.778	3.15
2026-02-18	139	0.409	10.35
2026-02-18	140	0.649	9.6
2026-02-18	141	0.223	8.74
2026-02-18	142	0.548	4.78
2026-02-18	144	0.531	3.82
2026-02-18	145	0.26	15.9
2026-02-18	146	1.34	10.6
2026-02-18	149	0.538	3.66
2026-02-18	158	2	1.75
2026-02-18	165	3.622	3.65
2026-02-18	166	7	1.84
2026-02-18	167	5	1.18
2026-02-18	178	0.868	2.43
2026-02-18	18	14.337	0.98
2026-02-18	185	4	1.44
2026-02-18	187	3.896	4.04
2026-02-18	189	5	2.31
2026-02-18	190	11	2.31
2026-02-18	193	7	1.46
2026-02-18	194	10.778	2.07
2026-02-18	195	12	1.09
2026-02-18	196	5	2.31
2026-02-18	197	8.087	1.72
2026-02-18	198	10.609	0.87
2026-02-18	199	4.228	1.62
2026-02-18	200	2	1.68
2026-02-18	204	5	2.08
2026-02-18	207	2	0.94
2026-02-18	208	4	0.66
2026-02-18	209	3	0.88
2026-02-18	211	4	0.85
2026-02-18	213	3	2.02
2026-02-18	214	2	1.95
2026-02-18	216	1	2
2026-02-18	218	7	1.02
2026-02-18	219	3	0.71
2026-02-18	224	16	0.72
2026-02-18	226	3	0.98
2026-02-18	227	2	1.19
2026-02-18	23	4	0.94
2026-02-18	231	5	0.98
2026-02-18	236	9	2.05
2026-02-18	27	2	1.91
2026-02-18	28	8	2.08
2026-02-18	30	5	1.39
2026-02-18	31	0.63	4.4
2026-02-18	33	7.87	1.15
2026-02-18	38	8.799	1.39
2026-02-18	39	3.373	3.3
2026-02-18	4	7	0.76
2026-02-18	40	3	1.53
2026-02-18	41	7.935	1.38
2026-02-18	42	9.434	0.99
2026-02-18	43	14.738	1.3
2026-02-18	44	15.781	1.28
2026-02-18	48	2	1.53
2026-02-18	49	2	2.19
2026-02-18	50	1	2.19
2026-02-18	52	30.457	0.7
2026-02-18	53	2	1.85
2026-02-18	54	4	1.85
2026-02-18	55	5	2.1
2026-02-18	56	5	2.6
2026-02-18	57	2	0.98
2026-02-18	58	1.963	1.9
2026-02-18	61	2	1.39
2026-02-18	65	3	1.04
2026-02-18	66	4	1.16
2026-02-18	68	1	1.51
2026-02-18	69	9	0.91
2026-02-18	70	4	1.1
2026-02-18	71	2	1.53
2026-02-18	72	6	0.69
2026-02-18	73	3	1.1
2026-02-18	75	5	1.19
2026-02-18	76	22	0.57
2026-02-18	77	3	1.67
2026-02-18	78	11	0.79
2026-02-18	79	7	1.07
2026-02-18	8	2	1.69
2026-02-18	81	8	0.72
2026-02-18	82	8	0.65
2026-02-18	83	3.895	1.72
2026-02-18	84	8	1.16
2026-02-18	85	2	1.1
2026-02-18	87	4	1.04
2026-02-18	88	2.519	1.62
2026-02-18	89	40.31	0.58
2026-02-18	9	4	0.58
2026-02-18	91	29.547	0.53
2026-02-18	92	9.719	0.64
2026-02-18	93	33	1.46
2026-02-18	94	7.101	2.08
2026-02-18	95	6.712	1.84
2026-02-18	96	1.577	1.82
2026-02-18	98	1.571	1.68
2026-02-18	99	1.82	2.28
2026-02-19	101	7.224	2.19
2026-02-19	103	1.778	1.62
2026-02-19	105	2.484	1.24
2026-02-19	106	8.021	1.45
2026-02-19	107	3.838	1.42
2026-02-19	11	3.098	3.16
2026-02-19	111	3.664	1.28
2026-02-19	112	2.785	1.91
2026-02-19	114	14.114	2.19
2026-02-19	12	4.152	1.71
2026-02-19	121	41.323	0.93
2026-02-19	124	15.603	1.16
2026-02-19	125	4	1.74
2026-02-19	127	5	1.84
2026-02-19	130	5	1.39
2026-02-19	133	8	1.1
2026-02-19	134	0.806	10.3
2026-02-19	135	0.545	9.6
2026-02-19	136	0.364	9.03
2026-02-19	137	0.58	13.1
2026-02-19	138	2.632	3.15
2026-02-19	139	0.387	10.35
2026-02-19	140	0.615	9.6
2026-02-19	141	0.212	8.74
2026-02-19	142	0.519	4.78
2026-02-19	144	0.503	3.82
2026-02-19	145	0.247	15.9
2026-02-19	146	1.269	10.6
2026-02-19	149	0.511	3.66
2026-02-19	152	9	1.26
2026-02-19	158	2	1.75
2026-02-19	165	3.43	3.65
2026-02-19	166	6	1.84
2026-02-19	167	5	1.18
2026-02-19	178	0.823	2.43
2026-02-19	18	13.582	0.98
2026-02-19	185	3	1.44
2026-02-19	186	7	1.66
2026-02-19	187	3.691	4.04
2026-02-19	189	4	2.31
2026-02-19	190	10	2.31
2026-02-19	193	7	1.46
2026-02-19	194	10.208	2.07
2026-02-19	195	11	1.09
2026-02-19	196	4	2.31
2026-02-19	197	7.663	1.72
2026-02-19	198	10.057	0.87
2026-02-19	199	4.006	1.62
2026-02-19	205	4	2.47
2026-02-19	207	2	0.94
2026-02-19	208	4	0.66
2026-02-19	209	2	0.88
2026-02-19	211	3	0.85
2026-02-19	213	3	2.02
2026-02-19	214	2	1.95
2026-02-19	216	1	2
2026-02-19	218	7	1.02
2026-02-19	219	3	0.71
2026-02-19	226	2	0.98
2026-02-19	227	2	1.19
2026-02-19	23	4	0.94
2026-02-19	27	2	1.91
2026-02-19	28	7	2.08
2026-02-19	30	5	1.39
2026-02-19	31	0.595	4.4
2026-02-19	33	7.452	1.15
2026-02-19	38	8.338	1.39
2026-02-19	39	3.197	3.3
2026-02-19	4	7	0.76
2026-02-19	40	3	1.53
2026-02-19	41	7.522	1.38
2026-02-19	42	8.939	0.99
2026-02-19	43	13.962	1.3
2026-02-19	44	14.945	1.28
2026-02-19	48	2	1.53
2026-02-19	49	2	2.19
2026-02-19	50	1	2.19
2026-02-19	52	28.857	0.7
2026-02-19	53	2	1.85
2026-02-19	54	3	1.85
2026-02-19	55	5	2.1
2026-02-19	56	5	2.6
2026-02-19	57	2	0.98
2026-02-19	58	1.858	1.9
2026-02-19	61	2	1.39
2026-02-19	65	3	1.04
2026-02-19	66	4	1.16
2026-02-19	68	1	1.51
2026-02-19	69	8	0.91
2026-02-19	70	4	1.1
2026-02-19	71	2	1.53
2026-02-19	72	5	0.69
2026-02-19	73	3	1.1
2026-02-19	75	5	1.19
2026-02-19	76	21	0.57
2026-02-19	77	2	1.67
2026-02-19	78	10	0.79
2026-02-19	79	6	1.07
2026-02-19	8	2	1.69
2026-02-19	81	8	0.72
2026-02-19	82	7	0.65
2026-02-19	83	3.692	1.72
2026-02-19	84	8	1.16
2026-02-19	85	2	1.1
2026-02-19	87	4	1.04
2026-02-19	88	2.383	1.62
2026-02-19	89	38.19	0.58
2026-02-19	9	4	0.58
2026-02-19	91	28	0.53
2026-02-19	92	9.203	0.64
2026-02-19	93	31	1.46
2026-02-19	94	6.726	2.08
2026-02-19	95	6.359	1.84
2026-02-19	96	1.495	1.82
2026-02-19	98	1.488	1.68
2026-02-19	99	1.724	2.28
2026-02-20	101	7.224	2.19
2026-02-20	103	1.778	1.62
2026-02-20	105	2.484	1.24
2026-02-20	106	8.021	1.45
2026-02-20	107	3.838	1.42
2026-02-20	11	3.098	3.16
2026-02-20	111	3.664	1.28
2026-02-20	112	2.785	1.91
2026-02-20	114	14.114	2.19
2026-02-20	12	4.152	1.71
2026-02-20	121	41.323	0.93
2026-02-20	124	15.603	1.16
2026-02-20	125	4	1.74
2026-02-20	127	5	1.84
2026-02-20	130	5	1.39
2026-02-20	134	0.806	10.3
2026-02-20	135	0.545	9.6
2026-02-20	136	0.364	9.03
2026-02-20	137	0.58	13.1
2026-02-20	138	2.632	3.15
2026-02-20	139	0.387	10.35
2026-02-20	140	0.615	9.6
2026-02-20	141	0.212	8.74
2026-02-20	142	0.519	4.78
2026-02-20	144	0.503	3.82
2026-02-20	145	0.247	15.9
2026-02-20	146	1.269	10.6
2026-02-20	149	0.511	3.66
2026-02-20	155	22	0.57
2026-02-20	158	2	1.75
2026-02-20	165	3.43	3.65
2026-02-20	166	6	1.84
2026-02-20	167	5	1.18
2026-02-20	178	0.823	2.43
2026-02-20	18	13.582	0.98
2026-02-20	185	3	1.44
2026-02-20	187	3.691	4.04
2026-02-20	189	4	2.31
2026-02-20	190	10	2.31
2026-02-20	193	7	1.46
2026-02-20	194	10.208	2.07
2026-02-20	195	11	1.09
2026-02-20	196	4	2.31
2026-02-20	197	7.663	1.72
2026-02-20	198	10.057	0.87
2026-02-20	199	4.006	1.62
2026-02-20	201	12.177	1.3
2026-02-20	207	2	0.94
2026-02-20	208	4	0.66
2026-02-20	209	2	0.88
2026-02-20	211	3	0.85
2026-02-20	213	3	2.02
2026-02-20	214	2	1.95
2026-02-20	216	1	2
2026-02-20	218	7	1.02
2026-02-20	219	3	0.71
2026-02-20	226	2	0.98
2026-02-20	227	2	1.19
2026-02-20	23	4	0.94
2026-02-20	27	2	1.91
2026-02-20	28	7	2.08
2026-02-20	30	5	1.39
2026-02-20	31	0.595	4.4
2026-02-20	33	7.452	1.15
2026-02-20	38	8.338	1.39
2026-02-20	39	3.197	3.3
2026-02-20	4	7	0.76
2026-02-20	40	3	1.53
2026-02-20	41	7.522	1.38
2026-02-20	42	8.939	0.99
2026-02-20	43	13.962	1.3
2026-02-20	44	14.945	1.28
2026-02-20	48	2	1.53
2026-02-20	49	2	2.19
2026-02-20	50	1	2.19
2026-02-20	52	28.857	0.7
2026-02-20	53	2	1.85
2026-02-20	54	3	1.85
2026-02-20	55	5	2.1
2026-02-20	56	5	2.6
2026-02-20	57	2	0.98
2026-02-20	58	1.858	1.9
2026-02-20	61	2	1.39
2026-02-20	65	3	1.04
2026-02-20	66	4	1.16
2026-02-20	68	1	1.51
2026-02-20	69	8	0.91
2026-02-20	70	4	1.1
2026-02-20	71	2	1.53
2026-02-20	72	5	0.69
2026-02-20	73	3	1.1
2026-02-20	75	5	1.19
2026-02-20	76	21	0.57
2026-02-20	77	2	1.67
2026-02-20	78	10	0.79
2026-02-20	79	6	1.07
2026-02-20	8	2	1.69
2026-02-20	81	8	0.72
2026-02-20	82	7	0.65
2026-02-20	83	3.692	1.72
2026-02-20	84	8	1.16
2026-02-20	85	2	1.1
2026-02-20	87	4	1.04
2026-02-20	88	2.383	1.62
2026-02-20	89	38.19	0.58
2026-02-20	9	4	0.58
2026-02-20	91	28	0.53
2026-02-20	92	9.203	0.64
2026-02-20	93	31	1.46
2026-02-20	94	6.726	2.08
2026-02-20	95	6.359	1.84
2026-02-20	96	1.495	1.82
2026-02-20	98	1.488	1.68
2026-02-20	99	1.724	2.28
2026-02-23	1	12	1.09
2026-02-23	101	10.032	2.19
2026-02-23	103	2.469	1.62
2026-02-23	105	3.452	1.24
2026-02-23	106	11.145	1.45
2026-02-23	107	5.331	1.42
2026-02-23	11	4.304	3.16
2026-02-23	111	5.086	1.28
2026-02-23	112	3.874	1.91
2026-02-23	114	19.603	2.19
2026-02-23	12	5.766	1.71
2026-02-23	121	57.398	0.93
2026-02-23	124	21.672	1.16
2026-02-23	125	6	1.74
2026-02-23	127	8	1.84
2026-02-23	130	7	1.39
2026-02-23	134	1.119	10.3
2026-02-23	135	0.756	9.6
2026-02-23	136	0.506	9.03
2026-02-23	137	0.806	13.1
2026-02-23	138	3.654	3.15
2026-02-23	139	0.538	10.35
2026-02-23	14	0.449	0.69
2026-02-23	140	0.854	9.6
2026-02-23	141	0.293	8.74
2026-02-23	142	0.722	4.78
2026-02-23	144	0.699	3.82
2026-02-23	145	0.342	15.9
2026-02-23	146	1.762	10.6
2026-02-23	149	0.708	3.66
2026-02-23	152	9	1.26
2026-02-23	158	3	1.75
2026-02-23	16	22.195	0.87
2026-02-23	165	4.767	3.65
2026-02-23	166	9	1.84
2026-02-23	167	7	1.18
2026-02-23	178	1.144	2.43
2026-02-23	18	18.867	0.98
2026-02-23	185	5	1.44
2026-02-23	187	5.126	4.04
2026-02-23	189	6	2.31
2026-02-23	190	14	2.31
2026-02-23	193	10	1.46
2026-02-23	194	14.179	2.07
2026-02-23	195	16	1.09
2026-02-23	196	6	2.31
2026-02-23	197	10.64	1.72
2026-02-23	198	13.966	0.87
2026-02-23	199	5.568	1.62
2026-02-23	202	5	2.14
2026-02-23	207	3	0.94
2026-02-23	208	6	0.66
2026-02-23	209	3	0.88
2026-02-23	211	5	0.85
2026-02-23	213	4	2.02
2026-02-23	214	2	1.95
2026-02-23	216	2	2
2026-02-23	218	10	1.02
2026-02-23	219	4	0.71
2026-02-23	223	1	1.5
2026-02-23	226	3	0.98
2026-02-23	227	2	1.19
2026-02-23	23	6	0.94
2026-02-23	27	3	1.91
2026-02-23	28	10	2.08
2026-02-23	30	6	1.39
2026-02-23	31	0.83	4.4
2026-02-23	33	10.348	1.15
2026-02-23	38	11.576	1.39
2026-02-23	39	4.439	3.3
2026-02-23	4	9	0.76
2026-02-23	40	4	1.53
2026-02-23	41	10.442	1.38
2026-02-23	42	12.414	0.99
2026-02-23	43	19.392	1.3
2026-02-23	44	20.766	1.28
2026-02-23	48	3	1.53
2026-02-23	49	3	2.19
2026-02-23	50	2	2.19
2026-02-23	52	40.086	0.7
2026-02-23	53	2	1.85
2026-02-23	54	5	1.85
2026-02-23	55	7	2.1
2026-02-23	56	7	2.6
2026-02-23	57	3	0.98
2026-02-23	58	2.584	1.9
2026-02-23	61	3	1.39
2026-02-23	65	4	1.04
2026-02-23	66	5	1.16
2026-02-23	68	2	1.51
2026-02-23	69	12	0.91
2026-02-23	70	5	1.1
2026-02-23	71	3	1.53
2026-02-23	72	7	0.69
2026-02-23	73	4	1.1
2026-02-23	75	6	1.19
2026-02-23	76	29	0.57
2026-02-23	77	3	1.67
2026-02-23	78	14	0.79
2026-02-23	79	9	1.07
2026-02-23	8	2	1.69
2026-02-23	81	11	0.72
2026-02-23	82	10	0.65
2026-02-23	83	5.128	1.72
2026-02-23	84	11	1.16
2026-02-23	85	2	1.1
2026-02-23	87	6	1.04
2026-02-23	88	3.315	1.62
2026-02-23	89	53.052	0.58
2026-02-23	9	6	0.58
2026-02-23	91	38.887	0.53
2026-02-23	92	12.781	0.64
2026-02-23	93	43	1.46
2026-02-23	94	9.346	2.08
2026-02-23	95	8.832	1.84
2026-02-23	96	2.077	1.82
2026-02-23	98	2.065	1.68
2026-02-23	99	2.395	2.28
2026-02-24	101	8.027	2.19
2026-02-24	103	1.975	1.62
2026-02-24	105	2.758	1.24
2026-02-24	106	8.91	1.45
2026-02-24	107	4.261	1.42
2026-02-24	11	3.443	3.16
2026-02-24	111	4.07	1.28
2026-02-24	112	3.099	1.91
2026-02-24	114	15.68	2.19
2026-02-24	12	4.614	1.71
2026-02-24	121	45.914	0.93
2026-02-24	122	1.823	2.2
2026-02-24	124	17.336	1.16
2026-02-24	125	5	1.74
2026-02-24	127	6	1.84
2026-02-24	130	5	1.39
2026-02-24	134	0.895	10.3
2026-02-24	135	0.605	9.6
2026-02-24	136	0.405	9.03
2026-02-24	137	0.645	13.1
2026-02-24	138	2.924	3.15
2026-02-24	139	0.43	10.35
2026-02-24	140	0.683	9.6
2026-02-24	141	0.235	8.74
2026-02-24	142	0.577	4.78
2026-02-24	143	6	2.13
2026-02-24	144	0.558	3.82
2026-02-24	145	0.274	15.9
2026-02-24	146	1.409	10.6
2026-02-24	149	0.566	3.66
2026-02-24	158	2	1.75
2026-02-24	165	3.814	3.65
2026-02-24	166	7	1.84
2026-02-24	167	6	1.18
2026-02-24	170	4	0.93
2026-02-24	178	0.914	2.43
2026-02-24	18	15.092	0.98
2026-02-24	185	4	1.44
2026-02-24	187	4.101	4.04
2026-02-24	189	5	2.31
2026-02-24	190	11	2.31
2026-02-24	193	8	1.46
2026-02-24	194	11.343	2.07
2026-02-24	195	12	1.09
2026-02-24	196	5	2.31
2026-02-24	197	8.512	1.72
2026-02-24	198	11.172	0.87
2026-02-24	199	4.451	1.62
2026-02-24	207	2	0.94
2026-02-24	208	5	0.66
2026-02-24	209	3	0.88
2026-02-24	211	4	0.85
2026-02-24	213	3	2.02
2026-02-24	214	2	1.95
2026-02-24	215	10	1.95
2026-02-24	216	1	2
2026-02-24	218	8	1.02
2026-02-24	219	3	0.71
2026-02-24	224	16	0.72
2026-02-24	225	10	1.18
2026-02-24	226	3	0.98
2026-02-24	227	2	1.19
2026-02-24	23	4	0.94
2026-02-24	27	2	1.91
2026-02-24	28	8	2.08
2026-02-24	30	5	1.39
2026-02-24	31	0.664	4.4
2026-02-24	33	8.278	1.15
2026-02-24	38	9.259	1.39
2026-02-24	39	3.552	3.3
2026-02-24	4	7	0.76
2026-02-24	40	3	1.53
2026-02-24	41	8.355	1.38
2026-02-24	42	9.929	0.99
2026-02-24	43	15.515	1.3
2026-02-24	44	16.609	1.28
2026-02-24	48	2	1.53
2026-02-24	49	2	2.19
2026-02-24	50	1	2.19
2026-02-24	52	32.057	0.7
2026-02-24	53	2	1.85
2026-02-24	54	4	1.85
2026-02-24	55	5	2.1
2026-02-24	56	5	2.6
2026-02-24	57	3	0.98
2026-02-24	58	2.068	1.9
2026-02-24	60	6	2.02
2026-02-24	61	2	1.39
2026-02-24	65	3	1.04
2026-02-24	66	4	1.16
2026-02-24	68	2	1.51
2026-02-24	69	9	0.91
2026-02-24	70	4	1.1
2026-02-24	71	2	1.53
2026-02-24	72	6	0.69
2026-02-24	73	3	1.1
2026-02-24	75	5	1.19
2026-02-24	76	23	0.57
2026-02-24	77	3	1.67
2026-02-24	78	11	0.79
2026-02-24	79	7	1.07
2026-02-24	8	2	1.69
2026-02-24	81	9	0.72
2026-02-24	82	8	0.65
2026-02-24	83	4.105	1.72
2026-02-24	84	9	1.16
2026-02-24	85	2	1.1
2026-02-24	87	5	1.04
2026-02-24	88	2.648	1.62
2026-02-24	89	42.448	0.58
2026-02-24	9	5	0.58
2026-02-24	91	31.113	0.53
2026-02-24	92	10.219	0.64
2026-02-24	93	35	1.46
2026-02-24	94	7.476	2.08
2026-02-24	95	7.065	1.84
2026-02-24	96	1.665	1.82
2026-02-24	98	1.655	1.68
2026-02-24	99	1.917	2.28
2026-02-25	101	7.626	2.19
2026-02-25	103	1.877	1.62
2026-02-25	105	2.621	1.24
2026-02-25	106	8.469	1.45
2026-02-25	107	4.049	1.42
2026-02-25	11	3.269	3.16
2026-02-25	111	3.867	1.28
2026-02-25	112	2.942	1.91
2026-02-25	114	14.895	2.19
2026-02-25	12	4.386	1.71
2026-02-25	121	43.624	0.93
2026-02-25	124	16.474	1.16
2026-02-25	125	5	1.74
2026-02-25	127	6	1.84
2026-02-25	130	5	1.39
2026-02-25	134	0.85	10.3
2026-02-25	135	0.575	9.6
2026-02-25	136	0.384	9.03
2026-02-25	137	0.613	13.1
2026-02-25	138	2.778	3.15
2026-02-25	139	0.409	10.35
2026-02-25	140	0.649	9.6
2026-02-25	141	0.223	8.74
2026-02-25	142	0.548	4.78
2026-02-25	144	0.531	3.82
2026-02-25	145	0.26	15.9
2026-02-25	146	1.34	10.6
2026-02-25	149	0.538	3.66
2026-02-25	153	13	1.54
2026-02-25	158	2	1.75
2026-02-25	165	3.622	3.65
2026-02-25	166	7	1.84
2026-02-25	167	5	1.18
2026-02-25	178	0.868	2.43
2026-02-25	18	14.337	0.98
2026-02-25	185	4	1.44
2026-02-25	187	3.896	4.04
2026-02-25	189	5	2.31
2026-02-25	190	11	2.31
2026-02-25	193	7	1.46
2026-02-25	194	10.778	2.07
2026-02-25	195	12	1.09
2026-02-25	196	5	2.31
2026-02-25	197	8.087	1.72
2026-02-25	198	10.609	0.87
2026-02-25	199	4.228	1.62
2026-02-25	203	5	1.99
2026-02-25	207	2	0.94
2026-02-25	208	4	0.66
2026-02-25	209	3	0.88
2026-02-25	211	4	0.85
2026-02-25	213	3	2.02
2026-02-25	214	2	1.95
2026-02-25	216	1	2
2026-02-25	218	7	1.02
2026-02-25	219	3	0.71
2026-02-25	226	3	0.98
2026-02-25	227	2	1.19
2026-02-25	229	1	1.35
2026-02-25	23	4	0.94
2026-02-25	24	18.885	0.87
2026-02-25	27	2	1.91
2026-02-25	28	8	2.08
2026-02-25	30	5	1.39
2026-02-25	31	0.63	4.4
2026-02-25	33	7.87	1.15
2026-02-25	38	8.799	1.39
2026-02-25	39	3.373	3.3
2026-02-25	4	7	0.76
2026-02-25	40	3	1.53
2026-02-25	41	7.935	1.38
2026-02-25	42	9.434	0.99
2026-02-25	43	14.738	1.3
2026-02-25	44	15.781	1.28
2026-02-25	46	5.023	2.19
2026-02-25	48	2	1.53
2026-02-25	49	2	2.19
2026-02-25	50	1	2.19
2026-02-25	52	30.457	0.7
2026-02-25	53	2	1.85
2026-02-25	54	4	1.85
2026-02-25	55	5	2.1
2026-02-25	56	5	2.6
2026-02-25	57	2	0.98
2026-02-25	58	1.963	1.9
2026-02-25	61	2	1.39
2026-02-25	65	3	1.04
2026-02-25	66	4	1.16
2026-02-25	68	1	1.51
2026-02-25	69	9	0.91
2026-02-25	70	4	1.1
2026-02-25	71	2	1.53
2026-02-25	72	6	0.69
2026-02-25	73	3	1.1
2026-02-25	75	5	1.19
2026-02-25	76	22	0.57
2026-02-25	77	3	1.67
2026-02-25	78	11	0.79
2026-02-25	79	7	1.07
2026-02-25	8	2	1.69
2026-02-25	81	8	0.72
2026-02-25	82	8	0.65
2026-02-25	83	3.895	1.72
2026-02-25	84	8	1.16
2026-02-25	85	2	1.1
2026-02-25	87	4	1.04
2026-02-25	88	2.519	1.62
2026-02-25	89	40.31	0.58
2026-02-25	9	4	0.58
2026-02-25	91	29.547	0.53
2026-02-25	92	9.719	0.64
2026-02-25	93	33	1.46
2026-02-25	94	7.101	2.08
2026-02-25	95	6.712	1.84
2026-02-25	96	1.577	1.82
2026-02-25	98	1.571	1.68
2026-02-25	99	1.82	2.28
2026-02-26	101	7.224	2.19
2026-02-26	103	1.778	1.62
2026-02-26	105	2.484	1.24
2026-02-26	106	8.021	1.45
2026-02-26	107	3.838	1.42
2026-02-26	11	3.098	3.16
2026-02-26	111	3.664	1.28
2026-02-26	112	2.785	1.91
2026-02-26	114	14.114	2.19
2026-02-26	12	4.152	1.71
2026-02-26	121	41.323	0.93
2026-02-26	124	15.603	1.16
2026-02-26	125	4	1.74
2026-02-26	127	5	1.84
2026-02-26	128	11	1.67
2026-02-26	130	5	1.39
2026-02-26	134	0.806	10.3
2026-02-26	135	0.545	9.6
2026-02-26	136	0.364	9.03
2026-02-26	137	0.58	13.1
2026-02-26	138	2.632	3.15
2026-02-26	139	0.387	10.35
2026-02-26	140	0.615	9.6
2026-02-26	141	0.212	8.74
2026-02-26	142	0.519	4.78
2026-02-26	144	0.503	3.82
2026-02-26	145	0.247	15.9
2026-02-26	146	1.269	10.6
2026-02-26	149	0.511	3.66
2026-02-26	158	2	1.75
2026-02-26	159	4	1.31
2026-02-26	165	3.43	3.65
2026-02-26	166	6	1.84
2026-02-26	167	5	1.18
2026-02-26	178	0.823	2.43
2026-02-26	18	13.582	0.98
2026-02-26	185	3	1.44
2026-02-26	187	3.691	4.04
2026-02-26	189	4	2.31
2026-02-26	190	10	2.31
2026-02-26	193	7	1.46
2026-02-26	194	10.208	2.07
2026-02-26	195	11	1.09
2026-02-26	196	4	2.31
2026-02-26	197	7.663	1.72
2026-02-26	198	10.057	0.87
2026-02-26	199	4.006	1.62
2026-02-26	207	2	0.94
2026-02-26	208	4	0.66
2026-02-26	209	2	0.88
2026-02-26	211	3	0.85
2026-02-26	213	3	2.02
2026-02-26	214	2	1.95
2026-02-26	216	1	2
2026-02-26	218	7	1.02
2026-02-26	219	3	0.71
2026-02-26	226	2	0.98
2026-02-26	227	2	1.19
2026-02-26	23	4	0.94
2026-02-26	27	2	1.91
2026-02-26	28	7	2.08
2026-02-26	30	5	1.39
2026-02-26	31	0.595	4.4
2026-02-26	33	7.452	1.15
2026-02-26	38	8.338	1.39
2026-02-26	39	3.197	3.3
2026-02-26	4	7	0.76
2026-02-26	40	3	1.53
2026-02-26	41	7.522	1.38
2026-02-26	42	8.939	0.99
2026-02-26	43	13.962	1.3
2026-02-26	44	14.945	1.28
2026-02-26	46	5.027	2.19
2026-02-26	48	2	1.53
2026-02-26	49	2	2.19
2026-02-26	50	1	2.19
2026-02-26	51	0.11	1.46
2026-02-26	52	28.857	0.7
2026-02-26	53	2	1.85
2026-02-26	54	3	1.85
2026-02-26	55	5	2.1
2026-02-26	56	5	2.6
2026-02-26	57	2	0.98
2026-02-26	58	1.858	1.9
2026-02-26	61	2	1.39
2026-02-26	62	9	1.35
2026-02-26	65	3	1.04
2026-02-26	66	4	1.16
2026-02-26	68	1	1.51
2026-02-26	69	8	0.91
2026-02-26	70	4	1.1
2026-02-26	71	2	1.53
2026-02-26	72	5	0.69
2026-02-26	73	3	1.1
2026-02-26	75	5	1.19
2026-02-26	76	21	0.57
2026-02-26	77	2	1.67
2026-02-26	78	10	0.79
2026-02-26	79	6	1.07
2026-02-26	8	2	1.69
2026-02-26	81	8	0.72
2026-02-26	82	7	0.65
2026-02-26	83	3.692	1.72
2026-02-26	84	8	1.16
2026-02-26	85	2	1.1
2026-02-26	87	4	1.04
2026-02-26	88	2.383	1.62
2026-02-26	89	38.19	0.58
2026-02-26	9	4	0.58
2026-02-26	91	28	0.53
2026-02-26	92	9.203	0.64
2026-02-26	93	31	1.46
2026-02-26	94	6.726	2.08
2026-02-26	95	6.359	1.84
2026-02-26	96	1.495	1.82
2026-02-26	98	1.488	1.68
2026-02-26	99	1.724	2.28
2026-02-27	101	7.215	2.19
2026-02-27	103	1.735	1.62
2026-02-27	105	2.476	1.24
2026-02-27	106	8.021	1.45
2026-02-27	107	3.81	1.42
2026-02-27	11	3.085	3.16
2026-02-27	111	3.609	1.28
2026-02-27	112	2.785	1.91
2026-02-27	114	14.1	2.19
2026-02-27	12	4.158	1.71
2026-02-27	121	41.376	0.93
2026-02-27	124	15.603	1.16
2026-02-27	125	4	1.74
2026-02-27	127	5	1.84
2026-02-27	130	5	1.39
2026-02-27	132	2	0.91
2026-02-27	134	0.802	10.3
2026-02-27	135	0.538	9.6
2026-02-27	136	0.367	9.03
2026-02-27	137	0.582	13.1
2026-02-27	138	2.641	3.15
2026-02-27	139	0.384	10.35
2026-02-27	140	0.613	9.6
2026-02-27	141	0.207	8.74
2026-02-27	142	0.523	4.78
2026-02-27	144	0.505	3.82
2026-02-27	145	0.245	15.9
2026-02-27	146	1.266	10.6
2026-02-27	148	3.093	4.5
2026-02-27	149	0.503	3.66
2026-02-27	158	2	1.75
2026-02-27	165	3.43	3.65
2026-02-27	166	6	1.84
2026-02-27	167	5	1.18
2026-02-27	178	0.831	2.43
2026-02-27	18	13.622	0.98
2026-02-27	185	3	1.44
2026-02-27	187	3.683	4.04
2026-02-27	189	4	2.31
2026-02-27	190	10	2.31
2026-02-27	193	7	1.46
2026-02-27	194	10.198	2.07
2026-02-27	195	11	1.09
2026-02-27	196	4	2.31
2026-02-27	197	7.64	1.72
2026-02-27	198	10	0.87
2026-02-27	199	4.012	1.62
2026-02-27	207	2	0.94
2026-02-27	208	4	0.66
2026-02-27	209	2	0.88
2026-02-27	211	3	0.85
2026-02-27	213	3	2.02
2026-02-27	214	2	1.95
2026-02-27	216	1	2
2026-02-27	218	7	1.02
2026-02-27	219	3	0.71
2026-02-27	226	2	0.98
2026-02-27	227	2	1.19
2026-02-27	23	4	0.94
2026-02-27	27	2	1.91
2026-02-27	28	7	2.08
2026-02-27	30	5	1.39
2026-02-27	31	0.598	4.4
2026-02-27	33	7.452	1.15
2026-02-27	38	8.324	1.39
2026-02-27	39	3.203	3.3
2026-02-27	4	7	0.76
2026-02-27	40	3	1.53
2026-02-27	41	7.493	1.38
2026-02-27	42	8.929	0.99
2026-02-27	43	14.015	1.3
2026-02-27	44	14.953	1.28
2026-02-27	47	8.973	2.19
2026-02-27	48	2	1.53
2026-02-27	49	2	2.19
2026-02-27	50	1	2.19
2026-02-27	52	28.857	0.7
2026-02-27	53	2	1.85
2026-02-27	54	3	1.85
2026-02-27	55	5	2.1
2026-02-27	56	5	2.6
2026-02-27	57	2	0.98
2026-02-27	58	1.868	1.9
2026-02-27	61	2	1.39
2026-02-27	65	3	1.04
2026-02-27	66	4	1.16
2026-02-27	68	1	1.51
2026-02-27	69	8	0.91
2026-02-27	70	4	1.1
2026-02-27	71	2	1.53
2026-02-27	72	5	0.69
2026-02-27	73	3	1.1
2026-02-27	75	5	1.19
2026-02-27	76	21	0.57
2026-02-27	77	3	1.67
2026-02-27	78	10	0.79
2026-02-27	79	6	1.07
2026-02-27	8	2	1.69
2026-02-27	81	8	0.72
2026-02-27	82	7	0.65
2026-02-27	83	3.709	1.72
2026-02-27	84	8	1.16
2026-02-27	85	2	1.1
2026-02-27	87	4	1.04
2026-02-27	88	2.395	1.62
2026-02-27	89	38.241	0.58
2026-02-27	9	4	0.58
2026-02-27	91	27.906	0.53
2026-02-27	92	9.156	0.64
2026-02-27	93	31	1.46
2026-02-27	94	6.731	2.08
2026-02-27	95	6.342	1.84
2026-02-27	96	1.505	1.82
2026-02-27	98	1.452	1.68
2026-02-27	99	1.724	2.28
2026-03-02	101	9.658	2.19
2026-03-02	103	2.377	1.62
2026-03-02	105	3.323	1.24
2026-03-02	106	10.724	1.45
2026-03-02	107	5.127	1.42
2026-03-02	11	4.142	3.16
2026-03-02	111	4.898	1.28
2026-03-02	112	3.728	1.91
2026-03-02	114	18.872	2.19
2026-03-02	12	5.556	1.71
2026-03-02	121	55.258	0.93
2026-03-02	122	1.95	2.2
2026-03-02	124	20.862	1.16
2026-03-02	125	6	1.74
2026-03-02	127	7	1.84
2026-03-02	130	7	1.39
2026-03-02	134	1.078	10.3
2026-03-02	135	0.728	9.6
2026-03-02	136	0.487	9.03
2026-03-02	137	0.776	13.1
2026-03-02	138	3.521	3.15
2026-03-02	139	0.518	10.35
2026-03-02	140	0.822	9.6
2026-03-02	142	0.695	4.78
2026-03-02	144	0.673	3.82
2026-03-02	145	0.33	15.9
2026-03-02	146	1.696	10.6
2026-03-02	147	0.144	2.91
2026-03-02	149	0.68	3.66
2026-03-02	158	3	1.75
2026-03-02	165	4.589	3.65
2026-03-02	166	9	1.84
2026-03-02	167	7	1.18
2026-03-02	178	1.103	2.43
2026-03-02	18	18.163	0.98
2026-03-02	185	5	1.44
2026-03-02	187	4.936	4.04
2026-03-02	189	6	2.31
2026-03-02	190	13	2.31
2026-03-02	193	9	1.46
2026-03-02	194	13.652	2.07
2026-03-02	195	15	1.09
2026-03-02	196	6	2.31
2026-03-02	197	10.244	1.72
2026-03-02	198	13.437	0.87
2026-03-02	199	5.358	1.62
2026-03-02	207	3	0.94
2026-03-02	208	6	0.66
2026-03-02	209	3	0.88
2026-03-02	211	5	0.85
2026-03-02	213	4	2.02
2026-03-02	214	2	1.95
2026-03-02	216	2	2
2026-03-02	218	9	1.02
2026-03-02	219	4	0.71
2026-03-02	226	3	0.98
2026-03-02	23	5	0.94
2026-03-02	27	3	1.91
2026-03-02	28	10	2.08
2026-03-02	30	6	1.39
2026-03-02	31	0.798	4.4
2026-03-02	33	9.965	1.15
2026-03-02	38	11.144	1.39
2026-03-02	39	4.276	3.3
2026-03-02	4	9	0.76
2026-03-02	40	3	1.53
2026-03-02	41	10.051	1.38
2026-03-02	42	11.949	0.99
2026-03-02	43	18.677	1.3
2026-03-02	44	19.992	1.28
2026-03-02	48	3	1.53
2026-03-02	49	2	2.19
2026-03-02	50	2	2.19
2026-03-02	52	38.586	0.7
2026-03-02	53	2	1.85
2026-03-02	54	4	1.85
2026-03-02	55	7	2.1
2026-03-02	56	6	2.6
2026-03-02	57	3	0.98
2026-03-02	58	2.489	1.9
2026-03-02	61	3	1.39
2026-03-02	65	4	1.04
2026-03-02	66	5	1.16
2026-03-02	68	2	1.51
2026-03-02	69	11	0.91
2026-03-02	70	5	1.1
2026-03-02	71	3	1.53
2026-03-02	72	7	0.69
2026-03-02	73	4	1.1
2026-03-02	75	6	1.19
2026-03-02	76	28	0.57
2026-03-02	77	3	1.67
2026-03-02	78	14	0.79
2026-03-02	79	8	1.07
2026-03-02	8	2	1.69
2026-03-02	81	11	0.72
2026-03-02	82	10	0.65
2026-03-02	83	4.936	1.72
2026-03-02	84	10	1.16
2026-03-02	85	20	1.1
2026-03-02	87	6	1.04
2026-03-02	88	3.191	1.62
2026-03-02	89	51.069	0.58
2026-03-02	9	5	0.58
2026-03-02	91	37.434	0.53
2026-03-02	92	12.297	0.64
2026-03-02	93	42	1.46
2026-03-02	94	8.995	2.08
2026-03-02	95	8.5	1.84
2026-03-02	96	2	1.82
2026-03-02	98	1.988	1.68
2026-03-02	99	2.307	2.28
2026-03-03	1	12	1.09
2026-03-03	101	7.726	2.19
2026-03-03	103	1.901	1.62
2026-03-03	105	2.653	1.24
2026-03-03	106	8.579	1.45
2026-03-03	107	4.106	1.42
2026-03-03	11	3.313	3.16
2026-03-03	111	3.914	1.28
2026-03-03	112	2.984	1.91
2026-03-03	114	15.096	2.19
2026-03-03	12	4.444	1.71
2026-03-03	121	44.204	0.93
2026-03-03	124	16.69	1.16
2026-03-03	125	5	1.74
2026-03-03	127	6	1.84
2026-03-03	128	11	1.67
2026-03-03	130	5	1.39
2026-03-03	134	0.862	10.3
2026-03-03	135	0.582	9.6
2026-03-03	136	0.39	9.03
2026-03-03	137	0.621	13.1
2026-03-03	138	2.816	3.15
2026-03-03	139	0.414	10.35
2026-03-03	140	0.657	9.6
2026-03-03	142	0.556	4.78
2026-03-03	144	0.539	3.82
2026-03-03	145	0.264	15.9
2026-03-03	146	1.357	10.6
2026-03-03	148	3.311	4.5
2026-03-03	149	0.546	3.66
2026-03-03	153	13	1.54
2026-03-03	158	2	1.75
2026-03-03	161	3	0.91
2026-03-03	165	3.671	3.65
2026-03-03	166	7	1.84
2026-03-03	167	5	1.18
2026-03-03	178	0.881	2.43
2026-03-03	18	14.531	0.98
2026-03-03	185	4	1.44
2026-03-03	187	3.948	4.04
2026-03-03	189	5	2.31
2026-03-03	190	11	2.31
2026-03-03	193	8	1.46
2026-03-03	194	10.918	2.07
2026-03-03	195	12	1.09
2026-03-03	196	5	2.31
2026-03-03	197	8.192	1.72
2026-03-03	198	10.759	0.87
2026-03-03	199	4.284	1.62
2026-03-03	207	2	0.94
2026-03-03	208	5	0.66
2026-03-03	209	3	0.88
2026-03-03	211	4	0.85
2026-03-03	213	3	2.02
2026-03-03	214	2	1.95
2026-03-03	216	1	2
2026-03-03	218	7	1.02
2026-03-03	219	3	0.71
2026-03-03	226	3	0.98
2026-03-03	23	4	0.94
2026-03-03	27	2	1.91
2026-03-03	28	8	2.08
2026-03-03	30	5	1.39
2026-03-03	31	0.639	4.4
2026-03-03	33	7.974	1.15
2026-03-03	38	8.914	1.39
2026-03-03	39	3.418	3.3
2026-03-03	4	7	0.76
2026-03-03	40	3	1.53
2026-03-03	41	8.043	1.38
2026-03-03	42	9.566	0.99
2026-03-03	43	14.938	1.3
2026-03-03	44	15.992	1.28
2026-03-03	48	2	1.53
2026-03-03	49	2	2.19
2026-03-03	50	1	2.19
2026-03-03	52	30.871	0.7
2026-03-03	53	2	1.85
2026-03-03	54	4	1.85
2026-03-03	55	5	2.1
2026-03-03	56	5	2.6
2026-03-03	57	2	0.98
2026-03-03	58	1.989	1.9
2026-03-03	61	2	1.39
2026-03-03	65	3	1.04
2026-03-03	66	4	1.16
2026-03-03	68	1	1.51
2026-03-03	69	9	0.91
2026-03-03	70	4	1.1
2026-03-03	71	2	1.53
2026-03-03	72	6	0.69
2026-03-03	73	3	1.1
2026-03-03	75	5	1.19
2026-03-03	76	22	0.57
2026-03-03	77	3	1.67
2026-03-03	78	11	0.79
2026-03-03	79	7	1.07
2026-03-03	8	2	1.69
2026-03-03	81	9	0.72
2026-03-03	82	8	0.65
2026-03-03	83	3.948	1.72
2026-03-03	84	8	1.16
2026-03-03	87	4	1.04
2026-03-03	88	2.549	1.62
2026-03-03	89	40.862	0.58
2026-03-03	9	4	0.58
2026-03-03	91	29.943	0.53
2026-03-03	92	9.844	0.64
2026-03-03	93	33	1.46
2026-03-03	94	7.197	2.08
2026-03-03	95	6.799	1.84
2026-03-03	96	1.599	1.82
2026-03-03	98	1.589	1.68
2026-03-03	99	1.842	2.28
2026-03-04	101	7.342	2.19
2026-03-04	103	1.802	1.62
2026-03-04	105	2.524	1.24
2026-03-04	106	8.152	1.45
2026-03-04	107	3.901	1.42
2026-03-04	109	8.392	1.86
2026-03-04	11	3.149	3.16
2026-03-04	110	5	2.19
2026-03-04	111	3.719	1.28
2026-03-04	112	2.832	1.91
2026-03-04	114	14.342	2.19
2026-03-04	12	4.222	1.71
2026-03-04	121	42	0.93
2026-03-04	124	15.853	1.16
2026-03-04	125	4	1.74
2026-03-04	127	6	1.84
2026-03-04	130	5	1.39
2026-03-04	134	0.818	10.3
2026-03-04	135	0.553	9.6
2026-03-04	136	0.37	9.03
2026-03-04	137	0.589	13.1
2026-03-04	138	2.673	3.15
2026-03-04	139	0.393	10.35
2026-03-04	140	0.625	9.6
2026-03-04	141	2.51	8.74
2026-03-04	142	0.527	4.78
2026-03-04	144	0.51	3.82
2026-03-04	145	0.251	15.9
2026-03-04	146	1.29	10.6
2026-03-04	149	0.519	3.66
2026-03-04	158	2	1.75
2026-03-04	16	23.77	0.87
2026-03-04	160	4	1.31
2026-03-04	165	3.488	3.65
2026-03-04	166	6	1.84
2026-03-04	167	5	1.18
2026-03-04	17	11	1.24
2026-03-04	178	0.835	2.43
2026-03-04	18	13.806	0.98
2026-03-04	185	4	1.44
2026-03-04	187	3.75	4.04
2026-03-04	189	4	2.31
2026-03-04	190	10	2.31
2026-03-04	193	7	1.46
2026-03-04	194	10.372	2.07
2026-03-04	195	11	1.09
2026-03-04	196	4	2.31
2026-03-04	197	7.785	1.72
2026-03-04	198	10.218	0.87
2026-03-04	199	4.074	1.62
2026-03-04	207	2	0.94
2026-03-04	208	4	0.66
2026-03-04	209	2	0.88
2026-03-04	211	3	0.85
2026-03-04	213	3	2.02
2026-03-04	214	2	1.95
2026-03-04	216	1	2
2026-03-04	218	7	1.02
2026-03-04	219	3	0.71
2026-03-04	226	3	0.98
2026-03-04	23	4	0.94
2026-03-04	27	2	1.91
2026-03-04	28	8	2.08
2026-03-04	30	5	1.39
2026-03-04	31	0.607	4.4
2026-03-04	33	7.574	1.15
2026-03-04	38	8.468	1.39
2026-03-04	39	3.248	3.3
2026-03-04	4	7	0.76
2026-03-04	40	3	1.53
2026-03-04	41	7.638	1.38
2026-03-04	42	9.081	0.99
2026-03-04	43	14.192	1.3
2026-03-04	44	15.195	1.28
2026-03-04	48	2	1.53
2026-03-04	49	2	2.19
2026-03-04	50	1	2.19
2026-03-04	52	29.329	0.7
2026-03-04	53	2	1.85
2026-03-04	54	3	1.85
2026-03-04	55	5	2.1
2026-03-04	56	5	2.6
2026-03-04	57	2	0.98
2026-03-04	58	1.889	1.9
2026-03-04	61	2	1.39
2026-03-04	65	3	1.04
2026-03-04	66	4	1.16
2026-03-04	68	1	1.51
2026-03-04	69	9	0.91
2026-03-04	70	4	1.1
2026-03-04	71	2	1.53
2026-03-04	72	5	0.69
2026-03-04	73	3	1.1
2026-03-04	74	12	1.71
2026-03-04	75	5	1.19
2026-03-04	76	21	0.57
2026-03-04	77	3	1.67
2026-03-04	78	10	0.79
2026-03-04	79	6	1.07
2026-03-04	8	2	1.69
2026-03-04	81	8	0.72
2026-03-04	82	7	0.65
2026-03-04	83	3.75	1.72
2026-03-04	84	8	1.16
2026-03-04	87	4	1.04
2026-03-04	88	2.426	1.62
2026-03-04	89	38.81	0.58
2026-03-04	9	4	0.58
2026-03-04	91	28.453	0.53
2026-03-04	92	9.344	0.64
2026-03-04	93	32	1.46
2026-03-04	94	6.837	2.08
2026-03-04	95	6.462	1.84
2026-03-04	96	1.522	1.82
2026-03-04	98	1.512	1.68
2026-03-04	99	1.75	2.28
2026-03-05	101	6.954	2.19
2026-03-05	103	1.71	1.62
2026-03-05	105	2.387	1.24
2026-03-05	106	7.724	1.45
2026-03-05	107	3.69	1.42
2026-03-05	11	2.981	3.16
2026-03-05	111	3.523	1.28
2026-03-05	112	2.686	1.91
2026-03-05	114	13.589	2.19
2026-03-05	12	4	1.71
2026-03-05	121	39.785	0.93
2026-03-05	124	15.026	1.16
2026-03-05	125	4	1.74
2026-03-05	127	5	1.84
2026-03-05	130	5	1.39
2026-03-05	134	0.776	10.3
2026-03-05	135	0.524	9.6
2026-03-05	136	0.351	9.03
2026-03-05	137	0.559	13.1
2026-03-05	138	2.533	3.15
2026-03-05	139	0.373	10.35
2026-03-05	140	0.592	9.6
2026-03-05	142	0.5	4.78
2026-03-05	144	0.484	3.82
2026-03-05	145	0.238	15.9
2026-03-05	146	1.222	10.6
2026-03-05	148	3.313	4.5
2026-03-05	149	0.492	3.66
2026-03-05	158	2	1.75
2026-03-05	165	3.304	3.65
2026-03-05	166	6	1.84
2026-03-05	167	5	1.18
2026-03-05	178	0.794	2.43
2026-03-05	18	13.082	0.98
2026-03-05	185	3	1.44
2026-03-05	187	3.552	4.04
2026-03-05	189	4	2.31
2026-03-05	190	10	2.31
2026-03-05	193	7	1.46
2026-03-05	194	9.826	2.07
2026-03-05	195	11	1.09
2026-03-05	196	4	2.31
2026-03-05	197	7.378	1.72
2026-03-05	198	9.678	0.87
2026-03-05	199	3.858	1.62
2026-03-05	207	2	0.94
2026-03-05	208	4	0.66
2026-03-05	209	2	0.88
2026-03-05	211	3	0.85
2026-03-05	213	3	2.02
2026-03-05	214	2	1.95
2026-03-05	215	10	1.95
2026-03-05	216	1	2
2026-03-05	218	7	1.02
2026-03-05	219	3	0.71
2026-03-05	226	2	0.98
2026-03-05	23	4	0.94
2026-03-05	27	2	1.91
2026-03-05	28	7	2.08
2026-03-05	30	4	1.39
2026-03-05	31	0.575	4.4
2026-03-05	33	7.174	1.15
2026-03-05	38	8.022	1.39
2026-03-05	39	3.079	3.3
2026-03-05	4	6	0.76
2026-03-05	40	2	1.53
2026-03-05	41	7.239	1.38
2026-03-05	42	8.606	0.99
2026-03-05	43	13.446	1.3
2026-03-05	44	14.391	1.28
2026-03-05	48	2	1.53
2026-03-05	49	2	2.19
2026-03-05	50	1	2.19
2026-03-05	52	27.786	0.7
2026-03-05	53	2	1.85
2026-03-05	54	3	1.85
2026-03-05	55	5	2.1
2026-03-05	56	5	2.6
2026-03-05	57	2	0.98
2026-03-05	58	1.789	1.9
2026-03-05	59	3.086	2.92
2026-03-05	61	2	1.39
2026-03-05	65	3	1.04
2026-03-05	66	3	1.16
2026-03-05	68	1	1.51
2026-03-05	69	8	0.91
2026-03-05	70	3	1.1
2026-03-05	71	2	1.53
2026-03-05	72	5	0.69
2026-03-05	73	3	1.1
2026-03-05	75	4	1.19
2026-03-05	76	20	0.57
2026-03-05	77	2	1.67
2026-03-05	78	10	0.79
2026-03-05	79	6	1.07
2026-03-05	8	2	1.69
2026-03-05	81	8	0.72
2026-03-05	82	7	0.65
2026-03-05	83	3.558	1.72
2026-03-05	84	7	1.16
2026-03-05	87	4	1.04
2026-03-05	88	2.296	1.62
2026-03-05	89	36.776	0.58
2026-03-05	9	4	0.58
2026-03-05	91	26.943	0.53
2026-03-05	92	8.859	0.64
2026-03-05	93	30	1.46
2026-03-05	94	6.476	2.08
2026-03-05	95	6.12	1.84
2026-03-05	96	1.44	1.82
2026-03-05	98	1.429	1.68
2026-03-05	99	1.658	2.28
2026-03-06	101	6.954	2.19
2026-03-06	103	1.71	1.62
2026-03-06	105	2.387	1.24
2026-03-06	106	7.724	1.45
2026-03-06	107	3.69	1.42
2026-03-06	11	2.981	3.16
2026-03-06	111	3.523	1.28
2026-03-06	112	2.686	1.91
2026-03-06	114	13.589	2.19
2026-03-06	12	4	1.71
2026-03-06	121	39.785	0.93
2026-03-06	124	15.026	1.16
2026-03-06	125	4	1.74
2026-03-06	127	5	1.84
2026-03-06	130	5	1.39
2026-03-06	132	2	0.91
2026-03-06	134	0.776	10.3
2026-03-06	135	0.524	9.6
2026-03-06	136	0.351	9.03
2026-03-06	137	0.559	13.1
2026-03-06	138	2.533	3.15
2026-03-06	139	0.373	10.35
2026-03-06	140	0.592	9.6
2026-03-06	142	0.5	4.78
2026-03-06	144	0.484	3.82
2026-03-06	145	0.238	15.9
2026-03-06	146	1.222	10.6
2026-03-06	149	0.492	3.66
2026-03-06	152	10	1.26
2026-03-06	158	2	1.75
2026-03-06	165	3.304	3.65
2026-03-06	166	6	1.84
2026-03-06	167	5	1.18
2026-03-06	178	0.794	2.43
2026-03-06	18	13.082	0.98
2026-03-06	185	3	1.44
2026-03-06	187	3.552	4.04
2026-03-06	189	4	2.31
2026-03-06	190	10	2.31
2026-03-06	193	7	1.46
2026-03-06	194	9.826	2.07
2026-03-06	195	11	1.09
2026-03-06	196	4	2.31
2026-03-06	197	7.378	1.72
2026-03-06	198	9.678	0.87
2026-03-06	199	3.858	1.62
2026-03-06	207	2	0.94
2026-03-06	208	4	0.66
2026-03-06	209	2	0.88
2026-03-06	211	3	0.85
2026-03-06	213	3	2.02
2026-03-06	214	2	1.95
2026-03-06	216	1	2
2026-03-06	218	7	1.02
2026-03-06	219	3	0.71
2026-03-06	226	2	0.98
2026-03-06	23	4	0.94
2026-03-06	27	2	1.91
2026-03-06	28	7	2.08
2026-03-06	30	4	1.39
2026-03-06	31	0.575	4.4
2026-03-06	33	7.174	1.15
2026-03-06	35	18	0.98
2026-03-06	38	8.022	1.39
2026-03-06	39	3.079	3.3
2026-03-06	4	6	0.76
2026-03-06	40	2	1.53
2026-03-06	41	7.239	1.38
2026-03-06	42	8.606	0.99
2026-03-06	43	13.446	1.3
2026-03-06	44	14.391	1.28
2026-03-06	48	2	1.53
2026-03-06	49	2	2.19
2026-03-06	50	1	2.19
2026-03-06	52	27.786	0.7
2026-03-06	53	2	1.85
2026-03-06	54	3	1.85
2026-03-06	55	5	2.1
2026-03-06	56	5	2.6
2026-03-06	57	2	0.98
2026-03-06	58	1.789	1.9
2026-03-06	61	2	1.39
2026-03-06	65	3	1.04
2026-03-06	66	3	1.16
2026-03-06	68	1	1.51
2026-03-06	69	8	0.91
2026-03-06	70	3	1.1
2026-03-06	71	2	1.53
2026-03-06	72	5	0.69
2026-03-06	73	3	1.1
2026-03-06	75	4	1.19
2026-03-06	76	20	0.57
2026-03-06	77	2	1.67
2026-03-06	78	10	0.79
2026-03-06	79	6	1.07
2026-03-06	8	2	1.69
2026-03-06	81	8	0.72
2026-03-06	82	7	0.65
2026-03-06	83	3.558	1.72
2026-03-06	84	7	1.16
2026-03-06	87	4	1.04
2026-03-06	88	2.296	1.62
2026-03-06	89	36.776	0.58
2026-03-06	9	4	0.58
2026-03-06	91	26.943	0.53
2026-03-06	92	8.859	0.64
2026-03-06	93	30	1.46
2026-03-06	94	6.476	2.08
2026-03-06	95	6.12	1.84
2026-03-06	96	1.44	1.82
2026-03-06	98	1.429	1.68
2026-03-06	99	1.658	2.28
2026-03-09	101	9.658	2.19
2026-03-09	103	2.377	1.62
2026-03-09	105	3.323	1.24
2026-03-09	106	10.724	1.45
2026-03-09	107	5.127	1.42
2026-03-09	11	4.142	3.16
2026-03-09	111	4.898	1.28
2026-03-09	112	3.728	1.91
2026-03-09	114	18.872	2.19
2026-03-09	12	5.556	1.71
2026-03-09	121	55.258	0.93
2026-03-09	124	20.862	1.16
2026-03-09	125	6	1.74
2026-03-09	127	7	1.84
2026-03-09	130	7	1.39
2026-03-09	134	1.078	10.3
2026-03-09	135	0.728	9.6
2026-03-09	136	0.487	9.03
2026-03-09	137	0.776	13.1
2026-03-09	138	3.521	3.15
2026-03-09	139	0.518	10.35
2026-03-09	140	0.822	9.6
2026-03-09	142	0.695	4.78
2026-03-09	144	0.673	3.82
2026-03-09	145	0.33	15.9
2026-03-09	146	1.696	10.6
2026-03-09	149	0.68	3.66
2026-03-09	157	5	2.63
2026-03-09	158	3	1.75
2026-03-09	165	4.589	3.65
2026-03-09	166	9	1.84
2026-03-09	167	7	1.18
2026-03-09	170	4	0.93
2026-03-09	178	1.103	2.43
2026-03-09	18	18.163	0.98
2026-03-09	185	5	1.44
2026-03-09	187	4.936	4.04
2026-03-09	189	6	2.31
2026-03-09	190	13	2.31
2026-03-09	193	9	1.46
2026-03-09	194	13.652	2.07
2026-03-09	195	15	1.09
2026-03-09	196	6	2.31
2026-03-09	197	10.244	1.72
2026-03-09	198	13.437	0.87
2026-03-09	199	5.358	1.62
2026-03-09	207	3	0.94
2026-03-09	208	6	0.66
2026-03-09	209	3	0.88
2026-03-09	211	5	0.85
2026-03-09	213	4	2.02
2026-03-09	214	2	1.95
2026-03-09	216	2	2
2026-03-09	218	9	1.02
2026-03-09	219	4	0.71
2026-03-09	226	3	0.98
2026-03-09	23	5	0.94
2026-03-09	250	9.387	1.73
2026-03-09	27	3	1.91
2026-03-09	28	10	2.08
2026-03-09	30	6	1.39
2026-03-09	31	0.798	4.4
2026-03-09	33	9.965	1.15
2026-03-09	38	11.144	1.39
2026-03-09	39	4.276	3.3
2026-03-09	4	9	0.76
2026-03-09	40	3	1.53
2026-03-09	41	10.051	1.38
2026-03-09	42	11.949	0.99
2026-03-09	43	18.677	1.3
2026-03-09	44	19.992	1.28
2026-03-09	48	3	1.53
2026-03-09	49	2	2.19
2026-03-09	50	2	2.19
2026-03-09	52	38.586	0.7
2026-03-09	53	2	1.85
2026-03-09	54	4	1.85
2026-03-09	55	7	2.1
2026-03-09	56	6	2.6
2026-03-09	57	3	0.98
2026-03-09	58	2.489	1.9
2026-03-09	61	3	1.39
2026-03-09	65	4	1.04
2026-03-09	66	5	1.16
2026-03-09	68	2	1.51
2026-03-09	69	11	0.91
2026-03-09	70	5	1.1
2026-03-09	71	3	1.53
2026-03-09	72	7	0.69
2026-03-09	73	4	1.1
2026-03-09	75	6	1.19
2026-03-09	76	28	0.57
2026-03-09	77	3	1.67
2026-03-09	78	14	0.79
2026-03-09	79	8	1.07
2026-03-09	8	2	1.69
2026-03-09	80	7	2.29
2026-03-09	81	11	0.72
2026-03-09	82	10	0.65
2026-03-09	83	4.936	1.72
2026-03-09	84	10	1.16
2026-03-09	87	6	1.04
2026-03-09	88	3.191	1.62
2026-03-09	89	51.069	0.58
2026-03-09	9	5	0.58
2026-03-09	91	37.434	0.53
2026-03-09	92	12.297	0.64
2026-03-09	93	42	1.46
2026-03-09	94	8.995	2.08
2026-03-09	95	8.5	1.84
2026-03-09	96	2	1.82
2026-03-09	98	1.988	1.68
2026-03-09	99	2.307	2.28
2026-03-10	101	7.726	2.19
2026-03-10	103	1.901	1.62
2026-03-10	105	2.653	1.24
2026-03-10	106	8.579	1.45
2026-03-10	107	4.106	1.42
2026-03-10	11	3.313	3.16
2026-03-10	111	3.914	1.28
2026-03-10	112	2.984	1.91
2026-03-10	114	15.096	2.19
2026-03-10	12	4.444	1.71
2026-03-10	121	44.204	0.93
2026-03-10	124	16.69	1.16
2026-03-10	125	5	1.74
2026-03-10	127	6	1.84
2026-03-10	130	5	1.39
2026-03-10	134	0.862	10.3
2026-03-10	135	0.582	9.6
2026-03-10	136	0.39	9.03
2026-03-10	137	0.621	13.1
2026-03-10	138	2.816	3.15
2026-03-10	139	0.414	10.35
2026-03-10	140	0.657	9.6
2026-03-10	142	0.556	4.78
2026-03-10	144	0.539	3.82
2026-03-10	145	0.264	15.9
2026-03-10	146	1.357	10.6
2026-03-10	149	0.546	3.66
2026-03-10	158	2	1.75
2026-03-10	165	3.671	3.65
2026-03-10	166	7	1.84
2026-03-10	167	5	1.18
2026-03-10	175	9	1.1
2026-03-10	178	0.881	2.43
2026-03-10	18	14.531	0.98
2026-03-10	185	4	1.44
2026-03-10	187	3.948	4.04
2026-03-10	189	5	2.31
2026-03-10	190	11	2.31
2026-03-10	193	8	1.46
2026-03-10	194	10.918	2.07
2026-03-10	195	12	1.09
2026-03-10	196	5	2.31
2026-03-10	197	8.192	1.72
2026-03-10	198	10.759	0.87
2026-03-10	199	4.284	1.62
2026-03-10	201	13.038	1.3
2026-03-10	207	2	0.94
2026-03-10	208	5	0.66
2026-03-10	209	3	0.88
2026-03-10	21	16	0.76
2026-03-10	211	4	0.85
2026-03-10	213	3	2.02
2026-03-10	214	2	1.95
2026-03-10	216	1	2
2026-03-10	217	2	1.2
2026-03-10	218	7	1.02
2026-03-10	219	3	0.71
2026-03-10	226	3	0.98
2026-03-10	23	4	0.94
2026-03-10	231	5	0.98
2026-03-10	247	3	1.5
2026-03-10	27	2	1.91
2026-03-10	28	8	2.08
2026-03-10	30	5	1.39
2026-03-10	31	0.639	4.4
2026-03-10	33	7.974	1.15
2026-03-10	38	8.914	1.39
2026-03-10	39	3.418	3.3
2026-03-10	4	7	0.76
2026-03-10	40	3	1.53
2026-03-10	41	8.043	1.38
2026-03-10	42	9.566	0.99
2026-03-10	43	14.938	1.3
2026-03-10	44	15.992	1.28
2026-03-10	48	2	1.53
2026-03-10	49	2	2.19
2026-03-10	50	1	2.19
2026-03-10	52	30.871	0.7
2026-03-10	53	2	1.85
2026-03-10	54	4	1.85
2026-03-10	55	5	2.1
2026-03-10	56	5	2.6
2026-03-10	57	2	0.98
2026-03-10	58	1.989	1.9
2026-03-10	61	2	1.39
2026-03-10	65	3	1.04
2026-03-10	66	4	1.16
2026-03-10	68	1	1.51
2026-03-10	69	9	0.91
2026-03-10	70	4	1.1
2026-03-10	71	2	1.53
2026-03-10	72	6	0.69
2026-03-10	73	3	1.1
2026-03-10	75	5	1.19
2026-03-10	76	22	0.57
2026-03-10	77	3	1.67
2026-03-10	78	11	0.79
2026-03-10	79	7	1.07
2026-03-10	8	2	1.69
2026-03-10	81	9	0.72
2026-03-10	82	8	0.65
2026-03-10	83	3.948	1.72
2026-03-10	84	8	1.16
2026-03-10	87	4	1.04
2026-03-10	88	2.549	1.62
2026-03-10	89	40.862	0.58
2026-03-10	9	4	0.58
2026-03-10	91	29.943	0.53
2026-03-10	92	9.844	0.64
2026-03-10	93	33	1.46
2026-03-10	94	7.197	2.08
2026-03-10	95	6.799	1.84
2026-03-10	96	1.599	1.82
2026-03-10	98	1.589	1.68
2026-03-10	99	1.842	2.28
2026-03-11	101	7.342	2.19
2026-03-11	103	1.802	1.62
2026-03-11	105	2.524	1.24
2026-03-11	106	8.152	1.45
2026-03-11	107	3.901	1.42
2026-03-11	11	3.149	3.16
2026-03-11	111	3.719	1.28
2026-03-11	112	2.832	1.91
2026-03-11	114	14.342	2.19
2026-03-11	12	4.222	1.71
2026-03-11	121	42	0.93
2026-03-11	124	15.853	1.16
2026-03-11	125	4	1.74
2026-03-11	127	6	1.84
2026-03-11	130	5	1.39
2026-03-11	134	0.818	10.3
2026-03-11	135	0.553	9.6
2026-03-11	136	0.37	9.03
2026-03-11	137	0.589	13.1
2026-03-11	138	2.673	3.15
2026-03-11	139	0.393	10.35
2026-03-11	140	0.625	9.6
2026-03-11	142	0.527	4.78
2026-03-11	144	0.51	3.82
2026-03-11	145	0.251	15.9
2026-03-11	146	1.29	10.6
2026-03-11	149	0.519	3.66
2026-03-11	158	2	1.75
2026-03-11	165	3.488	3.65
2026-03-11	166	6	1.84
2026-03-11	167	5	1.18
2026-03-11	178	0.835	2.43
2026-03-11	18	13.806	0.98
2026-03-11	185	4	1.44
2026-03-11	187	3.75	4.04
2026-03-11	189	4	2.31
2026-03-11	190	10	2.31
2026-03-11	193	7	1.46
2026-03-11	194	10.372	2.07
2026-03-11	195	11	1.09
2026-03-11	196	4	2.31
2026-03-11	197	7.785	1.72
2026-03-11	198	10.218	0.87
2026-03-11	199	4.074	1.62
2026-03-11	201	13.046	1.3
2026-03-11	207	2	0.94
2026-03-11	208	4	0.66
2026-03-11	209	2	0.88
2026-03-11	211	3	0.85
2026-03-11	213	3	2.02
2026-03-11	214	2	1.95
2026-03-11	216	1	2
2026-03-11	218	7	1.02
2026-03-11	219	3	0.71
2026-03-11	226	3	0.98
2026-03-11	23	4	0.94
2026-03-11	249	6	1.64
2026-03-11	27	2	1.91
2026-03-11	28	8	2.08
2026-03-11	30	5	1.39
2026-03-11	31	0.607	4.4
2026-03-11	33	7.574	1.15
2026-03-11	38	8.468	1.39
2026-03-11	39	3.248	3.3
2026-03-11	4	7	0.76
2026-03-11	40	3	1.53
2026-03-11	41	7.638	1.38
2026-03-11	42	9.081	0.99
2026-03-11	43	14.192	1.3
2026-03-11	44	15.195	1.28
2026-03-11	48	2	1.53
2026-03-11	49	2	2.19
2026-03-11	50	1	2.19
2026-03-11	51	0.089	1.46
2026-03-11	52	29.329	0.7
2026-03-11	53	2	1.85
2026-03-11	54	3	1.85
2026-03-11	55	5	2.1
2026-03-11	56	5	2.6
2026-03-11	57	2	0.98
2026-03-11	58	1.889	1.9
2026-03-11	61	2	1.39
2026-03-11	65	3	1.04
2026-03-11	66	4	1.16
2026-03-11	68	1	1.51
2026-03-11	69	9	0.91
2026-03-11	70	4	1.1
2026-03-11	71	2	1.53
2026-03-11	72	5	0.69
2026-03-11	73	3	1.1
2026-03-11	75	5	1.19
2026-03-11	76	21	0.57
2026-03-11	77	3	1.67
2026-03-11	78	10	0.79
2026-03-11	79	6	1.07
2026-03-11	8	2	1.69
2026-03-11	81	8	0.72
2026-03-11	82	7	0.65
2026-03-11	83	3.75	1.72
2026-03-11	84	8	1.16
2026-03-11	87	4	1.04
2026-03-11	88	2.426	1.62
2026-03-11	89	38.81	0.58
2026-03-11	9	4	0.58
2026-03-11	91	28.453	0.53
2026-03-11	92	9.344	0.64
2026-03-11	93	32	1.46
2026-03-11	94	6.837	2.08
2026-03-11	95	6.462	1.84
2026-03-11	96	1.522	1.82
2026-03-11	98	1.512	1.68
2026-03-11	99	1.75	2.28
2026-03-12	101	6.954	2.19
2026-03-12	103	1.71	1.62
2026-03-12	105	2.387	1.24
2026-03-12	106	7.724	1.45
2026-03-12	107	3.69	1.42
2026-03-12	11	2.981	3.16
2026-03-12	111	3.523	1.28
2026-03-12	112	2.686	1.91
2026-03-12	114	13.589	2.19
2026-03-12	12	4	1.71
2026-03-12	121	39.785	0.93
2026-03-12	124	15.026	1.16
2026-03-12	125	4	1.74
2026-03-12	127	5	1.84
2026-03-12	130	5	1.39
2026-03-12	134	0.776	10.3
2026-03-12	135	0.524	9.6
2026-03-12	136	0.351	9.03
2026-03-12	137	0.559	13.1
2026-03-12	138	2.533	3.15
2026-03-12	139	0.373	10.35
2026-03-12	140	0.592	9.6
2026-03-12	142	0.5	4.78
2026-03-12	144	0.484	3.82
2026-03-12	145	0.238	15.9
2026-03-12	146	1.222	10.6
2026-03-12	149	0.492	3.66
2026-03-12	154	13	1.44
2026-03-12	155	23	0.57
2026-03-12	158	2	1.75
2026-03-12	165	3.304	3.65
2026-03-12	166	6	1.84
2026-03-12	167	5	1.18
2026-03-12	178	0.794	2.43
2026-03-12	18	13.082	0.98
2026-03-12	185	3	1.44
2026-03-12	187	3.552	4.04
2026-03-12	189	4	2.31
2026-03-12	190	10	2.31
2026-03-12	193	7	1.46
2026-03-12	194	9.826	2.07
2026-03-12	195	11	1.09
2026-03-12	196	4	2.31
2026-03-12	197	7.378	1.72
2026-03-12	198	9.678	0.87
2026-03-12	199	3.858	1.62
2026-03-12	207	2	0.94
2026-03-12	208	4	0.66
2026-03-12	209	2	0.88
2026-03-12	211	3	0.85
2026-03-12	213	3	2.02
2026-03-12	214	2	1.95
2026-03-12	216	1	2
2026-03-12	218	7	1.02
2026-03-12	219	3	0.71
2026-03-12	226	2	0.98
2026-03-12	23	4	0.94
2026-03-12	248	0.291	7.59
2026-03-12	27	2	1.91
2026-03-12	28	7	2.08
2026-03-12	30	4	1.39
2026-03-12	31	0.575	4.4
2026-03-12	33	7.174	1.15
2026-03-12	35	18	0.98
2026-03-12	38	8.022	1.39
2026-03-12	39	3.079	3.3
2026-03-12	4	6	0.76
2026-03-12	40	2	1.53
2026-03-12	41	7.239	1.38
2026-03-12	42	8.606	0.99
2026-03-12	43	13.446	1.3
2026-03-12	44	14.391	1.28
2026-03-12	48	2	1.53
2026-03-12	49	2	2.19
2026-03-12	50	1	2.19
2026-03-12	52	27.786	0.7
2026-03-12	53	2	1.85
2026-03-12	54	3	1.85
2026-03-12	55	5	2.1
2026-03-12	56	5	2.6
2026-03-12	57	2	0.98
2026-03-12	58	1.789	1.9
2026-03-12	61	2	1.39
2026-03-12	65	3	1.04
2026-03-12	66	3	1.16
2026-03-12	68	1	1.51
2026-03-12	69	8	0.91
2026-03-12	70	3	1.1
2026-03-12	71	2	1.53
2026-03-12	72	5	0.69
2026-03-12	73	3	1.1
2026-03-12	74	12	1.71
2026-03-12	75	4	1.19
2026-03-12	76	20	0.57
2026-03-12	77	2	1.67
2026-03-12	78	10	0.79
2026-03-12	79	6	1.07
2026-03-12	8	2	1.69
2026-03-12	81	8	0.72
2026-03-12	82	7	0.65
2026-03-12	83	3.558	1.72
2026-03-12	84	7	1.16
2026-03-12	87	4	1.04
2026-03-12	88	2.296	1.62
2026-03-12	89	36.776	0.58
2026-03-12	9	4	0.58
2026-03-12	91	26.943	0.53
2026-03-12	92	8.859	0.64
2026-03-12	93	30	1.46
2026-03-12	94	6.476	2.08
2026-03-12	95	6.12	1.84
2026-03-12	96	1.44	1.82
2026-03-12	98	1.429	1.68
2026-03-12	99	1.658	2.28
2026-03-13	101	6.954	2.19
2026-03-13	103	1.71	1.62
2026-03-13	105	2.387	1.24
2026-03-13	106	7.724	1.45
2026-03-13	107	3.69	1.42
2026-03-13	109	8.387	1.86
2026-03-13	11	2.981	3.16
2026-03-13	111	3.523	1.28
2026-03-13	112	2.686	1.91
2026-03-13	114	13.589	2.19
2026-03-13	12	4	1.71
2026-03-13	121	39.785	0.93
2026-03-13	124	15.026	1.16
2026-03-13	125	4	1.74
2026-03-13	127	5	1.84
2026-03-13	130	5	1.39
2026-03-13	134	0.776	10.3
2026-03-13	135	0.524	9.6
2026-03-13	136	0.351	9.03
2026-03-13	137	0.559	13.1
2026-03-13	138	2.533	3.15
2026-03-13	139	0.373	10.35
2026-03-13	140	0.592	9.6
2026-03-13	142	0.5	4.78
2026-03-13	144	0.484	3.82
2026-03-13	145	0.238	15.9
2026-03-13	146	1.222	10.6
2026-03-13	149	0.492	3.66
2026-03-13	158	2	1.75
2026-03-13	165	3.304	3.65
2026-03-13	166	6	1.84
2026-03-13	167	5	1.18
2026-03-13	178	0.794	2.43
2026-03-13	18	13.082	0.98
2026-03-13	185	3	1.44
2026-03-13	187	3.552	4.04
2026-03-13	189	4	2.31
2026-03-13	190	10	2.31
2026-03-13	193	7	1.46
2026-03-13	194	9.826	2.07
2026-03-13	195	11	1.09
2026-03-13	196	4	2.31
2026-03-13	197	7.378	1.72
2026-03-13	198	9.678	0.87
2026-03-13	199	3.858	1.62
2026-03-13	207	2	0.94
2026-03-13	208	4	0.66
2026-03-13	209	2	0.88
2026-03-13	211	3	0.85
2026-03-13	213	3	2.02
2026-03-13	214	2	1.95
2026-03-13	216	1	2
2026-03-13	218	7	1.02
2026-03-13	219	3	0.71
2026-03-13	223	1	1.5
2026-03-13	226	2	0.98
2026-03-13	23	4	0.94
2026-03-13	27	2	1.91
2026-03-13	28	7	2.08
2026-03-13	30	4	1.39
2026-03-13	31	0.575	4.4
2026-03-13	33	7.174	1.15
2026-03-13	38	8.022	1.39
2026-03-13	39	3.079	3.3
2026-03-13	4	6	0.76
2026-03-13	40	2	1.53
2026-03-13	41	7.239	1.38
2026-03-13	42	8.606	0.99
2026-03-13	43	13.446	1.3
2026-03-13	44	14.391	1.28
2026-03-13	47	4.808	2.19
2026-03-13	48	2	1.53
2026-03-13	49	2	2.19
2026-03-13	50	1	2.19
2026-03-13	52	27.786	0.7
2026-03-13	53	2	1.85
2026-03-13	54	3	1.85
2026-03-13	55	5	2.1
2026-03-13	56	5	2.6
2026-03-13	57	2	0.98
2026-03-13	58	1.789	1.9
2026-03-13	61	2	1.39
2026-03-13	65	3	1.04
2026-03-13	66	3	1.16
2026-03-13	68	1	1.51
2026-03-13	69	8	0.91
2026-03-13	70	3	1.1
2026-03-13	71	2	1.53
2026-03-13	72	5	0.69
2026-03-13	73	3	1.1
2026-03-13	75	4	1.19
2026-03-13	76	20	0.57
2026-03-13	77	2	1.67
2026-03-13	78	10	0.79
2026-03-13	79	6	1.07
2026-03-13	8	2	1.69
2026-03-13	80	7	2.29
2026-03-13	81	8	0.72
2026-03-13	82	7	0.65
2026-03-13	83	3.558	1.72
2026-03-13	84	7	1.16
2026-03-13	85	20	1.1
2026-03-13	87	4	1.04
2026-03-13	88	2.296	1.62
2026-03-13	89	36.776	0.58
2026-03-13	9	4	0.58
2026-03-13	91	26.943	0.53
2026-03-13	92	8.859	0.64
2026-03-13	93	30	1.46
2026-03-13	94	6.476	2.08
2026-03-13	95	6.12	1.84
2026-03-13	96	1.44	1.82
2026-03-13	98	1.429	1.68
2026-03-13	99	1.658	2.28
2026-03-16	101	9.658	2.19
2026-03-16	103	2.377	1.62
2026-03-16	105	3.323	1.24
2026-03-16	106	10.724	1.45
2026-03-16	107	5.127	1.42
2026-03-16	11	4.142	3.16
2026-03-16	111	4.898	1.28
2026-03-16	112	3.728	1.91
2026-03-16	114	18.872	2.19
2026-03-16	12	5.556	1.71
2026-03-16	121	55.258	0.93
2026-03-16	124	20.862	1.16
2026-03-16	125	6	1.74
2026-03-16	127	7	1.84
2026-03-16	130	7	1.39
2026-03-16	134	1.078	10.3
2026-03-16	135	0.728	9.6
2026-03-16	136	0.487	9.03
2026-03-16	137	0.776	13.1
2026-03-16	138	3.521	3.15
2026-03-16	139	0.518	10.35
2026-03-16	140	0.822	9.6
2026-03-16	142	0.695	4.78
2026-03-16	144	0.673	3.82
2026-03-16	145	0.33	15.9
2026-03-16	146	1.696	10.6
2026-03-16	149	0.68	3.66
2026-03-16	158	3	1.75
2026-03-16	165	4.589	3.65
2026-03-16	166	9	1.84
2026-03-16	167	7	1.18
2026-03-16	178	1.103	2.43
2026-03-16	18	18.163	0.98
2026-03-16	185	5	1.44
2026-03-16	187	4.936	4.04
2026-03-16	189	6	2.31
2026-03-16	19	10	1.82
2026-03-16	190	13	2.31
2026-03-16	193	9	1.46
2026-03-16	194	13.652	2.07
2026-03-16	195	15	1.09
2026-03-16	196	6	2.31
2026-03-16	197	10.244	1.72
2026-03-16	198	13.437	0.87
2026-03-16	199	5.358	1.62
2026-03-16	20	7	0.72
2026-03-16	207	3	0.94
2026-03-16	208	6	0.66
2026-03-16	209	3	0.88
2026-03-16	211	5	0.85
2026-03-16	213	4	2.02
2026-03-16	214	2	1.95
2026-03-16	216	2	2
2026-03-16	218	9	1.02
2026-03-16	219	4	0.71
2026-03-16	225	10	1.18
2026-03-16	226	3	0.98
2026-03-16	227	18	1.19
2026-03-16	23	5	0.94
2026-03-16	27	3	1.91
2026-03-16	28	10	2.08
2026-03-16	30	6	1.39
2026-03-16	31	0.798	4.4
2026-03-16	33	9.965	1.15
2026-03-16	38	11.144	1.39
2026-03-16	39	4.276	3.3
2026-03-16	4	9	0.76
2026-03-16	40	3	1.53
2026-03-16	41	10.051	1.38
2026-03-16	42	11.949	0.99
2026-03-16	43	18.677	1.3
2026-03-16	44	19.992	1.28
2026-03-16	48	3	1.53
2026-03-16	49	2	2.19
2026-03-16	50	2	2.19
2026-03-16	52	38.586	0.7
2026-03-16	53	2	1.85
2026-03-16	54	4	1.85
2026-03-16	55	7	2.1
2026-03-16	56	6	2.6
2026-03-16	57	3	0.98
2026-03-16	58	2.489	1.9
2026-03-16	61	3	1.39
2026-03-16	65	4	1.04
2026-03-16	66	5	1.16
2026-03-16	68	2	1.51
2026-03-16	69	11	0.91
2026-03-16	70	5	1.1
2026-03-16	71	3	1.53
2026-03-16	72	7	0.69
2026-03-16	73	4	1.1
2026-03-16	75	6	1.19
2026-03-16	76	28	0.57
2026-03-16	77	3	1.67
2026-03-16	78	14	0.79
2026-03-16	79	8	1.07
2026-03-16	8	2	1.69
2026-03-16	81	11	0.72
2026-03-16	82	10	0.65
2026-03-16	83	4.936	1.72
2026-03-16	84	10	1.16
2026-03-16	87	6	1.04
2026-03-16	88	3.191	1.62
2026-03-16	89	51.069	0.58
2026-03-16	9	5	0.58
2026-03-16	91	37.434	0.53
2026-03-16	92	12.297	0.64
2026-03-16	93	42	1.46
2026-03-16	94	8.995	2.08
2026-03-16	95	8.5	1.84
2026-03-16	96	2	1.82
2026-03-16	98	1.988	1.68
2026-03-16	99	2.307	2.28
2026-03-17	101	7.726	2.19
2026-03-17	103	1.901	1.62
2026-03-17	105	2.653	1.24
2026-03-17	106	8.579	1.45
2026-03-17	107	4.106	1.42
2026-03-17	11	3.313	3.16
2026-03-17	111	3.914	1.28
2026-03-17	112	2.984	1.91
2026-03-17	113	0.71	3.24
2026-03-17	114	15.096	2.19
2026-03-17	12	4.444	1.71
2026-03-17	121	44.204	0.93
2026-03-17	124	16.69	1.16
2026-03-17	125	5	1.74
2026-03-17	127	6	1.84
2026-03-17	130	5	1.39
2026-03-17	134	0.862	10.3
2026-03-17	135	0.582	9.6
2026-03-17	136	0.39	9.03
2026-03-17	137	0.621	13.1
2026-03-17	138	2.816	3.15
2026-03-17	139	0.414	10.35
2026-03-17	140	0.657	9.6
2026-03-17	142	0.556	4.78
2026-03-17	144	0.539	3.82
2026-03-17	145	0.264	15.9
2026-03-17	146	1.357	10.6
2026-03-17	149	0.546	3.66
2026-03-17	158	2	1.75
2026-03-17	165	3.671	3.65
2026-03-17	166	7	1.84
2026-03-17	167	5	1.18
2026-03-17	178	0.881	2.43
2026-03-17	18	14.531	0.98
2026-03-17	185	4	1.44
2026-03-17	187	3.948	4.04
2026-03-17	189	5	2.31
2026-03-17	190	11	2.31
2026-03-17	193	8	1.46
2026-03-17	194	10.918	2.07
2026-03-17	195	12	1.09
2026-03-17	196	5	2.31
2026-03-17	197	8.192	1.72
2026-03-17	198	10.759	0.87
2026-03-17	199	4.284	1.62
2026-03-17	207	2	0.94
2026-03-17	208	5	0.66
2026-03-17	209	3	0.88
2026-03-17	211	4	0.85
2026-03-17	213	3	2.02
2026-03-17	214	2	1.95
2026-03-17	216	1	2
2026-03-17	218	7	1.02
2026-03-17	219	3	0.71
2026-03-17	226	3	0.98
2026-03-17	23	4	0.94
2026-03-17	24	20.23	0.87
2026-03-17	249	6	1.64
2026-03-17	26	9.368	0.87
2026-03-17	27	2	1.91
2026-03-17	28	8	2.08
2026-03-17	30	5	1.39
2026-03-17	31	0.639	4.4
2026-03-17	33	7.974	1.15
2026-03-17	38	8.914	1.39
2026-03-17	39	3.418	3.3
2026-03-17	4	7	0.76
2026-03-17	40	3	1.53
2026-03-17	41	8.043	1.38
2026-03-17	42	9.566	0.99
2026-03-17	43	14.938	1.3
2026-03-17	44	15.992	1.28
2026-03-17	48	2	1.53
2026-03-17	49	2	2.19
2026-03-17	50	1	2.19
2026-03-17	52	30.871	0.7
2026-03-17	53	2	1.85
2026-03-17	54	4	1.85
2026-03-17	55	5	2.1
2026-03-17	56	5	2.6
2026-03-17	57	2	0.98
2026-03-17	58	1.989	1.9
2026-03-17	61	2	1.39
2026-03-17	65	3	1.04
2026-03-17	66	4	1.16
2026-03-17	68	1	1.51
2026-03-17	69	9	0.91
2026-03-17	70	4	1.1
2026-03-17	71	2	1.53
2026-03-17	72	6	0.69
2026-03-17	73	3	1.1
2026-03-17	75	5	1.19
2026-03-17	76	22	0.57
2026-03-17	77	3	1.67
2026-03-17	78	11	0.79
2026-03-17	79	7	1.07
2026-03-17	8	2	1.69
2026-03-17	81	9	0.72
2026-03-17	82	8	0.65
2026-03-17	83	3.948	1.72
2026-03-17	84	8	1.16
2026-03-17	87	4	1.04
2026-03-17	88	2.549	1.62
2026-03-17	89	40.862	0.58
2026-03-17	9	4	0.58
2026-03-17	91	29.943	0.53
2026-03-17	92	9.844	0.64
2026-03-17	93	33	1.46
2026-03-17	94	7.197	2.08
2026-03-17	95	6.799	1.84
2026-03-17	96	1.599	1.82
2026-03-17	98	1.589	1.68
2026-03-17	99	1.842	2.28
2026-03-18	101	7.342	2.19
2026-03-18	103	1.802	1.62
2026-03-18	105	2.524	1.24
2026-03-18	106	8.152	1.45
2026-03-18	107	3.901	1.42
2026-03-18	108	6.705	1.73
2026-03-18	11	3.149	3.16
2026-03-18	111	3.719	1.28
2026-03-18	112	2.832	1.91
2026-03-18	114	14.342	2.19
2026-03-18	12	4.222	1.71
2026-03-18	121	42	0.93
2026-03-18	124	15.853	1.16
2026-03-18	125	4	1.74
2026-03-18	127	6	1.84
2026-03-18	130	5	1.39
2026-03-18	134	0.818	10.3
2026-03-18	135	0.553	9.6
2026-03-18	136	0.37	9.03
2026-03-18	137	0.589	13.1
2026-03-18	138	2.673	3.15
2026-03-18	139	0.393	10.35
2026-03-18	14	0.478	0.69
2026-03-18	140	0.625	9.6
2026-03-18	142	0.527	4.78
2026-03-18	144	0.51	3.82
2026-03-18	145	0.251	15.9
2026-03-18	146	1.29	10.6
2026-03-18	149	0.519	3.66
2026-03-18	152	10	1.26
2026-03-18	158	2	1.75
2026-03-18	162	14	0.87
2026-03-18	165	3.488	3.65
2026-03-18	166	6	1.84
2026-03-18	167	5	1.18
2026-03-18	178	0.835	2.43
2026-03-18	18	13.806	0.98
2026-03-18	185	4	1.44
2026-03-18	187	3.75	4.04
2026-03-18	189	4	2.31
2026-03-18	190	10	2.31
2026-03-18	193	7	1.46
2026-03-18	194	10.372	2.07
2026-03-18	195	11	1.09
2026-03-18	196	4	2.31
2026-03-18	197	7.785	1.72
2026-03-18	198	10.218	0.87
2026-03-18	199	4.074	1.62
2026-03-18	205	5	2.47
2026-03-18	207	2	0.94
2026-03-18	208	4	0.66
2026-03-18	209	2	0.88
2026-03-18	211	3	0.85
2026-03-18	213	3	2.02
2026-03-18	214	2	1.95
2026-03-18	215	10	1.95
2026-03-18	216	1	2
2026-03-18	218	7	1.02
2026-03-18	219	3	0.71
2026-03-18	226	3	0.98
2026-03-18	23	4	0.94
2026-03-18	27	2	1.91
2026-03-18	28	8	2.08
2026-03-18	30	5	1.39
2026-03-18	31	0.607	4.4
2026-03-18	33	7.574	1.15
2026-03-18	38	8.468	1.39
2026-03-18	39	3.248	3.3
2026-03-18	4	7	0.76
2026-03-18	40	3	1.53
2026-03-18	41	7.638	1.38
2026-03-18	42	9.081	0.99
2026-03-18	43	14.192	1.3
2026-03-18	44	15.195	1.28
2026-03-18	48	2	1.53
2026-03-18	49	2	2.19
2026-03-18	50	1	2.19
2026-03-18	52	29.329	0.7
2026-03-18	53	2	1.85
2026-03-18	54	3	1.85
2026-03-18	55	5	2.1
2026-03-18	56	5	2.6
2026-03-18	57	2	0.98
2026-03-18	58	1.889	1.9
2026-03-18	61	2	1.39
2026-03-18	65	3	1.04
2026-03-18	66	4	1.16
2026-03-18	68	1	1.51
2026-03-18	69	9	0.91
2026-03-18	70	4	1.1
2026-03-18	71	2	1.53
2026-03-18	72	5	0.69
2026-03-18	73	3	1.1
2026-03-18	75	5	1.19
2026-03-18	76	21	0.57
2026-03-18	77	3	1.67
2026-03-18	78	10	0.79
2026-03-18	79	6	1.07
2026-03-18	8	2	1.69
2026-03-18	81	8	0.72
2026-03-18	82	7	0.65
2026-03-18	83	3.75	1.72
2026-03-18	84	8	1.16
2026-03-18	87	4	1.04
2026-03-18	88	2.426	1.62
2026-03-18	89	38.81	0.58
2026-03-18	9	4	0.58
2026-03-18	91	28.453	0.53
2026-03-18	92	9.344	0.64
2026-03-18	93	32	1.46
2026-03-18	94	6.837	2.08
2026-03-18	95	6.462	1.84
2026-03-18	96	1.522	1.82
2026-03-18	98	1.512	1.68
2026-03-18	99	1.75	2.28
2026-03-19	101	6.954	2.19
2026-03-19	103	1.71	1.62
2026-03-19	105	2.387	1.24
2026-03-19	106	7.724	1.45
2026-03-19	107	3.69	1.42
2026-03-19	11	2.981	3.16
2026-03-19	111	3.523	1.28
2026-03-19	112	2.686	1.91
2026-03-19	114	13.589	2.19
2026-03-19	12	4	1.71
2026-03-19	121	39.785	0.93
2026-03-19	124	15.026	1.16
2026-03-19	125	4	1.74
2026-03-19	127	5	1.84
2026-03-19	130	5	1.39
2026-03-19	134	0.776	10.3
2026-03-19	135	0.524	9.6
2026-03-19	136	0.351	9.03
2026-03-19	137	0.559	13.1
2026-03-19	138	2.533	3.15
2026-03-19	139	0.373	10.35
2026-03-19	140	0.592	9.6
2026-03-19	142	0.5	4.78
2026-03-19	143	6	2.13
2026-03-19	144	0.484	3.82
2026-03-19	145	0.238	15.9
2026-03-19	146	1.222	10.6
2026-03-19	149	0.492	3.66
2026-03-19	158	2	1.75
2026-03-19	165	3.304	3.65
2026-03-19	166	6	1.84
2026-03-19	167	5	1.18
2026-03-19	178	0.794	2.43
2026-03-19	18	13.082	0.98
2026-03-19	185	3	1.44
2026-03-19	187	3.552	4.04
2026-03-19	189	4	2.31
2026-03-19	190	10	2.31
2026-03-19	193	7	1.46
2026-03-19	194	9.826	2.07
2026-03-19	195	11	1.09
2026-03-19	196	4	2.31
2026-03-19	197	7.378	1.72
2026-03-19	198	9.678	0.87
2026-03-19	199	3.858	1.62
2026-03-19	204	6	2.08
2026-03-19	207	2	0.94
2026-03-19	208	4	0.66
2026-03-19	209	2	0.88
2026-03-19	211	3	0.85
2026-03-19	213	3	2.02
2026-03-19	214	2	1.95
2026-03-19	216	1	2
2026-03-19	218	7	1.02
2026-03-19	219	3	0.71
2026-03-19	226	2	0.98
2026-03-19	229	1	1.35
2026-03-19	23	4	0.94
2026-03-19	27	2	1.91
2026-03-19	28	7	2.08
2026-03-19	30	4	1.39
2026-03-19	31	0.575	4.4
2026-03-19	33	7.174	1.15
2026-03-19	38	8.022	1.39
2026-03-19	39	3.079	3.3
2026-03-19	4	6	0.76
2026-03-19	40	2	1.53
2026-03-19	41	7.239	1.38
2026-03-19	42	8.606	0.99
2026-03-19	43	13.446	1.3
2026-03-19	44	14.391	1.28
2026-03-19	48	2	1.53
2026-03-19	49	2	2.19
2026-03-19	50	1	2.19
2026-03-19	52	27.786	0.7
2026-03-19	53	2	1.85
2026-03-19	54	3	1.85
2026-03-19	55	5	2.1
2026-03-19	56	5	2.6
2026-03-19	57	2	0.98
2026-03-19	58	1.789	1.9
2026-03-19	61	2	1.39
2026-03-19	65	3	1.04
2026-03-19	66	3	1.16
2026-03-19	68	1	1.51
2026-03-19	69	8	0.91
2026-03-19	70	3	1.1
2026-03-19	71	2	1.53
2026-03-19	72	5	0.69
2026-03-19	73	3	1.1
2026-03-19	75	4	1.19
2026-03-19	76	20	0.57
2026-03-19	77	2	1.67
2026-03-19	78	10	0.79
2026-03-19	79	6	1.07
2026-03-19	8	2	1.69
2026-03-19	81	8	0.72
2026-03-19	82	7	0.65
2026-03-19	83	3.558	1.72
2026-03-19	84	7	1.16
2026-03-19	87	4	1.04
2026-03-19	88	2.296	1.62
2026-03-19	89	36.776	0.58
2026-03-19	9	4	0.58
2026-03-19	91	26.943	0.53
2026-03-19	92	8.859	0.64
2026-03-19	93	30	1.46
2026-03-19	94	6.476	2.08
2026-03-19	95	6.12	1.84
2026-03-19	96	1.44	1.82
2026-03-19	98	1.429	1.68
2026-03-19	99	1.658	2.28
2026-03-20	101	6.954	2.19
2026-03-20	103	1.71	1.62
2026-03-20	105	2.387	1.24
2026-03-20	106	7.724	1.45
2026-03-20	107	3.69	1.42
2026-03-20	11	2.981	3.16
2026-03-20	111	3.523	1.28
2026-03-20	112	2.686	1.91
2026-03-20	114	13.589	2.19
2026-03-20	117	11.13	1.46
2026-03-20	12	4	1.71
2026-03-20	121	39.785	0.93
2026-03-20	124	15.026	1.16
2026-03-20	125	4	1.74
2026-03-20	127	5	1.84
2026-03-20	128	11	1.67
2026-03-20	130	5	1.39
2026-03-20	134	0.776	10.3
2026-03-20	135	0.524	9.6
2026-03-20	136	0.351	9.03
2026-03-20	137	0.559	13.1
2026-03-20	138	2.533	3.15
2026-03-20	139	0.373	10.35
2026-03-20	140	0.592	9.6
2026-03-20	142	0.5	4.78
2026-03-20	144	0.484	3.82
2026-03-20	145	0.238	15.9
2026-03-20	146	1.222	10.6
2026-03-20	149	0.492	3.66
2026-03-20	158	2	1.75
2026-03-20	165	3.304	3.65
2026-03-20	166	6	1.84
2026-03-20	167	5	1.18
2026-03-20	178	0.794	2.43
2026-03-20	18	13.082	0.98
2026-03-20	185	3	1.44
2026-03-20	187	3.552	4.04
2026-03-20	189	4	2.31
2026-03-20	190	10	2.31
2026-03-20	193	7	1.46
2026-03-20	194	9.826	2.07
2026-03-20	195	11	1.09
2026-03-20	196	4	2.31
2026-03-20	197	7.378	1.72
2026-03-20	198	9.678	0.87
2026-03-20	199	3.858	1.62
2026-03-20	207	2	0.94
2026-03-20	208	4	0.66
2026-03-20	209	2	0.88
2026-03-20	211	3	0.85
2026-03-20	213	3	2.02
2026-03-20	214	2	1.95
2026-03-20	216	1	2
2026-03-20	218	7	1.02
2026-03-20	219	3	0.71
2026-03-20	226	2	0.98
2026-03-20	23	4	0.94
2026-03-20	27	2	1.91
2026-03-20	28	7	2.08
2026-03-20	30	4	1.39
2026-03-20	31	0.575	4.4
2026-03-20	33	7.174	1.15
2026-03-20	38	8.022	1.39
2026-03-20	39	3.079	3.3
2026-03-20	4	6	0.76
2026-03-20	40	2	1.53
2026-03-20	41	7.239	1.38
2026-03-20	42	8.606	0.99
2026-03-20	43	13.446	1.3
2026-03-20	44	14.391	1.28
2026-03-20	46	5.384	2.19
2026-03-20	48	2	1.53
2026-03-20	49	2	2.19
2026-03-20	50	1	2.19
2026-03-20	52	27.786	0.7
2026-03-20	53	2	1.85
2026-03-20	54	3	1.85
2026-03-20	55	5	2.1
2026-03-20	56	5	2.6
2026-03-20	57	2	0.98
2026-03-20	58	1.789	1.9
2026-03-20	61	2	1.39
2026-03-20	65	3	1.04
2026-03-20	66	3	1.16
2026-03-20	68	1	1.51
2026-03-20	69	8	0.91
2026-03-20	70	3	1.1
2026-03-20	71	2	1.53
2026-03-20	72	5	0.69
2026-03-20	73	3	1.1
2026-03-20	75	4	1.19
2026-03-20	76	20	0.57
2026-03-20	77	2	1.67
2026-03-20	78	10	0.79
2026-03-20	79	6	1.07
2026-03-20	8	2	1.69
2026-03-20	81	8	0.72
2026-03-20	82	7	0.65
2026-03-20	83	3.558	1.72
2026-03-20	84	7	1.16
2026-03-20	87	4	1.04
2026-03-20	88	2.296	1.62
2026-03-20	89	36.776	0.58
2026-03-20	9	4	0.58
2026-03-20	91	26.943	0.53
2026-03-20	92	8.859	0.64
2026-03-20	93	30	1.46
2026-03-20	94	6.476	2.08
2026-03-20	95	6.12	1.84
2026-03-20	96	1.44	1.82
2026-03-20	98	1.429	1.68
2026-03-20	99	1.658	2.28
2026-03-23	101	9.658	2.19
2026-03-23	103	2.377	1.62
2026-03-23	105	3.323	1.24
2026-03-23	106	10.724	1.45
2026-03-23	107	5.127	1.42
2026-03-23	11	4.142	3.16
2026-03-23	111	4.898	1.28
2026-03-23	112	3.728	1.91
2026-03-23	114	18.872	2.19
2026-03-23	12	5.556	1.71
2026-03-23	121	55.258	0.93
2026-03-23	124	20.862	1.16
2026-03-23	125	6	1.74
2026-03-23	127	7	1.84
2026-03-23	130	7	1.39
2026-03-23	133	9	1.1
2026-03-23	134	1.078	10.3
2026-03-23	135	0.728	9.6
2026-03-23	136	0.487	9.03
2026-03-23	137	0.776	13.1
2026-03-23	138	3.521	3.15
2026-03-23	139	0.518	10.35
2026-03-23	140	0.822	9.6
2026-03-23	142	0.695	4.78
2026-03-23	144	0.673	3.82
2026-03-23	145	0.33	15.9
2026-03-23	146	1.696	10.6
2026-03-23	149	0.68	3.66
2026-03-23	158	3	1.75
2026-03-23	165	4.589	3.65
2026-03-23	166	9	1.84
2026-03-23	167	7	1.18
2026-03-23	175	9	1.1
2026-03-23	178	1.103	2.43
2026-03-23	18	18.163	0.98
2026-03-23	185	5	1.44
2026-03-23	187	4.936	4.04
2026-03-23	189	6	2.31
2026-03-23	190	13	2.31
2026-03-23	193	9	1.46
2026-03-23	194	13.652	2.07
2026-03-23	195	15	1.09
2026-03-23	196	6	2.31
2026-03-23	197	10.244	1.72
2026-03-23	198	13.437	0.87
2026-03-23	199	5.358	1.62
2026-03-23	200	3	1.68
2026-03-23	202	5	2.14
2026-03-23	207	3	0.94
2026-03-23	208	6	0.66
2026-03-23	209	3	0.88
2026-03-23	211	5	0.85
2026-03-23	213	4	2.02
2026-03-23	214	2	1.95
2026-03-23	216	2	2
2026-03-23	218	9	1.02
2026-03-23	219	4	0.71
2026-03-23	226	3	0.98
2026-03-23	23	5	0.94
2026-03-23	27	3	1.91
2026-03-23	28	10	2.08
2026-03-23	30	6	1.39
2026-03-23	31	0.798	4.4
2026-03-23	33	9.965	1.15
2026-03-23	38	11.144	1.39
2026-03-23	39	4.276	3.3
2026-03-23	4	9	0.76
2026-03-23	40	3	1.53
2026-03-23	41	10.051	1.38
2026-03-23	42	11.949	0.99
2026-03-23	43	18.677	1.3
2026-03-23	44	19.992	1.28
2026-03-23	47	4.804	2.19
2026-03-23	48	3	1.53
2026-03-23	49	2	2.19
2026-03-23	50	2	2.19
2026-03-23	52	38.586	0.7
2026-03-23	53	2	1.85
2026-03-23	54	4	1.85
2026-03-23	55	7	2.1
2026-03-23	56	6	2.6
2026-03-23	57	3	0.98
2026-03-23	58	2.489	1.9
2026-03-23	60	7	2.02
2026-03-23	61	3	1.39
2026-03-23	65	4	1.04
2026-03-23	66	5	1.16
2026-03-23	68	2	1.51
2026-03-23	69	11	0.91
2026-03-23	70	5	1.1
2026-03-23	71	3	1.53
2026-03-23	72	7	0.69
2026-03-23	73	4	1.1
2026-03-23	75	6	1.19
2026-03-23	76	28	0.57
2026-03-23	77	3	1.67
2026-03-23	78	14	0.79
2026-03-23	79	8	1.07
2026-03-23	8	2	1.69
2026-03-23	81	11	0.72
2026-03-23	82	10	0.65
2026-03-23	83	4.936	1.72
2026-03-23	84	10	1.16
2026-03-23	87	6	1.04
2026-03-23	88	3.191	1.62
2026-03-23	89	51.069	0.58
2026-03-23	9	5	0.58
2026-03-23	91	37.434	0.53
2026-03-23	92	12.297	0.64
2026-03-23	93	42	1.46
2026-03-23	94	8.995	2.08
2026-03-23	95	8.5	1.84
2026-03-23	96	2	1.82
2026-03-23	98	1.988	1.68
2026-03-23	99	2.307	2.28
2026-03-24	100	6.832	1.96
2026-03-24	101	7.726	2.19
2026-03-24	103	1.901	1.62
2026-03-24	105	2.653	1.24
2026-03-24	106	8.579	1.45
2026-03-24	107	4.106	1.42
2026-03-24	11	3.313	3.16
2026-03-24	111	3.914	1.28
2026-03-24	112	2.984	1.91
2026-03-24	114	15.096	2.19
2026-03-24	12	4.444	1.71
2026-03-24	121	44.204	0.93
2026-03-24	124	16.69	1.16
2026-03-24	125	5	1.74
2026-03-24	127	6	1.84
2026-03-24	130	5	1.39
2026-03-24	134	0.862	10.3
2026-03-24	135	0.582	9.6
2026-03-24	136	0.39	9.03
2026-03-24	137	0.621	13.1
2026-03-24	138	2.816	3.15
2026-03-24	139	0.414	10.35
2026-03-24	140	0.657	9.6
2026-03-24	142	0.556	4.78
2026-03-24	144	0.539	3.82
2026-03-24	145	0.264	15.9
2026-03-24	146	1.357	10.6
2026-03-24	149	0.546	3.66
2026-03-24	158	2	1.75
2026-03-24	165	3.671	3.65
2026-03-24	166	7	1.84
2026-03-24	167	5	1.18
2026-03-24	17	11	1.24
2026-03-24	178	0.881	2.43
2026-03-24	18	14.531	0.98
2026-03-24	185	4	1.44
2026-03-24	187	3.948	4.04
2026-03-24	189	5	2.31
2026-03-24	190	11	2.31
2026-03-24	193	8	1.46
2026-03-24	194	10.918	2.07
2026-03-24	195	12	1.09
2026-03-24	196	5	2.31
2026-03-24	197	8.192	1.72
2026-03-24	198	10.759	0.87
2026-03-24	199	4.284	1.62
2026-03-24	207	2	0.94
2026-03-24	208	5	0.66
2026-03-24	209	3	0.88
2026-03-24	211	4	0.85
2026-03-24	213	3	2.02
2026-03-24	214	2	1.95
2026-03-24	216	1	2
2026-03-24	218	7	1.02
2026-03-24	219	3	0.71
2026-03-24	226	3	0.98
2026-03-24	23	4	0.94
2026-03-24	232	1	1.1
2026-03-24	236	9	2.05
2026-03-24	27	2	1.91
2026-03-24	28	8	2.08
2026-03-24	30	5	1.39
2026-03-24	31	0.639	4.4
2026-03-24	33	7.974	1.15
2026-03-24	38	8.914	1.39
2026-03-24	39	3.418	3.3
2026-03-24	4	7	0.76
2026-03-24	40	3	1.53
2026-03-24	41	8.043	1.38
2026-03-24	42	9.566	0.99
2026-03-24	43	14.938	1.3
2026-03-24	44	15.992	1.28
2026-03-24	46	5.384	2.19
2026-03-24	48	2	1.53
2026-03-24	49	2	2.19
2026-03-24	50	1	2.19
2026-03-24	52	30.871	0.7
2026-03-24	53	2	1.85
2026-03-24	54	4	1.85
2026-03-24	55	5	2.1
2026-03-24	56	5	2.6
2026-03-24	57	2	0.98
2026-03-24	58	1.989	1.9
2026-03-24	61	2	1.39
2026-03-24	65	3	1.04
2026-03-24	66	4	1.16
2026-03-24	68	1	1.51
2026-03-24	69	9	0.91
2026-03-24	70	4	1.1
2026-03-24	71	2	1.53
2026-03-24	72	6	0.69
2026-03-24	73	3	1.1
2026-03-24	75	5	1.19
2026-03-24	76	22	0.57
2026-03-24	77	3	1.67
2026-03-24	78	11	0.79
2026-03-24	79	7	1.07
2026-03-24	8	2	1.69
2026-03-24	81	9	0.72
2026-03-24	82	8	0.65
2026-03-24	83	3.948	1.72
2026-03-24	84	8	1.16
2026-03-24	87	4	1.04
2026-03-24	88	2.549	1.62
2026-03-24	89	40.862	0.58
2026-03-24	9	4	0.58
2026-03-24	91	29.943	0.53
2026-03-24	92	9.844	0.64
2026-03-24	93	33	1.46
2026-03-24	94	7.197	2.08
2026-03-24	95	6.799	1.84
2026-03-24	96	1.599	1.82
2026-03-24	98	1.589	1.68
2026-03-24	99	1.842	2.28
2026-03-25	101	7.342	2.19
2026-03-25	103	1.802	1.62
2026-03-25	105	2.524	1.24
2026-03-25	106	8.152	1.45
2026-03-25	107	3.901	1.42
2026-03-25	11	3.149	3.16
2026-03-25	111	3.719	1.28
2026-03-25	112	2.832	1.91
2026-03-25	114	14.342	2.19
2026-03-25	12	4.222	1.71
2026-03-25	121	42	0.93
2026-03-25	124	15.853	1.16
2026-03-25	125	4	1.74
2026-03-25	127	6	1.84
2026-03-25	130	5	1.39
2026-03-25	134	0.818	10.3
2026-03-25	135	0.553	9.6
2026-03-25	136	0.37	9.03
2026-03-25	137	0.589	13.1
2026-03-25	138	2.673	3.15
2026-03-25	139	0.393	10.35
2026-03-25	140	0.625	9.6
2026-03-25	141	2.51	8.74
2026-03-25	142	0.527	4.78
2026-03-25	144	0.51	3.82
2026-03-25	145	0.251	15.9
2026-03-25	146	1.29	10.6
2026-03-25	149	0.519	3.66
2026-03-25	158	2	1.75
2026-03-25	159	4	1.31
2026-03-25	162	14	0.87
2026-03-25	165	3.488	3.65
2026-03-25	166	6	1.84
2026-03-25	167	5	1.18
2026-03-25	178	0.835	2.43
2026-03-25	18	13.806	0.98
2026-03-25	185	4	1.44
2026-03-25	186	8	1.66
2026-03-25	187	3.75	4.04
2026-03-25	189	4	2.31
2026-03-25	190	10	2.31
2026-03-25	193	7	1.46
2026-03-25	194	10.372	2.07
2026-03-25	195	11	1.09
2026-03-25	196	4	2.31
2026-03-25	197	7.785	1.72
2026-03-25	198	10.218	0.87
2026-03-25	199	4.074	1.62
2026-03-25	207	2	0.94
2026-03-25	208	4	0.66
2026-03-25	209	2	0.88
2026-03-25	21	16	0.76
2026-03-25	211	3	0.85
2026-03-25	213	3	2.02
2026-03-25	214	2	1.95
2026-03-25	216	1	2
2026-03-25	218	7	1.02
2026-03-25	219	3	0.71
2026-03-25	226	3	0.98
2026-03-25	23	4	0.94
2026-03-25	27	2	1.91
2026-03-25	28	8	2.08
2026-03-25	30	5	1.39
2026-03-25	31	0.607	4.4
2026-03-25	33	7.574	1.15
2026-03-25	38	8.468	1.39
2026-03-25	39	3.248	3.3
2026-03-25	4	7	0.76
2026-03-25	40	3	1.53
2026-03-25	41	7.638	1.38
2026-03-25	42	9.081	0.99
2026-03-25	43	14.192	1.3
2026-03-25	44	15.195	1.28
2026-03-25	48	2	1.53
2026-03-25	49	2	2.19
2026-03-25	50	1	2.19
2026-03-25	52	29.329	0.7
2026-03-25	53	2	1.85
2026-03-25	54	3	1.85
2026-03-25	55	5	2.1
2026-03-25	56	5	2.6
2026-03-25	57	2	0.98
2026-03-25	58	1.889	1.9
2026-03-25	61	2	1.39
2026-03-25	65	3	1.04
2026-03-25	66	4	1.16
2026-03-25	68	1	1.51
2026-03-25	69	9	0.91
2026-03-25	70	4	1.1
2026-03-25	71	2	1.53
2026-03-25	72	5	0.69
2026-03-25	73	3	1.1
2026-03-25	75	5	1.19
2026-03-25	76	21	0.57
2026-03-25	77	3	1.67
2026-03-25	78	10	0.79
2026-03-25	79	6	1.07
2026-03-25	8	2	1.69
2026-03-25	81	8	0.72
2026-03-25	82	7	0.65
2026-03-25	83	3.75	1.72
2026-03-25	84	8	1.16
2026-03-25	87	4	1.04
2026-03-25	88	2.426	1.62
2026-03-25	89	38.81	0.58
2026-03-25	9	4	0.58
2026-03-25	91	28.453	0.53
2026-03-25	92	9.344	0.64
2026-03-25	93	32	1.46
2026-03-25	94	6.837	2.08
2026-03-25	95	6.462	1.84
2026-03-25	96	1.522	1.82
2026-03-25	98	1.512	1.68
2026-03-25	99	1.75	2.28
2026-03-26	101	6.954	2.19
2026-03-26	103	1.71	1.62
2026-03-26	104	0.146	1.57
2026-03-26	105	2.387	1.24
2026-03-26	106	7.724	1.45
2026-03-26	107	3.69	1.42
2026-03-26	11	2.981	3.16
2026-03-26	111	3.523	1.28
2026-03-26	112	2.686	1.91
2026-03-26	114	13.589	2.19
2026-03-26	12	4	1.71
2026-03-26	121	39.785	0.93
2026-03-26	124	15.026	1.16
2026-03-26	125	4	1.74
2026-03-26	127	5	1.84
2026-03-26	130	5	1.39
2026-03-26	134	0.776	10.3
2026-03-26	135	0.524	9.6
2026-03-26	136	0.351	9.03
2026-03-26	137	0.559	13.1
2026-03-26	138	2.533	3.15
2026-03-26	139	0.373	10.35
2026-03-26	140	0.592	9.6
2026-03-26	142	0.5	4.78
2026-03-26	144	0.484	3.82
2026-03-26	145	0.238	15.9
2026-03-26	146	1.222	10.6
2026-03-26	149	0.492	3.66
2026-03-26	158	2	1.75
2026-03-26	165	3.304	3.65
2026-03-26	166	6	1.84
2026-03-26	167	5	1.18
2026-03-26	178	0.794	2.43
2026-03-26	18	13.082	0.98
2026-03-26	185	3	1.44
2026-03-26	186	8	1.66
2026-03-26	187	3.552	4.04
2026-03-26	189	4	2.31
2026-03-26	190	10	2.31
2026-03-26	193	7	1.46
2026-03-26	194	9.826	2.07
2026-03-26	195	11	1.09
2026-03-26	196	4	2.31
2026-03-26	197	7.378	1.72
2026-03-26	198	9.678	0.87
2026-03-26	199	3.858	1.62
2026-03-26	203	5	1.99
2026-03-26	205	5	2.47
2026-03-26	207	2	0.94
2026-03-26	208	4	0.66
2026-03-26	209	2	0.88
2026-03-26	211	3	0.85
2026-03-26	213	3	2.02
2026-03-26	214	2	1.95
2026-03-26	216	1	2
2026-03-26	218	7	1.02
2026-03-26	219	3	0.71
2026-03-26	226	2	0.98
2026-03-26	23	4	0.94
2026-03-26	27	2	1.91
2026-03-26	28	7	2.08
2026-03-26	30	4	1.39
2026-03-26	31	0.575	4.4
2026-03-26	33	7.174	1.15
2026-03-26	38	8.022	1.39
2026-03-26	39	3.079	3.3
2026-03-26	4	6	0.76
2026-03-26	40	2	1.53
2026-03-26	41	7.239	1.38
2026-03-26	42	8.606	0.99
2026-03-26	43	13.446	1.3
2026-03-26	44	14.391	1.28
2026-03-26	48	2	1.53
2026-03-26	49	2	2.19
2026-03-26	50	1	2.19
2026-03-26	52	27.786	0.7
2026-03-26	53	2	1.85
2026-03-26	54	3	1.85
2026-03-26	55	5	2.1
2026-03-26	56	5	2.6
2026-03-26	57	2	0.98
2026-03-26	58	1.789	1.9
2026-03-26	60	7	2.02
2026-03-26	61	2	1.39
2026-03-26	65	3	1.04
2026-03-26	66	3	1.16
2026-03-26	68	1	1.51
2026-03-26	69	8	0.91
2026-03-26	70	3	1.1
2026-03-26	71	2	1.53
2026-03-26	72	5	0.69
2026-03-26	73	3	1.1
2026-03-26	75	4	1.19
2026-03-26	76	20	0.57
2026-03-26	77	2	1.67
2026-03-26	78	10	0.79
2026-03-26	79	6	1.07
2026-03-26	8	2	1.69
2026-03-26	81	8	0.72
2026-03-26	82	7	0.65
2026-03-26	83	3.558	1.72
2026-03-26	84	7	1.16
2026-03-26	87	4	1.04
2026-03-26	88	2.296	1.62
2026-03-26	89	36.776	0.58
2026-03-26	9	4	0.58
2026-03-26	91	26.943	0.53
2026-03-26	92	8.859	0.64
2026-03-26	93	30	1.46
2026-03-26	94	6.476	2.08
2026-03-26	95	6.12	1.84
2026-03-26	96	1.44	1.82
2026-03-26	97	8.039	1.28
2026-03-26	98	1.429	1.68
2026-03-26	99	1.658	2.28
2026-03-27	101	6.954	2.19
2026-03-27	102	8.383	1.28
2026-03-27	103	1.71	1.62
2026-03-27	105	2.387	1.24
2026-03-27	106	7.724	1.45
2026-03-27	107	3.69	1.42
2026-03-27	11	2.981	3.16
2026-03-27	111	3.523	1.28
2026-03-27	112	2.686	1.91
2026-03-27	114	13.589	2.19
2026-03-27	118	7.301	2.19
2026-03-27	12	4	1.71
2026-03-27	121	39.785	0.93
2026-03-27	124	15.026	1.16
2026-03-27	125	4	1.74
2026-03-27	127	5	1.84
2026-03-27	130	5	1.39
2026-03-27	134	0.776	10.3
2026-03-27	135	0.524	9.6
2026-03-27	136	0.351	9.03
2026-03-27	137	0.559	13.1
2026-03-27	138	2.533	3.15
2026-03-27	139	0.373	10.35
2026-03-27	140	0.592	9.6
2026-03-27	142	0.5	4.78
2026-03-27	144	0.484	3.82
2026-03-27	145	0.238	15.9
2026-03-27	146	1.222	10.6
2026-03-27	149	0.492	3.66
2026-03-27	154	13	1.44
2026-03-27	158	2	1.75
2026-03-27	165	3.304	3.65
2026-03-27	166	6	1.84
2026-03-27	167	5	1.18
2026-03-27	178	0.794	2.43
2026-03-27	18	13.082	0.98
2026-03-27	185	3	1.44
2026-03-27	187	3.552	4.04
2026-03-27	189	4	2.31
2026-03-27	190	10	2.31
2026-03-27	193	7	1.46
2026-03-27	194	9.826	2.07
2026-03-27	195	11	1.09
2026-03-27	196	4	2.31
2026-03-27	197	7.378	1.72
2026-03-27	198	9.678	0.87
2026-03-27	199	3.858	1.62
2026-03-27	207	2	0.94
2026-03-27	208	4	0.66
2026-03-27	209	2	0.88
2026-03-27	211	3	0.85
2026-03-27	213	3	2.02
2026-03-27	214	2	1.95
2026-03-27	216	1	2
2026-03-27	218	7	1.02
2026-03-27	219	3	0.71
2026-03-27	220	2	2.01
2026-03-27	226	2	0.98
2026-03-27	23	4	0.94
2026-03-27	27	2	1.91
2026-03-27	28	7	2.08
2026-03-27	30	4	1.39
2026-03-27	31	0.575	4.4
2026-03-27	33	7.174	1.15
2026-03-27	38	8.022	1.39
2026-03-27	39	3.079	3.3
2026-03-27	4	6	0.76
2026-03-27	40	2	1.53
2026-03-27	41	7.239	1.38
2026-03-27	42	8.606	0.99
2026-03-27	43	13.446	1.3
2026-03-27	44	14.391	1.28
2026-03-27	48	2	1.53
2026-03-27	49	2	2.19
2026-03-27	50	1	2.19
2026-03-27	52	27.786	0.7
2026-03-27	53	2	1.85
2026-03-27	54	3	1.85
2026-03-27	55	5	2.1
2026-03-27	56	5	2.6
2026-03-27	57	2	0.98
2026-03-27	58	1.789	1.9
2026-03-27	61	2	1.39
2026-03-27	65	3	1.04
2026-03-27	66	3	1.16
2026-03-27	68	1	1.51
2026-03-27	69	8	0.91
2026-03-27	70	3	1.1
2026-03-27	71	2	1.53
2026-03-27	72	5	0.69
2026-03-27	73	3	1.1
2026-03-27	75	4	1.19
2026-03-27	76	20	0.57
2026-03-27	77	2	1.67
2026-03-27	78	10	0.79
2026-03-27	79	6	1.07
2026-03-27	8	2	1.69
2026-03-27	81	8	0.72
2026-03-27	82	7	0.65
2026-03-27	83	3.558	1.72
2026-03-27	84	7	1.16
2026-03-27	87	4	1.04
2026-03-27	88	2.296	1.62
2026-03-27	89	36.776	0.58
2026-03-27	9	4	0.58
2026-03-27	91	26.943	0.53
2026-03-27	92	8.859	0.64
2026-03-27	93	30	1.46
2026-03-27	94	6.476	2.08
2026-03-27	95	6.12	1.84
2026-03-27	96	1.44	1.82
2026-03-27	98	1.429	1.68
2026-03-27	99	1.658	2.28
2026-03-30	101	9.658	2.19
2026-03-30	103	2.377	1.62
2026-03-30	105	3.323	1.24
2026-03-30	106	10.724	1.45
2026-03-30	107	5.127	1.42
2026-03-30	11	4.142	3.16
2026-03-30	111	4.898	1.28
2026-03-30	112	3.728	1.91
2026-03-30	114	18.872	2.19
2026-03-30	117	11.123	1.46
2026-03-30	12	5.556	1.71
2026-03-30	121	55.258	0.93
2026-03-30	124	20.862	1.16
2026-03-30	125	6	1.74
2026-03-30	127	7	1.84
2026-03-30	130	7	1.39
2026-03-30	134	1.078	10.3
2026-03-30	135	0.728	9.6
2026-03-30	136	0.487	9.03
2026-03-30	137	0.776	13.1
2026-03-30	138	3.521	3.15
2026-03-30	139	0.518	10.35
2026-03-30	140	0.822	9.6
2026-03-30	142	0.695	4.78
2026-03-30	144	0.673	3.82
2026-03-30	145	0.33	15.9
2026-03-30	146	1.696	10.6
2026-03-30	149	0.68	3.66
2026-03-30	153	13	1.54
2026-03-30	155	23	0.57
2026-03-30	158	3	1.75
2026-03-30	165	4.589	3.65
2026-03-30	166	9	1.84
2026-03-30	167	7	1.18
2026-03-30	178	1.103	2.43
2026-03-30	18	18.163	0.98
2026-03-30	185	5	1.44
2026-03-30	187	4.936	4.04
2026-03-30	189	6	2.31
2026-03-30	190	13	2.31
2026-03-30	193	9	1.46
2026-03-30	194	13.652	2.07
2026-03-30	195	15	1.09
2026-03-30	196	6	2.31
2026-03-30	197	10.244	1.72
2026-03-30	198	13.437	0.87
2026-03-30	199	5.358	1.62
2026-03-30	207	3	0.94
2026-03-30	208	6	0.66
2026-03-30	209	3	0.88
2026-03-30	211	5	0.85
2026-03-30	213	4	2.02
2026-03-30	214	2	1.95
2026-03-30	216	2	2
2026-03-30	218	9	1.02
2026-03-30	219	4	0.71
2026-03-30	221	4	1.71
2026-03-30	222	10	1.9
2026-03-30	224	18	0.72
2026-03-30	226	3	0.98
2026-03-30	227	18	1.19
2026-03-30	23	5	0.94
2026-03-30	24	20.23	0.87
2026-03-30	27	3	1.91
2026-03-30	28	10	2.08
2026-03-30	30	6	1.39
2026-03-30	31	0.798	4.4
2026-03-30	33	9.965	1.15
2026-03-30	38	11.144	1.39
2026-03-30	39	4.276	3.3
2026-03-30	4	9	0.76
2026-03-30	40	3	1.53
2026-03-30	41	10.051	1.38
2026-03-30	42	11.949	0.99
2026-03-30	43	18.677	1.3
2026-03-30	44	19.992	1.28
2026-03-30	48	3	1.53
2026-03-30	49	2	2.19
2026-03-30	50	2	2.19
2026-03-30	52	38.586	0.7
2026-03-30	53	2	1.85
2026-03-30	54	4	1.85
2026-03-30	55	7	2.1
2026-03-30	56	6	2.6
2026-03-30	57	3	0.98
2026-03-30	58	2.489	1.9
2026-03-30	61	3	1.39
2026-03-30	65	4	1.04
2026-03-30	66	5	1.16
2026-03-30	68	2	1.51
2026-03-30	69	11	0.91
2026-03-30	70	5	1.1
2026-03-30	71	3	1.53
2026-03-30	72	7	0.69
2026-03-30	73	4	1.1
2026-03-30	75	6	1.19
2026-03-30	76	28	0.57
2026-03-30	77	3	1.67
2026-03-30	78	14	0.79
2026-03-30	79	8	1.07
2026-03-30	8	2	1.69
2026-03-30	81	11	0.72
2026-03-30	82	10	0.65
2026-03-30	83	4.936	1.72
2026-03-30	84	10	1.16
2026-03-30	87	6	1.04
2026-03-30	88	3.191	1.62
2026-03-30	89	51.069	0.58
2026-03-30	9	5	0.58
2026-03-30	91	37.434	0.53
2026-03-30	92	12.297	0.64
2026-03-30	93	42	1.46
2026-03-30	94	8.995	2.08
2026-03-30	95	8.5	1.84
2026-03-30	96	2	1.82
2026-03-30	98	1.988	1.68
2026-03-30	99	2.307	2.28
2026-03-31	100	6.837	1.96
2026-03-31	101	7.731	2.19
2026-03-31	103	1.895	1.62
2026-03-31	105	2.685	1.24
2026-03-31	106	8.593	1.45
2026-03-31	107	4.113	1.42
2026-03-31	11	3.32	3.16
2026-03-31	111	3.922	1.28
2026-03-31	112	2.958	1.91
2026-03-31	114	15.073	2.19
2026-03-31	12	4.398	1.71
2026-03-31	121	44.269	0.93
2026-03-31	124	16.716	1.16
2026-03-31	125	5	1.74
2026-03-31	127	6	1.84
2026-03-31	130	5	1.39
2026-03-31	134	0.86	10.3
2026-03-31	135	0.583	9.6
2026-03-31	136	0.384	9.03
2026-03-31	137	0.62	13.1
2026-03-31	138	2.816	3.15
2026-03-31	139	0.411	10.35
2026-03-31	140	0.659	9.6
2026-03-31	142	0.556	4.78
2026-03-31	144	0.534	3.82
2026-03-31	145	0.264	15.9
2026-03-31	146	1.354	10.6
2026-03-31	149	0.53	3.66
2026-03-31	158	2	1.75
2026-03-31	16	23.782	0.87
2026-03-31	165	3.658	3.65
2026-03-31	166	7	1.84
2026-03-31	167	5	1.18
2026-03-31	178	0.864	2.43
2026-03-31	18	14.52	0.98
2026-03-31	185	4	1.44
2026-03-31	187	3.953	4.04
2026-03-31	189	5	2.31
2026-03-31	190	11	2.31
2026-03-31	193	8	1.46
2026-03-31	194	10.942	2.07
2026-03-31	195	12	1.09
2026-03-31	196	5	2.31
2026-03-31	197	8.18	1.72
2026-03-31	198	10.747	0.87
2026-03-31	199	4.284	1.62
2026-03-31	206	13	1.36
2026-03-31	207	2	0.94
2026-03-31	208	5	0.66
2026-03-31	209	3	0.88
2026-03-31	211	4	0.85
2026-03-31	213	3	2.02
2026-03-31	214	2	1.95
2026-03-31	216	1	2
2026-03-31	218	7	1.02
2026-03-31	219	3	0.71
2026-03-31	224	18	0.72
2026-03-31	226	3	0.98
2026-03-31	23	4	0.94
2026-03-31	27	2	1.91
2026-03-31	28	8	2.08
2026-03-31	3	18	1.08
2026-03-31	30	5	1.39
2026-03-31	31	0.63	4.4
2026-03-31	33	7.965	1.15
2026-03-31	38	8.971	1.39
2026-03-31	39	3.409	3.3
2026-03-31	4	7	0.76
2026-03-31	40	3	1.53
2026-03-31	41	8.058	1.38
2026-03-31	42	9.556	0.99
2026-03-31	43	14.915	1.3
2026-03-31	44	15.969	1.28
2026-03-31	48	2	1.53
2026-03-31	49	2	2.19
2026-03-31	50	1	2.19
2026-03-31	52	30.829	0.7
2026-03-31	53	2	1.85
2026-03-31	54	4	1.85
2026-03-31	55	5	2.1
2026-03-31	56	5	2.6
2026-03-31	57	2	0.98
2026-03-31	58	2	1.9
2026-03-31	61	2	1.39
2026-03-31	62	10	1.35
2026-03-31	65	3	1.04
2026-03-31	66	4	1.16
2026-03-31	68	1	1.51
2026-03-31	69	9	0.91
2026-03-31	70	4	1.1
2026-03-31	71	2	1.53
2026-03-31	72	6	0.69
2026-03-31	73	3	1.1
2026-03-31	75	5	1.19
2026-03-31	76	22	0.57
2026-03-31	77	3	1.67
2026-03-31	78	11	0.79
2026-03-31	79	7	1.07
2026-03-31	8	2	1.69
2026-03-31	81	8	0.72
2026-03-31	82	8	0.65
2026-03-31	83	3.959	1.72
2026-03-31	84	8	1.16
2026-03-31	87	4	1.04
2026-03-31	88	2.543	1.62
2026-03-31	89	40.897	0.58
2026-03-31	9	4	0.58
2026-03-31	91	30	0.53
2026-03-31	92	9.875	0.64
2026-03-31	93	33	1.46
2026-03-31	94	7.212	2.08
2026-03-31	95	6.832	1.84
2026-03-31	96	1.61	1.82
2026-03-31	98	1.613	1.68
2026-03-31	99	1.86	2.28
2026-04-01	101	6.986	2.19
2026-04-01	103	1.716	1.62
2026-04-01	105	2.403	1.24
2026-04-01	106	7.759	1.45
2026-04-01	107	3.711	1.42
2026-04-01	11	2.997	3.16
2026-04-01	111	3.539	1.28
2026-04-01	112	2.696	1.91
2026-04-01	114	13.648	2.19
2026-04-01	12	4.018	1.71
2026-04-01	121	39.968	0.93
2026-04-01	124	15.095	1.16
2026-04-01	125	4	1.74
2026-04-01	127	5	1.84
2026-04-01	130	5	1.39
2026-04-01	134	0.78	10.3
2026-04-01	135	0.526	9.6
2026-04-01	136	0.352	9.03
2026-04-01	137	0.561	13.1
2026-04-01	138	2.546	3.15
2026-04-01	139	0.374	10.35
2026-04-01	140	0.595	9.6
2026-04-01	142	0.502	4.78
2026-04-01	144	5.594	3.82
2026-04-01	145	0.238	15.9
2026-04-01	146	1.226	10.6
2026-04-01	153	12	1.54
2026-04-01	158	2	1.75
2026-04-01	165	3.318	3.65
2026-04-01	166	6	1.84
2026-04-01	167	5	1.18
2026-04-01	178	0.794	2.43
2026-04-01	18	13.133	0.98
2026-04-01	185	3	1.44
2026-04-01	187	3.569	4.04
2026-04-01	189	4	2.31
2026-04-01	190	10	2.31
2026-04-01	193	7	1.46
2026-04-01	194	9.874	2.07
2026-04-01	195	11	1.09
2026-04-01	196	4	2.31
2026-04-01	197	7.407	1.72
2026-04-01	198	9.724	0.87
2026-04-01	199	3.877	1.62
2026-04-01	206	12	1.36
2026-04-01	207	2	0.94
2026-04-01	208	4	0.66
2026-04-01	209	2	0.88
2026-04-01	211	3	0.85
2026-04-01	213	3	2.02
2026-04-01	214	2	1.95
2026-04-01	216	1	2
2026-04-01	218	7	1.02
2026-04-01	219	3	0.71
2026-04-01	226	2	0.98
2026-04-01	23	4	0.94
2026-04-01	231	5	0.98
2026-04-01	236	8	2.05
2026-04-01	27	2	1.91
2026-04-01	28	7	2.08
2026-04-01	30	4	1.39
2026-04-01	31	0.577	4.4
2026-04-01	33	7.209	1.15
2026-04-01	38	8.058	1.39
2026-04-01	39	3.091	3.3
2026-04-01	4	6	0.76
2026-04-01	40	2	1.53
2026-04-01	41	7.268	1.38
2026-04-01	42	8.646	0.99
2026-04-01	43	13.508	1.3
2026-04-01	44	14.453	1.28
2026-04-01	48	2	1.53
2026-04-01	49	2	2.19
2026-04-01	50	1	2.19
2026-04-01	52	27.914	0.7
2026-04-01	53	2	1.85
2026-04-01	54	3	1.85
2026-04-01	55	5	2.1
2026-04-01	56	5	2.6
2026-04-01	57	2	0.98
2026-04-01	58	1.8	1.9
2026-04-01	61	2	1.39
2026-04-01	65	3	1.04
2026-04-01	66	3	1.16
2026-04-01	68	1	1.51
2026-04-01	69	8	0.91
2026-04-01	70	3	1.1
2026-04-01	71	2	1.53
2026-04-01	72	5	0.69
2026-04-01	73	3	1.1
2026-04-01	75	4	1.19
2026-04-01	76	20	0.57
2026-04-01	77	2	1.67
2026-04-01	78	10	0.79
2026-04-01	79	6	1.07
2026-04-01	8	2	1.69
2026-04-01	81	8	0.72
2026-04-01	82	7	0.65
2026-04-01	83	3.57	1.72
2026-04-01	84	7	1.16
2026-04-01	87	4	1.04
2026-04-01	88	2.309	1.62
2026-04-01	89	36.931	0.58
2026-04-01	9	4	0.58
2026-04-01	91	27.075	0.53
2026-04-01	92	8.891	0.64
2026-04-01	93	30	1.46
2026-04-01	94	6.505	2.08
2026-04-01	95	6.147	1.84
2026-04-01	96	1.445	1.82
2026-04-01	98	1.44	1.68
2026-04-01	99	1.667	2.28
2026-04-02	101	6.616	2.19
2026-04-02	103	1.63	1.62
2026-04-02	105	2.274	1.24
2026-04-02	106	7.352	1.45
2026-04-02	107	3.514	1.42
2026-04-02	11	2.839	3.16
2026-04-02	111	3.352	1.28
2026-04-02	112	2.555	1.91
2026-04-02	114	12.932	2.19
2026-04-02	12	3.807	1.71
2026-04-02	121	37.86	0.93
2026-04-02	124	14.293	1.16
2026-04-02	125	4	1.74
2026-04-02	127	5	1.84
2026-04-02	130	5	1.39
2026-04-02	134	0.738	10.3
2026-04-02	135	0.499	9.6
2026-04-02	136	0.333	9.03
2026-04-02	137	0.532	13.1
2026-04-02	138	2.413	3.15
2026-04-02	139	0.355	10.35
2026-04-02	140	0.564	9.6
2026-04-02	142	0.475	4.78
2026-04-02	145	0.226	15.9
2026-04-02	146	1.162	10.6
2026-04-02	158	2	1.75
2026-04-02	165	3.142	3.65
2026-04-02	166	6	1.84
2026-04-02	167	5	1.18
2026-04-02	175	17	1.1
2026-04-02	178	0.753	2.43
2026-04-02	18	12.449	0.98
2026-04-02	185	3	1.44
2026-04-02	187	3.381	4.04
2026-04-02	189	4	2.31
2026-04-02	190	9	2.31
2026-04-02	193	6	1.46
2026-04-02	194	9.353	2.07
2026-04-02	195	10	1.09
2026-04-02	196	4	2.31
2026-04-02	197	7.017	1.72
2026-04-02	198	9.207	0.87
2026-04-02	199	3.673	1.62
2026-04-02	207	2	0.94
2026-04-02	208	4	0.66
2026-04-02	209	2	0.88
2026-04-02	211	3	0.85
2026-04-02	213	3	2.02
2026-04-02	214	2	1.95
2026-04-02	216	1	2
2026-04-02	218	6	1.02
2026-04-02	219	3	0.71
2026-04-02	224	16	0.72
2026-04-02	226	2	0.98
2026-04-02	23	4	0.94
2026-04-02	24	18.908	0.87
2026-04-02	27	2	1.91
2026-04-02	28	7	2.08
2026-04-02	30	4	1.39
2026-04-02	31	0.545	4.4
2026-04-02	33	6.826	1.15
2026-04-02	38	7.64	1.39
2026-04-02	39	2.927	3.3
2026-04-02	4	6	0.76
2026-04-02	40	2	1.53
2026-04-02	41	6.891	1.38
2026-04-02	42	8.192	0.99
2026-04-02	43	12.792	1.3
2026-04-02	44	13.695	1.28
2026-04-02	48	2	1.53
2026-04-02	49	2	2.19
2026-04-02	50	1	2.19
2026-04-02	52	26.443	0.7
2026-04-02	53	2	1.85
2026-04-02	54	3	1.85
2026-04-02	55	5	2.1
2026-04-02	56	4	2.6
2026-04-02	57	2	0.98
2026-04-02	58	1.705	1.9
2026-04-02	59	2.88	2.92
2026-04-02	61	2	1.39
2026-04-02	65	2	1.04
2026-04-02	66	3	1.16
2026-04-02	68	1	1.51
2026-04-02	69	8	0.91
2026-04-02	70	3	1.1
2026-04-02	71	2	1.53
2026-04-02	72	5	0.69
2026-04-02	73	3	1.1
2026-04-02	75	4	1.19
2026-04-02	76	19	0.57
2026-04-02	77	2	1.67
2026-04-02	78	9	0.79
2026-04-02	79	6	1.07
2026-04-02	8	2	1.69
2026-04-02	81	7	0.72
2026-04-02	82	7	0.65
2026-04-02	83	3.384	1.72
2026-04-02	84	7	1.16
2026-04-02	87	4	1.04
2026-04-02	88	2.185	1.62
2026-04-02	89	35	0.58
2026-04-02	9	4	0.58
2026-04-02	91	25.642	0.53
2026-04-02	92	8.422	0.64
2026-04-02	93	29	1.46
2026-04-02	94	6.163	2.08
2026-04-02	95	5.826	1.84
2026-04-02	96	1.368	1.82
2026-04-02	97	7.516	1.28
2026-04-02	98	1.363	1.68
2026-04-02	99	1.579	2.28
2026-04-03	101	6.616	2.19
2026-04-03	103	1.63	1.62
2026-04-03	105	2.274	1.24
2026-04-03	106	7.352	1.45
2026-04-03	107	3.514	1.42
2026-04-03	11	2.839	3.16
2026-04-03	111	3.352	1.28
2026-04-03	112	2.555	1.91
2026-04-03	114	12.932	2.19
2026-04-03	12	3.807	1.71
2026-04-03	121	37.86	0.93
2026-04-03	124	14.293	1.16
2026-04-03	125	4	1.74
2026-04-03	127	5	1.84
2026-04-03	130	5	1.39
2026-04-03	134	0.738	10.3
2026-04-03	135	0.499	9.6
2026-04-03	136	0.333	9.03
2026-04-03	137	0.532	13.1
2026-04-03	138	2.413	3.15
2026-04-03	139	0.355	10.35
2026-04-03	140	0.564	9.6
2026-04-03	142	0.475	4.78
2026-04-03	145	0.226	15.9
2026-04-03	146	1.162	10.6
2026-04-03	154	12	1.44
2026-04-03	158	2	1.75
2026-04-03	165	3.142	3.65
2026-04-03	166	6	1.84
2026-04-03	167	5	1.18
2026-04-03	178	0.753	2.43
2026-04-03	18	12.449	0.98
2026-04-03	185	3	1.44
2026-04-03	187	3.381	4.04
2026-04-03	189	4	2.31
2026-04-03	190	9	2.31
2026-04-03	193	6	1.46
2026-04-03	194	9.353	2.07
2026-04-03	195	10	1.09
2026-04-03	196	4	2.31
2026-04-03	197	7.017	1.72
2026-04-03	198	9.207	0.87
2026-04-03	199	3.673	1.62
2026-04-03	201	12.192	1.3
2026-04-03	207	2	0.94
2026-04-03	208	4	0.66
2026-04-03	209	2	0.88
2026-04-03	211	3	0.85
2026-04-03	213	3	2.02
2026-04-03	214	2	1.95
2026-04-03	216	1	2
2026-04-03	218	6	1.02
2026-04-03	219	3	0.71
2026-04-03	226	2	0.98
2026-04-03	23	4	0.94
2026-04-03	232	1	1.1
2026-04-03	27	2	1.91
2026-04-03	28	7	2.08
2026-04-03	3	18	1.08
2026-04-03	30	4	1.39
2026-04-03	31	0.545	4.4
2026-04-03	33	6.826	1.15
2026-04-03	38	7.64	1.39
2026-04-03	39	2.927	3.3
2026-04-03	4	6	0.76
2026-04-03	40	2	1.53
2026-04-03	41	6.891	1.38
2026-04-03	42	8.192	0.99
2026-04-03	43	12.792	1.3
2026-04-03	44	13.695	1.28
2026-04-03	48	2	1.53
2026-04-03	49	2	2.19
2026-04-03	50	1	2.19
2026-04-03	52	26.443	0.7
2026-04-03	53	2	1.85
2026-04-03	54	3	1.85
2026-04-03	55	5	2.1
2026-04-03	56	4	2.6
2026-04-03	57	2	0.98
2026-04-03	58	1.705	1.9
2026-04-03	61	2	1.39
2026-04-03	65	2	1.04
2026-04-03	66	3	1.16
2026-04-03	68	1	1.51
2026-04-03	69	8	0.91
2026-04-03	70	3	1.1
2026-04-03	71	2	1.53
2026-04-03	72	5	0.69
2026-04-03	73	3	1.1
2026-04-03	75	4	1.19
2026-04-03	76	19	0.57
2026-04-03	77	2	1.67
2026-04-03	78	9	0.79
2026-04-03	79	6	1.07
2026-04-03	8	2	1.69
2026-04-03	81	7	0.72
2026-04-03	82	7	0.65
2026-04-03	83	3.384	1.72
2026-04-03	84	7	1.16
2026-04-03	87	4	1.04
2026-04-03	88	2.185	1.62
2026-04-03	89	35	0.58
2026-04-03	9	4	0.58
2026-04-03	91	25.642	0.53
2026-04-03	92	8.422	0.64
2026-04-03	93	29	1.46
2026-04-03	94	6.163	2.08
2026-04-03	95	5.826	1.84
2026-04-03	96	1.368	1.82
2026-04-03	98	1.363	1.68
2026-04-03	99	1.579	2.28
2026-04-06	101	9.192	2.19
2026-04-06	103	2.259	1.62
2026-04-06	105	3.161	1.24
2026-04-06	106	10.207	1.45
2026-04-06	107	4.88	1.42
2026-04-06	109	7.839	1.86
2026-04-06	11	3.943	3.16
2026-04-06	111	4.656	1.28
2026-04-06	112	3.55	1.91
2026-04-06	114	17.959	2.19
2026-04-06	12	5.287	1.71
2026-04-06	121	52.591	0.93
2026-04-06	124	19.853	1.16
2026-04-06	125	6	1.74
2026-04-06	127	7	1.84
2026-04-06	130	6	1.39
2026-04-06	134	1.025	10.3
2026-04-06	135	0.693	9.6
2026-04-06	136	0.463	9.03
2026-04-06	137	0.738	13.1
2026-04-06	138	3.349	3.15
2026-04-06	139	0.493	10.35
2026-04-06	140	0.782	9.6
2026-04-06	142	0.661	4.78
2026-04-06	145	0.314	15.9
2026-04-06	146	1.614	10.6
2026-04-06	158	3	1.75
2026-04-06	16	22.207	0.87
2026-04-06	162	13	0.87
2026-04-06	165	4.367	3.65
2026-04-06	166	8	1.84
2026-04-06	167	6	1.18
2026-04-06	178	1.049	2.43
2026-04-06	18	17.286	0.98
2026-04-06	185	4	1.44
2026-04-06	187	4.696	4.04
2026-04-06	189	5	2.31
2026-04-06	190	13	2.31
2026-04-06	193	9	1.46
2026-04-06	194	12.99	2.07
2026-04-06	195	14	1.09
2026-04-06	196	5	2.31
2026-04-06	197	9.75	1.72
2026-04-06	198	12.793	0.87
2026-04-06	199	5.099	1.62
2026-04-06	207	3	0.94
2026-04-06	208	5	0.66
2026-04-06	209	3	0.88
2026-04-06	211	4	0.85
2026-04-06	213	4	2.02
2026-04-06	214	2	1.95
2026-04-06	215	10	1.95
2026-04-06	216	2	2
2026-04-06	218	9	1.02
2026-04-06	219	4	0.71
2026-04-06	226	3	0.98
2026-04-06	227	17	1.19
2026-04-06	23	5	0.94
2026-04-06	27	3	1.91
2026-04-06	28	10	2.08
2026-04-06	30	6	1.39
2026-04-06	31	0.759	4.4
2026-04-06	33	9.487	1.15
2026-04-06	38	10.604	1.39
2026-04-06	39	4.067	3.3
2026-04-06	4	8	0.76
2026-04-06	40	3	1.53
2026-04-06	41	9.565	1.38
2026-04-06	42	11.374	0.99
2026-04-06	43	17.769	1.3
2026-04-06	44	19.023	1.28
2026-04-06	48	2	1.53
2026-04-06	49	2	2.19
2026-04-06	50	2	2.19
2026-04-06	52	36.714	0.7
2026-04-06	53	2	1.85
2026-04-06	54	4	1.85
2026-04-06	55	6	2.1
2026-04-06	56	6	2.6
2026-04-06	57	3	0.98
2026-04-06	58	2.368	1.9
2026-04-06	61	2	1.39
2026-04-06	65	3	1.04
2026-04-06	66	5	1.16
2026-04-06	68	2	1.51
2026-04-06	69	11	0.91
2026-04-06	70	5	1.1
2026-04-06	71	3	1.53
2026-04-06	72	7	0.69
2026-04-06	73	4	1.1
2026-04-06	75	6	1.19
2026-04-06	76	26	0.57
2026-04-06	77	3	1.67
2026-04-06	78	13	0.79
2026-04-06	79	8	1.07
2026-04-06	8	2	1.69
2026-04-06	81	10	0.72
2026-04-06	82	9	0.65
2026-04-06	83	4.698	1.72
2026-04-06	84	10	1.16
2026-04-06	87	5	1.04
2026-04-06	88	3.037	1.62
2026-04-06	89	48.603	0.58
2026-04-06	9	5	0.58
2026-04-06	91	35.623	0.53
2026-04-06	92	11.703	0.64
2026-04-06	93	40	1.46
2026-04-06	94	8.563	2.08
2026-04-06	95	8.092	1.84
2026-04-06	96	1.901	1.82
2026-04-06	98	1.893	1.68
2026-04-06	99	2.197	2.28
2026-04-07	101	7.352	2.19
2026-04-07	103	1.809	1.62
2026-04-07	105	2.524	1.24
2026-04-07	106	8.166	1.45
2026-04-07	107	3.901	1.42
2026-04-07	11	3.152	3.16
2026-04-07	111	3.727	1.28
2026-04-07	112	2.838	1.91
2026-04-07	114	14.365	2.19
2026-04-07	12	4.228	1.71
2026-04-07	121	42.075	0.93
2026-04-07	124	15.888	1.16
2026-04-07	125	5	1.74
2026-04-07	127	6	1.84
2026-04-07	130	5	1.39
2026-04-07	134	0.82	10.3
2026-04-07	135	0.554	9.6
2026-04-07	136	0.371	9.03
2026-04-07	137	0.591	13.1
2026-04-07	138	2.679	3.15
2026-04-07	139	0.394	10.35
2026-04-07	140	0.626	9.6
2026-04-07	142	0.529	4.78
2026-04-07	145	0.251	15.9
2026-04-07	146	1.292	10.6
2026-04-07	158	2	1.75
2026-04-07	162	13	0.87
2026-04-07	165	3.493	3.65
2026-04-07	166	6	1.84
2026-04-07	167	5	1.18
2026-04-07	17	11	1.24
2026-04-07	178	0.84	2.43
2026-04-07	18	13.827	0.98
2026-04-07	185	4	1.44
2026-04-07	187	3.757	4.04
2026-04-07	189	4	2.31
2026-04-07	190	10	2.31
2026-04-07	193	7	1.46
2026-04-07	194	10.391	2.07
2026-04-07	195	11	1.09
2026-04-07	196	4	2.31
2026-04-07	197	7.797	1.72
2026-04-07	198	10.23	0.87
2026-04-07	199	4.08	1.62
2026-04-07	203	5	1.99
2026-04-07	207	2	0.94
2026-04-07	208	4	0.66
2026-04-07	209	2	0.88
2026-04-07	211	3	0.85
2026-04-07	213	3	2.02
2026-04-07	214	2	1.95
2026-04-07	216	1	2
2026-04-07	218	7	1.02
2026-04-07	219	3	0.71
2026-04-07	226	3	0.98
2026-04-07	23	4	0.94
2026-04-07	27	2	1.91
2026-04-07	28	8	2.08
2026-04-07	30	5	1.39
2026-04-07	31	0.607	4.4
2026-04-07	33	7.583	1.15
2026-04-07	38	8.482	1.39
2026-04-07	39	3.255	3.3
2026-04-07	4	7	0.76
2026-04-07	40	3	1.53
2026-04-07	41	7.652	1.38
2026-04-07	42	9.101	0.99
2026-04-07	43	14.215	1.3
2026-04-07	44	15.219	1.28
2026-04-07	48	2	1.53
2026-04-07	49	2	2.19
2026-04-07	50	1	2.19
2026-04-07	52	29.371	0.7
2026-04-07	53	2	1.85
2026-04-07	54	3	1.85
2026-04-07	55	5	2.1
2026-04-07	56	5	2.6
2026-04-07	57	2	0.98
2026-04-07	58	1.895	1.9
2026-04-07	61	2	1.39
2026-04-07	65	3	1.04
2026-04-07	66	4	1.16
2026-04-07	68	1	1.51
2026-04-07	69	9	0.91
2026-04-07	70	4	1.1
2026-04-07	71	2	1.53
2026-04-07	72	5	0.69
2026-04-07	73	3	1.1
2026-04-07	75	5	1.19
2026-04-07	76	21	0.57
2026-04-07	77	3	1.67
2026-04-07	78	10	0.79
2026-04-07	79	6	1.07
2026-04-07	8	2	1.69
2026-04-07	81	8	0.72
2026-04-07	82	7	0.65
2026-04-07	83	3.762	1.72
2026-04-07	84	8	1.16
2026-04-07	87	4	1.04
2026-04-07	88	2.426	1.62
2026-04-07	89	38.879	0.58
2026-04-07	9	4	0.58
2026-04-07	91	28.491	0.53
2026-04-07	92	9.359	0.64
2026-04-07	93	32	1.46
2026-04-07	94	6.851	2.08
2026-04-07	95	6.473	1.84
2026-04-07	96	1.522	1.82
2026-04-07	98	1.512	1.68
2026-04-07	99	1.754	2.28
2026-04-08	101	6.986	2.19
2026-04-08	103	1.716	1.62
2026-04-08	105	2.403	1.24
2026-04-08	106	7.759	1.45
2026-04-08	107	3.711	1.42
2026-04-08	11	2.997	3.16
2026-04-08	111	3.539	1.28
2026-04-08	112	2.696	1.91
2026-04-08	114	13.648	2.19
2026-04-08	12	4.018	1.71
2026-04-08	121	39.968	0.93
2026-04-08	124	15.095	1.16
2026-04-08	125	4	1.74
2026-04-08	127	5	1.84
2026-04-08	128	11	1.67
2026-04-08	130	5	1.39
2026-04-08	134	0.78	10.3
2026-04-08	135	0.526	9.6
2026-04-08	136	0.352	9.03
2026-04-08	137	0.561	13.1
2026-04-08	138	2.546	3.15
2026-04-08	139	0.374	10.35
2026-04-08	140	0.595	9.6
2026-04-08	142	0.502	4.78
2026-04-08	145	0.238	15.9
2026-04-08	146	1.226	10.6
2026-04-08	158	2	1.75
2026-04-08	165	3.318	3.65
2026-04-08	166	6	1.84
2026-04-08	167	5	1.18
2026-04-08	170	3	0.93
2026-04-08	178	0.794	2.43
2026-04-08	18	13.133	0.98
2026-04-08	185	3	1.44
2026-04-08	187	3.569	4.04
2026-04-08	189	4	2.31
2026-04-08	190	10	2.31
2026-04-08	193	7	1.46
2026-04-08	194	9.874	2.07
2026-04-08	195	11	1.09
2026-04-08	196	4	2.31
2026-04-08	197	7.407	1.72
2026-04-08	198	9.724	0.87
2026-04-08	199	3.877	1.62
2026-04-08	204	6	2.08
2026-04-08	207	2	0.94
2026-04-08	208	4	0.66
2026-04-08	209	2	0.88
2026-04-08	211	3	0.85
2026-04-08	213	3	2.02
2026-04-08	214	2	1.95
2026-04-08	216	1	2
2026-04-08	218	7	1.02
2026-04-08	219	3	0.71
2026-04-08	226	2	0.98
2026-04-08	23	4	0.94
2026-04-08	27	2	1.91
2026-04-08	28	7	2.08
2026-04-08	30	4	1.39
2026-04-08	31	0.577	4.4
2026-04-08	33	7.209	1.15
2026-04-08	38	8.058	1.39
2026-04-08	39	3.091	3.3
2026-04-08	4	6	0.76
2026-04-08	40	2	1.53
2026-04-08	41	7.268	1.38
2026-04-08	42	8.646	0.99
2026-04-08	43	13.508	1.3
2026-04-08	44	14.453	1.28
2026-04-08	48	2	1.53
2026-04-08	49	2	2.19
2026-04-08	50	1	2.19
2026-04-08	52	27.914	0.7
2026-04-08	53	2	1.85
2026-04-08	54	3	1.85
2026-04-08	55	5	2.1
2026-04-08	56	5	2.6
2026-04-08	57	2	0.98
2026-04-08	58	1.8	1.9
2026-04-08	61	2	1.39
2026-04-08	62	9	1.35
2026-04-08	65	3	1.04
2026-04-08	66	3	1.16
2026-04-08	68	1	1.51
2026-04-08	69	8	0.91
2026-04-08	70	3	1.1
2026-04-08	71	2	1.53
2026-04-08	72	5	0.69
2026-04-08	73	3	1.1
2026-04-08	74	12	1.71
2026-04-08	75	4	1.19
2026-04-08	76	20	0.57
2026-04-08	77	2	1.67
2026-04-08	78	10	0.79
2026-04-08	79	6	1.07
2026-04-08	8	2	1.69
2026-04-08	81	8	0.72
2026-04-08	82	7	0.65
2026-04-08	83	3.57	1.72
2026-04-08	84	7	1.16
2026-04-08	87	4	1.04
2026-04-08	88	2.309	1.62
2026-04-08	89	36.931	0.58
2026-04-08	9	4	0.58
2026-04-08	91	27.075	0.53
2026-04-08	92	8.891	0.64
2026-04-08	93	30	1.46
2026-04-08	94	6.505	2.08
2026-04-08	95	6.147	1.84
2026-04-08	96	1.445	1.82
2026-04-08	98	1.44	1.68
2026-04-08	99	1.667	2.28
2026-04-09	101	6.616	2.19
2026-04-09	103	1.63	1.62
2026-04-09	105	2.274	1.24
2026-04-09	106	7.352	1.45
2026-04-09	107	3.514	1.42
2026-04-09	11	2.839	3.16
2026-04-09	111	3.352	1.28
2026-04-09	112	2.555	1.91
2026-04-09	114	12.932	2.19
2026-04-09	12	3.807	1.71
2026-04-09	121	37.86	0.93
2026-04-09	124	14.293	1.16
2026-04-09	125	4	1.74
2026-04-09	127	5	1.84
2026-04-09	130	5	1.39
2026-04-09	134	0.738	10.3
2026-04-09	135	0.499	9.6
2026-04-09	136	0.333	9.03
2026-04-09	137	0.532	13.1
2026-04-09	138	2.413	3.15
2026-04-09	139	0.355	10.35
2026-04-09	140	0.564	9.6
2026-04-09	142	0.475	4.78
2026-04-09	145	0.226	15.9
2026-04-09	146	1.162	10.6
2026-04-09	158	2	1.75
2026-04-09	165	3.142	3.65
2026-04-09	166	6	1.84
2026-04-09	167	5	1.18
2026-04-09	178	0.753	2.43
2026-04-09	18	12.449	0.98
2026-04-09	185	3	1.44
2026-04-09	187	3.381	4.04
2026-04-09	189	4	2.31
2026-04-09	190	9	2.31
2026-04-09	193	6	1.46
2026-04-09	194	9.353	2.07
2026-04-09	195	10	1.09
2026-04-09	196	4	2.31
2026-04-09	197	7.017	1.72
2026-04-09	198	9.207	0.87
2026-04-09	199	3.673	1.62
2026-04-09	207	2	0.94
2026-04-09	208	4	0.66
2026-04-09	209	2	0.88
2026-04-09	211	3	0.85
2026-04-09	213	3	2.02
2026-04-09	214	2	1.95
2026-04-09	216	1	2
2026-04-09	218	6	1.02
2026-04-09	219	3	0.71
2026-04-09	222	10	1.9
2026-04-09	226	2	0.98
2026-04-09	23	4	0.94
2026-04-09	27	2	1.91
2026-04-09	28	7	2.08
2026-04-09	30	4	1.39
2026-04-09	31	0.545	4.4
2026-04-09	33	6.826	1.15
2026-04-09	35	17	0.98
2026-04-09	38	7.64	1.39
2026-04-09	39	2.927	3.3
2026-04-09	4	6	0.76
2026-04-09	40	2	1.53
2026-04-09	41	6.891	1.38
2026-04-09	42	8.192	0.99
2026-04-09	43	12.792	1.3
2026-04-09	44	13.695	1.28
2026-04-09	48	2	1.53
2026-04-09	49	2	2.19
2026-04-09	50	1	2.19
2026-04-09	52	26.443	0.7
2026-04-09	53	2	1.85
2026-04-09	54	3	1.85
2026-04-09	55	5	2.1
2026-04-09	56	4	2.6
2026-04-09	57	2	0.98
2026-04-09	58	1.705	1.9
2026-04-09	61	2	1.39
2026-04-09	65	2	1.04
2026-04-09	66	3	1.16
2026-04-09	68	1	1.51
2026-04-09	69	8	0.91
2026-04-09	70	3	1.1
2026-04-09	71	2	1.53
2026-04-09	72	5	0.69
2026-04-09	73	3	1.1
2026-04-09	75	4	1.19
2026-04-09	76	19	0.57
2026-04-09	77	2	1.67
2026-04-09	78	9	0.79
2026-04-09	79	6	1.07
2026-04-09	8	2	1.69
2026-04-09	80	7	2.29
2026-04-09	81	7	0.72
2026-04-09	82	7	0.65
2026-04-09	83	3.384	1.72
2026-04-09	84	7	1.16
2026-04-09	87	4	1.04
2026-04-09	88	2.185	1.62
2026-04-09	89	35	0.58
2026-04-09	9	4	0.58
2026-04-09	91	25.642	0.53
2026-04-09	92	8.422	0.64
2026-04-09	93	29	1.46
2026-04-09	94	6.163	2.08
2026-04-09	95	5.826	1.84
2026-04-09	96	1.368	1.82
2026-04-09	98	1.363	1.68
2026-04-09	99	1.579	2.28
2026-04-10	101	6.616	2.19
2026-04-10	103	1.63	1.62
2026-04-10	105	2.274	1.24
2026-04-10	106	7.352	1.45
2026-04-10	107	3.514	1.42
2026-04-10	11	2.839	3.16
2026-04-10	111	3.352	1.28
2026-04-10	112	2.555	1.91
2026-04-10	114	12.932	2.19
2026-04-10	12	3.807	1.71
2026-04-10	121	37.86	0.93
2026-04-10	124	14.293	1.16
2026-04-10	125	4	1.74
2026-04-10	127	5	1.84
2026-04-10	130	5	1.39
2026-04-10	134	0.738	10.3
2026-04-10	135	0.499	9.6
2026-04-10	136	0.333	9.03
2026-04-10	137	0.532	13.1
2026-04-10	138	2.413	3.15
2026-04-10	139	0.355	10.35
2026-04-10	140	0.564	9.6
2026-04-10	142	0.475	4.78
2026-04-10	145	0.226	15.9
2026-04-10	146	1.162	10.6
2026-04-10	158	2	1.75
2026-04-10	165	3.142	3.65
2026-04-10	166	6	1.84
2026-04-10	167	5	1.18
2026-04-10	178	0.753	2.43
2026-04-10	18	12.449	0.98
2026-04-10	185	3	1.44
2026-04-10	187	3.381	4.04
2026-04-10	189	4	2.31
2026-04-10	190	9	2.31
2026-04-10	193	6	1.46
2026-04-10	194	9.353	2.07
2026-04-10	195	10	1.09
2026-04-10	196	4	2.31
2026-04-10	197	7.017	1.72
2026-04-10	198	9.207	0.87
2026-04-10	199	3.673	1.62
2026-04-10	207	2	0.94
2026-04-10	208	4	0.66
2026-04-10	209	2	0.88
2026-04-10	211	3	0.85
2026-04-10	213	3	2.02
2026-04-10	214	2	1.95
2026-04-10	216	1	2
2026-04-10	218	6	1.02
2026-04-10	219	3	0.71
2026-04-10	221	3	1.71
2026-04-10	226	2	0.98
2026-04-10	23	4	0.94
2026-04-10	27	2	1.91
2026-04-10	28	7	2.08
2026-04-10	30	4	1.39
2026-04-10	31	0.545	4.4
2026-04-10	33	6.826	1.15
2026-04-10	38	7.64	1.39
2026-04-10	39	2.927	3.3
2026-04-10	4	6	0.76
2026-04-10	40	2	1.53
2026-04-10	41	6.891	1.38
2026-04-10	42	8.192	0.99
2026-04-10	43	12.792	1.3
2026-04-10	44	13.695	1.28
2026-04-10	47	8.982	2.19
2026-04-10	48	2	1.53
2026-04-10	49	2	2.19
2026-04-10	50	1	2.19
2026-04-10	52	26.443	0.7
2026-04-10	53	2	1.85
2026-04-10	54	3	1.85
2026-04-10	55	5	2.1
2026-04-10	56	4	2.6
2026-04-10	57	2	0.98
2026-04-10	58	1.705	1.9
2026-04-10	61	2	1.39
2026-04-10	65	2	1.04
2026-04-10	66	3	1.16
2026-04-10	68	1	1.51
2026-04-10	69	8	0.91
2026-04-10	70	3	1.1
2026-04-10	71	2	1.53
2026-04-10	72	5	0.69
2026-04-10	73	3	1.1
2026-04-10	75	4	1.19
2026-04-10	76	19	0.57
2026-04-10	77	2	1.67
2026-04-10	78	9	0.79
2026-04-10	79	6	1.07
2026-04-10	8	2	1.69
2026-04-10	81	7	0.72
2026-04-10	82	7	0.65
2026-04-10	83	3.384	1.72
2026-04-10	84	7	1.16
2026-04-10	87	4	1.04
2026-04-10	88	2.185	1.62
2026-04-10	89	35	0.58
2026-04-10	9	4	0.58
2026-04-10	91	25.642	0.53
2026-04-10	92	8.422	0.64
2026-04-10	93	29	1.46
2026-04-10	94	6.163	2.08
2026-04-10	95	5.826	1.84
2026-04-10	96	1.368	1.82
2026-04-10	98	1.363	1.68
2026-04-10	99	1.579	2.28
2026-04-13	101	9.192	2.19
2026-04-13	103	2.259	1.62
2026-04-13	105	3.161	1.24
2026-04-13	106	10.207	1.45
2026-04-13	107	4.88	1.42
2026-04-13	11	3.943	3.16
2026-04-13	111	4.656	1.28
2026-04-13	112	3.55	1.91
2026-04-13	114	17.959	2.19
2026-04-13	12	5.287	1.71
2026-04-13	121	52.591	0.93
2026-04-13	124	19.853	1.16
2026-04-13	125	6	1.74
2026-04-13	127	7	1.84
2026-04-13	130	6	1.39
2026-04-13	134	1.025	10.3
2026-04-13	135	0.693	9.6
2026-04-13	136	0.463	9.03
2026-04-13	137	0.738	13.1
2026-04-13	138	3.349	3.15
2026-04-13	139	0.493	10.35
2026-04-13	140	0.782	9.6
2026-04-13	142	0.661	4.78
2026-04-13	143	6	2.13
2026-04-13	145	0.314	15.9
2026-04-13	146	1.614	10.6
2026-04-13	158	3	1.75
2026-04-13	159	3	1.31
2026-04-13	165	4.367	3.65
2026-04-13	166	8	1.84
2026-04-13	167	6	1.18
2026-04-13	178	1.049	2.43
2026-04-13	18	17.286	0.98
2026-04-13	185	4	1.44
2026-04-13	187	4.696	4.04
2026-04-13	189	5	2.31
2026-04-13	190	13	2.31
2026-04-13	193	9	1.46
2026-04-13	194	12.99	2.07
2026-04-13	195	14	1.09
2026-04-13	196	5	2.31
2026-04-13	197	9.75	1.72
2026-04-13	198	12.793	0.87
2026-04-13	199	5.099	1.62
2026-04-13	202	5	2.14
2026-04-13	207	3	0.94
2026-04-13	208	5	0.66
2026-04-13	209	3	0.88
2026-04-13	211	4	0.85
2026-04-13	213	4	2.02
2026-04-13	214	2	1.95
2026-04-13	216	2	2
2026-04-13	218	9	1.02
2026-04-13	219	4	0.71
2026-04-13	226	3	0.98
2026-04-13	23	5	0.94
2026-04-13	249	12	1.64
2026-04-13	27	3	1.91
2026-04-13	28	10	2.08
2026-04-13	30	6	1.39
2026-04-13	31	0.759	4.4
2026-04-13	33	9.487	1.15
2026-04-13	38	10.604	1.39
2026-04-13	39	4.067	3.3
2026-04-13	4	8	0.76
2026-04-13	40	3	1.53
2026-04-13	41	9.565	1.38
2026-04-13	42	11.374	0.99
2026-04-13	43	17.769	1.3
2026-04-13	44	19.023	1.28
2026-04-13	48	2	1.53
2026-04-13	49	2	2.19
2026-04-13	50	2	2.19
2026-04-13	52	36.714	0.7
2026-04-13	53	2	1.85
2026-04-13	54	4	1.85
2026-04-13	55	6	2.1
2026-04-13	56	6	2.6
2026-04-13	57	3	0.98
2026-04-13	58	2.368	1.9
2026-04-13	61	2	1.39
2026-04-13	65	3	1.04
2026-04-13	66	5	1.16
2026-04-13	68	2	1.51
2026-04-13	69	11	0.91
2026-04-13	70	5	1.1
2026-04-13	71	3	1.53
2026-04-13	72	7	0.69
2026-04-13	73	4	1.1
2026-04-13	75	6	1.19
2026-04-13	76	26	0.57
2026-04-13	77	3	1.67
2026-04-13	78	13	0.79
2026-04-13	79	8	1.07
2026-04-13	8	2	1.69
2026-04-13	80	7	2.29
2026-04-13	81	10	0.72
2026-04-13	82	9	0.65
2026-04-13	83	4.698	1.72
2026-04-13	84	10	1.16
2026-04-13	87	5	1.04
2026-04-13	88	3.037	1.62
2026-04-13	89	48.603	0.58
2026-04-13	9	5	0.58
2026-04-13	91	35.623	0.53
2026-04-13	92	11.703	0.64
2026-04-13	93	40	1.46
2026-04-13	94	8.563	2.08
2026-04-13	95	8.092	1.84
2026-04-13	96	1.901	1.82
2026-04-13	98	1.893	1.68
2026-04-13	99	2.197	2.28
2026-04-14	101	7.352	2.19
2026-04-14	103	1.809	1.62
2026-04-14	105	2.524	1.24
2026-04-14	106	8.166	1.45
2026-04-14	107	3.901	1.42
2026-04-14	11	3.152	3.16
2026-04-14	111	3.727	1.28
2026-04-14	112	2.838	1.91
2026-04-14	114	14.365	2.19
2026-04-14	12	4.228	1.71
2026-04-14	121	42.075	0.93
2026-04-14	124	15.888	1.16
2026-04-14	125	5	1.74
2026-04-14	127	6	1.84
2026-04-14	130	5	1.39
2026-04-14	134	0.82	10.3
2026-04-14	135	0.554	9.6
2026-04-14	136	0.371	9.03
2026-04-14	137	0.591	13.1
2026-04-14	138	2.679	3.15
2026-04-14	139	0.394	10.35
2026-04-14	140	0.626	9.6
2026-04-14	142	0.529	4.78
2026-04-14	145	0.251	15.9
2026-04-14	146	1.292	10.6
2026-04-14	147	0.134	2.91
2026-04-14	148	3.096	4.5
2026-04-14	158	2	1.75
2026-04-14	165	3.493	3.65
2026-04-14	166	6	1.84
2026-04-14	167	5	1.18
2026-04-14	178	0.84	2.43
2026-04-14	18	13.827	0.98
2026-04-14	185	4	1.44
2026-04-14	187	3.757	4.04
2026-04-14	189	4	2.31
2026-04-14	19	9	1.82
2026-04-14	190	10	2.31
2026-04-14	193	7	1.46
2026-04-14	194	10.391	2.07
2026-04-14	195	11	1.09
2026-04-14	196	4	2.31
2026-04-14	197	7.797	1.72
2026-04-14	198	10.23	0.87
2026-04-14	199	4.08	1.62
2026-04-14	207	2	0.94
2026-04-14	208	4	0.66
2026-04-14	209	2	0.88
2026-04-14	211	3	0.85
2026-04-14	213	3	2.02
2026-04-14	214	2	1.95
2026-04-14	216	1	2
2026-04-14	218	7	1.02
2026-04-14	219	3	0.71
2026-04-14	226	3	0.98
2026-04-14	23	4	0.94
2026-04-14	27	2	1.91
2026-04-14	28	8	2.08
2026-04-14	30	5	1.39
2026-04-14	31	0.607	4.4
2026-04-14	33	7.583	1.15
2026-04-14	38	8.482	1.39
2026-04-14	39	3.255	3.3
2026-04-14	4	7	0.76
2026-04-14	40	3	1.53
2026-04-14	41	7.652	1.38
2026-04-14	42	9.101	0.99
2026-04-14	43	14.215	1.3
2026-04-14	44	15.219	1.28
2026-04-14	48	2	1.53
2026-04-14	49	2	2.19
2026-04-14	50	1	2.19
2026-04-14	52	29.371	0.7
2026-04-14	53	2	1.85
2026-04-14	54	3	1.85
2026-04-14	55	5	2.1
2026-04-14	56	5	2.6
2026-04-14	57	2	0.98
2026-04-14	58	1.895	1.9
2026-04-14	61	2	1.39
2026-04-14	65	3	1.04
2026-04-14	66	4	1.16
2026-04-14	68	1	1.51
2026-04-14	69	9	0.91
2026-04-14	70	4	1.1
2026-04-14	71	2	1.53
2026-04-14	72	5	0.69
2026-04-14	73	3	1.1
2026-04-14	75	5	1.19
2026-04-14	76	21	0.57
2026-04-14	77	3	1.67
2026-04-14	78	10	0.79
2026-04-14	79	6	1.07
2026-04-14	8	2	1.69
2026-04-14	81	8	0.72
2026-04-14	82	7	0.65
2026-04-14	83	3.762	1.72
2026-04-14	84	8	1.16
2026-04-14	85	18	1.1
2026-04-14	87	4	1.04
2026-04-14	88	2.426	1.62
2026-04-14	89	38.879	0.58
2026-04-14	9	4	0.58
2026-04-14	91	28.491	0.53
2026-04-14	92	9.359	0.64
2026-04-14	93	32	1.46
2026-04-14	94	6.851	2.08
2026-04-14	95	6.473	1.84
2026-04-14	96	1.522	1.82
2026-04-14	98	1.512	1.68
2026-04-14	99	1.754	2.28
2026-04-15	101	6.986	2.19
2026-04-15	103	1.716	1.62
2026-04-15	105	2.403	1.24
2026-04-15	106	7.759	1.45
2026-04-15	107	3.711	1.42
2026-04-15	11	2.997	3.16
2026-04-15	111	3.539	1.28
2026-04-15	112	2.696	1.91
2026-04-15	114	13.648	2.19
2026-04-15	12	4.018	1.71
2026-04-15	121	39.968	0.93
2026-04-15	124	15.095	1.16
2026-04-15	125	4	1.74
2026-04-15	127	5	1.84
2026-04-15	130	5	1.39
2026-04-15	134	0.78	10.3
2026-04-15	135	0.526	9.6
2026-04-15	136	0.352	9.03
2026-04-15	137	0.561	13.1
2026-04-15	138	2.546	3.15
2026-04-15	139	0.374	10.35
2026-04-15	140	0.595	9.6
2026-04-15	142	0.502	4.78
2026-04-15	145	0.238	15.9
2026-04-15	146	1.226	10.6
2026-04-15	155	22	0.57
2026-04-15	158	2	1.75
2026-04-15	165	3.318	3.65
2026-04-15	166	6	1.84
2026-04-15	167	5	1.18
2026-04-15	178	0.794	2.43
2026-04-15	18	13.133	0.98
2026-04-15	185	3	1.44
2026-04-15	187	3.569	4.04
2026-04-15	189	4	2.31
2026-04-15	190	10	2.31
2026-04-15	193	7	1.46
2026-04-15	194	9.874	2.07
2026-04-15	195	11	1.09
2026-04-15	196	4	2.31
2026-04-15	197	7.407	1.72
2026-04-15	198	9.724	0.87
2026-04-15	199	3.877	1.62
2026-04-15	20	7	0.72
2026-04-15	205	4	2.47
2026-04-15	207	2	0.94
2026-04-15	208	4	0.66
2026-04-15	209	2	0.88
2026-04-15	211	3	0.85
2026-04-15	213	3	2.02
2026-04-15	214	2	1.95
2026-04-15	216	1	2
2026-04-15	218	7	1.02
2026-04-15	219	3	0.71
2026-04-15	226	2	0.98
2026-04-15	23	4	0.94
2026-04-15	27	2	1.91
2026-04-15	28	7	2.08
2026-04-15	30	4	1.39
2026-04-15	31	0.577	4.4
2026-04-15	33	7.209	1.15
2026-04-15	38	8.058	1.39
2026-04-15	39	3.091	3.3
2026-04-15	4	6	0.76
2026-04-15	40	2	1.53
2026-04-15	41	7.268	1.38
2026-04-15	42	8.646	0.99
2026-04-15	43	13.508	1.3
2026-04-15	44	14.453	1.28
2026-04-15	48	2	1.53
2026-04-15	49	2	2.19
2026-04-15	50	1	2.19
2026-04-15	52	27.914	0.7
2026-04-15	53	2	1.85
2026-04-15	54	3	1.85
2026-04-15	55	5	2.1
2026-04-15	56	5	2.6
2026-04-15	57	2	0.98
2026-04-15	58	1.8	1.9
2026-04-15	61	2	1.39
2026-04-15	65	3	1.04
2026-04-15	66	3	1.16
2026-04-15	68	1	1.51
2026-04-15	69	8	0.91
2026-04-15	70	3	1.1
2026-04-15	71	2	1.53
2026-04-15	72	5	0.69
2026-04-15	73	3	1.1
2026-04-15	75	4	1.19
2026-04-15	76	20	0.57
2026-04-15	77	2	1.67
2026-04-15	78	10	0.79
2026-04-15	79	6	1.07
2026-04-15	8	2	1.69
2026-04-15	81	8	0.72
2026-04-15	82	7	0.65
2026-04-15	83	3.57	1.72
2026-04-15	84	7	1.16
2026-04-15	87	4	1.04
2026-04-15	88	2.309	1.62
2026-04-15	89	36.931	0.58
2026-04-15	9	4	0.58
2026-04-15	91	27.075	0.53
2026-04-15	92	8.891	0.64
2026-04-15	93	30	1.46
2026-04-15	94	6.505	2.08
2026-04-15	95	6.147	1.84
2026-04-15	96	1.445	1.82
2026-04-15	98	1.44	1.68
2026-04-15	99	1.667	2.28
2026-04-16	101	6.616	2.19
2026-04-16	103	1.63	1.62
2026-04-16	105	2.274	1.24
2026-04-16	106	7.352	1.45
2026-04-16	107	3.514	1.42
2026-04-16	11	2.839	3.16
2026-04-16	111	3.352	1.28
2026-04-16	112	2.555	1.91
2026-04-16	114	12.932	2.19
2026-04-16	117	10.397	1.46
2026-04-16	12	3.807	1.71
2026-04-16	121	37.86	0.93
2026-04-16	124	14.293	1.16
2026-04-16	125	4	1.74
2026-04-16	127	5	1.84
2026-04-16	130	5	1.39
2026-04-16	134	0.738	10.3
2026-04-16	135	0.499	9.6
2026-04-16	136	0.333	9.03
2026-04-16	137	0.532	13.1
2026-04-16	138	2.413	3.15
2026-04-16	139	0.355	10.35
2026-04-16	140	0.564	9.6
2026-04-16	142	0.475	4.78
2026-04-16	145	0.226	15.9
2026-04-16	146	1.162	10.6
2026-04-16	155	22	0.57
2026-04-16	158	2	1.75
2026-04-16	160	5	1.31
2026-04-16	161	2	0.91
2026-04-16	165	3.142	3.65
2026-04-16	166	6	1.84
2026-04-16	167	5	1.18
2026-04-16	178	0.753	2.43
2026-04-16	18	12.449	0.98
2026-04-16	185	3	1.44
2026-04-16	187	3.381	4.04
2026-04-16	189	4	2.31
2026-04-16	190	9	2.31
2026-04-16	193	6	1.46
2026-04-16	194	9.353	2.07
2026-04-16	195	10	1.09
2026-04-16	196	4	2.31
2026-04-16	197	7.017	1.72
2026-04-16	198	9.207	0.87
2026-04-16	199	3.673	1.62
2026-04-16	200	3	1.68
2026-04-16	207	2	0.94
2026-04-16	208	4	0.66
2026-04-16	209	2	0.88
2026-04-16	211	3	0.85
2026-04-16	213	3	2.02
2026-04-16	214	2	1.95
2026-04-16	216	1	2
2026-04-16	218	6	1.02
2026-04-16	219	3	0.71
2026-04-16	226	2	0.98
2026-04-16	23	4	0.94
2026-04-16	24	18.908	0.87
2026-04-16	27	2	1.91
2026-04-16	28	7	2.08
2026-04-16	30	4	1.39
2026-04-16	31	0.545	4.4
2026-04-16	33	6.826	1.15
2026-04-16	38	7.64	1.39
2026-04-16	39	2.927	3.3
2026-04-16	4	6	0.76
2026-04-16	40	2	1.53
2026-04-16	41	6.891	1.38
2026-04-16	42	8.192	0.99
2026-04-16	43	12.792	1.3
2026-04-16	44	13.695	1.28
2026-04-16	46	5.032	2.19
2026-04-16	48	2	1.53
2026-04-16	49	2	2.19
2026-04-16	50	1	2.19
2026-04-16	52	26.443	0.7
2026-04-16	53	2	1.85
2026-04-16	54	3	1.85
2026-04-16	55	5	2.1
2026-04-16	56	4	2.6
2026-04-16	57	2	0.98
2026-04-16	58	1.705	1.9
2026-04-16	61	2	1.39
2026-04-16	65	2	1.04
2026-04-16	66	3	1.16
2026-04-16	68	1	1.51
2026-04-16	69	8	0.91
2026-04-16	70	3	1.1
2026-04-16	71	2	1.53
2026-04-16	72	5	0.69
2026-04-16	73	3	1.1
2026-04-16	75	4	1.19
2026-04-16	76	19	0.57
2026-04-16	77	2	1.67
2026-04-16	78	9	0.79
2026-04-16	79	6	1.07
2026-04-16	8	2	1.69
2026-04-16	81	7	0.72
2026-04-16	82	7	0.65
2026-04-16	83	3.384	1.72
2026-04-16	84	7	1.16
2026-04-16	85	18	1.1
2026-04-16	87	4	1.04
2026-04-16	88	2.185	1.62
2026-04-16	89	35	0.58
2026-04-16	9	4	0.58
2026-04-16	91	25.642	0.53
2026-04-16	92	8.422	0.64
2026-04-16	93	29	1.46
2026-04-16	94	6.163	2.08
2026-04-16	95	5.826	1.84
2026-04-16	96	1.368	1.82
2026-04-16	98	1.363	1.68
2026-04-16	99	1.579	2.28
2026-04-17	101	6.616	2.19
2026-04-17	103	1.63	1.62
2026-04-17	105	2.274	1.24
2026-04-17	106	7.352	1.45
2026-04-17	107	3.514	1.42
2026-04-17	109	7.844	1.86
2026-04-17	11	2.839	3.16
2026-04-17	111	3.352	1.28
2026-04-17	112	2.555	1.91
2026-04-17	114	12.932	2.19
2026-04-17	12	3.807	1.71
2026-04-17	121	37.86	0.93
2026-04-17	124	14.293	1.16
2026-04-17	125	4	1.74
2026-04-17	127	5	1.84
2026-04-17	128	11	1.67
2026-04-17	130	5	1.39
2026-04-17	132	2	0.91
2026-04-17	133	8	1.1
2026-04-17	134	0.738	10.3
2026-04-17	135	0.499	9.6
2026-04-17	136	0.333	9.03
2026-04-17	137	0.532	13.1
2026-04-17	138	2.413	3.15
2026-04-17	139	0.355	10.35
2026-04-17	140	0.564	9.6
2026-04-17	142	0.475	4.78
2026-04-17	145	0.226	15.9
2026-04-17	146	1.162	10.6
2026-04-17	154	12	1.44
2026-04-17	158	2	1.75
2026-04-17	165	3.142	3.65
2026-04-17	166	6	1.84
2026-04-17	167	5	1.18
2026-04-17	178	0.753	2.43
2026-04-17	18	12.449	0.98
2026-04-17	185	3	1.44
2026-04-17	187	3.381	4.04
2026-04-17	189	4	2.31
2026-04-17	190	9	2.31
2026-04-17	193	6	1.46
2026-04-17	194	9.353	2.07
2026-04-17	195	10	1.09
2026-04-17	196	4	2.31
2026-04-17	197	7.017	1.72
2026-04-17	198	9.207	0.87
2026-04-17	199	3.673	1.62
2026-04-17	207	2	0.94
2026-04-17	208	4	0.66
2026-04-17	209	2	0.88
2026-04-17	211	3	0.85
2026-04-17	213	3	2.02
2026-04-17	214	2	1.95
2026-04-17	216	1	2
2026-04-17	218	6	1.02
2026-04-17	219	3	0.71
2026-04-17	226	2	0.98
2026-04-17	23	4	0.94
2026-04-17	250	8.769	1.73
2026-04-17	27	2	1.91
2026-04-17	28	7	2.08
2026-04-17	30	4	1.39
2026-04-17	31	0.545	4.4
2026-04-17	33	6.826	1.15
2026-04-17	38	7.64	1.39
2026-04-17	39	2.927	3.3
2026-04-17	4	6	0.76
2026-04-17	40	2	1.53
2026-04-17	41	6.891	1.38
2026-04-17	42	8.192	0.99
2026-04-17	43	12.792	1.3
2026-04-17	44	13.695	1.28
2026-04-17	48	2	1.53
2026-04-17	49	2	2.19
2026-04-17	50	1	2.19
2026-04-17	52	26.443	0.7
2026-04-17	53	2	1.85
2026-04-17	54	3	1.85
2026-04-17	55	5	2.1
2026-04-17	56	4	2.6
2026-04-17	57	2	0.98
2026-04-17	58	1.705	1.9
2026-04-17	61	2	1.39
2026-04-17	65	2	1.04
2026-04-17	66	3	1.16
2026-04-17	68	1	1.51
2026-04-17	69	8	0.91
2026-04-17	70	3	1.1
2026-04-17	71	2	1.53
2026-04-17	72	5	0.69
2026-04-17	73	3	1.1
2026-04-17	75	4	1.19
2026-04-17	76	19	0.57
2026-04-17	77	2	1.67
2026-04-17	78	9	0.79
2026-04-17	79	6	1.07
2026-04-17	8	2	1.69
2026-04-17	81	7	0.72
2026-04-17	82	7	0.65
2026-04-17	83	3.384	1.72
2026-04-17	84	7	1.16
2026-04-17	87	4	1.04
2026-04-17	88	2.185	1.62
2026-04-17	89	35	0.58
2026-04-17	9	4	0.58
2026-04-17	91	25.642	0.53
2026-04-17	92	8.422	0.64
2026-04-17	93	29	1.46
2026-04-17	94	6.163	2.08
2026-04-17	95	5.826	1.84
2026-04-17	96	1.368	1.82
2026-04-17	98	1.363	1.68
2026-04-17	99	1.579	2.28
2026-04-20	1	12	1.09
2026-04-20	100	6.388	1.96
2026-04-20	101	9.192	2.19
2026-04-20	103	2.259	1.62
2026-04-20	105	3.161	1.24
2026-04-20	106	10.207	1.45
2026-04-20	107	4.88	1.42
2026-04-20	108	6.266	1.73
2026-04-20	11	3.943	3.16
2026-04-20	111	4.656	1.28
2026-04-20	112	3.55	1.91
2026-04-20	114	17.959	2.19
2026-04-20	12	5.287	1.71
2026-04-20	121	52.591	0.93
2026-04-20	124	19.853	1.16
2026-04-20	125	6	1.74
2026-04-20	127	7	1.84
2026-04-20	130	6	1.39
2026-04-20	134	1.025	10.3
2026-04-20	135	0.693	9.6
2026-04-20	136	0.463	9.03
2026-04-20	137	0.738	13.1
2026-04-20	138	3.349	3.15
2026-04-20	139	0.493	10.35
2026-04-20	140	0.782	9.6
2026-04-20	141	2.348	8.74
2026-04-20	142	0.661	4.78
2026-04-20	145	0.314	15.9
2026-04-20	146	1.614	10.6
2026-04-20	158	3	1.75
2026-04-20	165	4.367	3.65
2026-04-20	166	8	1.84
2026-04-20	167	6	1.18
2026-04-20	178	1.049	2.43
2026-04-20	18	17.286	0.98
2026-04-20	185	4	1.44
2026-04-20	187	4.696	4.04
2026-04-20	189	5	2.31
2026-04-20	190	13	2.31
2026-04-20	193	9	1.46
2026-04-20	194	12.99	2.07
2026-04-20	195	14	1.09
2026-04-20	196	5	2.31
2026-04-20	197	9.75	1.72
2026-04-20	198	12.793	0.87
2026-04-20	199	5.099	1.62
2026-04-20	205	4	2.47
2026-04-20	207	3	0.94
2026-04-20	208	5	0.66
2026-04-20	209	3	0.88
2026-04-20	211	4	0.85
2026-04-20	213	4	2.02
2026-04-20	214	2	1.95
2026-04-20	216	2	2
2026-04-20	218	9	1.02
2026-04-20	219	4	0.71
2026-04-20	220	2	2.01
2026-04-20	226	3	0.98
2026-04-20	229	1	1.35
2026-04-20	23	5	0.94
2026-04-20	27	3	1.91
2026-04-20	28	10	2.08
2026-04-20	30	6	1.39
2026-04-20	31	0.759	4.4
2026-04-20	33	9.487	1.15
2026-04-20	38	10.604	1.39
2026-04-20	39	4.067	3.3
2026-04-20	4	8	0.76
2026-04-20	40	3	1.53
2026-04-20	41	9.565	1.38
2026-04-20	42	11.374	0.99
2026-04-20	43	17.769	1.3
2026-04-20	44	19.023	1.28
2026-04-20	48	2	1.53
2026-04-20	49	2	2.19
2026-04-20	50	2	2.19
2026-04-20	52	36.714	0.7
2026-04-20	53	2	1.85
2026-04-20	54	4	1.85
2026-04-20	55	6	2.1
2026-04-20	56	6	2.6
2026-04-20	57	3	0.98
2026-04-20	58	2.368	1.9
2026-04-20	61	2	1.39
2026-04-20	65	3	1.04
2026-04-20	66	5	1.16
2026-04-20	68	2	1.51
2026-04-20	69	11	0.91
2026-04-20	70	5	1.1
2026-04-20	71	3	1.53
2026-04-20	72	7	0.69
2026-04-20	73	4	1.1
2026-04-20	75	6	1.19
2026-04-20	76	26	0.57
2026-04-20	77	3	1.67
2026-04-20	78	13	0.79
2026-04-20	79	8	1.07
2026-04-20	8	2	1.69
2026-04-20	81	10	0.72
2026-04-20	82	9	0.65
2026-04-20	83	4.698	1.72
2026-04-20	84	10	1.16
2026-04-20	87	5	1.04
2026-04-20	88	3.037	1.62
2026-04-20	89	48.603	0.58
2026-04-20	9	5	0.58
2026-04-20	91	35.623	0.53
2026-04-20	92	11.703	0.64
2026-04-20	93	40	1.46
2026-04-20	94	8.563	2.08
2026-04-20	95	8.092	1.84
2026-04-20	96	1.901	1.82
2026-04-20	98	1.893	1.68
2026-04-20	99	2.197	2.28
2026-04-21	101	7.352	2.19
2026-04-21	103	1.809	1.62
2026-04-21	105	2.524	1.24
2026-04-21	106	8.166	1.45
2026-04-21	107	3.901	1.42
2026-04-21	11	3.152	3.16
2026-04-21	111	3.727	1.28
2026-04-21	112	2.838	1.91
2026-04-21	113	0.66	3.24
2026-04-21	114	14.365	2.19
2026-04-21	12	4.228	1.71
2026-04-21	121	42.075	0.93
2026-04-21	124	15.888	1.16
2026-04-21	125	5	1.74
2026-04-21	127	6	1.84
2026-04-21	130	5	1.39
2026-04-21	134	0.82	10.3
2026-04-21	135	0.554	9.6
2026-04-21	136	0.371	9.03
2026-04-21	137	0.591	13.1
2026-04-21	138	2.679	3.15
2026-04-21	139	0.394	10.35
2026-04-21	140	0.626	9.6
2026-04-21	142	0.529	4.78
2026-04-21	145	0.251	15.9
2026-04-21	146	1.292	10.6
2026-04-21	148	3.093	4.5
2026-04-21	149	5.667	3.66
2026-04-21	158	2	1.75
2026-04-21	165	3.493	3.65
2026-04-21	166	6	1.84
2026-04-21	167	5	1.18
2026-04-21	17	11	1.24
2026-04-21	178	0.84	2.43
2026-04-21	18	13.827	0.98
2026-04-21	185	4	1.44
2026-04-21	187	3.757	4.04
2026-04-21	189	4	2.31
2026-04-21	190	10	2.31
2026-04-21	193	7	1.46
2026-04-21	194	10.391	2.07
2026-04-21	195	11	1.09
2026-04-21	196	4	2.31
2026-04-21	197	7.797	1.72
2026-04-21	198	10.23	0.87
2026-04-21	199	4.08	1.62
2026-04-21	207	2	0.94
2026-04-21	208	4	0.66
2026-04-21	209	2	0.88
2026-04-21	211	3	0.85
2026-04-21	213	3	2.02
2026-04-21	214	2	1.95
2026-04-21	216	1	2
2026-04-21	218	7	1.02
2026-04-21	219	3	0.71
2026-04-21	226	3	0.98
2026-04-21	23	4	0.94
2026-04-21	248	0.271	7.59
2026-04-21	27	2	1.91
2026-04-21	28	8	2.08
2026-04-21	30	5	1.39
2026-04-21	31	0.607	4.4
2026-04-21	33	7.583	1.15
2026-04-21	38	8.482	1.39
2026-04-21	39	3.255	3.3
2026-04-21	4	7	0.76
2026-04-21	40	3	1.53
2026-04-21	41	7.652	1.38
2026-04-21	42	9.101	0.99
2026-04-21	43	14.215	1.3
2026-04-21	44	15.219	1.28
2026-04-21	48	2	1.53
2026-04-21	49	2	2.19
2026-04-21	50	1	2.19
2026-04-21	52	29.371	0.7
2026-04-21	53	2	1.85
2026-04-21	54	3	1.85
2026-04-21	55	5	2.1
2026-04-21	56	5	2.6
2026-04-21	57	2	0.98
2026-04-21	58	1.895	1.9
2026-04-21	61	2	1.39
2026-04-21	65	3	1.04
2026-04-21	66	4	1.16
2026-04-21	68	1	1.51
2026-04-21	69	9	0.91
2026-04-21	70	4	1.1
2026-04-21	71	2	1.53
2026-04-21	72	5	0.69
2026-04-21	73	3	1.1
2026-04-21	75	5	1.19
2026-04-21	76	21	0.57
2026-04-21	77	3	1.67
2026-04-21	78	10	0.79
2026-04-21	79	6	1.07
2026-04-21	8	2	1.69
2026-04-21	81	8	0.72
2026-04-21	82	7	0.65
2026-04-21	83	3.762	1.72
2026-04-21	84	8	1.16
2026-04-21	87	4	1.04
2026-04-21	88	2.426	1.62
2026-04-21	89	38.879	0.58
2026-04-21	9	4	0.58
2026-04-21	91	28.491	0.53
2026-04-21	92	9.359	0.64
2026-04-21	93	32	1.46
2026-04-21	94	6.851	2.08
2026-04-21	95	6.473	1.84
2026-04-21	96	1.522	1.82
2026-04-21	98	1.512	1.68
2026-04-21	99	1.754	2.28
2026-04-22	101	6.986	2.19
2026-04-22	103	1.716	1.62
2026-04-22	105	2.403	1.24
2026-04-22	106	7.759	1.45
2026-04-22	107	3.711	1.42
2026-04-22	11	2.997	3.16
2026-04-22	111	3.539	1.28
2026-04-22	112	2.696	1.91
2026-04-22	114	13.648	2.19
2026-04-22	118	6.826	2.19
2026-04-22	12	4.018	1.71
2026-04-22	121	39.968	0.93
2026-04-22	122	1.823	2.2
2026-04-22	124	15.095	1.16
2026-04-22	125	4	1.74
2026-04-22	127	5	1.84
2026-04-22	130	5	1.39
2026-04-22	134	0.78	10.3
2026-04-22	135	0.526	9.6
2026-04-22	136	0.352	9.03
2026-04-22	137	0.561	13.1
2026-04-22	138	2.546	3.15
2026-04-22	139	0.374	10.35
2026-04-22	140	0.595	9.6
2026-04-22	142	0.502	4.78
2026-04-22	145	0.238	15.9
2026-04-22	146	1.226	10.6
2026-04-22	158	2	1.75
2026-04-22	165	3.318	3.65
2026-04-22	166	6	1.84
2026-04-22	167	5	1.18
2026-04-22	178	0.794	2.43
2026-04-22	18	13.133	0.98
2026-04-22	185	3	1.44
2026-04-22	186	8	1.66
2026-04-22	187	3.569	4.04
2026-04-22	189	4	2.31
2026-04-22	190	10	2.31
2026-04-22	193	7	1.46
2026-04-22	194	9.874	2.07
2026-04-22	195	11	1.09
2026-04-22	196	4	2.31
2026-04-22	197	7.407	1.72
2026-04-22	198	9.724	0.87
2026-04-22	199	3.877	1.62
2026-04-22	207	2	0.94
2026-04-22	208	4	0.66
2026-04-22	209	2	0.88
2026-04-22	21	15	0.76
2026-04-22	211	3	0.85
2026-04-22	213	3	2.02
2026-04-22	214	2	1.95
2026-04-22	216	1	2
2026-04-22	218	7	1.02
2026-04-22	219	3	0.71
2026-04-22	225	9	1.18
2026-04-22	226	2	0.98
2026-04-22	23	4	0.94
2026-04-22	247	3	1.5
2026-04-22	27	2	1.91
2026-04-22	28	7	2.08
2026-04-22	30	4	1.39
2026-04-22	31	0.577	4.4
2026-04-22	33	7.209	1.15
2026-04-22	38	8.058	1.39
2026-04-22	39	3.091	3.3
2026-04-22	4	6	0.76
2026-04-22	40	2	1.53
2026-04-22	41	7.268	1.38
2026-04-22	42	8.646	0.99
2026-04-22	43	13.508	1.3
2026-04-22	44	14.453	1.28
2026-04-22	48	2	1.53
2026-04-22	49	2	2.19
2026-04-22	50	1	2.19
2026-04-22	52	27.914	0.7
2026-04-22	53	2	1.85
2026-04-22	54	3	1.85
2026-04-22	55	5	2.1
2026-04-22	56	5	2.6
2026-04-22	57	2	0.98
2026-04-22	58	1.8	1.9
2026-04-22	61	2	1.39
2026-04-22	65	3	1.04
2026-04-22	66	3	1.16
2026-04-22	68	1	1.51
2026-04-22	69	8	0.91
2026-04-22	70	3	1.1
2026-04-22	71	2	1.53
2026-04-22	72	5	0.69
2026-04-22	73	3	1.1
2026-04-22	75	4	1.19
2026-04-22	76	20	0.57
2026-04-22	77	2	1.67
2026-04-22	78	10	0.79
2026-04-22	79	6	1.07
2026-04-22	8	2	1.69
2026-04-22	81	8	0.72
2026-04-22	82	7	0.65
2026-04-22	83	3.57	1.72
2026-04-22	84	7	1.16
2026-04-22	87	4	1.04
2026-04-22	88	2.309	1.62
2026-04-22	89	36.931	0.58
2026-04-22	9	4	0.58
2026-04-22	91	27.075	0.53
2026-04-22	92	8.891	0.64
2026-04-22	93	30	1.46
2026-04-22	94	6.505	2.08
2026-04-22	95	6.147	1.84
2026-04-22	96	1.445	1.82
2026-04-22	98	1.44	1.68
2026-04-22	99	1.667	2.28
2026-04-23	100	6.383	1.96
2026-04-23	101	6.616	2.19
2026-04-23	102	7.836	1.28
2026-04-23	103	1.63	1.62
2026-04-23	105	2.274	1.24
2026-04-23	106	7.352	1.45
2026-04-23	107	3.514	1.42
2026-04-23	11	2.839	3.16
2026-04-23	111	3.352	1.28
2026-04-23	112	2.555	1.91
2026-04-23	114	12.932	2.19
2026-04-23	12	3.807	1.71
2026-04-23	121	37.86	0.93
2026-04-23	124	14.293	1.16
2026-04-23	125	4	1.74
2026-04-23	127	5	1.84
2026-04-23	130	5	1.39
2026-04-23	134	0.738	10.3
2026-04-23	135	0.499	9.6
2026-04-23	136	0.333	9.03
2026-04-23	137	0.532	13.1
2026-04-23	138	2.413	3.15
2026-04-23	139	0.355	10.35
2026-04-23	140	0.564	9.6
2026-04-23	142	0.475	4.78
2026-04-23	145	0.226	15.9
2026-04-23	146	1.162	10.6
2026-04-23	149	5.667	3.66
2026-04-23	158	2	1.75
2026-04-23	165	3.142	3.65
2026-04-23	166	6	1.84
2026-04-23	167	5	1.18
2026-04-23	178	0.753	2.43
2026-04-23	18	12.449	0.98
2026-04-23	185	3	1.44
2026-04-23	187	3.381	4.04
2026-04-23	189	4	2.31
2026-04-23	190	9	2.31
2026-04-23	193	6	1.46
2026-04-23	194	9.353	2.07
2026-04-23	195	10	1.09
2026-04-23	196	4	2.31
2026-04-23	197	7.017	1.72
2026-04-23	198	9.207	0.87
2026-04-23	199	3.673	1.62
2026-04-23	207	2	0.94
2026-04-23	208	4	0.66
2026-04-23	209	2	0.88
2026-04-23	211	3	0.85
2026-04-23	213	3	2.02
2026-04-23	214	2	1.95
2026-04-23	215	10	1.95
2026-04-23	216	1	2
2026-04-23	218	6	1.02
2026-04-23	219	3	0.71
2026-04-23	226	2	0.98
2026-04-23	23	4	0.94
2026-04-23	27	2	1.91
2026-04-23	28	7	2.08
2026-04-23	30	4	1.39
2026-04-23	31	0.545	4.4
2026-04-23	33	6.826	1.15
2026-04-23	35	17	0.98
2026-04-23	38	7.64	1.39
2026-04-23	39	2.927	3.3
2026-04-23	4	6	0.76
2026-04-23	40	2	1.53
2026-04-23	41	6.891	1.38
2026-04-23	42	8.192	0.99
2026-04-23	43	12.792	1.3
2026-04-23	44	13.695	1.28
2026-04-23	46	5.027	2.19
2026-04-23	48	2	1.53
2026-04-23	49	2	2.19
2026-04-23	50	1	2.19
2026-04-23	52	26.443	0.7
2026-04-23	53	2	1.85
2026-04-23	54	3	1.85
2026-04-23	55	5	2.1
2026-04-23	56	4	2.6
2026-04-23	57	2	0.98
2026-04-23	58	1.705	1.9
2026-04-23	61	2	1.39
2026-04-23	65	2	1.04
2026-04-23	66	3	1.16
2026-04-23	68	1	1.51
2026-04-23	69	8	0.91
2026-04-23	70	3	1.1
2026-04-23	71	2	1.53
2026-04-23	72	5	0.69
2026-04-23	73	3	1.1
2026-04-23	75	4	1.19
2026-04-23	76	19	0.57
2026-04-23	77	2	1.67
2026-04-23	78	9	0.79
2026-04-23	79	6	1.07
2026-04-23	8	2	1.69
2026-04-23	81	7	0.72
2026-04-23	82	7	0.65
2026-04-23	83	3.384	1.72
2026-04-23	84	7	1.16
2026-04-23	87	4	1.04
2026-04-23	88	2.185	1.62
2026-04-23	89	35	0.58
2026-04-23	9	4	0.58
2026-04-23	91	25.642	0.53
2026-04-23	92	8.422	0.64
2026-04-23	93	29	1.46
2026-04-23	94	6.163	2.08
2026-04-23	95	5.826	1.84
2026-04-23	96	1.368	1.82
2026-04-23	98	1.363	1.68
2026-04-23	99	1.579	2.28
2026-04-24	101	6.616	2.19
2026-04-24	103	1.63	1.62
2026-04-24	105	2.274	1.24
2026-04-24	106	7.352	1.45
2026-04-24	107	3.514	1.42
2026-04-24	11	2.839	3.16
2026-04-24	111	3.352	1.28
2026-04-24	112	2.555	1.91
2026-04-24	114	12.932	2.19
2026-04-24	117	10.397	1.46
2026-04-24	12	3.807	1.71
2026-04-24	121	37.86	0.93
2026-04-24	124	14.293	1.16
2026-04-24	125	4	1.74
2026-04-24	127	5	1.84
2026-04-24	130	5	1.39
2026-04-24	134	0.738	10.3
2026-04-24	135	0.499	9.6
2026-04-24	136	0.333	9.03
2026-04-24	137	0.532	13.1
2026-04-24	138	2.413	3.15
2026-04-24	139	0.355	10.35
2026-04-24	14	0.449	0.69
2026-04-24	140	0.564	9.6
2026-04-24	142	0.475	4.78
2026-04-24	145	0.226	15.9
2026-04-24	146	1.162	10.6
2026-04-24	158	2	1.75
2026-04-24	165	3.142	3.65
2026-04-24	166	6	1.84
2026-04-24	167	5	1.18
2026-04-24	178	0.753	2.43
2026-04-24	18	12.449	0.98
2026-04-24	185	3	1.44
2026-04-24	187	3.381	4.04
2026-04-24	189	4	2.31
2026-04-24	190	9	2.31
2026-04-24	193	6	1.46
2026-04-24	194	9.353	2.07
2026-04-24	195	10	1.09
2026-04-24	196	4	2.31
2026-04-24	197	7.017	1.72
2026-04-24	198	9.207	0.87
2026-04-24	199	3.673	1.62
2026-04-24	207	2	0.94
2026-04-24	208	4	0.66
2026-04-24	209	2	0.88
2026-04-24	211	3	0.85
2026-04-24	213	3	2.02
2026-04-24	214	2	1.95
2026-04-24	216	1	2
2026-04-24	218	6	1.02
2026-04-24	219	3	0.71
2026-04-24	226	2	0.98
2026-04-24	23	4	0.94
2026-04-24	26	8.759	0.87
2026-04-24	27	2	1.91
2026-04-24	28	7	2.08
2026-04-24	30	4	1.39
2026-04-24	31	0.545	4.4
2026-04-24	33	6.826	1.15
2026-04-24	38	7.64	1.39
2026-04-24	39	2.927	3.3
2026-04-24	4	6	0.76
2026-04-24	40	2	1.53
2026-04-24	41	6.891	1.38
2026-04-24	42	8.192	0.99
2026-04-24	43	12.792	1.3
2026-04-24	44	13.695	1.28
2026-04-24	48	2	1.53
2026-04-24	49	2	2.19
2026-04-24	50	1	2.19
2026-04-24	52	26.443	0.7
2026-04-24	53	2	1.85
2026-04-24	54	3	1.85
2026-04-24	55	5	2.1
2026-04-24	56	4	2.6
2026-04-24	57	2	0.98
2026-04-24	58	1.705	1.9
2026-04-24	61	2	1.39
2026-04-24	65	2	1.04
2026-04-24	66	3	1.16
2026-04-24	68	1	1.51
2026-04-24	69	8	0.91
2026-04-24	70	3	1.1
2026-04-24	71	2	1.53
2026-04-24	72	5	0.69
2026-04-24	73	3	1.1
2026-04-24	74	12	1.71
2026-04-24	75	4	1.19
2026-04-24	76	19	0.57
2026-04-24	77	2	1.67
2026-04-24	78	9	0.79
2026-04-24	79	6	1.07
2026-04-24	8	2	1.69
2026-04-24	81	7	0.72
2026-04-24	82	7	0.65
2026-04-24	83	3.384	1.72
2026-04-24	84	7	1.16
2026-04-24	87	4	1.04
2026-04-24	88	2.185	1.62
2026-04-24	89	35	0.58
2026-04-24	9	4	0.58
2026-04-24	91	25.642	0.53
2026-04-24	92	8.422	0.64
2026-04-24	93	29	1.46
2026-04-24	94	6.163	2.08
2026-04-24	95	5.826	1.84
2026-04-24	96	1.368	1.82
2026-04-24	98	1.363	1.68
2026-04-24	99	1.579	2.28
2026-04-27	101	9.192	2.19
2026-04-27	103	2.259	1.62
2026-04-27	105	3.161	1.24
2026-04-27	106	10.207	1.45
2026-04-27	107	4.88	1.42
2026-04-27	11	3.943	3.16
2026-04-27	111	4.656	1.28
2026-04-27	112	3.55	1.91
2026-04-27	114	17.959	2.19
2026-04-27	12	5.287	1.71
2026-04-27	121	52.591	0.93
2026-04-27	124	19.853	1.16
2026-04-27	125	6	1.74
2026-04-27	127	7	1.84
2026-04-27	130	6	1.39
2026-04-27	134	1.025	10.3
2026-04-27	135	0.693	9.6
2026-04-27	136	0.463	9.03
2026-04-27	137	0.738	13.1
2026-04-27	138	3.349	3.15
2026-04-27	139	0.493	10.35
2026-04-27	140	0.782	9.6
2026-04-27	142	0.661	4.78
2026-04-27	145	0.314	15.9
2026-04-27	146	1.614	10.6
2026-04-27	152	9	1.26
2026-04-27	153	12	1.54
2026-04-27	158	3	1.75
2026-04-27	165	4.367	3.65
2026-04-27	166	8	1.84
2026-04-27	167	6	1.18
2026-04-27	178	1.049	2.43
2026-04-27	18	17.286	0.98
2026-04-27	185	4	1.44
2026-04-27	186	8	1.66
2026-04-27	187	4.696	4.04
2026-04-27	189	5	2.31
2026-04-27	190	13	2.31
2026-04-27	193	9	1.46
2026-04-27	194	12.99	2.07
2026-04-27	195	14	1.09
2026-04-27	196	5	2.31
2026-04-27	197	9.75	1.72
2026-04-27	198	12.793	0.87
2026-04-27	199	5.099	1.62
2026-04-27	207	3	0.94
2026-04-27	208	5	0.66
2026-04-27	209	3	0.88
2026-04-27	21	15	0.76
2026-04-27	211	4	0.85
2026-04-27	213	4	2.02
2026-04-27	214	2	1.95
2026-04-27	216	2	2
2026-04-27	218	9	1.02
2026-04-27	219	4	0.71
2026-04-27	224	16	0.72
2026-04-27	226	3	0.98
2026-04-27	23	5	0.94
2026-04-27	27	3	1.91
2026-04-27	28	10	2.08
2026-04-27	30	6	1.39
2026-04-27	31	0.759	4.4
2026-04-27	33	9.487	1.15
2026-04-27	38	10.604	1.39
2026-04-27	39	4.067	3.3
2026-04-27	4	8	0.76
2026-04-27	40	3	1.53
2026-04-27	41	9.565	1.38
2026-04-27	42	11.374	0.99
2026-04-27	43	17.769	1.3
2026-04-27	44	19.023	1.28
2026-04-27	48	2	1.53
2026-04-27	49	2	2.19
2026-04-27	50	2	2.19
2026-04-27	51	0.11	1.46
2026-04-27	52	36.714	0.7
2026-04-27	53	2	1.85
2026-04-27	54	4	1.85
2026-04-27	55	6	2.1
2026-04-27	56	6	2.6
2026-04-27	57	3	0.98
2026-04-27	58	2.368	1.9
2026-04-27	60	6	2.02
2026-04-27	61	2	1.39
2026-04-27	65	3	1.04
2026-04-27	66	5	1.16
2026-04-27	68	2	1.51
2026-04-27	69	11	0.91
2026-04-27	70	5	1.1
2026-04-27	71	3	1.53
2026-04-27	72	7	0.69
2026-04-27	73	4	1.1
2026-04-27	75	6	1.19
2026-04-27	76	26	0.57
2026-04-27	77	3	1.67
2026-04-27	78	13	0.79
2026-04-27	79	8	1.07
2026-04-27	8	2	1.69
2026-04-27	81	10	0.72
2026-04-27	82	9	0.65
2026-04-27	83	4.698	1.72
2026-04-27	84	10	1.16
2026-04-27	87	5	1.04
2026-04-27	88	3.037	1.62
2026-04-27	89	48.603	0.58
2026-04-27	9	5	0.58
2026-04-27	91	35.623	0.53
2026-04-27	92	11.703	0.64
2026-04-27	93	40	1.46
2026-04-27	94	8.563	2.08
2026-04-27	95	8.092	1.84
2026-04-27	96	1.901	1.82
2026-04-27	98	1.893	1.68
2026-04-27	99	2.197	2.28
2026-04-28	101	7.352	2.19
2026-04-28	103	1.809	1.62
2026-04-28	104	0.14	1.57
2026-04-28	105	2.524	1.24
2026-04-28	106	8.166	1.45
2026-04-28	107	3.901	1.42
2026-04-28	11	3.152	3.16
2026-04-28	111	3.727	1.28
2026-04-28	112	2.838	1.91
2026-04-28	114	14.365	2.19
2026-04-28	12	4.228	1.71
2026-04-28	121	42.075	0.93
2026-04-28	124	15.888	1.16
2026-04-28	125	5	1.74
2026-04-28	127	6	1.84
2026-04-28	130	5	1.39
2026-04-28	134	0.82	10.3
2026-04-28	135	0.554	9.6
2026-04-28	136	0.371	9.03
2026-04-28	137	0.591	13.1
2026-04-28	138	2.679	3.15
2026-04-28	139	0.394	10.35
2026-04-28	140	0.626	9.6
2026-04-28	141	2.348	8.74
2026-04-28	142	0.529	4.78
2026-04-28	144	5.592	3.82
2026-04-28	145	0.251	15.9
2026-04-28	146	1.292	10.6
2026-04-28	158	2	1.75
2026-04-28	16	22.218	0.87
2026-04-28	165	3.493	3.65
2026-04-28	166	6	1.84
2026-04-28	167	5	1.18
2026-04-28	178	0.84	2.43
2026-04-28	18	13.827	0.98
2026-04-28	185	4	1.44
2026-04-28	187	3.757	4.04
2026-04-28	189	4	2.31
2026-04-28	190	10	2.31
2026-04-28	193	7	1.46
2026-04-28	194	10.391	2.07
2026-04-28	195	11	1.09
2026-04-28	196	4	2.31
2026-04-28	197	7.797	1.72
2026-04-28	198	10.23	0.87
2026-04-28	199	4.08	1.62
2026-04-28	207	2	0.94
2026-04-28	208	4	0.66
2026-04-28	209	2	0.88
2026-04-28	211	3	0.85
2026-04-28	213	3	2.02
2026-04-28	214	2	1.95
2026-04-28	216	1	2
2026-04-28	218	7	1.02
2026-04-28	219	3	0.71
2026-04-28	226	3	0.98
2026-04-28	227	17	1.19
2026-04-28	23	4	0.94
2026-04-28	27	2	1.91
2026-04-28	28	8	2.08
2026-04-28	30	5	1.39
2026-04-28	31	0.607	4.4
2026-04-28	33	7.583	1.15
2026-04-28	38	8.482	1.39
2026-04-28	39	3.255	3.3
2026-04-28	4	7	0.76
2026-04-28	40	3	1.53
2026-04-28	41	7.652	1.38
2026-04-28	42	9.101	0.99
2026-04-28	43	14.215	1.3
2026-04-28	44	15.219	1.28
2026-04-28	48	2	1.53
2026-04-28	49	2	2.19
2026-04-28	50	1	2.19
2026-04-28	52	29.371	0.7
2026-04-28	53	2	1.85
2026-04-28	54	3	1.85
2026-04-28	55	5	2.1
2026-04-28	56	5	2.6
2026-04-28	57	2	0.98
2026-04-28	58	1.895	1.9
2026-04-28	61	2	1.39
2026-04-28	65	3	1.04
2026-04-28	66	4	1.16
2026-04-28	68	1	1.51
2026-04-28	69	9	0.91
2026-04-28	70	4	1.1
2026-04-28	71	2	1.53
2026-04-28	72	5	0.69
2026-04-28	73	3	1.1
2026-04-28	75	5	1.19
2026-04-28	76	21	0.57
2026-04-28	77	3	1.67
2026-04-28	78	10	0.79
2026-04-28	79	6	1.07
2026-04-28	8	2	1.69
2026-04-28	81	8	0.72
2026-04-28	82	7	0.65
2026-04-28	83	3.762	1.72
2026-04-28	84	8	1.16
2026-04-28	87	4	1.04
2026-04-28	88	2.426	1.62
2026-04-28	89	38.879	0.58
2026-04-28	9	4	0.58
2026-04-28	91	28.491	0.53
2026-04-28	92	9.359	0.64
2026-04-28	93	32	1.46
2026-04-28	94	6.851	2.08
2026-04-28	95	6.473	1.84
2026-04-28	96	1.522	1.82
2026-04-28	98	1.512	1.68
2026-04-28	99	1.754	2.28
2026-04-29	101	6.986	2.19
2026-04-29	103	1.716	1.62
2026-04-29	105	2.403	1.24
2026-04-29	106	7.759	1.45
2026-04-29	107	3.711	1.42
2026-04-29	11	2.997	3.16
2026-04-29	111	3.539	1.28
2026-04-29	112	2.696	1.91
2026-04-29	114	13.648	2.19
2026-04-29	12	4.018	1.71
2026-04-29	121	39.968	0.93
2026-04-29	124	15.095	1.16
2026-04-29	125	4	1.74
2026-04-29	127	5	1.84
2026-04-29	130	5	1.39
2026-04-29	134	0.78	10.3
2026-04-29	135	0.526	9.6
2026-04-29	136	0.352	9.03
2026-04-29	137	0.561	13.1
2026-04-29	138	2.546	3.15
2026-04-29	139	0.374	10.35
2026-04-29	140	0.595	9.6
2026-04-29	142	0.502	4.78
2026-04-29	145	0.238	15.9
2026-04-29	146	1.226	10.6
2026-04-29	158	2	1.75
2026-04-29	165	3.318	3.65
2026-04-29	166	6	1.84
2026-04-29	167	5	1.18
2026-04-29	178	0.794	2.43
2026-04-29	18	13.133	0.98
2026-04-29	185	3	1.44
2026-04-29	187	3.569	4.04
2026-04-29	189	4	2.31
2026-04-29	190	10	2.31
2026-04-29	193	7	1.46
2026-04-29	194	9.874	2.07
2026-04-29	195	11	1.09
2026-04-29	196	4	2.31
2026-04-29	197	7.407	1.72
2026-04-29	198	9.724	0.87
2026-04-29	199	3.877	1.62
2026-04-29	207	2	0.94
2026-04-29	208	4	0.66
2026-04-29	209	2	0.88
2026-04-29	211	3	0.85
2026-04-29	213	3	2.02
2026-04-29	214	2	1.95
2026-04-29	216	1	2
2026-04-29	217	2	1.2
2026-04-29	218	7	1.02
2026-04-29	219	3	0.71
2026-04-29	223	1	1.5
2026-04-29	226	2	0.98
2026-04-29	23	4	0.94
2026-04-29	27	2	1.91
2026-04-29	28	7	2.08
2026-04-29	30	4	1.39
2026-04-29	31	0.577	4.4
2026-04-29	33	7.209	1.15
2026-04-29	38	8.058	1.39
2026-04-29	39	3.091	3.3
2026-04-29	4	6	0.76
2026-04-29	40	2	1.53
2026-04-29	41	7.268	1.38
2026-04-29	42	8.646	0.99
2026-04-29	43	13.508	1.3
2026-04-29	44	14.453	1.28
2026-04-29	48	2	1.53
2026-04-29	49	2	2.19
2026-04-29	50	1	2.19
2026-04-29	52	27.914	0.7
2026-04-29	53	2	1.85
2026-04-29	54	3	1.85
2026-04-29	55	5	2.1
2026-04-29	56	5	2.6
2026-04-29	57	2	0.98
2026-04-29	58	1.8	1.9
2026-04-29	61	2	1.39
2026-04-29	65	3	1.04
2026-04-29	66	3	1.16
2026-04-29	68	1	1.51
2026-04-29	69	8	0.91
2026-04-29	70	3	1.1
2026-04-29	71	2	1.53
2026-04-29	72	5	0.69
2026-04-29	73	3	1.1
2026-04-29	75	4	1.19
2026-04-29	76	20	0.57
2026-04-29	77	2	1.67
2026-04-29	78	10	0.79
2026-04-29	79	6	1.07
2026-04-29	8	2	1.69
2026-04-29	81	8	0.72
2026-04-29	82	7	0.65
2026-04-29	83	3.57	1.72
2026-04-29	84	7	1.16
2026-04-29	87	4	1.04
2026-04-29	88	2.309	1.62
2026-04-29	89	36.931	0.58
2026-04-29	9	4	0.58
2026-04-29	91	27.075	0.53
2026-04-29	92	8.891	0.64
2026-04-29	93	30	1.46
2026-04-29	94	6.505	2.08
2026-04-29	95	6.147	1.84
2026-04-29	96	1.445	1.82
2026-04-29	98	1.44	1.68
2026-04-29	99	1.667	2.28
2026-04-30	101	6.635	2.19
2026-04-30	103	1.611	1.62
2026-04-30	105	2.282	1.24
2026-04-30	106	7.331	1.45
2026-04-30	107	3.521	1.42
2026-04-30	11	2.829	3.16
2026-04-30	110	5	2.19
2026-04-30	111	3.383	1.28
2026-04-30	112	2.534	1.91
2026-04-30	114	12.913	2.19
2026-04-30	12	3.772	1.71
2026-04-30	121	37.86	0.93
2026-04-30	124	14.302	1.16
2026-04-30	125	4	1.74
2026-04-30	127	5	1.84
2026-04-30	130	5	1.39
2026-04-30	134	0.74	10.3
2026-04-30	135	0.492	9.6
2026-04-30	136	0.336	9.03
2026-04-30	137	0.531	13.1
2026-04-30	138	2.394	3.15
2026-04-30	139	0.356	10.35
2026-04-30	140	0.561	9.6
2026-04-30	142	0.483	4.78
2026-04-30	145	0.229	15.9
2026-04-30	146	1.165	10.6
2026-04-30	152	9	1.26
2026-04-30	157	5	2.63
2026-04-30	158	2	1.75
2026-04-30	165	3.153	3.65
2026-04-30	166	6	1.84
2026-04-30	167	5	1.18
2026-04-30	178	0.761	2.43
2026-04-30	18	12.459	0.98
2026-04-30	185	3	1.44
2026-04-30	187	3.381	4.04
2026-04-30	189	4	2.31
2026-04-30	190	9	2.31
2026-04-30	193	6	1.46
2026-04-30	194	9.343	2.07
2026-04-30	195	10	1.09
2026-04-30	196	4	2.31
2026-04-30	197	7.035	1.72
2026-04-30	198	9.218	0.87
2026-04-30	199	3.642	1.62
2026-04-30	201	12.185	1.3
2026-04-30	207	2	0.94
2026-04-30	208	4	0.66
2026-04-30	209	2	0.88
2026-04-30	211	3	0.85
2026-04-30	213	3	2.02
2026-04-30	214	2	1.95
2026-04-30	216	1	2
2026-04-30	218	6	1.02
2026-04-30	219	3	0.71
2026-04-30	226	2	0.98
2026-04-30	23	4	0.94
2026-04-30	27	2	1.91
2026-04-30	28	7	2.08
2026-04-30	30	4	1.39
2026-04-30	31	0.555	4.4
2026-04-30	33	6.826	1.15
2026-04-30	38	7.647	1.39
2026-04-30	39	2.945	3.3
2026-04-30	4	6	0.76
2026-04-30	40	2	1.53
2026-04-30	41	6.891	1.38
2026-04-30	42	8.131	0.99
2026-04-30	43	12.815	1.3
2026-04-30	44	13.711	1.28
2026-04-30	48	2	1.53
2026-04-30	49	2	2.19
2026-04-30	50	1	2.19
2026-04-30	52	26.414	0.7
2026-04-30	53	2	1.85
2026-04-30	54	3	1.85
2026-04-30	55	5	2.1
2026-04-30	56	4	2.6
2026-04-30	57	2	0.98
2026-04-30	58	1.679	1.9
2026-04-30	60	6	2.02
2026-04-30	61	2	1.39
2026-04-30	65	2	1.04
2026-04-30	66	3	1.16
2026-04-30	68	1	1.51
2026-04-30	69	8	0.91
2026-04-30	70	3	1.1
2026-04-30	71	2	1.53
2026-04-30	72	5	0.69
2026-04-30	73	3	1.1
2026-04-30	75	4	1.19
2026-04-30	76	19	0.57
2026-04-30	77	2	1.67
2026-04-30	78	9	0.79
2026-04-30	79	6	1.07
2026-04-30	8	2	1.69
2026-04-30	81	7	0.72
2026-04-30	82	7	0.65
2026-04-30	83	3.384	1.72
2026-04-30	84	7	1.16
2026-04-30	87	4	1.04
2026-04-30	88	2.173	1.62
2026-04-30	89	35.017	0.58
2026-04-30	9	4	0.58
2026-04-30	91	25.717	0.53
2026-04-30	92	8.563	0.64
2026-04-30	93	29	1.46
2026-04-30	94	6.159	2.08
2026-04-30	95	5.815	1.84
2026-04-30	96	1.412	1.82
2026-04-30	98	1.345	1.68
2026-04-30	99	1.601	2.28
2026-05-01	101	6.388	2.19
2026-05-01	103	1.568	1.62
2026-05-01	105	2.194	1.24
2026-05-01	106	7.097	1.45
2026-05-01	107	3.394	1.42
2026-05-01	11	2.741	3.16
2026-05-01	111	3.234	1.28
2026-05-01	112	2.466	1.91
2026-05-01	114	12.479	2.19
2026-05-01	12	3.673	1.71
2026-05-01	121	36.548	0.93
2026-05-01	124	13.802	1.16
2026-05-01	125	4	1.74
2026-05-01	127	5	1.84
2026-05-01	130	4	1.39
2026-05-01	134	0.713	10.3
2026-05-01	135	0.481	9.6
2026-05-01	136	0.322	9.03
2026-05-01	137	0.513	13.1
2026-05-01	138	2.327	3.15
2026-05-01	139	0.342	10.35
2026-05-01	140	0.544	9.6
2026-05-01	142	0.46	4.78
2026-05-01	145	0.218	15.9
2026-05-01	146	1.122	10.6
2026-05-01	154	11	1.44
2026-05-01	155	20	0.57
2026-05-01	158	2	1.75
2026-05-01	16	20.506	0.87
2026-05-01	165	3.036	3.65
2026-05-01	166	6	1.84
2026-05-01	167	4	1.18
2026-05-01	18	12.01	0.98
2026-05-01	185	3	1.44
2026-05-01	187	3.265	4.04
2026-05-01	189	4	2.31
2026-05-01	190	9	2.31
2026-05-01	193	6	1.46
2026-05-01	194	9.029	2.07
2026-05-01	195	10	1.09
2026-05-01	196	4	2.31
2026-05-01	197	6.773	1.72
2026-05-01	198	8.885	0.87
2026-05-01	199	3.543	1.62
2026-05-01	207	2	0.94
2026-05-01	208	4	0.66
2026-05-01	209	2	0.88
2026-05-01	21	14	0.76
2026-05-01	211	3	0.85
2026-05-01	213	3	2.02
2026-05-01	214	2	1.95
2026-05-01	216	1	2
2026-05-01	218	6	1.02
2026-05-01	219	29	0.71
2026-05-01	226	2	0.98
2026-05-01	23	4	0.94
2026-05-01	27	2	1.91
2026-05-01	28	7	2.08
2026-05-01	30	4	1.39
2026-05-01	31	0.527	4.4
2026-05-01	33	6.591	1.15
2026-05-01	38	7.374	1.39
2026-05-01	39	2.827	3.3
2026-05-01	4	6	0.76
2026-05-01	40	2	1.53
2026-05-01	41	6.652	1.38
2026-05-01	42	7.909	0.99
2026-05-01	43	12.354	1.3
2026-05-01	44	13.219	1.28
2026-05-01	48	2	1.53
2026-05-01	49	2	2.19
2026-05-01	50	1	2.19
2026-05-01	51	0.151	1.46
2026-05-01	52	25.529	0.7
2026-05-01	53	1	1.85
2026-05-01	54	3	1.85
2026-05-01	55	4	2.1
2026-05-01	56	4	2.6
2026-05-01	57	2	0.98
2026-05-01	58	1.647	1.9
2026-05-01	61	2	1.39
2026-05-01	65	2	1.04
2026-05-01	66	3	1.16
2026-05-01	68	1	1.51
2026-05-01	69	7	0.91
2026-05-01	70	3	1.1
2026-05-01	71	2	1.53
2026-05-01	72	5	0.69
2026-05-01	73	3	1.1
2026-05-01	75	4	1.19
2026-05-01	76	18	0.57
2026-05-01	77	2	1.67
2026-05-01	78	9	0.79
2026-05-01	79	6	1.07
2026-05-01	8	2	1.69
2026-05-01	81	7	0.72
2026-05-01	82	6	0.65
2026-05-01	83	3.267	1.72
2026-05-01	84	7	1.16
2026-05-01	85	17	1.1
2026-05-01	87	4	1.04
2026-05-01	88	2.111	1.62
2026-05-01	89	33.776	0.58
2026-05-01	9	4	0.58
2026-05-01	91	24.755	0.53
2026-05-01	92	8.141	0.64
2026-05-01	93	27	1.46
2026-05-01	94	5.952	2.08
2026-05-01	95	5.625	1.84
2026-05-01	96	1.324	1.82
2026-05-01	98	1.315	1.68
2026-05-01	99	1.526	2.28
2026-05-04	101	8.872	2.19
2026-05-04	103	2.179	1.62
2026-05-04	105	3.048	1.24
2026-05-04	106	9.855	1.45
2026-05-04	107	4.711	1.42
2026-05-04	11	3.804	3.16
2026-05-04	111	4.5	1.28
2026-05-04	112	3.424	1.91
2026-05-04	114	17.333	2.19
2026-05-04	12	5.099	1.71
2026-05-04	121	50.763	0.93
2026-05-04	124	19.172	1.16
2026-05-04	125	5	1.74
2026-05-04	127	7	1.84
2026-05-04	130	6	1.39
2026-05-04	134	0.99	10.3
2026-05-04	135	0.669	9.6
2026-05-04	136	0.447	9.03
2026-05-04	137	0.713	13.1
2026-05-04	138	3.232	3.15
2026-05-04	139	0.475	10.35
2026-05-04	140	0.755	9.6
2026-05-04	142	0.638	4.78
2026-05-04	145	0.303	15.9
2026-05-04	146	1.558	10.6
2026-05-04	155	20	0.57
2026-05-04	158	3	1.75
2026-05-04	165	4.214	3.65
2026-05-04	166	8	1.84
2026-05-04	167	6	1.18
2026-05-04	18	16.684	0.98
2026-05-04	185	4	1.44
2026-05-04	187	4.532	4.04
2026-05-04	189	5	2.31
2026-05-04	190	12	2.31
2026-05-04	193	9	1.46
2026-05-04	194	12.541	2.07
2026-05-04	195	14	1.09
2026-05-04	196	5	2.31
2026-05-04	197	9.407	1.72
2026-05-04	198	12.345	0.87
2026-05-04	199	4.92	1.62
2026-05-04	207	3	0.94
2026-05-04	208	5	0.66
2026-05-04	209	3	0.88
2026-05-04	211	4	0.85
2026-05-04	213	4	2.02
2026-05-04	214	2	1.95
2026-05-04	215	9	1.95
2026-05-04	216	1	2
2026-05-04	218	8	1.02
2026-05-04	226	3	0.98
2026-05-04	23	5	0.94
2026-05-04	236	8	2.05
2026-05-04	27	3	1.91
2026-05-04	28	9	2.08
2026-05-04	30	6	1.39
2026-05-04	31	0.732	4.4
2026-05-04	33	9.157	1.15
2026-05-04	38	10.237	1.39
2026-05-04	39	3.927	3.3
2026-05-04	4	8	0.76
2026-05-04	40	3	1.53
2026-05-04	41	9.232	1.38
2026-05-04	42	10.98	0.99
2026-05-04	43	17.154	1.3
2026-05-04	44	18.359	1.28
2026-05-04	48	2	1.53
2026-05-04	49	2	2.19
2026-05-04	50	2	2.19
2026-05-04	52	35.443	0.7
2026-05-04	53	2	1.85
2026-05-04	54	4	1.85
2026-05-04	55	6	2.1
2026-05-04	56	6	2.6
2026-05-04	57	3	0.98
2026-05-04	58	2.284	1.9
2026-05-04	61	2	1.39
2026-05-04	65	3	1.04
2026-05-04	66	4	1.16
2026-05-04	68	2	1.51
2026-05-04	69	10	0.91
2026-05-04	70	4	1.1
2026-05-04	71	3	1.53
2026-05-04	72	6	0.69
2026-05-04	73	4	1.1
2026-05-04	75	6	1.19
2026-05-04	76	25	0.57
2026-05-04	77	3	1.67
2026-05-04	78	12	0.79
2026-05-04	79	8	1.07
2026-05-04	8	2	1.69
2026-05-04	81	10	0.72
2026-05-04	82	9	0.65
2026-05-04	83	4.535	1.72
2026-05-04	84	9	1.16
2026-05-04	87	5	1.04
2026-05-04	88	2.932	1.62
2026-05-04	89	46.914	0.58
2026-05-04	9	5	0.58
2026-05-04	91	34.396	0.53
2026-05-04	92	11.297	0.64
2026-05-04	93	38	1.46
2026-05-04	94	8.264	2.08
2026-05-04	95	7.81	1.84
2026-05-04	96	1.835	1.82
2026-05-04	98	1.827	1.68
2026-05-04	99	2.118	2.28
2026-05-05	100	5.893	1.96
2026-05-05	101	7.1	2.19
2026-05-05	103	1.747	1.62
2026-05-05	105	2.444	1.24
2026-05-05	106	7.883	1.45
2026-05-05	107	3.768	1.42
2026-05-05	11	3.044	3.16
2026-05-05	111	3.594	1.28
2026-05-05	112	2.738	1.91
2026-05-05	114	13.868	2.19
2026-05-05	12	4.082	1.71
2026-05-05	121	40.613	0.93
2026-05-05	124	15.336	1.16
2026-05-05	125	4	1.74
2026-05-05	127	5	1.84
2026-05-05	130	5	1.39
2026-05-05	134	0.792	10.3
2026-05-05	135	0.534	9.6
2026-05-05	136	0.358	9.03
2026-05-05	137	0.57	13.1
2026-05-05	138	2.587	3.15
2026-05-05	139	0.381	10.35
2026-05-05	140	0.604	9.6
2026-05-05	142	0.51	4.78
2026-05-05	145	0.242	15.9
2026-05-05	146	1.246	10.6
2026-05-05	158	2	1.75
2026-05-05	161	2	0.91
2026-05-05	165	3.373	3.65
2026-05-05	166	6	1.84
2026-05-05	167	5	1.18
2026-05-05	18	13.347	0.98
2026-05-05	185	3	1.44
2026-05-05	187	3.626	4.04
2026-05-05	189	4	2.31
2026-05-05	190	10	2.31
2026-05-05	193	7	1.46
2026-05-05	194	10.034	2.07
2026-05-05	195	11	1.09
2026-05-05	196	4	2.31
2026-05-05	197	7.529	1.72
2026-05-05	198	9.874	0.87
2026-05-05	199	3.938	1.62
2026-05-05	207	2	0.94
2026-05-05	208	4	0.66
2026-05-05	209	2	0.88
2026-05-05	211	3	0.85
2026-05-05	213	3	2.02
2026-05-05	214	2	1.95
2026-05-05	216	1	2
2026-05-05	218	7	1.02
2026-05-05	224	15	0.72
2026-05-05	226	2	0.98
2026-05-05	23	4	0.94
2026-05-05	27	2	1.91
2026-05-05	28	7	2.08
2026-05-05	30	5	1.39
2026-05-05	31	0.586	4.4
2026-05-05	33	7.322	1.15
2026-05-05	38	8.194	1.39
2026-05-05	39	3.142	3.3
2026-05-05	4	6	0.76
2026-05-05	40	2	1.53
2026-05-05	41	7.391	1.38
2026-05-05	42	8.788	0.99
2026-05-05	43	13.723	1.3
2026-05-05	44	14.688	1.28
2026-05-05	48	2	1.53
2026-05-05	49	2	2.19
2026-05-05	50	1	2.19
2026-05-05	52	28.357	0.7
2026-05-05	53	2	1.85
2026-05-05	54	3	1.85
2026-05-05	55	5	2.1
2026-05-05	56	5	2.6
2026-05-05	57	2	0.98
2026-05-05	58	1.826	1.9
2026-05-05	61	2	1.39
2026-05-05	65	3	1.04
2026-05-05	66	4	1.16
2026-05-05	68	1	1.51
2026-05-05	69	8	0.91
2026-05-05	70	4	1.1
2026-05-05	71	2	1.53
2026-05-05	72	5	0.69
2026-05-05	73	3	1.1
2026-05-05	75	4	1.19
2026-05-05	76	20	0.57
2026-05-05	77	2	1.67
2026-05-05	78	10	0.79
2026-05-05	79	6	1.07
2026-05-05	8	2	1.69
2026-05-05	81	8	0.72
2026-05-05	82	7	0.65
2026-05-05	83	3.628	1.72
2026-05-05	84	8	1.16
2026-05-05	87	4	1.04
2026-05-05	88	2.346	1.62
2026-05-05	89	37.534	0.58
2026-05-05	9	4	0.58
2026-05-05	91	27.509	0.53
2026-05-05	92	9.047	0.64
2026-05-05	93	31	1.46
2026-05-05	94	6.611	2.08
2026-05-05	95	6.25	1.84
2026-05-05	96	1.473	1.82
2026-05-05	98	1.458	1.68
2026-05-05	99	1.697	2.28
2026-05-06	101	6.744	2.19
2026-05-06	103	1.66	1.62
2026-05-06	105	2.315	1.24
2026-05-06	106	7.49	1.45
2026-05-06	107	3.585	1.42
2026-05-06	11	2.892	3.16
2026-05-06	111	3.414	1.28
2026-05-06	112	2.602	1.91
2026-05-06	114	13.174	2.19
2026-05-06	117	9.603	1.46
2026-05-06	12	3.877	1.71
2026-05-06	121	38.581	0.93
2026-05-06	124	14.569	1.16
2026-05-06	125	4	1.74
2026-05-06	127	5	1.84
2026-05-06	130	5	1.39
2026-05-06	134	0.752	10.3
2026-05-06	135	0.508	9.6
2026-05-06	136	0.34	9.03
2026-05-06	137	0.542	13.1
2026-05-06	138	2.457	3.15
2026-05-06	139	0.361	10.35
2026-05-06	14	0.406	0.69
2026-05-06	140	0.574	9.6
2026-05-06	142	0.485	4.78
2026-05-06	143	5	2.13
2026-05-06	145	0.23	15.9
2026-05-06	146	1.184	10.6
2026-05-06	158	2	1.75
2026-05-06	165	3.203	3.65
2026-05-06	166	6	1.84
2026-05-06	167	5	1.18
2026-05-06	18	12.684	0.98
2026-05-06	185	3	1.44
2026-05-06	186	7	1.66
2026-05-06	187	3.446	4.04
2026-05-06	189	4	2.31
2026-05-06	190	9	2.31
2026-05-06	193	7	1.46
2026-05-06	194	9.531	2.07
2026-05-06	195	10	1.09
2026-05-06	196	4	2.31
2026-05-06	197	7.151	1.72
2026-05-06	198	9.379	0.87
2026-05-06	199	3.741	1.62
2026-05-06	207	2	0.94
2026-05-06	208	4	0.66
2026-05-06	209	2	0.88
2026-05-06	211	3	0.85
2026-05-06	213	3	2.02
2026-05-06	214	2	1.95
2026-05-06	216	1	2
2026-05-06	218	6	1.02
2026-05-06	226	2	0.98
2026-05-06	229	1	1.35
2026-05-06	23	4	0.94
2026-05-06	249	11	1.64
2026-05-06	27	2	1.91
2026-05-06	28	7	2.08
2026-05-06	30	4	1.39
2026-05-06	31	0.557	4.4
2026-05-06	33	6.957	1.15
2026-05-06	35	15	0.98
2026-05-06	38	7.784	1.39
2026-05-06	39	2.985	3.3
2026-05-06	4	6	0.76
2026-05-06	40	2	1.53
2026-05-06	41	7.022	1.38
2026-05-06	42	8.343	0.99
2026-05-06	43	13.038	1.3
2026-05-06	44	13.953	1.28
2026-05-06	48	2	1.53
2026-05-06	49	2	2.19
2026-05-06	50	1	2.19
2026-05-06	52	26.943	0.7
2026-05-06	53	2	1.85
2026-05-06	54	3	1.85
2026-05-06	55	5	2.1
2026-05-06	56	4	2.6
2026-05-06	57	2	0.98
2026-05-06	58	1.737	1.9
2026-05-06	61	2	1.39
2026-05-06	65	2	1.04
2026-05-06	66	3	1.16
2026-05-06	68	1	1.51
2026-05-06	69	8	0.91
2026-05-06	70	3	1.1
2026-05-06	71	2	1.53
2026-05-06	72	5	0.69
2026-05-06	73	3	1.1
2026-05-06	75	4	1.19
2026-05-06	76	19	0.57
2026-05-06	77	2	1.67
2026-05-06	78	9	0.79
2026-05-06	79	6	1.07
2026-05-06	8	2	1.69
2026-05-06	81	7	0.72
2026-05-06	82	7	0.65
2026-05-06	83	3.448	1.72
2026-05-06	84	7	1.16
2026-05-06	87	4	1.04
2026-05-06	88	2.228	1.62
2026-05-06	89	35.655	0.58
2026-05-06	9	4	0.58
2026-05-06	91	26.132	0.53
2026-05-06	92	8.594	0.64
2026-05-06	93	29	1.46
2026-05-06	94	6.279	2.08
2026-05-06	95	5.935	1.84
2026-05-06	96	1.396	1.82
2026-05-06	98	1.387	1.68
2026-05-06	99	1.61	2.28
2026-05-07	101	6.388	2.19
2026-05-07	103	1.568	1.62
2026-05-07	105	2.194	1.24
2026-05-07	106	7.097	1.45
2026-05-07	107	3.394	1.42
2026-05-07	11	2.741	3.16
2026-05-07	111	3.234	1.28
2026-05-07	112	2.466	1.91
2026-05-07	114	12.479	2.19
2026-05-07	12	3.673	1.71
2026-05-07	121	36.548	0.93
2026-05-07	124	13.802	1.16
2026-05-07	125	4	1.74
2026-05-07	127	5	1.84
2026-05-07	130	4	1.39
2026-05-07	134	0.713	10.3
2026-05-07	135	0.481	9.6
2026-05-07	136	0.322	9.03
2026-05-07	137	0.513	13.1
2026-05-07	138	2.327	3.15
2026-05-07	139	0.342	10.35
2026-05-07	140	0.544	9.6
2026-05-07	142	0.46	4.78
2026-05-07	145	0.218	15.9
2026-05-07	146	1.122	10.6
2026-05-07	158	2	1.75
2026-05-07	165	3.036	3.65
2026-05-07	166	6	1.84
2026-05-07	167	4	1.18
2026-05-07	18	12.01	0.98
2026-05-07	185	3	1.44
2026-05-07	187	3.265	4.04
2026-05-07	189	4	2.31
2026-05-07	190	9	2.31
2026-05-07	193	6	1.46
2026-05-07	194	9.029	2.07
2026-05-07	195	10	1.09
2026-05-07	196	4	2.31
2026-05-07	197	6.773	1.72
2026-05-07	198	8.885	0.87
2026-05-07	199	3.543	1.62
2026-05-07	206	11	1.36
2026-05-07	207	2	0.94
2026-05-07	208	4	0.66
2026-05-07	209	2	0.88
2026-05-07	211	3	0.85
2026-05-07	213	3	2.02
2026-05-07	214	2	1.95
2026-05-07	216	1	2
2026-05-07	218	6	1.02
2026-05-07	226	2	0.98
2026-05-07	23	4	0.94
2026-05-07	24	17.46	0.87
2026-05-07	27	2	1.91
2026-05-07	28	7	2.08
2026-05-07	30	4	1.39
2026-05-07	31	0.527	4.4
2026-05-07	33	6.591	1.15
2026-05-07	38	7.374	1.39
2026-05-07	39	2.827	3.3
2026-05-07	4	6	0.76
2026-05-07	40	2	1.53
2026-05-07	41	6.652	1.38
2026-05-07	42	7.909	0.99
2026-05-07	43	12.354	1.3
2026-05-07	44	13.219	1.28
2026-05-07	48	2	1.53
2026-05-07	49	2	2.19
2026-05-07	50	1	2.19
2026-05-07	52	25.529	0.7
2026-05-07	53	1	1.85
2026-05-07	54	3	1.85
2026-05-07	55	4	2.1
2026-05-07	56	4	2.6
2026-05-07	57	2	0.98
2026-05-07	58	1.647	1.9
2026-05-07	61	2	1.39
2026-05-07	65	2	1.04
2026-05-07	66	3	1.16
2026-05-07	68	1	1.51
2026-05-07	69	7	0.91
2026-05-07	70	3	1.1
2026-05-07	71	2	1.53
2026-05-07	72	5	0.69
2026-05-07	73	3	1.1
2026-05-07	75	4	1.19
2026-05-07	76	18	0.57
2026-05-07	77	2	1.67
2026-05-07	78	9	0.79
2026-05-07	79	6	1.07
2026-05-07	8	2	1.69
2026-05-07	81	7	0.72
2026-05-07	82	6	0.65
2026-05-07	83	3.267	1.72
2026-05-07	84	7	1.16
2026-05-07	87	4	1.04
2026-05-07	88	2.111	1.62
2026-05-07	89	33.776	0.58
2026-05-07	9	4	0.58
2026-05-07	91	24.755	0.53
2026-05-07	92	8.141	0.64
2026-05-07	93	27	1.46
2026-05-07	94	5.952	2.08
2026-05-07	95	5.625	1.84
2026-05-07	96	1.324	1.82
2026-05-07	98	1.315	1.68
2026-05-07	99	1.526	2.28
2026-05-08	101	6.388	2.19
2026-05-08	103	1.568	1.62
2026-05-08	105	2.194	1.24
2026-05-08	106	7.097	1.45
2026-05-08	107	3.394	1.42
2026-05-08	11	2.741	3.16
2026-05-08	111	3.234	1.28
2026-05-08	112	2.466	1.91
2026-05-08	114	12.479	2.19
2026-05-08	12	3.673	1.71
2026-05-08	121	36.548	0.93
2026-05-08	124	13.802	1.16
2026-05-08	125	4	1.74
2026-05-08	127	5	1.84
2026-05-08	130	4	1.39
2026-05-08	134	0.713	10.3
2026-05-08	135	0.481	9.6
2026-05-08	136	0.322	9.03
2026-05-08	137	0.513	13.1
2026-05-08	138	2.327	3.15
2026-05-08	139	0.342	10.35
2026-05-08	140	0.544	9.6
2026-05-08	141	2.166	8.74
2026-05-08	142	0.46	4.78
2026-05-08	145	0.218	15.9
2026-05-08	146	1.122	10.6
2026-05-08	158	2	1.75
2026-05-08	165	3.036	3.65
2026-05-08	166	6	1.84
2026-05-08	167	4	1.18
2026-05-08	18	12.01	0.98
2026-05-08	185	3	1.44
2026-05-08	187	3.265	4.04
2026-05-08	189	4	2.31
2026-05-08	190	9	2.31
2026-05-08	193	6	1.46
2026-05-08	194	9.029	2.07
2026-05-08	195	10	1.09
2026-05-08	196	4	2.31
2026-05-08	197	6.773	1.72
2026-05-08	198	8.885	0.87
2026-05-08	199	3.543	1.62
2026-05-08	203	4	1.99
2026-05-08	207	2	0.94
2026-05-08	208	4	0.66
2026-05-08	209	2	0.88
2026-05-08	21	14	0.76
2026-05-08	211	3	0.85
2026-05-08	213	3	2.02
2026-05-08	214	2	1.95
2026-05-08	216	1	2
2026-05-08	217	2	1.2
2026-05-08	218	6	1.02
2026-05-08	226	2	0.98
2026-05-08	23	4	0.94
2026-05-08	248	0.252	7.59
2026-05-08	250	8.098	1.73
2026-05-08	27	2	1.91
2026-05-08	28	7	2.08
2026-05-08	30	4	1.39
2026-05-08	31	0.527	4.4
2026-05-08	33	6.591	1.15
2026-05-08	38	7.374	1.39
2026-05-08	39	2.827	3.3
2026-05-08	4	6	0.76
2026-05-08	40	2	1.53
2026-05-08	41	6.652	1.38
2026-05-08	42	7.909	0.99
2026-05-08	43	12.354	1.3
2026-05-08	44	13.219	1.28
2026-05-08	48	2	1.53
2026-05-08	49	2	2.19
2026-05-08	50	1	2.19
2026-05-08	52	25.529	0.7
2026-05-08	53	1	1.85
2026-05-08	54	3	1.85
2026-05-08	55	4	2.1
2026-05-08	56	4	2.6
2026-05-08	57	2	0.98
2026-05-08	58	1.647	1.9
2026-05-08	59	2.661	2.92
2026-05-08	61	2	1.39
2026-05-08	65	2	1.04
2026-05-08	66	3	1.16
2026-05-08	68	1	1.51
2026-05-08	69	7	0.91
2026-05-08	70	3	1.1
2026-05-08	71	2	1.53
2026-05-08	72	5	0.69
2026-05-08	73	3	1.1
2026-05-08	75	4	1.19
2026-05-08	76	18	0.57
2026-05-08	77	2	1.67
2026-05-08	78	9	0.79
2026-05-08	79	6	1.07
2026-05-08	8	2	1.69
2026-05-08	81	7	0.72
2026-05-08	82	6	0.65
2026-05-08	83	3.267	1.72
2026-05-08	84	7	1.16
2026-05-08	85	17	1.1
2026-05-08	87	4	1.04
2026-05-08	88	2.111	1.62
2026-05-08	89	33.776	0.58
2026-05-08	9	4	0.58
2026-05-08	91	24.755	0.53
2026-05-08	92	8.141	0.64
2026-05-08	93	27	1.46
2026-05-08	94	5.952	2.08
2026-05-08	95	5.625	1.84
2026-05-08	96	1.324	1.82
2026-05-08	98	1.315	1.68
2026-05-08	99	1.526	2.28
2026-05-11	101	8.872	2.19
2026-05-11	103	2.179	1.62
2026-05-11	104	0.127	1.57
2026-05-11	105	3.048	1.24
2026-05-11	106	9.855	1.45
2026-05-11	107	4.711	1.42
2026-05-11	11	3.804	3.16
2026-05-11	111	4.5	1.28
2026-05-11	112	3.424	1.91
2026-05-11	114	17.333	2.19
2026-05-11	12	5.099	1.71
2026-05-11	121	50.763	0.93
2026-05-11	124	19.172	1.16
2026-05-11	125	5	1.74
2026-05-11	127	7	1.84
2026-05-11	130	6	1.39
2026-05-11	134	0.99	10.3
2026-05-11	135	0.669	9.6
2026-05-11	136	0.447	9.03
2026-05-11	137	0.713	13.1
2026-05-11	138	3.232	3.15
2026-05-11	139	0.475	10.35
2026-05-11	140	0.755	9.6
2026-05-11	142	0.638	4.78
2026-05-11	145	0.303	15.9
2026-05-11	146	1.558	10.6
2026-05-11	158	3	1.75
2026-05-11	162	13	0.87
2026-05-11	165	4.214	3.65
2026-05-11	166	8	1.84
2026-05-11	167	6	1.18
2026-05-11	18	16.684	0.98
2026-05-11	185	4	1.44
2026-05-11	187	4.532	4.04
2026-05-11	189	5	2.31
2026-05-11	190	12	2.31
2026-05-11	193	9	1.46
2026-05-11	194	12.541	2.07
2026-05-11	195	14	1.09
2026-05-11	196	5	2.31
2026-05-11	197	9.407	1.72
2026-05-11	198	12.345	0.87
2026-05-11	199	4.92	1.62
2026-05-11	207	3	0.94
2026-05-11	208	5	0.66
2026-05-11	209	3	0.88
2026-05-11	211	4	0.85
2026-05-11	213	4	2.02
2026-05-11	214	2	1.95
2026-05-11	216	1	2
2026-05-11	218	8	1.02
2026-05-11	226	3	0.98
2026-05-11	23	5	0.94
2026-05-11	27	3	1.91
2026-05-11	28	9	2.08
2026-05-11	30	6	1.39
2026-05-11	31	0.732	4.4
2026-05-11	33	9.157	1.15
2026-05-11	38	10.237	1.39
2026-05-11	39	3.927	3.3
2026-05-11	4	8	0.76
2026-05-11	40	3	1.53
2026-05-11	41	9.232	1.38
2026-05-11	42	10.98	0.99
2026-05-11	43	17.154	1.3
2026-05-11	44	18.359	1.28
2026-05-11	48	2	1.53
2026-05-11	49	2	2.19
2026-05-11	50	2	2.19
2026-05-11	52	35.443	0.7
2026-05-11	53	2	1.85
2026-05-11	54	4	1.85
2026-05-11	55	6	2.1
2026-05-11	56	6	2.6
2026-05-11	57	3	0.98
2026-05-11	58	2.284	1.9
2026-05-11	61	2	1.39
2026-05-11	65	3	1.04
2026-05-11	66	4	1.16
2026-05-11	68	2	1.51
2026-05-11	69	10	0.91
2026-05-11	70	4	1.1
2026-05-11	71	3	1.53
2026-05-11	72	6	0.69
2026-05-11	73	4	1.1
2026-05-11	75	6	1.19
2026-05-11	76	25	0.57
2026-05-11	77	3	1.67
2026-05-11	78	12	0.79
2026-05-11	79	8	1.07
2026-05-11	8	2	1.69
2026-05-11	81	10	0.72
2026-05-11	82	9	0.65
2026-05-11	83	4.535	1.72
2026-05-11	84	9	1.16
2026-05-11	87	5	1.04
2026-05-11	88	2.932	1.62
2026-05-11	89	46.914	0.58
2026-05-11	9	5	0.58
2026-05-11	91	34.396	0.53
2026-05-11	92	11.297	0.64
2026-05-11	93	38	1.46
2026-05-11	94	8.264	2.08
2026-05-11	95	7.81	1.84
2026-05-11	96	1.835	1.82
2026-05-11	98	1.827	1.68
2026-05-11	99	2.118	2.28
2026-05-12	101	7.1	2.19
2026-05-12	103	1.747	1.62
2026-05-12	105	2.444	1.24
2026-05-12	106	7.883	1.45
2026-05-12	107	3.768	1.42
2026-05-12	11	3.044	3.16
2026-05-12	111	3.594	1.28
2026-05-12	112	2.738	1.91
2026-05-12	113	0.611	3.24
2026-05-12	114	13.868	2.19
2026-05-12	12	4.082	1.71
2026-05-12	121	40.613	0.93
2026-05-12	124	15.336	1.16
2026-05-12	125	4	1.74
2026-05-12	127	5	1.84
2026-05-12	130	5	1.39
2026-05-12	134	0.792	10.3
2026-05-12	135	0.534	9.6
2026-05-12	136	0.358	9.03
2026-05-12	137	0.57	13.1
2026-05-12	138	2.587	3.15
2026-05-12	139	0.381	10.35
2026-05-12	140	0.604	9.6
2026-05-12	142	0.51	4.78
2026-05-12	145	0.242	15.9
2026-05-12	146	1.246	10.6
2026-05-12	147	0.124	2.91
2026-05-12	154	11	1.44
2026-05-12	158	2	1.75
2026-05-12	159	3	1.31
2026-05-12	165	3.373	3.65
2026-05-12	166	6	1.84
2026-05-12	167	5	1.18
2026-05-12	17	10	1.24
2026-05-12	175	16	1.1
2026-05-12	18	13.347	0.98
2026-05-12	185	3	1.44
2026-05-12	186	7	1.66
2026-05-12	187	3.626	4.04
2026-05-12	189	4	2.31
2026-05-12	190	10	2.31
2026-05-12	193	7	1.46
2026-05-12	194	10.034	2.07
2026-05-12	195	11	1.09
2026-05-12	196	4	2.31
2026-05-12	197	7.529	1.72
2026-05-12	198	9.874	0.87
2026-05-12	199	3.938	1.62
2026-05-12	207	2	0.94
2026-05-12	208	4	0.66
2026-05-12	209	2	0.88
2026-05-12	211	3	0.85
2026-05-12	213	3	2.02
2026-05-12	214	2	1.95
2026-05-12	216	1	2
2026-05-12	218	7	1.02
2026-05-12	226	2	0.98
2026-05-12	23	4	0.94
2026-05-12	27	2	1.91
2026-05-12	28	7	2.08
2026-05-12	30	5	1.39
2026-05-12	31	0.586	4.4
2026-05-12	33	7.322	1.15
2026-05-12	38	8.194	1.39
2026-05-12	39	3.142	3.3
2026-05-12	4	6	0.76
2026-05-12	40	2	1.53
2026-05-12	41	7.391	1.38
2026-05-12	42	8.788	0.99
2026-05-12	43	13.723	1.3
2026-05-12	44	14.688	1.28
2026-05-12	48	2	1.53
2026-05-12	49	2	2.19
2026-05-12	50	1	2.19
2026-05-12	52	28.357	0.7
2026-05-12	53	2	1.85
2026-05-12	54	3	1.85
2026-05-12	55	5	2.1
2026-05-12	56	5	2.6
2026-05-12	57	2	0.98
2026-05-12	58	1.826	1.9
2026-05-12	61	2	1.39
2026-05-12	65	3	1.04
2026-05-12	66	4	1.16
2026-05-12	68	1	1.51
2026-05-12	69	8	0.91
2026-05-12	70	4	1.1
2026-05-12	71	2	1.53
2026-05-12	72	5	0.69
2026-05-12	73	3	1.1
2026-05-12	74	11	1.71
2026-05-12	75	4	1.19
2026-05-12	76	20	0.57
2026-05-12	77	2	1.67
2026-05-12	78	10	0.79
2026-05-12	79	6	1.07
2026-05-12	8	2	1.69
2026-05-12	81	8	0.72
2026-05-12	82	7	0.65
2026-05-12	83	3.628	1.72
2026-05-12	84	8	1.16
2026-05-12	87	4	1.04
2026-05-12	88	2.346	1.62
2026-05-12	89	37.534	0.58
2026-05-12	9	4	0.58
2026-05-12	91	27.509	0.53
2026-05-12	92	9.047	0.64
2026-05-12	93	31	1.46
2026-05-12	94	6.611	2.08
2026-05-12	95	6.25	1.84
2026-05-12	96	1.473	1.82
2026-05-12	98	1.458	1.68
2026-05-12	99	1.697	2.28
2026-05-13	101	6.744	2.19
2026-05-13	103	1.66	1.62
2026-05-13	105	2.315	1.24
2026-05-13	106	7.49	1.45
2026-05-13	107	3.585	1.42
2026-05-13	11	2.892	3.16
2026-05-13	111	3.414	1.28
2026-05-13	112	2.602	1.91
2026-05-13	114	13.174	2.19
2026-05-13	12	3.877	1.71
2026-05-13	121	38.581	0.93
2026-05-13	124	14.569	1.16
2026-05-13	125	4	1.74
2026-05-13	127	5	1.84
2026-05-13	130	5	1.39
2026-05-13	134	0.752	10.3
2026-05-13	135	0.508	9.6
2026-05-13	136	0.34	9.03
2026-05-13	137	0.542	13.1
2026-05-13	138	2.457	3.15
2026-05-13	139	0.361	10.35
2026-05-13	140	0.574	9.6
2026-05-13	142	0.485	4.78
2026-05-13	145	0.23	15.9
2026-05-13	146	1.184	10.6
2026-05-13	149	5.232	3.66
2026-05-13	158	2	1.75
2026-05-13	165	3.203	3.65
2026-05-13	166	6	1.84
2026-05-13	167	5	1.18
2026-05-13	18	12.684	0.98
2026-05-13	185	3	1.44
2026-05-13	187	3.446	4.04
2026-05-13	189	4	2.31
2026-05-13	190	9	2.31
2026-05-13	193	7	1.46
2026-05-13	194	9.531	2.07
2026-05-13	195	10	1.09
2026-05-13	196	4	2.31
2026-05-13	197	7.151	1.72
2026-05-13	198	9.379	0.87
2026-05-13	199	3.741	1.62
2026-05-13	207	2	0.94
2026-05-13	208	4	0.66
2026-05-13	209	2	0.88
2026-05-13	211	3	0.85
2026-05-13	213	3	2.02
2026-05-13	214	2	1.95
2026-05-13	216	1	2
2026-05-13	218	6	1.02
2026-05-13	221	3	1.71
2026-05-13	225	9	1.18
2026-05-13	226	2	0.98
2026-05-13	23	4	0.94
2026-05-13	27	2	1.91
2026-05-13	28	7	2.08
2026-05-13	3	17	1.08
2026-05-13	30	4	1.39
2026-05-13	31	0.557	4.4
2026-05-13	33	6.957	1.15
2026-05-13	38	7.784	1.39
2026-05-13	39	2.985	3.3
2026-05-13	4	6	0.76
2026-05-13	40	2	1.53
2026-05-13	41	7.022	1.38
2026-05-13	42	8.343	0.99
2026-05-13	43	13.038	1.3
2026-05-13	44	13.953	1.28
2026-05-13	47	8.292	2.19
2026-05-13	48	2	1.53
2026-05-13	49	2	2.19
2026-05-13	50	1	2.19
2026-05-13	52	26.943	0.7
2026-05-13	53	2	1.85
2026-05-13	54	3	1.85
2026-05-13	55	5	2.1
2026-05-13	56	4	2.6
2026-05-13	57	2	0.98
2026-05-13	58	1.737	1.9
2026-05-13	60	6	2.02
2026-05-13	61	2	1.39
2026-05-13	65	2	1.04
2026-05-13	66	3	1.16
2026-05-13	68	1	1.51
2026-05-13	69	8	0.91
2026-05-13	70	3	1.1
2026-05-13	71	2	1.53
2026-05-13	72	5	0.69
2026-05-13	73	3	1.1
2026-05-13	75	4	1.19
2026-05-13	76	19	0.57
2026-05-13	77	2	1.67
2026-05-13	78	9	0.79
2026-05-13	79	6	1.07
2026-05-13	8	2	1.69
2026-05-13	80	7	2.29
2026-05-13	81	7	0.72
2026-05-13	82	7	0.65
2026-05-13	83	3.448	1.72
2026-05-13	84	7	1.16
2026-05-13	87	4	1.04
2026-05-13	88	2.228	1.62
2026-05-13	89	35.655	0.58
2026-05-13	9	4	0.58
2026-05-13	91	26.132	0.53
2026-05-13	92	8.594	0.64
2026-05-13	93	29	1.46
2026-05-13	94	6.279	2.08
2026-05-13	95	5.935	1.84
2026-05-13	96	1.396	1.82
2026-05-13	98	1.387	1.68
2026-05-13	99	1.61	2.28
2026-05-14	101	6.388	2.19
2026-05-14	103	1.568	1.62
2026-05-14	105	2.194	1.24
2026-05-14	106	7.097	1.45
2026-05-14	107	3.394	1.42
2026-05-14	11	2.741	3.16
2026-05-14	111	3.234	1.28
2026-05-14	112	2.466	1.91
2026-05-14	114	12.479	2.19
2026-05-14	12	3.673	1.71
2026-05-14	121	36.548	0.93
2026-05-14	124	13.802	1.16
2026-05-14	125	4	1.74
2026-05-14	127	5	1.84
2026-05-14	130	4	1.39
2026-05-14	134	0.713	10.3
2026-05-14	135	0.481	9.6
2026-05-14	136	0.322	9.03
2026-05-14	137	0.513	13.1
2026-05-14	138	2.327	3.15
2026-05-14	139	0.342	10.35
2026-05-14	140	0.544	9.6
2026-05-14	142	0.46	4.78
2026-05-14	145	0.218	15.9
2026-05-14	146	1.122	10.6
2026-05-14	148	2.858	4.5
2026-05-14	158	2	1.75
2026-05-14	165	3.036	3.65
2026-05-14	166	6	1.84
2026-05-14	167	4	1.18
2026-05-14	178	8.457	2.43
2026-05-14	18	12.01	0.98
2026-05-14	185	3	1.44
2026-05-14	187	3.265	4.04
2026-05-14	189	4	2.31
2026-05-14	190	9	2.31
2026-05-14	193	6	1.46
2026-05-14	194	9.029	2.07
2026-05-14	195	10	1.09
2026-05-14	196	4	2.31
2026-05-14	197	6.773	1.72
2026-05-14	198	8.885	0.87
2026-05-14	199	3.543	1.62
2026-05-14	207	2	0.94
2026-05-14	208	4	0.66
2026-05-14	209	2	0.88
2026-05-14	211	3	0.85
2026-05-14	213	3	2.02
2026-05-14	214	2	1.95
2026-05-14	216	1	2
2026-05-14	218	6	1.02
2026-05-14	226	2	0.98
2026-05-14	23	4	0.94
2026-05-14	27	2	1.91
2026-05-14	28	7	2.08
2026-05-14	30	4	1.39
2026-05-14	31	0.527	4.4
2026-05-14	33	6.591	1.15
2026-05-14	35	15	0.98
2026-05-14	38	7.374	1.39
2026-05-14	39	2.827	3.3
2026-05-14	4	6	0.76
2026-05-14	40	2	1.53
2026-05-14	41	6.652	1.38
2026-05-14	42	7.909	0.99
2026-05-14	43	12.354	1.3
2026-05-14	44	13.219	1.28
2026-05-14	48	2	1.53
2026-05-14	49	2	2.19
2026-05-14	50	1	2.19
2026-05-14	52	25.529	0.7
2026-05-14	53	1	1.85
2026-05-14	54	3	1.85
2026-05-14	55	4	2.1
2026-05-14	56	4	2.6
2026-05-14	57	2	0.98
2026-05-14	58	1.647	1.9
2026-05-14	60	6	2.02
2026-05-14	61	2	1.39
2026-05-14	65	2	1.04
2026-05-14	66	3	1.16
2026-05-14	68	1	1.51
2026-05-14	69	7	0.91
2026-05-14	70	3	1.1
2026-05-14	71	2	1.53
2026-05-14	72	5	0.69
2026-05-14	73	3	1.1
2026-05-14	75	4	1.19
2026-05-14	76	18	0.57
2026-05-14	77	2	1.67
2026-05-14	78	9	0.79
2026-05-14	79	6	1.07
2026-05-14	8	2	1.69
2026-05-14	81	7	0.72
2026-05-14	82	6	0.65
2026-05-14	83	3.267	1.72
2026-05-14	84	7	1.16
2026-05-14	87	4	1.04
2026-05-14	88	2.111	1.62
2026-05-14	89	33.776	0.58
2026-05-14	9	4	0.58
2026-05-14	91	24.755	0.53
2026-05-14	92	8.141	0.64
2026-05-14	93	27	1.46
2026-05-14	94	5.952	2.08
2026-05-14	95	5.625	1.84
2026-05-14	96	1.324	1.82
2026-05-14	98	1.315	1.68
2026-05-14	99	1.526	2.28
2026-05-15	101	6.388	2.19
2026-05-15	103	1.568	1.62
2026-05-15	105	2.194	1.24
2026-05-15	106	7.097	1.45
2026-05-15	107	3.394	1.42
2026-05-15	11	2.741	3.16
2026-05-15	111	3.234	1.28
2026-05-15	112	2.466	1.91
2026-05-15	114	12.479	2.19
2026-05-15	12	3.673	1.71
2026-05-15	121	36.548	0.93
2026-05-15	124	13.802	1.16
2026-05-15	125	4	1.74
2026-05-15	127	5	1.84
2026-05-15	130	4	1.39
2026-05-15	134	0.713	10.3
2026-05-15	135	0.481	9.6
2026-05-15	136	0.322	9.03
2026-05-15	137	0.513	13.1
2026-05-15	138	2.327	3.15
2026-05-15	139	0.342	10.35
2026-05-15	140	0.544	9.6
2026-05-15	142	0.46	4.78
2026-05-15	145	0.218	15.9
2026-05-15	146	1.122	10.6
2026-05-15	149	5.232	3.66
2026-05-15	152	9	1.26
2026-05-15	153	11	1.54
2026-05-15	158	2	1.75
2026-05-15	165	3.036	3.65
2026-05-15	166	6	1.84
2026-05-15	167	4	1.18
2026-05-15	178	8.453	2.43
2026-05-15	18	12.01	0.98
2026-05-15	185	3	1.44
2026-05-15	187	3.265	4.04
2026-05-15	189	4	2.31
2026-05-15	190	9	2.31
2026-05-15	193	6	1.46
2026-05-15	194	9.029	2.07
2026-05-15	195	10	1.09
2026-05-15	196	4	2.31
2026-05-15	197	6.773	1.72
2026-05-15	198	8.885	0.87
2026-05-15	199	3.543	1.62
2026-05-15	20	6	0.72
2026-05-15	207	2	0.94
2026-05-15	208	4	0.66
2026-05-15	209	2	0.88
2026-05-15	211	3	0.85
2026-05-15	213	3	2.02
2026-05-15	214	2	1.95
2026-05-15	216	1	2
2026-05-15	218	6	1.02
2026-05-15	226	2	0.98
2026-05-15	23	4	0.94
2026-05-15	27	2	1.91
2026-05-15	28	7	2.08
2026-05-15	30	4	1.39
2026-05-15	31	0.527	4.4
2026-05-15	33	6.591	1.15
2026-05-15	38	7.374	1.39
2026-05-15	39	2.827	3.3
2026-05-15	4	6	0.76
2026-05-15	40	2	1.53
2026-05-15	41	6.652	1.38
2026-05-15	42	7.909	0.99
2026-05-15	43	12.354	1.3
2026-05-15	44	13.219	1.28
2026-05-15	48	2	1.53
2026-05-15	49	2	2.19
2026-05-15	50	1	2.19
2026-05-15	52	25.529	0.7
2026-05-15	53	1	1.85
2026-05-15	54	3	1.85
2026-05-15	55	4	2.1
2026-05-15	56	4	2.6
2026-05-15	57	2	0.98
2026-05-15	58	1.647	1.9
2026-05-15	61	2	1.39
2026-05-15	65	2	1.04
2026-05-15	66	3	1.16
2026-05-15	68	1	1.51
2026-05-15	69	7	0.91
2026-05-15	70	3	1.1
2026-05-15	71	2	1.53
2026-05-15	72	5	0.69
2026-05-15	73	3	1.1
2026-05-15	75	4	1.19
2026-05-15	76	18	0.57
2026-05-15	77	2	1.67
2026-05-15	78	9	0.79
2026-05-15	79	6	1.07
2026-05-15	8	2	1.69
2026-05-15	80	7	2.29
2026-05-15	81	7	0.72
2026-05-15	82	6	0.65
2026-05-15	83	3.267	1.72
2026-05-15	84	7	1.16
2026-05-15	87	4	1.04
2026-05-15	88	2.111	1.62
2026-05-15	89	33.776	0.58
2026-05-15	9	4	0.58
2026-05-15	91	24.755	0.53
2026-05-15	92	8.141	0.64
2026-05-15	93	27	1.46
2026-05-15	94	5.952	2.08
2026-05-15	95	5.625	1.84
2026-05-15	96	1.324	1.82
2026-05-15	98	1.315	1.68
2026-05-15	99	1.526	2.28
2026-05-18	101	8.872	2.19
2026-05-18	103	2.179	1.62
2026-05-18	105	3.048	1.24
2026-05-18	106	9.855	1.45
2026-05-18	107	4.711	1.42
2026-05-18	108	5.786	1.73
2026-05-18	11	3.804	3.16
2026-05-18	111	4.5	1.28
2026-05-18	112	3.424	1.91
2026-05-18	114	17.333	2.19
2026-05-18	12	5.099	1.71
2026-05-18	121	50.763	0.93
2026-05-18	124	19.172	1.16
2026-05-18	125	5	1.74
2026-05-18	127	7	1.84
2026-05-18	130	6	1.39
2026-05-18	134	0.99	10.3
2026-05-18	135	0.669	9.6
2026-05-18	136	0.447	9.03
2026-05-18	137	0.713	13.1
2026-05-18	138	3.232	3.15
2026-05-18	139	0.475	10.35
2026-05-18	140	0.755	9.6
2026-05-18	141	2.167	8.74
2026-05-18	142	0.638	4.78
2026-05-18	145	0.303	15.9
2026-05-18	146	1.558	10.6
2026-05-18	153	11	1.54
2026-05-18	158	3	1.75
2026-05-18	165	4.214	3.65
2026-05-18	166	8	1.84
2026-05-18	167	6	1.18
2026-05-18	18	16.684	0.98
2026-05-18	185	4	1.44
2026-05-18	187	4.532	4.04
2026-05-18	189	5	2.31
2026-05-18	190	12	2.31
2026-05-18	193	9	1.46
2026-05-18	194	12.541	2.07
2026-05-18	195	14	1.09
2026-05-18	196	5	2.31
2026-05-18	197	9.407	1.72
2026-05-18	198	12.345	0.87
2026-05-18	199	4.92	1.62
2026-05-18	207	3	0.94
2026-05-18	208	5	0.66
2026-05-18	209	3	0.88
2026-05-18	211	4	0.85
2026-05-18	213	4	2.02
2026-05-18	214	2	1.95
2026-05-18	216	1	2
2026-05-18	218	8	1.02
2026-05-18	219	29	0.71
2026-05-18	226	3	0.98
2026-05-18	23	5	0.94
2026-05-18	24	17.448	0.87
2026-05-18	27	3	1.91
2026-05-18	28	9	2.08
2026-05-18	30	6	1.39
2026-05-18	31	0.732	4.4
2026-05-18	33	9.157	1.15
2026-05-18	38	10.237	1.39
2026-05-18	39	3.927	3.3
2026-05-18	4	8	0.76
2026-05-18	40	3	1.53
2026-05-18	41	9.232	1.38
2026-05-18	42	10.98	0.99
2026-05-18	43	17.154	1.3
2026-05-18	44	18.359	1.28
2026-05-18	46	4.648	2.19
2026-05-18	48	2	1.53
2026-05-18	49	2	2.19
2026-05-18	50	2	2.19
2026-05-18	52	35.443	0.7
2026-05-18	53	2	1.85
2026-05-18	54	4	1.85
2026-05-18	55	6	2.1
2026-05-18	56	6	2.6
2026-05-18	57	3	0.98
2026-05-18	58	2.284	1.9
2026-05-18	61	2	1.39
2026-05-18	65	3	1.04
2026-05-18	66	4	1.16
2026-05-18	68	2	1.51
2026-05-18	69	10	0.91
2026-05-18	70	4	1.1
2026-05-18	71	3	1.53
2026-05-18	72	6	0.69
2026-05-18	73	4	1.1
2026-05-18	75	6	1.19
2026-05-18	76	25	0.57
2026-05-18	77	3	1.67
2026-05-18	78	12	0.79
2026-05-18	79	8	1.07
2026-05-18	8	2	1.69
2026-05-18	81	10	0.72
2026-05-18	82	9	0.65
2026-05-18	83	4.535	1.72
2026-05-18	84	9	1.16
2026-05-18	87	5	1.04
2026-05-18	88	2.932	1.62
2026-05-18	89	46.914	0.58
2026-05-18	9	5	0.58
2026-05-18	91	34.396	0.53
2026-05-18	92	11.297	0.64
2026-05-18	93	38	1.46
2026-05-18	94	8.264	2.08
2026-05-18	95	7.81	1.84
2026-05-18	96	1.835	1.82
2026-05-18	98	1.827	1.68
2026-05-18	99	2.118	2.28
2026-05-19	101	7.1	2.19
2026-05-19	103	1.747	1.62
2026-05-19	105	2.444	1.24
2026-05-19	106	7.883	1.45
2026-05-19	107	3.768	1.42
2026-05-19	11	3.044	3.16
2026-05-19	111	3.594	1.28
2026-05-19	112	2.738	1.91
2026-05-19	114	13.868	2.19
2026-05-19	12	4.082	1.71
2026-05-19	121	40.613	0.93
2026-05-19	124	15.336	1.16
2026-05-19	125	4	1.74
2026-05-19	127	5	1.84
2026-05-19	128	10	1.67
2026-05-19	130	5	1.39
2026-05-19	134	0.792	10.3
2026-05-19	135	0.534	9.6
2026-05-19	136	0.358	9.03
2026-05-19	137	0.57	13.1
2026-05-19	138	2.587	3.15
2026-05-19	139	0.381	10.35
2026-05-19	140	0.604	9.6
2026-05-19	142	0.51	4.78
2026-05-19	145	0.242	15.9
2026-05-19	146	1.246	10.6
2026-05-19	158	2	1.75
2026-05-19	165	3.373	3.65
2026-05-19	166	6	1.84
2026-05-19	167	5	1.18
2026-05-19	18	13.347	0.98
2026-05-19	185	3	1.44
2026-05-19	187	3.626	4.04
2026-05-19	189	4	2.31
2026-05-19	190	10	2.31
2026-05-19	193	7	1.46
2026-05-19	194	10.034	2.07
2026-05-19	195	11	1.09
2026-05-19	196	4	2.31
2026-05-19	197	7.529	1.72
2026-05-19	198	9.874	0.87
2026-05-19	199	3.938	1.62
2026-05-19	204	6	2.08
2026-05-19	207	2	0.94
2026-05-19	208	4	0.66
2026-05-19	209	2	0.88
2026-05-19	211	3	0.85
2026-05-19	213	3	2.02
2026-05-19	214	2	1.95
2026-05-19	216	1	2
2026-05-19	218	7	1.02
2026-05-19	226	2	0.98
2026-05-19	23	4	0.94
2026-05-19	27	2	1.91
2026-05-19	28	7	2.08
2026-05-19	30	5	1.39
2026-05-19	31	0.586	4.4
2026-05-19	33	7.322	1.15
2026-05-19	38	8.194	1.39
2026-05-19	39	3.142	3.3
2026-05-19	4	6	0.76
2026-05-19	40	2	1.53
2026-05-19	41	7.391	1.38
2026-05-19	42	8.788	0.99
2026-05-19	43	13.723	1.3
2026-05-19	44	14.688	1.28
2026-05-19	48	2	1.53
2026-05-19	49	2	2.19
2026-05-19	50	1	2.19
2026-05-19	52	28.357	0.7
2026-05-19	53	2	1.85
2026-05-19	54	3	1.85
2026-05-19	55	5	2.1
2026-05-19	56	5	2.6
2026-05-19	57	2	0.98
2026-05-19	58	1.826	1.9
2026-05-19	61	2	1.39
2026-05-19	65	3	1.04
2026-05-19	66	4	1.16
2026-05-19	68	1	1.51
2026-05-19	69	8	0.91
2026-05-19	70	4	1.1
2026-05-19	71	2	1.53
2026-05-19	72	5	0.69
2026-05-19	73	3	1.1
2026-05-19	75	4	1.19
2026-05-19	76	20	0.57
2026-05-19	77	2	1.67
2026-05-19	78	10	0.79
2026-05-19	79	6	1.07
2026-05-19	8	2	1.69
2026-05-19	81	8	0.72
2026-05-19	82	7	0.65
2026-05-19	83	3.628	1.72
2026-05-19	84	8	1.16
2026-05-19	87	4	1.04
2026-05-19	88	2.346	1.62
2026-05-19	89	37.534	0.58
2026-05-19	9	4	0.58
2026-05-19	91	27.509	0.53
2026-05-19	92	9.047	0.64
2026-05-19	93	31	1.46
2026-05-19	94	6.611	2.08
2026-05-19	95	6.25	1.84
2026-05-19	96	1.473	1.82
2026-05-19	98	1.458	1.68
2026-05-19	99	1.697	2.28
2026-05-20	101	6.744	2.19
2026-05-20	103	1.66	1.62
2026-05-20	105	2.315	1.24
2026-05-20	106	7.49	1.45
2026-05-20	107	3.585	1.42
2026-05-20	11	2.892	3.16
2026-05-20	111	3.414	1.28
2026-05-20	112	2.602	1.91
2026-05-20	114	13.174	2.19
2026-05-20	12	3.877	1.71
2026-05-20	121	38.581	0.93
2026-05-20	124	14.569	1.16
2026-05-20	125	4	1.74
2026-05-20	127	5	1.84
2026-05-20	128	10	1.67
2026-05-20	130	5	1.39
2026-05-20	134	0.752	10.3
2026-05-20	135	0.508	9.6
2026-05-20	136	0.34	9.03
2026-05-20	137	0.542	13.1
2026-05-20	138	2.457	3.15
2026-05-20	139	0.361	10.35
2026-05-20	140	0.574	9.6
2026-05-20	142	0.485	4.78
2026-05-20	145	0.23	15.9
2026-05-20	146	1.184	10.6
2026-05-20	158	2	1.75
2026-05-20	160	4	1.31
2026-05-20	162	13	0.87
2026-05-20	165	3.203	3.65
2026-05-20	166	6	1.84
2026-05-20	167	5	1.18
2026-05-20	18	12.684	0.98
2026-05-20	185	3	1.44
2026-05-20	187	3.446	4.04
2026-05-20	189	4	2.31
2026-05-20	190	9	2.31
2026-05-20	193	7	1.46
2026-05-20	194	9.531	2.07
2026-05-20	195	10	1.09
2026-05-20	196	4	2.31
2026-05-20	197	7.151	1.72
2026-05-20	198	9.379	0.87
2026-05-20	199	3.741	1.62
2026-05-20	205	5	2.47
2026-05-20	207	2	0.94
2026-05-20	208	4	0.66
2026-05-20	209	2	0.88
2026-05-20	211	3	0.85
2026-05-20	213	3	2.02
2026-05-20	214	2	1.95
2026-05-20	216	1	2
2026-05-20	218	6	1.02
2026-05-20	226	2	0.98
2026-05-20	227	15	1.19
2026-05-20	23	4	0.94
2026-05-20	27	2	1.91
2026-05-20	28	7	2.08
2026-05-20	30	4	1.39
2026-05-20	31	0.557	4.4
2026-05-20	33	6.957	1.15
2026-05-20	38	7.784	1.39
2026-05-20	39	2.985	3.3
2026-05-20	4	6	0.76
2026-05-20	40	2	1.53
2026-05-20	41	7.022	1.38
2026-05-20	42	8.343	0.99
2026-05-20	43	13.038	1.3
2026-05-20	44	13.953	1.28
2026-05-20	48	2	1.53
2026-05-20	49	2	2.19
2026-05-20	50	1	2.19
2026-05-20	52	26.943	0.7
2026-05-20	53	2	1.85
2026-05-20	54	3	1.85
2026-05-20	55	5	2.1
2026-05-20	56	4	2.6
2026-05-20	57	2	0.98
2026-05-20	58	1.737	1.9
2026-05-20	61	2	1.39
2026-05-20	65	2	1.04
2026-05-20	66	3	1.16
2026-05-20	68	1	1.51
2026-05-20	69	8	0.91
2026-05-20	70	3	1.1
2026-05-20	71	2	1.53
2026-05-20	72	5	0.69
2026-05-20	73	3	1.1
2026-05-20	74	11	1.71
2026-05-20	75	4	1.19
2026-05-20	76	19	0.57
2026-05-20	77	2	1.67
2026-05-20	78	9	0.79
2026-05-20	79	6	1.07
2026-05-20	8	2	1.69
2026-05-20	81	7	0.72
2026-05-20	82	7	0.65
2026-05-20	83	3.448	1.72
2026-05-20	84	7	1.16
2026-05-20	87	4	1.04
2026-05-20	88	2.228	1.62
2026-05-20	89	35.655	0.58
2026-05-20	9	4	0.58
2026-05-20	91	26.132	0.53
2026-05-20	92	8.594	0.64
2026-05-20	93	29	1.46
2026-05-20	94	6.279	2.08
2026-05-20	95	5.935	1.84
2026-05-20	96	1.396	1.82
2026-05-20	98	1.387	1.68
2026-05-20	99	1.61	2.28
2026-05-21	101	6.388	2.19
2026-05-21	103	1.568	1.62
2026-05-21	105	2.194	1.24
2026-05-21	106	7.097	1.45
2026-05-21	107	3.394	1.42
2026-05-21	109	7.237	1.86
2026-05-21	11	2.741	3.16
2026-05-21	111	3.234	1.28
2026-05-21	112	2.466	1.91
2026-05-21	114	12.479	2.19
2026-05-21	12	3.673	1.71
2026-05-21	121	36.548	0.93
2026-05-21	122	1.686	2.2
2026-05-21	124	13.802	1.16
2026-05-21	125	4	1.74
2026-05-21	127	5	1.84
2026-05-21	130	4	1.39
2026-05-21	133	7	1.1
2026-05-21	134	0.713	10.3
2026-05-21	135	0.481	9.6
2026-05-21	136	0.322	9.03
2026-05-21	137	0.513	13.1
2026-05-21	138	2.327	3.15
2026-05-21	139	0.342	10.35
2026-05-21	140	0.544	9.6
2026-05-21	142	0.46	4.78
2026-05-21	145	0.218	15.9
2026-05-21	146	1.122	10.6
2026-05-21	158	2	1.75
2026-05-21	165	3.036	3.65
2026-05-21	166	6	1.84
2026-05-21	167	4	1.18
2026-05-21	18	12.01	0.98
2026-05-21	185	3	1.44
2026-05-21	187	3.265	4.04
2026-05-21	189	4	2.31
2026-05-21	190	9	2.31
2026-05-21	193	6	1.46
2026-05-21	194	9.029	2.07
2026-05-21	195	10	1.09
2026-05-21	196	4	2.31
2026-05-21	197	6.773	1.72
2026-05-21	198	8.885	0.87
2026-05-21	199	3.543	1.62
2026-05-21	207	2	0.94
2026-05-21	208	4	0.66
2026-05-21	209	2	0.88
2026-05-21	211	3	0.85
2026-05-21	213	3	2.02
2026-05-21	214	2	1.95
2026-05-21	216	1	2
2026-05-21	218	6	1.02
2026-05-21	223	1	1.5
2026-05-21	226	2	0.98
2026-05-21	23	4	0.94
2026-05-21	232	1	1.1
2026-05-21	247	3	1.5
2026-05-21	27	2	1.91
2026-05-21	28	7	2.08
2026-05-21	30	4	1.39
2026-05-21	31	0.527	4.4
2026-05-21	33	6.591	1.15
2026-05-21	38	7.374	1.39
2026-05-21	39	2.827	3.3
2026-05-21	4	6	0.76
2026-05-21	40	2	1.53
2026-05-21	41	6.652	1.38
2026-05-21	42	7.909	0.99
2026-05-21	43	12.354	1.3
2026-05-21	44	13.219	1.28
2026-05-21	48	2	1.53
2026-05-21	49	2	2.19
2026-05-21	50	1	2.19
2026-05-21	52	25.529	0.7
2026-05-21	53	1	1.85
2026-05-21	54	3	1.85
2026-05-21	55	4	2.1
2026-05-21	56	4	2.6
2026-05-21	57	2	0.98
2026-05-21	58	1.647	1.9
2026-05-21	61	2	1.39
2026-05-21	62	8	1.35
2026-05-21	65	2	1.04
2026-05-21	66	3	1.16
2026-05-21	68	1	1.51
2026-05-21	69	7	0.91
2026-05-21	70	3	1.1
2026-05-21	71	2	1.53
2026-05-21	72	5	0.69
2026-05-21	73	3	1.1
2026-05-21	75	4	1.19
2026-05-21	76	18	0.57
2026-05-21	77	2	1.67
2026-05-21	78	9	0.79
2026-05-21	79	6	1.07
2026-05-21	8	2	1.69
2026-05-21	81	7	0.72
2026-05-21	82	6	0.65
2026-05-21	83	3.267	1.72
2026-05-21	84	7	1.16
2026-05-21	87	4	1.04
2026-05-21	88	2.111	1.62
2026-05-21	89	33.776	0.58
2026-05-21	9	4	0.58
2026-05-21	91	24.755	0.53
2026-05-21	92	8.141	0.64
2026-05-21	93	27	1.46
2026-05-21	94	5.952	2.08
2026-05-21	95	5.625	1.84
2026-05-21	96	1.324	1.82
2026-05-21	98	1.315	1.68
2026-05-21	99	1.526	2.28
2026-05-22	101	6.388	2.19
2026-05-22	103	1.568	1.62
2026-05-22	105	2.194	1.24
2026-05-22	106	7.097	1.45
2026-05-22	107	3.394	1.42
2026-05-22	11	2.741	3.16
2026-05-22	110	4	2.19
2026-05-22	111	3.234	1.28
2026-05-22	112	2.466	1.91
2026-05-22	114	12.479	2.19
2026-05-22	118	6.301	2.19
2026-05-22	12	3.673	1.71
2026-05-22	121	36.548	0.93
2026-05-22	124	13.802	1.16
2026-05-22	125	4	1.74
2026-05-22	127	5	1.84
2026-05-22	130	4	1.39
2026-05-22	134	0.713	10.3
2026-05-22	135	0.481	9.6
2026-05-22	136	0.322	9.03
2026-05-22	137	0.513	13.1
2026-05-22	138	2.327	3.15
2026-05-22	139	0.342	10.35
2026-05-22	140	0.544	9.6
2026-05-22	142	0.46	4.78
2026-05-22	144	5.165	3.82
2026-05-22	145	0.218	15.9
2026-05-22	146	1.122	10.6
2026-05-22	152	9	1.26
2026-05-22	158	2	1.75
2026-05-22	165	3.036	3.65
2026-05-22	166	6	1.84
2026-05-22	167	4	1.18
2026-05-22	170	3	0.93
2026-05-22	18	12.01	0.98
2026-05-22	185	3	1.44
2026-05-22	187	3.265	4.04
2026-05-22	189	4	2.31
2026-05-22	190	9	2.31
2026-05-22	193	6	1.46
2026-05-22	194	9.029	2.07
2026-05-22	195	10	1.09
2026-05-22	196	4	2.31
2026-05-22	197	6.773	1.72
2026-05-22	198	8.885	0.87
2026-05-22	199	3.543	1.62
2026-05-22	200	3	1.68
2026-05-22	202	5	2.14
2026-05-22	205	5	2.47
2026-05-22	207	2	0.94
2026-05-22	208	4	0.66
2026-05-22	209	2	0.88
2026-05-22	211	3	0.85
2026-05-22	213	3	2.02
2026-05-22	214	2	1.95
2026-05-22	216	1	2
2026-05-22	218	6	1.02
2026-05-22	220	2	2.01
2026-05-22	226	2	0.98
2026-05-22	23	4	0.94
2026-05-22	27	2	1.91
2026-05-22	28	7	2.08
2026-05-22	30	4	1.39
2026-05-22	31	0.527	4.4
2026-05-22	33	6.591	1.15
2026-05-22	38	7.374	1.39
2026-05-22	39	2.827	3.3
2026-05-22	4	6	0.76
2026-05-22	40	2	1.53
2026-05-22	41	6.652	1.38
2026-05-22	42	7.909	0.99
2026-05-22	43	12.354	1.3
2026-05-22	44	13.219	1.28
2026-05-22	48	2	1.53
2026-05-22	49	2	2.19
2026-05-22	50	1	2.19
2026-05-22	52	25.529	0.7
2026-05-22	53	1	1.85
2026-05-22	54	3	1.85
2026-05-22	55	4	2.1
2026-05-22	56	4	2.6
2026-05-22	57	2	0.98
2026-05-22	58	1.647	1.9
2026-05-22	61	2	1.39
2026-05-22	65	2	1.04
2026-05-22	66	3	1.16
2026-05-22	68	1	1.51
2026-05-22	69	7	0.91
2026-05-22	70	3	1.1
2026-05-22	71	2	1.53
2026-05-22	72	5	0.69
2026-05-22	73	3	1.1
2026-05-22	75	4	1.19
2026-05-22	76	18	0.57
2026-05-22	77	2	1.67
2026-05-22	78	9	0.79
2026-05-22	79	6	1.07
2026-05-22	8	2	1.69
2026-05-22	81	7	0.72
2026-05-22	82	6	0.65
2026-05-22	83	3.267	1.72
2026-05-22	84	7	1.16
2026-05-22	87	4	1.04
2026-05-22	88	2.111	1.62
2026-05-22	89	33.776	0.58
2026-05-22	9	4	0.58
2026-05-22	91	24.755	0.53
2026-05-22	92	8.141	0.64
2026-05-22	93	27	1.46
2026-05-22	94	5.952	2.08
2026-05-22	95	5.625	1.84
2026-05-22	96	1.324	1.82
2026-05-22	98	1.315	1.68
2026-05-22	99	1.526	2.28
2026-05-25	101	8.872	2.19
2026-05-25	102	7.234	1.28
2026-05-25	103	2.179	1.62
2026-05-25	105	3.048	1.24
2026-05-25	106	9.855	1.45
2026-05-25	107	4.711	1.42
2026-05-25	11	3.804	3.16
2026-05-25	111	4.5	1.28
2026-05-25	112	3.424	1.91
2026-05-25	114	17.333	2.19
2026-05-25	12	5.099	1.71
2026-05-25	121	50.763	0.93
2026-05-25	124	19.172	1.16
2026-05-25	125	5	1.74
2026-05-25	127	7	1.84
2026-05-25	130	6	1.39
2026-05-25	134	0.99	10.3
2026-05-25	135	0.669	9.6
2026-05-25	136	0.447	9.03
2026-05-25	137	0.713	13.1
2026-05-25	138	3.232	3.15
2026-05-25	139	0.475	10.35
2026-05-25	140	0.755	9.6
2026-05-25	142	0.638	4.78
2026-05-25	145	0.303	15.9
2026-05-25	146	1.558	10.6
2026-05-25	148	2.858	4.5
2026-05-25	158	3	1.75
2026-05-25	165	4.214	3.65
2026-05-25	166	8	1.84
2026-05-25	167	6	1.18
2026-05-25	18	16.684	0.98
2026-05-25	185	4	1.44
2026-05-25	187	4.532	4.04
2026-05-25	189	5	2.31
2026-05-25	190	12	2.31
2026-05-25	193	9	1.46
2026-05-25	194	12.541	2.07
2026-05-25	195	14	1.09
2026-05-25	196	5	2.31
2026-05-25	197	9.407	1.72
2026-05-25	198	12.345	0.87
2026-05-25	199	4.92	1.62
2026-05-25	207	3	0.94
2026-05-25	208	5	0.66
2026-05-25	209	3	0.88
2026-05-25	211	4	0.85
2026-05-25	213	4	2.02
2026-05-25	214	2	1.95
2026-05-25	216	1	2
2026-05-25	218	8	1.02
2026-05-25	224	15	0.72
2026-05-25	226	3	0.98
2026-05-25	23	5	0.94
2026-05-25	27	3	1.91
2026-05-25	28	9	2.08
2026-05-25	30	6	1.39
2026-05-25	31	0.732	4.4
2026-05-25	33	9.157	1.15
2026-05-25	38	10.237	1.39
2026-05-25	39	3.927	3.3
2026-05-25	4	8	0.76
2026-05-25	40	3	1.53
2026-05-25	41	9.232	1.38
2026-05-25	42	10.98	0.99
2026-05-25	43	17.154	1.3
2026-05-25	44	18.359	1.28
2026-05-25	46	4.644	2.19
2026-05-25	48	2	1.53
2026-05-25	49	2	2.19
2026-05-25	50	2	2.19
2026-05-25	52	35.443	0.7
2026-05-25	53	2	1.85
2026-05-25	54	4	1.85
2026-05-25	55	6	2.1
2026-05-25	56	6	2.6
2026-05-25	57	3	0.98
2026-05-25	58	2.284	1.9
2026-05-25	61	2	1.39
2026-05-25	65	3	1.04
2026-05-25	66	4	1.16
2026-05-25	68	2	1.51
2026-05-25	69	10	0.91
2026-05-25	70	4	1.1
2026-05-25	71	3	1.53
2026-05-25	72	6	0.69
2026-05-25	73	4	1.1
2026-05-25	75	6	1.19
2026-05-25	76	25	0.57
2026-05-25	77	3	1.67
2026-05-25	78	12	0.79
2026-05-25	79	8	1.07
2026-05-25	8	2	1.69
2026-05-25	81	10	0.72
2026-05-25	82	9	0.65
2026-05-25	83	4.535	1.72
2026-05-25	84	9	1.16
2026-05-25	87	5	1.04
2026-05-25	88	2.932	1.62
2026-05-25	89	46.914	0.58
2026-05-25	9	5	0.58
2026-05-25	91	34.396	0.53
2026-05-25	92	11.297	0.64
2026-05-25	93	38	1.46
2026-05-25	94	8.264	2.08
2026-05-25	95	7.81	1.84
2026-05-25	96	1.835	1.82
2026-05-25	98	1.827	1.68
2026-05-25	99	2.118	2.28
2026-05-26	1	11	1.09
2026-05-26	100	5.898	1.96
2026-05-26	101	7.1	2.19
2026-05-26	103	1.747	1.62
2026-05-26	105	2.444	1.24
2026-05-26	106	7.883	1.45
2026-05-26	107	3.768	1.42
2026-05-26	11	3.044	3.16
2026-05-26	111	3.594	1.28
2026-05-26	112	2.738	1.91
2026-05-26	114	13.868	2.19
2026-05-26	117	9.596	1.46
2026-05-26	12	4.082	1.71
2026-05-26	121	40.613	0.93
2026-05-26	124	15.336	1.16
2026-05-26	125	4	1.74
2026-05-26	127	5	1.84
2026-05-26	130	5	1.39
2026-05-26	134	0.792	10.3
2026-05-26	135	0.534	9.6
2026-05-26	136	0.358	9.03
2026-05-26	137	0.57	13.1
2026-05-26	138	2.587	3.15
2026-05-26	139	0.381	10.35
2026-05-26	140	0.604	9.6
2026-05-26	142	0.51	4.78
2026-05-26	145	0.242	15.9
2026-05-26	146	1.246	10.6
2026-05-26	157	4	2.63
2026-05-26	158	2	1.75
2026-05-26	165	3.373	3.65
2026-05-26	166	6	1.84
2026-05-26	167	5	1.18
2026-05-26	18	13.347	0.98
2026-05-26	185	3	1.44
2026-05-26	187	3.626	4.04
2026-05-26	189	4	2.31
2026-05-26	190	10	2.31
2026-05-26	193	7	1.46
2026-05-26	194	10.034	2.07
2026-05-26	195	11	1.09
2026-05-26	196	4	2.31
2026-05-26	197	7.529	1.72
2026-05-26	198	9.874	0.87
2026-05-26	199	3.938	1.62
2026-05-26	207	2	0.94
2026-05-26	208	4	0.66
2026-05-26	209	2	0.88
2026-05-26	211	3	0.85
2026-05-26	213	3	2.02
2026-05-26	214	2	1.95
2026-05-26	216	1	2
2026-05-26	218	7	1.02
2026-05-26	222	9	1.9
2026-05-26	226	2	0.98
2026-05-26	227	15	1.19
2026-05-26	23	4	0.94
2026-05-26	26	8.08	0.87
2026-05-26	27	2	1.91
2026-05-26	28	7	2.08
2026-05-26	30	5	1.39
2026-05-26	31	0.586	4.4
2026-05-26	33	7.322	1.15
2026-05-26	38	8.194	1.39
2026-05-26	39	3.142	3.3
2026-05-26	4	6	0.76
2026-05-26	40	2	1.53
2026-05-26	41	7.391	1.38
2026-05-26	42	8.788	0.99
2026-05-26	43	13.723	1.3
2026-05-26	44	14.688	1.28
2026-05-26	48	2	1.53
2026-05-26	49	2	2.19
2026-05-26	50	1	2.19
2026-05-26	52	28.357	0.7
2026-05-26	53	2	1.85
2026-05-26	54	3	1.85
2026-05-26	55	5	2.1
2026-05-26	56	5	2.6
2026-05-26	57	2	0.98
2026-05-26	58	1.826	1.9
2026-05-26	61	2	1.39
2026-05-26	65	3	1.04
2026-05-26	66	4	1.16
2026-05-26	68	1	1.51
2026-05-26	69	8	0.91
2026-05-26	70	4	1.1
2026-05-26	71	2	1.53
2026-05-26	72	5	0.69
2026-05-26	73	3	1.1
2026-05-26	75	4	1.19
2026-05-26	76	20	0.57
2026-05-26	77	2	1.67
2026-05-26	78	10	0.79
2026-05-26	79	6	1.07
2026-05-26	8	2	1.69
2026-05-26	81	8	0.72
2026-05-26	82	7	0.65
2026-05-26	83	3.628	1.72
2026-05-26	84	8	1.16
2026-05-26	87	4	1.04
2026-05-26	88	2.346	1.62
2026-05-26	89	37.534	0.58
2026-05-26	9	4	0.58
2026-05-26	91	27.509	0.53
2026-05-26	92	9.047	0.64
2026-05-26	93	31	1.46
2026-05-26	94	6.611	2.08
2026-05-26	95	6.25	1.84
2026-05-26	96	1.473	1.82
2026-05-26	97	6.938	1.28
2026-05-26	98	1.458	1.68
2026-05-26	99	1.697	2.28
2026-05-27	101	6.744	2.19
2026-05-27	103	1.66	1.62
2026-05-27	105	2.315	1.24
2026-05-27	106	7.49	1.45
2026-05-27	107	3.585	1.42
2026-05-27	11	2.892	3.16
2026-05-27	111	3.414	1.28
2026-05-27	112	2.602	1.91
2026-05-27	114	13.174	2.19
2026-05-27	12	3.877	1.71
2026-05-27	121	38.581	0.93
2026-05-27	124	14.569	1.16
2026-05-27	125	4	1.74
2026-05-27	127	5	1.84
2026-05-27	130	5	1.39
2026-05-27	132	2	0.91
2026-05-27	134	0.752	10.3
2026-05-27	135	0.508	9.6
2026-05-27	136	0.34	9.03
2026-05-27	137	0.542	13.1
2026-05-27	138	2.457	3.15
2026-05-27	139	0.361	10.35
2026-05-27	140	0.574	9.6
2026-05-27	142	0.485	4.78
2026-05-27	145	0.23	15.9
2026-05-27	146	1.184	10.6
2026-05-27	158	2	1.75
2026-05-27	165	3.203	3.65
2026-05-27	166	6	1.84
2026-05-27	167	5	1.18
2026-05-27	18	12.684	0.98
2026-05-27	185	3	1.44
2026-05-27	187	3.446	4.04
2026-05-27	189	4	2.31
2026-05-27	190	9	2.31
2026-05-27	193	7	1.46
2026-05-27	194	9.531	2.07
2026-05-27	195	10	1.09
2026-05-27	196	4	2.31
2026-05-27	197	7.151	1.72
2026-05-27	198	9.379	0.87
2026-05-27	199	3.741	1.62
2026-05-27	201	11.254	1.3
2026-05-27	207	2	0.94
2026-05-27	208	4	0.66
2026-05-27	209	2	0.88
2026-05-27	211	3	0.85
2026-05-27	213	3	2.02
2026-05-27	214	2	1.95
2026-05-27	216	1	2
2026-05-27	218	6	1.02
2026-05-27	226	2	0.98
2026-05-27	23	4	0.94
2026-05-27	27	2	1.91
2026-05-27	28	7	2.08
2026-05-27	30	4	1.39
2026-05-27	31	0.557	4.4
2026-05-27	33	6.957	1.15
2026-05-27	38	7.784	1.39
2026-05-27	39	2.985	3.3
2026-05-27	4	6	0.76
2026-05-27	40	2	1.53
2026-05-27	41	7.022	1.38
2026-05-27	42	8.343	0.99
2026-05-27	43	13.038	1.3
2026-05-27	44	13.953	1.28
2026-05-27	48	2	1.53
2026-05-27	49	2	2.19
2026-05-27	50	1	2.19
2026-05-27	52	26.943	0.7
2026-05-27	53	2	1.85
2026-05-27	54	3	1.85
2026-05-27	55	5	2.1
2026-05-27	56	4	2.6
2026-05-27	57	2	0.98
2026-05-27	58	1.737	1.9
2026-05-27	61	2	1.39
2026-05-27	65	2	1.04
2026-05-27	66	3	1.16
2026-05-27	68	1	1.51
2026-05-27	69	8	0.91
2026-05-27	70	3	1.1
2026-05-27	71	2	1.53
2026-05-27	72	5	0.69
2026-05-27	73	3	1.1
2026-05-27	75	4	1.19
2026-05-27	76	19	0.57
2026-05-27	77	2	1.67
2026-05-27	78	9	0.79
2026-05-27	79	6	1.07
2026-05-27	8	2	1.69
2026-05-27	81	7	0.72
2026-05-27	82	7	0.65
2026-05-27	83	3.448	1.72
2026-05-27	84	7	1.16
2026-05-27	87	4	1.04
2026-05-27	88	2.228	1.62
2026-05-27	89	35.655	0.58
2026-05-27	9	4	0.58
2026-05-27	91	26.132	0.53
2026-05-27	92	8.594	0.64
2026-05-27	93	29	1.46
2026-05-27	94	6.279	2.08
2026-05-27	95	5.935	1.84
2026-05-27	96	1.396	1.82
2026-05-27	98	1.387	1.68
2026-05-27	99	1.61	2.28
2026-05-28	101	6.388	2.19
2026-05-28	103	1.568	1.62
2026-05-28	105	2.194	1.24
2026-05-28	106	7.097	1.45
2026-05-28	107	3.394	1.42
2026-05-28	11	2.741	3.16
2026-05-28	111	3.234	1.28
2026-05-28	112	2.466	1.91
2026-05-28	114	12.479	2.19
2026-05-28	12	3.673	1.71
2026-05-28	121	36.548	0.93
2026-05-28	124	13.802	1.16
2026-05-28	125	4	1.74
2026-05-28	127	5	1.84
2026-05-28	130	4	1.39
2026-05-28	134	0.713	10.3
2026-05-28	135	0.481	9.6
2026-05-28	136	0.322	9.03
2026-05-28	137	0.513	13.1
2026-05-28	138	2.327	3.15
2026-05-28	139	0.342	10.35
2026-05-28	140	0.544	9.6
2026-05-28	142	0.46	4.78
2026-05-28	145	0.218	15.9
2026-05-28	146	1.122	10.6
2026-05-28	158	2	1.75
2026-05-28	16	20.517	0.87
2026-05-28	165	3.036	3.65
2026-05-28	166	6	1.84
2026-05-28	167	4	1.18
2026-05-28	17	10	1.24
2026-05-28	18	12.01	0.98
2026-05-28	185	3	1.44
2026-05-28	187	3.265	4.04
2026-05-28	189	4	2.31
2026-05-28	190	9	2.31
2026-05-28	193	6	1.46
2026-05-28	194	9.029	2.07
2026-05-28	195	10	1.09
2026-05-28	196	4	2.31
2026-05-28	197	6.773	1.72
2026-05-28	198	8.885	0.87
2026-05-28	199	3.543	1.62
2026-05-28	201	11.254	1.3
2026-05-28	207	2	0.94
2026-05-28	208	4	0.66
2026-05-28	209	2	0.88
2026-05-28	211	3	0.85
2026-05-28	213	3	2.02
2026-05-28	214	2	1.95
2026-05-28	216	1	2
2026-05-28	218	6	1.02
2026-05-28	226	2	0.98
2026-05-28	23	4	0.94
2026-05-28	231	4	0.98
2026-05-28	27	2	1.91
2026-05-28	28	7	2.08
2026-05-28	30	4	1.39
2026-05-28	31	0.527	4.4
2026-05-28	33	6.591	1.15
2026-05-28	38	7.374	1.39
2026-05-28	39	2.827	3.3
2026-05-28	4	6	0.76
2026-05-28	40	2	1.53
2026-05-28	41	6.652	1.38
2026-05-28	42	7.909	0.99
2026-05-28	43	12.354	1.3
2026-05-28	44	13.219	1.28
2026-05-28	48	2	1.53
2026-05-28	49	2	2.19
2026-05-28	50	1	2.19
2026-05-28	52	25.529	0.7
2026-05-28	53	1	1.85
2026-05-28	54	3	1.85
2026-05-28	55	4	2.1
2026-05-28	56	4	2.6
2026-05-28	57	2	0.98
2026-05-28	58	1.647	1.9
2026-05-28	61	2	1.39
2026-05-28	65	2	1.04
2026-05-28	66	3	1.16
2026-05-28	68	1	1.51
2026-05-28	69	7	0.91
2026-05-28	70	3	1.1
2026-05-28	71	2	1.53
2026-05-28	72	5	0.69
2026-05-28	73	3	1.1
2026-05-28	75	4	1.19
2026-05-28	76	18	0.57
2026-05-28	77	2	1.67
2026-05-28	78	9	0.79
2026-05-28	79	6	1.07
2026-05-28	8	2	1.69
2026-05-28	81	7	0.72
2026-05-28	82	6	0.65
2026-05-28	83	3.267	1.72
2026-05-28	84	7	1.16
2026-05-28	87	4	1.04
2026-05-28	88	2.111	1.62
2026-05-28	89	33.776	0.58
2026-05-28	9	4	0.58
2026-05-28	91	24.755	0.53
2026-05-28	92	8.141	0.64
2026-05-28	93	27	1.46
2026-05-28	94	5.952	2.08
2026-05-28	95	5.625	1.84
2026-05-28	96	1.324	1.82
2026-05-28	98	1.315	1.68
2026-05-28	99	1.526	2.28
2026-05-29	101	6.384	2.19
2026-05-29	103	1.586	1.62
2026-05-29	105	2.226	1.24
2026-05-29	106	7.076	1.45
2026-05-29	107	3.373	1.42
2026-05-29	109	7.242	1.86
2026-05-29	11	2.737	3.16
2026-05-29	111	3.273	1.28
2026-05-29	112	2.471	1.91
2026-05-29	114	12.516	2.19
2026-05-29	12	3.678	1.71
2026-05-29	121	36.581	0.93
2026-05-29	124	13.767	1.16
2026-05-29	125	4	1.74
2026-05-29	127	5	1.84
2026-05-29	130	4	1.39
2026-05-29	134	0.71	10.3
2026-05-29	135	0.482	9.6
2026-05-29	136	0.323	9.03
2026-05-29	137	0.515	13.1
2026-05-29	138	2.333	3.15
2026-05-29	139	0.343	10.35
2026-05-29	140	0.546	9.6
2026-05-29	142	0.452	4.78
2026-05-29	144	5.165	3.82
2026-05-29	145	0.217	15.9
2026-05-29	146	1.125	10.6
2026-05-29	158	2	1.75
2026-05-29	165	3.033	3.65
2026-05-29	166	6	1.84
2026-05-29	167	4	1.18
2026-05-29	18	12.071	0.98
2026-05-29	185	3	1.44
2026-05-29	187	3.262	4.04
2026-05-29	189	4	2.31
2026-05-29	19	10	1.82
2026-05-29	190	9	2.31
2026-05-29	193	6	1.46
2026-05-29	194	9.005	2.07
2026-05-29	195	10	1.09
2026-05-29	196	4	2.31
2026-05-29	197	6.797	1.72
2026-05-29	198	8.977	0.87
2026-05-29	199	3.556	1.62
2026-05-29	207	2	0.94
2026-05-29	208	4	0.66
2026-05-29	209	2	0.88
2026-05-29	211	3	0.85
2026-05-29	213	3	2.02
2026-05-29	214	2	1.95
2026-05-29	215	9	1.95
2026-05-29	216	1	2
2026-05-29	218	6	1.02
2026-05-29	226	2	0.98
2026-05-29	23	4	0.94
2026-05-29	27	2	1.91
2026-05-29	28	7	2.08
2026-05-29	30	4	1.39
2026-05-29	31	0.534	4.4
2026-05-29	33	6.591	1.15
2026-05-29	38	7.331	1.39
2026-05-29	39	2.818	3.3
2026-05-29	4	6	0.76
2026-05-29	40	2	1.53
2026-05-29	41	6.616	1.38
2026-05-29	42	7.848	0.99
2026-05-29	43	12.331	1.3
2026-05-29	44	13.273	1.28
2026-05-29	48	2	1.53
2026-05-29	49	2	2.19
2026-05-29	50	1	2.19
2026-05-29	52	25.486	0.7
2026-05-29	53	1	1.85
2026-05-29	54	3	1.85
2026-05-29	55	4	2.1
2026-05-29	56	4	2.6
2026-05-29	57	2	0.98
2026-05-29	58	1.637	1.9
2026-05-29	61	2	1.39
2026-05-29	65	2	1.04
2026-05-29	66	3	1.16
2026-05-29	68	1	1.51
2026-05-29	69	7	0.91
2026-05-29	70	3	1.1
2026-05-29	71	2	1.53
2026-05-29	72	5	0.69
2026-05-29	73	3	1.1
2026-05-29	75	4	1.19
2026-05-29	76	18	0.57
2026-05-29	77	2	1.67
2026-05-29	78	9	0.79
2026-05-29	79	6	1.07
2026-05-29	8	2	1.69
2026-05-29	81	7	0.72
2026-05-29	82	6	0.65
2026-05-29	83	3.262	1.72
2026-05-29	84	7	1.16
2026-05-29	87	4	1.04
2026-05-29	88	2.068	1.62
2026-05-29	89	33.862	0.58
2026-05-29	9	4	0.58
2026-05-29	91	24.774	0.53
2026-05-29	92	8.078	0.64
2026-05-29	93	27	1.46
2026-05-29	94	5.947	2.08
2026-05-29	95	5.603	1.84
2026-05-29	96	1.319	1.82
2026-05-29	98	1.321	1.68
2026-05-29	99	1.522	2.28
2026-06-01	101	8.685	2.19
2026-06-01	103	2.136	1.62
2026-06-01	105	2.984	1.24
2026-06-01	106	9.648	1.45
2026-06-01	107	4.613	1.42
2026-06-01	109	7.548	1.86
2026-06-01	11	3.725	3.16
2026-06-01	111	4.398	1.28
2026-06-01	112	3.351	1.91
2026-06-01	114	16.968	2.19
2026-06-01	12	4.994	1.71
2026-06-01	121	49.688	0.93
2026-06-01	124	18.767	1.16
2026-06-01	125	5	1.74
2026-06-01	127	7	1.84
2026-06-01	130	6	1.39
2026-06-01	134	0.969	10.3
2026-06-01	135	0.655	9.6
2026-06-01	136	0.439	9.03
2026-06-01	137	0.698	13.1
2026-06-01	138	3.165	3.15
2026-06-01	139	0.465	10.35
2026-06-01	140	0.74	9.6
2026-06-01	142	0.626	4.78
2026-06-01	145	0.296	15.9
2026-06-01	146	1.525	10.6
2026-06-01	152	9	1.26
2026-06-01	154	12	1.44
2026-06-01	158	3	1.75
2026-06-01	165	4.126	3.65
2026-06-01	166	8	1.84
2026-06-01	167	6	1.18
2026-06-01	18	16.337	0.98
2026-06-01	185	4	1.44
2026-06-01	187	4.438	4.04
2026-06-01	189	5	2.31
2026-06-01	190	12	2.31
2026-06-01	193	8	1.46
2026-06-01	194	12.275	2.07
2026-06-01	195	13	1.09
2026-06-01	196	5	2.31
2026-06-01	197	9.209	1.72
2026-06-01	198	12.092	0.87
2026-06-01	199	4.821	1.62
2026-06-01	201	11.723	1.3
2026-06-01	207	3	0.94
2026-06-01	208	5	0.66
2026-06-01	209	3	0.88
2026-06-01	211	4	0.85
2026-06-01	213	4	2.02
2026-06-01	214	2	1.95
2026-06-01	216	1	2
2026-06-01	218	8	1.02
2026-06-01	226	3	0.98
2026-06-01	23	5	0.94
2026-06-01	24	18.184	0.87
2026-06-01	27	3	1.91
2026-06-01	28	9	2.08
2026-06-01	30	6	1.39
2026-06-01	31	0.718	4.4
2026-06-01	33	8.957	1.15
2026-06-01	38	10.022	1.39
2026-06-01	39	3.842	3.3
2026-06-01	4	8	0.76
2026-06-01	40	3	1.53
2026-06-01	41	9.043	1.38
2026-06-01	42	10.747	0.99
2026-06-01	43	16.792	1.3
2026-06-01	44	17.977	1.28
2026-06-01	46	4.84	2.19
2026-06-01	48	2	1.53
2026-06-01	49	2	2.19
2026-06-01	50	2	2.19
2026-06-01	52	34.7	0.7
2026-06-01	53	2	1.85
2026-06-01	54	4	1.85
2026-06-01	55	6	2.1
2026-06-01	56	6	2.6
2026-06-01	57	3	0.98
2026-06-01	58	2.237	1.9
2026-06-01	61	2	1.39
2026-06-01	65	3	1.04
2026-06-01	66	4	1.16
2026-06-01	68	2	1.51
2026-06-01	69	10	0.91
2026-06-01	70	4	1.1
2026-06-01	71	3	1.53
2026-06-01	72	6	0.69
2026-06-01	73	4	1.1
2026-06-01	75	5	1.19
2026-06-01	76	25	0.57
2026-06-01	77	3	1.67
2026-06-01	78	12	0.79
2026-06-01	79	7	1.07
2026-06-01	8	2	1.69
2026-06-01	81	10	0.72
2026-06-01	82	9	0.65
2026-06-01	83	4.442	1.72
2026-06-01	84	9	1.16
2026-06-01	87	5	1.04
2026-06-01	88	2.87	1.62
2026-06-01	89	45.931	0.58
2026-06-01	9	5	0.58
2026-06-01	91	33.66	0.53
2026-06-01	92	11.063	0.64
2026-06-01	93	37	1.46
2026-06-01	94	8.091	2.08
2026-06-01	95	7.647	1.84
2026-06-01	96	1.797	1.82
2026-06-01	98	1.786	1.68
2026-06-01	99	2.075	2.28
2026-06-02	101	6.95	2.19
2026-06-02	103	1.71	1.62
2026-06-02	105	2.387	1.24
2026-06-02	106	7.717	1.45
2026-06-02	107	3.69	1.42
2026-06-02	108	6.029	1.73
2026-06-02	11	2.981	3.16
2026-06-02	111	3.523	1.28
2026-06-02	112	2.681	1.91
2026-06-02	114	13.575	2.19
2026-06-02	12	3.994	1.71
2026-06-02	121	39.753	0.93
2026-06-02	124	15.009	1.16
2026-06-02	125	4	1.74
2026-06-02	127	5	1.84
2026-06-02	130	5	1.39
2026-06-02	134	0.776	10.3
2026-06-02	135	0.524	9.6
2026-06-02	136	0.35	9.03
2026-06-02	137	0.558	13.1
2026-06-02	138	2.53	3.15
2026-06-02	139	0.372	10.35
2026-06-02	140	0.592	9.6
2026-06-02	142	0.5	4.78
2026-06-02	145	0.237	15.9
2026-06-02	146	1.221	10.6
2026-06-02	158	2	1.75
2026-06-02	165	3.301	3.65
2026-06-02	166	6	1.84
2026-06-02	167	5	1.18
2026-06-02	18	13.071	0.98
2026-06-02	185	3	1.44
2026-06-02	187	3.55	4.04
2026-06-02	189	4	2.31
2026-06-02	190	10	2.31
2026-06-02	193	7	1.46
2026-06-02	194	9.821	2.07
2026-06-02	195	11	1.09
2026-06-02	196	4	2.31
2026-06-02	197	7.366	1.72
2026-06-02	198	9.667	0.87
2026-06-02	199	3.852	1.62
2026-06-02	204	5	2.08
2026-06-02	207	2	0.94
2026-06-02	208	4	0.66
2026-06-02	209	2	0.88
2026-06-02	211	3	0.85
2026-06-02	213	3	2.02
2026-06-02	214	2	1.95
2026-06-02	216	1	2
2026-06-02	218	7	1.02
2026-06-02	226	2	0.98
2026-06-02	23	4	0.94
2026-06-02	27	2	1.91
2026-06-02	28	7	2.08
2026-06-02	30	4	1.39
2026-06-02	31	0.573	4.4
2026-06-02	33	7.165	1.15
2026-06-02	38	8.014	1.39
2026-06-02	39	3.076	3.3
2026-06-02	4	6	0.76
2026-06-02	40	2	1.53
2026-06-02	41	7.232	1.38
2026-06-02	42	8.596	0.99
2026-06-02	43	13.431	1.3
2026-06-02	44	14.383	1.28
2026-06-02	48	2	1.53
2026-06-02	49	2	2.19
2026-06-02	50	1	2.19
2026-06-02	52	27.757	0.7
2026-06-02	53	2	1.85
2026-06-02	54	3	1.85
2026-06-02	55	5	2.1
2026-06-02	56	5	2.6
2026-06-02	57	2	0.98
2026-06-02	58	1.789	1.9
2026-06-02	61	2	1.39
2026-06-02	65	3	1.04
2026-06-02	66	3	1.16
2026-06-02	68	1	1.51
2026-06-02	69	8	0.91
2026-06-02	70	3	1.1
2026-06-02	71	2	1.53
2026-06-02	72	5	0.69
2026-06-02	73	3	1.1
2026-06-02	74	11	1.71
2026-06-02	75	4	1.19
2026-06-02	76	20	0.57
2026-06-02	77	2	1.67
2026-06-02	78	10	0.79
2026-06-02	79	6	1.07
2026-06-02	8	2	1.69
2026-06-02	81	8	0.72
2026-06-02	82	7	0.65
2026-06-02	83	3.552	1.72
2026-06-02	84	7	1.16
2026-06-02	85	18	1.1
2026-06-02	87	4	1.04
2026-06-02	88	2.296	1.62
2026-06-02	89	36.741	0.58
2026-06-02	9	4	0.58
2026-06-02	91	26.925	0.53
2026-06-02	92	8.844	0.64
2026-06-02	93	30	1.46
2026-06-02	94	6.471	2.08
2026-06-02	95	6.114	1.84
2026-06-02	96	1.44	1.82
2026-06-02	98	1.429	1.68
2026-06-02	99	1.658	2.28
2026-06-03	101	6.603	2.19
2026-06-03	103	1.623	1.62
2026-06-03	105	2.266	1.24
2026-06-03	106	7.331	1.45
2026-06-03	107	3.507	1.42
2026-06-03	11	2.829	3.16
2026-06-03	111	3.344	1.28
2026-06-03	112	2.55	1.91
2026-06-03	114	12.895	2.19
2026-06-03	12	3.795	1.71
2026-06-03	121	37.763	0.93
2026-06-03	124	14.259	1.16
2026-06-03	125	4	1.74
2026-06-03	127	5	1.84
2026-06-03	130	5	1.39
2026-06-03	134	0.737	10.3
2026-06-03	135	0.498	9.6
2026-06-03	136	0.333	9.03
2026-06-03	137	0.531	13.1
2026-06-03	138	2.406	3.15
2026-06-03	139	0.354	10.35
2026-06-03	140	0.561	9.6
2026-06-03	142	0.475	4.78
2026-06-03	145	0.225	15.9
2026-06-03	146	1.159	10.6
2026-06-03	158	2	1.75
2026-06-03	165	3.137	3.65
2026-06-03	166	6	1.84
2026-06-03	167	5	1.18
2026-06-03	175	16	1.1
2026-06-03	18	12.418	0.98
2026-06-03	185	3	1.44
2026-06-03	187	3.371	4.04
2026-06-03	189	4	2.31
2026-06-03	190	9	2.31
2026-06-03	193	6	1.46
2026-06-03	194	9.329	2.07
2026-06-03	195	10	1.09
2026-06-03	196	4	2.31
2026-06-03	197	7	1.72
2026-06-03	198	9.184	0.87
2026-06-03	199	3.66	1.62
2026-06-03	207	2	0.94
2026-06-03	208	4	0.66
2026-06-03	209	2	0.88
2026-06-03	211	3	0.85
2026-06-03	213	3	2.02
2026-06-03	214	2	1.95
2026-06-03	216	1	2
2026-06-03	218	6	1.02
2026-06-03	226	2	0.98
2026-06-03	23	4	0.94
2026-06-03	231	5	0.98
2026-06-03	236	8	2.05
2026-06-03	24	18.195	0.87
2026-06-03	27	2	1.91
2026-06-03	28	7	2.08
2026-06-03	30	4	1.39
2026-06-03	31	0.545	4.4
2026-06-03	33	6.809	1.15
2026-06-03	38	7.619	1.39
2026-06-03	39	2.921	3.3
2026-06-03	4	6	0.76
2026-06-03	40	2	1.53
2026-06-03	41	6.87	1.38
2026-06-03	42	8.172	0.99
2026-06-03	43	12.762	1.3
2026-06-03	44	13.664	1.28
2026-06-03	48	2	1.53
2026-06-03	49	2	2.19
2026-06-03	50	1	2.19
2026-06-03	52	26.371	0.7
2026-06-03	53	2	1.85
2026-06-03	54	3	1.85
2026-06-03	55	5	2.1
2026-06-03	56	4	2.6
2026-06-03	57	2	0.98
2026-06-03	58	1.7	1.9
2026-06-03	61	2	1.39
2026-06-03	65	2	1.04
2026-06-03	66	3	1.16
2026-06-03	68	1	1.51
2026-06-03	69	8	0.91
2026-06-03	70	3	1.1
2026-06-03	71	2	1.53
2026-06-03	72	5	0.69
2026-06-03	73	3	1.1
2026-06-03	75	4	1.19
2026-06-03	76	19	0.57
2026-06-03	77	2	1.67
2026-06-03	78	9	0.79
2026-06-03	79	6	1.07
2026-06-03	8	2	1.69
2026-06-03	81	7	0.72
2026-06-03	82	7	0.65
2026-06-03	83	3.372	1.72
2026-06-03	84	7	1.16
2026-06-03	87	4	1.04
2026-06-03	88	2.179	1.62
2026-06-03	89	34.914	0.58
2026-06-03	9	4	0.58
2026-06-03	91	25.585	0.53
2026-06-03	92	8.406	0.64
2026-06-03	93	28	1.46
2026-06-03	94	6.149	2.08
2026-06-03	95	5.81	1.84
2026-06-03	96	1.368	1.82
2026-06-03	98	1.357	1.68
2026-06-03	99	1.575	2.28
2026-06-04	101	6.256	2.19
2026-06-04	103	1.537	1.62
2026-06-04	105	2.153	1.24
2026-06-04	106	6.945	1.45
2026-06-04	107	3.324	1.42
2026-06-04	11	2.68	3.16
2026-06-04	111	3.172	1.28
2026-06-04	112	2.414	1.91
2026-06-04	114	12.219	2.19
2026-06-04	12	3.596	1.71
2026-06-04	121	35.774	0.93
2026-06-04	122	1.755	2.2
2026-06-04	124	13.509	1.16
2026-06-04	125	4	1.74
2026-06-04	127	5	1.84
2026-06-04	128	10	1.67
2026-06-04	130	4	1.39
2026-06-04	134	0.698	10.3
2026-06-04	135	0.472	9.6
2026-06-04	136	0.316	9.03
2026-06-04	137	0.502	13.1
2026-06-04	138	2.279	3.15
2026-06-04	139	0.335	10.35
2026-06-04	140	0.532	9.6
2026-06-04	142	0.45	4.78
2026-06-04	145	0.213	15.9
2026-06-04	146	1.098	10.6
2026-06-04	149	5.454	3.66
2026-06-04	153	12	1.54
2026-06-04	158	2	1.75
2026-06-04	159	3	1.31
2026-06-04	165	2.97	3.65
2026-06-04	166	6	1.84
2026-06-04	167	4	1.18
2026-06-04	18	11.765	0.98
2026-06-04	185	3	1.44
2026-06-04	187	3.196	4.04
2026-06-04	189	4	2.31
2026-06-04	190	9	2.31
2026-06-04	193	6	1.46
2026-06-04	194	8.836	2.07
2026-06-04	195	10	1.09
2026-06-04	196	4	2.31
2026-06-04	197	6.634	1.72
2026-06-04	198	8.701	0.87
2026-06-04	199	3.469	1.62
2026-06-04	207	2	0.94
2026-06-04	208	4	0.66
2026-06-04	209	2	0.88
2026-06-04	21	15	0.76
2026-06-04	211	3	0.85
2026-06-04	213	3	2.02
2026-06-04	214	2	1.95
2026-06-04	215	9	1.95
2026-06-04	216	1	2
2026-06-04	218	6	1.02
2026-06-04	226	2	0.98
2026-06-04	23	3	0.94
2026-06-04	27	2	1.91
2026-06-04	28	7	2.08
2026-06-04	30	4	1.39
2026-06-04	31	0.516	4.4
2026-06-04	33	6.452	1.15
2026-06-04	38	7.216	1.39
2026-06-04	39	2.767	3.3
2026-06-04	4	6	0.76
2026-06-04	40	2	1.53
2026-06-04	41	6.507	1.38
2026-06-04	42	7.737	0.99
2026-06-04	43	12.092	1.3
2026-06-04	44	12.945	1.28
2026-06-04	48	2	1.53
2026-06-04	49	2	2.19
2026-06-04	50	1	2.19
2026-06-04	52	24.986	0.7
2026-06-04	53	1	1.85
2026-06-04	54	3	1.85
2026-06-04	55	4	2.1
2026-06-04	56	4	2.6
2026-06-04	57	2	0.98
2026-06-04	58	1.611	1.9
2026-06-04	61	2	1.39
2026-06-04	65	2	1.04
2026-06-04	66	3	1.16
2026-06-04	68	1	1.51
2026-06-04	69	7	0.91
2026-06-04	70	3	1.1
2026-06-04	71	2	1.53
2026-06-04	72	4	0.69
2026-06-04	73	3	1.1
2026-06-04	74	11	1.71
2026-06-04	75	4	1.19
2026-06-04	76	18	0.57
2026-06-04	77	2	1.67
2026-06-04	78	9	0.79
2026-06-04	79	5	1.07
2026-06-04	8	2	1.69
2026-06-04	81	7	0.72
2026-06-04	82	6	0.65
2026-06-04	83	3.198	1.72
2026-06-04	84	7	1.16
2026-06-04	87	4	1.04
2026-06-04	88	2.068	1.62
2026-06-04	89	33.069	0.58
2026-06-04	9	4	0.58
2026-06-04	91	24.226	0.53
2026-06-04	92	7.969	0.64
2026-06-04	93	27	1.46
2026-06-04	94	5.822	2.08
2026-06-04	95	5.505	1.84
2026-06-04	96	1.297	1.82
2026-06-04	98	1.286	1.68
2026-06-04	99	1.491	2.28
2026-06-05	101	6.256	2.19
2026-06-05	103	1.537	1.62
2026-06-05	105	2.153	1.24
2026-06-05	106	6.945	1.45
2026-06-05	107	3.324	1.42
2026-06-05	11	2.68	3.16
2026-06-05	111	3.172	1.28
2026-06-05	112	2.414	1.91
2026-06-05	114	12.219	2.19
2026-06-05	118	6.562	2.19
2026-06-05	12	3.596	1.71
2026-06-05	121	35.774	0.93
2026-06-05	124	13.509	1.16
2026-06-05	125	4	1.74
2026-06-05	127	5	1.84
2026-06-05	130	4	1.39
2026-06-05	134	0.698	10.3
2026-06-05	135	0.472	9.6
2026-06-05	136	0.316	9.03
2026-06-05	137	0.502	13.1
2026-06-05	138	2.279	3.15
2026-06-05	139	0.335	10.35
2026-06-05	140	0.532	9.6
2026-06-05	142	0.45	4.78
2026-06-05	145	0.213	15.9
2026-06-05	146	1.098	10.6
2026-06-05	149	5.451	3.66
2026-06-05	155	21	0.57
2026-06-05	158	2	1.75
2026-06-05	161	2	0.91
2026-06-05	165	2.97	3.65
2026-06-05	166	6	1.84
2026-06-05	167	4	1.18
2026-06-05	17	11	1.24
2026-06-05	18	11.765	0.98
2026-06-05	185	3	1.44
2026-06-05	187	3.196	4.04
2026-06-05	189	4	2.31
2026-06-05	190	9	2.31
2026-06-05	193	6	1.46
2026-06-05	194	8.836	2.07
2026-06-05	195	10	1.09
2026-06-05	196	4	2.31
2026-06-05	197	6.634	1.72
2026-06-05	198	8.701	0.87
2026-06-05	199	3.469	1.62
2026-06-05	207	2	0.94
2026-06-05	208	4	0.66
2026-06-05	209	2	0.88
2026-06-05	211	3	0.85
2026-06-05	213	3	2.02
2026-06-05	214	2	1.95
2026-06-05	216	1	2
2026-06-05	217	2	1.2
2026-06-05	218	6	1.02
2026-06-05	224	16	0.72
2026-06-05	226	2	0.98
2026-06-05	229	1	1.35
2026-06-05	23	3	0.94
2026-06-05	26	8.425	0.87
2026-06-05	27	2	1.91
2026-06-05	28	7	2.08
2026-06-05	30	4	1.39
2026-06-05	31	0.516	4.4
2026-06-05	33	6.452	1.15
2026-06-05	38	7.216	1.39
2026-06-05	39	2.767	3.3
2026-06-05	4	6	0.76
2026-06-05	40	2	1.53
2026-06-05	41	6.507	1.38
2026-06-05	42	7.737	0.99
2026-06-05	43	12.092	1.3
2026-06-05	44	12.945	1.28
2026-06-05	48	2	1.53
2026-06-05	49	2	2.19
2026-06-05	50	1	2.19
2026-06-05	52	24.986	0.7
2026-06-05	53	1	1.85
2026-06-05	54	3	1.85
2026-06-05	55	4	2.1
2026-06-05	56	4	2.6
2026-06-05	57	2	0.98
2026-06-05	58	1.611	1.9
2026-06-05	61	2	1.39
2026-06-05	65	2	1.04
2026-06-05	66	3	1.16
2026-06-05	68	1	1.51
2026-06-05	69	7	0.91
2026-06-05	70	3	1.1
2026-06-05	71	2	1.53
2026-06-05	72	4	0.69
2026-06-05	73	3	1.1
2026-06-05	75	4	1.19
2026-06-05	76	18	0.57
2026-06-05	77	2	1.67
2026-06-05	78	9	0.79
2026-06-05	79	5	1.07
2026-06-05	8	2	1.69
2026-06-05	81	7	0.72
2026-06-05	82	6	0.65
2026-06-05	83	3.198	1.72
2026-06-05	84	7	1.16
2026-06-05	87	4	1.04
2026-06-05	88	2.068	1.62
2026-06-05	89	33.069	0.58
2026-06-05	9	4	0.58
2026-06-05	91	24.226	0.53
2026-06-05	92	7.969	0.64
2026-06-05	93	27	1.46
2026-06-05	94	5.822	2.08
2026-06-05	95	5.505	1.84
2026-06-05	96	1.297	1.82
2026-06-05	98	1.286	1.68
2026-06-05	99	1.491	2.28
2026-06-08	101	8.685	2.19
2026-06-08	102	7.539	1.28
2026-06-08	103	2.136	1.62
2026-06-08	105	2.984	1.24
2026-06-08	106	9.648	1.45
2026-06-08	107	4.613	1.42
2026-06-08	11	3.725	3.16
2026-06-08	111	4.398	1.28
2026-06-08	112	3.351	1.91
2026-06-08	114	16.968	2.19
2026-06-08	12	4.994	1.71
2026-06-08	121	49.688	0.93
2026-06-08	124	18.767	1.16
2026-06-08	125	5	1.74
2026-06-08	127	7	1.84
2026-06-08	130	6	1.39
2026-06-08	134	0.969	10.3
2026-06-08	135	0.655	9.6
2026-06-08	136	0.439	9.03
2026-06-08	137	0.698	13.1
2026-06-08	138	3.165	3.15
2026-06-08	139	0.465	10.35
2026-06-08	140	0.74	9.6
2026-06-08	142	0.626	4.78
2026-06-08	145	0.296	15.9
2026-06-08	146	1.525	10.6
2026-06-08	158	3	1.75
2026-06-08	165	4.126	3.65
2026-06-08	166	8	1.84
2026-06-08	167	6	1.18
2026-06-08	18	16.337	0.98
2026-06-08	185	4	1.44
2026-06-08	187	4.438	4.04
2026-06-08	189	5	2.31
2026-06-08	190	12	2.31
2026-06-08	193	8	1.46
2026-06-08	194	12.275	2.07
2026-06-08	195	13	1.09
2026-06-08	196	5	2.31
2026-06-08	197	9.209	1.72
2026-06-08	198	12.092	0.87
2026-06-08	199	4.821	1.62
2026-06-08	207	3	0.94
2026-06-08	208	5	0.66
2026-06-08	209	3	0.88
2026-06-08	211	4	0.85
2026-06-08	213	4	2.02
2026-06-08	214	2	1.95
2026-06-08	216	1	2
2026-06-08	218	8	1.02
2026-06-08	225	9	1.18
2026-06-08	226	3	0.98
2026-06-08	23	5	0.94
2026-06-08	27	3	1.91
2026-06-08	28	9	2.08
2026-06-08	30	6	1.39
2026-06-08	31	0.718	4.4
2026-06-08	33	8.957	1.15
2026-06-08	38	10.022	1.39
2026-06-08	39	3.842	3.3
2026-06-08	4	8	0.76
2026-06-08	40	3	1.53
2026-06-08	41	9.043	1.38
2026-06-08	42	10.747	0.99
2026-06-08	43	16.792	1.3
2026-06-08	44	17.977	1.28
2026-06-08	48	2	1.53
2026-06-08	49	2	2.19
2026-06-08	50	2	2.19
2026-06-08	52	34.7	0.7
2026-06-08	53	2	1.85
2026-06-08	54	4	1.85
2026-06-08	55	6	2.1
2026-06-08	56	6	2.6
2026-06-08	57	3	0.98
2026-06-08	58	2.237	1.9
2026-06-08	61	2	1.39
2026-06-08	65	3	1.04
2026-06-08	66	4	1.16
2026-06-08	68	2	1.51
2026-06-08	69	10	0.91
2026-06-08	70	4	1.1
2026-06-08	71	3	1.53
2026-06-08	72	6	0.69
2026-06-08	73	4	1.1
2026-06-08	75	5	1.19
2026-06-08	76	25	0.57
2026-06-08	77	3	1.67
2026-06-08	78	12	0.79
2026-06-08	79	7	1.07
2026-06-08	8	2	1.69
2026-06-08	81	10	0.72
2026-06-08	82	9	0.65
2026-06-08	83	4.442	1.72
2026-06-08	84	9	1.16
2026-06-08	87	5	1.04
2026-06-08	88	2.87	1.62
2026-06-08	89	45.931	0.58
2026-06-08	9	5	0.58
2026-06-08	91	33.66	0.53
2026-06-08	92	11.063	0.64
2026-06-08	93	37	1.46
2026-06-08	94	8.091	2.08
2026-06-08	95	7.647	1.84
2026-06-08	96	1.797	1.82
2026-06-08	98	1.786	1.68
2026-06-08	99	2.075	2.28
2026-06-09	101	6.95	2.19
2026-06-09	103	1.71	1.62
2026-06-09	105	2.387	1.24
2026-06-09	106	7.717	1.45
2026-06-09	107	3.69	1.42
2026-06-09	11	2.981	3.16
2026-06-09	111	3.523	1.28
2026-06-09	112	2.681	1.91
2026-06-09	114	13.575	2.19
2026-06-09	117	10.007	1.46
2026-06-09	12	3.994	1.71
2026-06-09	121	39.753	0.93
2026-06-09	124	15.009	1.16
2026-06-09	125	4	1.74
2026-06-09	127	5	1.84
2026-06-09	130	5	1.39
2026-06-09	134	0.776	10.3
2026-06-09	135	0.524	9.6
2026-06-09	136	0.35	9.03
2026-06-09	137	0.558	13.1
2026-06-09	138	2.53	3.15
2026-06-09	139	0.372	10.35
2026-06-09	14	0.42	0.69
2026-06-09	140	0.592	9.6
2026-06-09	142	0.5	4.78
2026-06-09	145	0.237	15.9
2026-06-09	146	1.221	10.6
2026-06-09	158	2	1.75
2026-06-09	165	3.301	3.65
2026-06-09	166	6	1.84
2026-06-09	167	5	1.18
2026-06-09	18	13.071	0.98
2026-06-09	185	3	1.44
2026-06-09	187	3.55	4.04
2026-06-09	189	4	2.31
2026-06-09	190	10	2.31
2026-06-09	193	7	1.46
2026-06-09	194	9.821	2.07
2026-06-09	195	11	1.09
2026-06-09	196	4	2.31
2026-06-09	197	7.366	1.72
2026-06-09	198	9.667	0.87
2026-06-09	199	3.852	1.62
2026-06-09	202	5	2.14
2026-06-09	203	5	1.99
2026-06-09	205	4	2.47
2026-06-09	207	2	0.94
2026-06-09	208	4	0.66
2026-06-09	209	2	0.88
2026-06-09	211	3	0.85
2026-06-09	213	3	2.02
2026-06-09	214	2	1.95
2026-06-09	216	1	2
2026-06-09	218	7	1.02
2026-06-09	226	2	0.98
2026-06-09	23	4	0.94
2026-06-09	27	2	1.91
2026-06-09	28	7	2.08
2026-06-09	30	4	1.39
2026-06-09	31	0.573	4.4
2026-06-09	33	7.165	1.15
2026-06-09	38	8.014	1.39
2026-06-09	39	3.076	3.3
2026-06-09	4	6	0.76
2026-06-09	40	2	1.53
2026-06-09	41	7.232	1.38
2026-06-09	42	8.596	0.99
2026-06-09	43	13.431	1.3
2026-06-09	44	14.383	1.28
2026-06-09	48	2	1.53
2026-06-09	49	2	2.19
2026-06-09	50	1	2.19
2026-06-09	52	27.757	0.7
2026-06-09	53	2	1.85
2026-06-09	54	3	1.85
2026-06-09	55	5	2.1
2026-06-09	56	5	2.6
2026-06-09	57	2	0.98
2026-06-09	58	1.789	1.9
2026-06-09	61	2	1.39
2026-06-09	65	3	1.04
2026-06-09	66	3	1.16
2026-06-09	68	1	1.51
2026-06-09	69	8	0.91
2026-06-09	70	3	1.1
2026-06-09	71	2	1.53
2026-06-09	72	5	0.69
2026-06-09	73	3	1.1
2026-06-09	75	4	1.19
2026-06-09	76	20	0.57
2026-06-09	77	2	1.67
2026-06-09	78	10	0.79
2026-06-09	79	6	1.07
2026-06-09	8	2	1.69
2026-06-09	81	8	0.72
2026-06-09	82	7	0.65
2026-06-09	83	3.552	1.72
2026-06-09	84	7	1.16
2026-06-09	87	4	1.04
2026-06-09	88	2.296	1.62
2026-06-09	89	36.741	0.58
2026-06-09	9	4	0.58
2026-06-09	91	26.925	0.53
2026-06-09	92	8.844	0.64
2026-06-09	93	30	1.46
2026-06-09	94	6.471	2.08
2026-06-09	95	6.114	1.84
2026-06-09	96	1.44	1.82
2026-06-09	98	1.429	1.68
2026-06-09	99	1.658	2.28
2026-06-10	101	6.603	2.19
2026-06-10	103	1.623	1.62
2026-06-10	105	2.266	1.24
2026-06-10	106	7.331	1.45
2026-06-10	107	3.507	1.42
2026-06-10	11	2.829	3.16
2026-06-10	111	3.344	1.28
2026-06-10	112	2.55	1.91
2026-06-10	114	12.895	2.19
2026-06-10	12	3.795	1.71
2026-06-10	121	37.763	0.93
2026-06-10	124	14.259	1.16
2026-06-10	125	4	1.74
2026-06-10	127	5	1.84
2026-06-10	130	5	1.39
2026-06-10	134	0.737	10.3
2026-06-10	135	0.498	9.6
2026-06-10	136	0.333	9.03
2026-06-10	137	0.531	13.1
2026-06-10	138	2.406	3.15
2026-06-10	139	0.354	10.35
2026-06-10	140	0.561	9.6
2026-06-10	142	0.475	4.78
2026-06-10	144	5.382	3.82
2026-06-10	145	0.225	15.9
2026-06-10	146	1.159	10.6
2026-06-10	158	2	1.75
2026-06-10	162	13	0.87
2026-06-10	165	3.137	3.65
2026-06-10	166	6	1.84
2026-06-10	167	5	1.18
2026-06-10	18	12.418	0.98
2026-06-10	185	3	1.44
2026-06-10	186	7	1.66
2026-06-10	187	3.371	4.04
2026-06-10	189	4	2.31
2026-06-10	190	9	2.31
2026-06-10	193	6	1.46
2026-06-10	194	9.329	2.07
2026-06-10	195	10	1.09
2026-06-10	196	4	2.31
2026-06-10	197	7	1.72
2026-06-10	198	9.184	0.87
2026-06-10	199	3.66	1.62
2026-06-10	207	2	0.94
2026-06-10	208	4	0.66
2026-06-10	209	2	0.88
2026-06-10	211	3	0.85
2026-06-10	213	3	2.02
2026-06-10	214	2	1.95
2026-06-10	216	1	2
2026-06-10	218	6	1.02
2026-06-10	226	2	0.98
2026-06-10	23	4	0.94
2026-06-10	27	2	1.91
2026-06-10	28	7	2.08
2026-06-10	30	4	1.39
2026-06-10	31	0.545	4.4
2026-06-10	33	6.809	1.15
2026-06-10	35	16	0.98
2026-06-10	38	7.619	1.39
2026-06-10	39	2.921	3.3
2026-06-10	4	6	0.76
2026-06-10	40	2	1.53
2026-06-10	41	6.87	1.38
2026-06-10	42	8.172	0.99
2026-06-10	43	12.762	1.3
2026-06-10	44	13.664	1.28
2026-06-10	48	2	1.53
2026-06-10	49	2	2.19
2026-06-10	50	1	2.19
2026-06-10	52	26.371	0.7
2026-06-10	53	2	1.85
2026-06-10	54	3	1.85
2026-06-10	55	5	2.1
2026-06-10	56	4	2.6
2026-06-10	57	2	0.98
2026-06-10	58	1.7	1.9
2026-06-10	61	2	1.39
2026-06-10	65	2	1.04
2026-06-10	66	3	1.16
2026-06-10	68	1	1.51
2026-06-10	69	8	0.91
2026-06-10	70	3	1.1
2026-06-10	71	2	1.53
2026-06-10	72	5	0.69
2026-06-10	73	3	1.1
2026-06-10	75	4	1.19
2026-06-10	76	19	0.57
2026-06-10	77	2	1.67
2026-06-10	78	9	0.79
2026-06-10	79	6	1.07
2026-06-10	8	2	1.69
2026-06-10	80	6	2.29
2026-06-10	81	7	0.72
2026-06-10	82	7	0.65
2026-06-10	83	3.372	1.72
2026-06-10	84	7	1.16
2026-06-10	87	4	1.04
2026-06-10	88	2.179	1.62
2026-06-10	89	34.914	0.58
2026-06-10	9	4	0.58
2026-06-10	91	25.585	0.53
2026-06-10	92	8.406	0.64
2026-06-10	93	28	1.46
2026-06-10	94	6.149	2.08
2026-06-10	95	5.81	1.84
2026-06-10	96	1.368	1.82
2026-06-10	98	1.357	1.68
2026-06-10	99	1.575	2.28
2026-06-11	101	6.256	2.19
2026-06-11	103	1.537	1.62
2026-06-11	105	2.153	1.24
2026-06-11	106	6.945	1.45
2026-06-11	107	3.324	1.42
2026-06-11	11	2.68	3.16
2026-06-11	111	3.172	1.28
2026-06-11	112	2.414	1.91
2026-06-11	114	12.219	2.19
2026-06-11	12	3.596	1.71
2026-06-11	121	35.774	0.93
2026-06-11	124	13.509	1.16
2026-06-11	125	4	1.74
2026-06-11	127	5	1.84
2026-06-11	130	4	1.39
2026-06-11	134	0.698	10.3
2026-06-11	135	0.472	9.6
2026-06-11	136	0.316	9.03
2026-06-11	137	0.502	13.1
2026-06-11	138	2.279	3.15
2026-06-11	139	0.335	10.35
2026-06-11	140	0.532	9.6
2026-06-11	142	0.45	4.78
2026-06-11	145	0.213	15.9
2026-06-11	146	1.098	10.6
2026-06-11	147	0.127	2.91
2026-06-11	158	2	1.75
2026-06-11	16	21.379	0.87
2026-06-11	165	2.97	3.65
2026-06-11	166	6	1.84
2026-06-11	167	4	1.18
2026-06-11	18	11.765	0.98
2026-06-11	185	3	1.44
2026-06-11	187	3.196	4.04
2026-06-11	189	4	2.31
2026-06-11	190	9	2.31
2026-06-11	193	6	1.46
2026-06-11	194	8.836	2.07
2026-06-11	195	10	1.09
2026-06-11	196	4	2.31
2026-06-11	197	6.634	1.72
2026-06-11	198	8.701	0.87
2026-06-11	199	3.469	1.62
2026-06-11	207	2	0.94
2026-06-11	208	4	0.66
2026-06-11	209	2	0.88
2026-06-11	211	3	0.85
2026-06-11	213	3	2.02
2026-06-11	214	2	1.95
2026-06-11	216	1	2
2026-06-11	218	6	1.02
2026-06-11	226	2	0.98
2026-06-11	23	3	0.94
2026-06-11	248	0.262	7.59
2026-06-11	27	2	1.91
2026-06-11	28	7	2.08
2026-06-11	30	4	1.39
2026-06-11	31	0.516	4.4
2026-06-11	33	6.452	1.15
2026-06-11	38	7.216	1.39
2026-06-11	39	2.767	3.3
2026-06-11	4	6	0.76
2026-06-11	40	2	1.53
2026-06-11	41	6.507	1.38
2026-06-11	42	7.737	0.99
2026-06-11	43	12.092	1.3
2026-06-11	44	12.945	1.28
2026-06-11	48	2	1.53
2026-06-11	49	2	2.19
2026-06-11	50	1	2.19
2026-06-11	52	24.986	0.7
2026-06-11	53	1	1.85
2026-06-11	54	3	1.85
2026-06-11	55	4	2.1
2026-06-11	56	4	2.6
2026-06-11	57	2	0.98
2026-06-11	58	1.611	1.9
2026-06-11	60	6	2.02
2026-06-11	61	2	1.39
2026-06-11	65	2	1.04
2026-06-11	66	3	1.16
2026-06-11	68	1	1.51
2026-06-11	69	7	0.91
2026-06-11	70	3	1.1
2026-06-11	71	2	1.53
2026-06-11	72	4	0.69
2026-06-11	73	3	1.1
2026-06-11	75	4	1.19
2026-06-11	76	18	0.57
2026-06-11	77	2	1.67
2026-06-11	78	9	0.79
2026-06-11	79	5	1.07
2026-06-11	8	2	1.69
2026-06-11	81	7	0.72
2026-06-11	82	6	0.65
2026-06-11	83	3.198	1.72
2026-06-11	84	7	1.16
2026-06-11	87	4	1.04
2026-06-11	88	2.068	1.62
2026-06-11	89	33.069	0.58
2026-06-11	9	4	0.58
2026-06-11	91	24.226	0.53
2026-06-11	92	7.969	0.64
2026-06-11	93	27	1.46
2026-06-11	94	5.822	2.08
2026-06-11	95	5.505	1.84
2026-06-11	96	1.297	1.82
2026-06-11	98	1.286	1.68
2026-06-11	99	1.491	2.28
2026-06-12	101	6.256	2.19
2026-06-12	103	1.537	1.62
2026-06-12	105	2.153	1.24
2026-06-12	106	6.945	1.45
2026-06-12	107	3.324	1.42
2026-06-12	11	2.68	3.16
2026-06-12	111	3.172	1.28
2026-06-12	112	2.414	1.91
2026-06-12	114	12.219	2.19
2026-06-12	12	3.596	1.71
2026-06-12	121	35.774	0.93
2026-06-12	124	13.509	1.16
2026-06-12	125	4	1.74
2026-06-12	127	5	1.84
2026-06-12	128	10	1.67
2026-06-12	130	4	1.39
2026-06-12	133	8	1.1
2026-06-12	134	0.698	10.3
2026-06-12	135	0.472	9.6
2026-06-12	136	0.316	9.03
2026-06-12	137	0.502	13.1
2026-06-12	138	2.279	3.15
2026-06-12	139	0.335	10.35
2026-06-12	140	0.532	9.6
2026-06-12	142	0.45	4.78
2026-06-12	145	0.213	15.9
2026-06-12	146	1.098	10.6
2026-06-12	155	21	0.57
2026-06-12	158	2	1.75
2026-06-12	165	2.97	3.65
2026-06-12	166	6	1.84
2026-06-12	167	4	1.18
2026-06-12	18	11.765	0.98
2026-06-12	185	3	1.44
2026-06-12	187	3.196	4.04
2026-06-12	189	4	2.31
2026-06-12	190	9	2.31
2026-06-12	193	6	1.46
2026-06-12	194	8.836	2.07
2026-06-12	195	10	1.09
2026-06-12	196	4	2.31
2026-06-12	197	6.634	1.72
2026-06-12	198	8.701	0.87
2026-06-12	199	3.469	1.62
2026-06-12	207	2	0.94
2026-06-12	208	4	0.66
2026-06-12	209	2	0.88
2026-06-12	211	3	0.85
2026-06-12	213	3	2.02
2026-06-12	214	2	1.95
2026-06-12	216	1	2
2026-06-12	218	6	1.02
2026-06-12	226	2	0.98
2026-06-12	227	16	1.19
2026-06-12	23	3	0.94
2026-06-12	250	8.439	1.73
2026-06-12	27	2	1.91
2026-06-12	28	7	2.08
2026-06-12	30	4	1.39
2026-06-12	31	0.516	4.4
2026-06-12	33	6.452	1.15
2026-06-12	38	7.216	1.39
2026-06-12	39	2.767	3.3
2026-06-12	4	6	0.76
2026-06-12	40	2	1.53
2026-06-12	41	6.507	1.38
2026-06-12	42	7.737	0.99
2026-06-12	43	12.092	1.3
2026-06-12	44	12.945	1.28
2026-06-12	48	2	1.53
2026-06-12	49	2	2.19
2026-06-12	50	1	2.19
2026-06-12	52	24.986	0.7
2026-06-12	53	1	1.85
2026-06-12	54	3	1.85
2026-06-12	55	4	2.1
2026-06-12	56	4	2.6
2026-06-12	57	2	0.98
2026-06-12	58	1.611	1.9
2026-06-12	61	2	1.39
2026-06-12	65	2	1.04
2026-06-12	66	3	1.16
2026-06-12	68	1	1.51
2026-06-12	69	7	0.91
2026-06-12	70	3	1.1
2026-06-12	71	2	1.53
2026-06-12	72	4	0.69
2026-06-12	73	3	1.1
2026-06-12	75	4	1.19
2026-06-12	76	18	0.57
2026-06-12	77	2	1.67
2026-06-12	78	9	0.79
2026-06-12	79	5	1.07
2026-06-12	8	2	1.69
2026-06-12	80	6	2.29
2026-06-12	81	7	0.72
2026-06-12	82	6	0.65
2026-06-12	83	3.198	1.72
2026-06-12	84	7	1.16
2026-06-12	87	4	1.04
2026-06-12	88	2.068	1.62
2026-06-12	89	33.069	0.58
2026-06-12	9	4	0.58
2026-06-12	91	24.226	0.53
2026-06-12	92	7.969	0.64
2026-06-12	93	27	1.46
2026-06-12	94	5.822	2.08
2026-06-12	95	5.505	1.84
2026-06-12	96	1.297	1.82
2026-06-12	98	1.286	1.68
2026-06-12	99	1.491	2.28
2026-06-15	101	8.685	2.19
2026-06-15	103	2.136	1.62
2026-06-15	105	2.984	1.24
2026-06-15	106	9.648	1.45
2026-06-15	107	4.613	1.42
2026-06-15	11	3.725	3.16
2026-06-15	111	4.398	1.28
2026-06-15	112	3.351	1.91
2026-06-15	114	16.968	2.19
2026-06-15	12	4.994	1.71
2026-06-15	121	49.688	0.93
2026-06-15	124	18.767	1.16
2026-06-15	125	5	1.74
2026-06-15	127	7	1.84
2026-06-15	130	6	1.39
2026-06-15	132	2	0.91
2026-06-15	134	0.969	10.3
2026-06-15	135	0.655	9.6
2026-06-15	136	0.439	9.03
2026-06-15	137	0.698	13.1
2026-06-15	138	3.165	3.15
2026-06-15	139	0.465	10.35
2026-06-15	140	0.74	9.6
2026-06-15	142	0.626	4.78
2026-06-15	145	0.296	15.9
2026-06-15	146	1.525	10.6
2026-06-15	158	3	1.75
2026-06-15	165	4.126	3.65
2026-06-15	166	8	1.84
2026-06-15	167	6	1.18
2026-06-15	178	8.811	2.43
2026-06-15	18	16.337	0.98
2026-06-15	185	4	1.44
2026-06-15	187	4.438	4.04
2026-06-15	189	5	2.31
2026-06-15	190	12	2.31
2026-06-15	193	8	1.46
2026-06-15	194	12.275	2.07
2026-06-15	195	13	1.09
2026-06-15	196	5	2.31
2026-06-15	197	9.209	1.72
2026-06-15	198	12.092	0.87
2026-06-15	199	4.821	1.62
2026-06-15	207	3	0.94
2026-06-15	208	5	0.66
2026-06-15	209	3	0.88
2026-06-15	211	4	0.85
2026-06-15	213	4	2.02
2026-06-15	214	2	1.95
2026-06-15	216	1	2
2026-06-15	218	8	1.02
2026-06-15	226	3	0.98
2026-06-15	23	5	0.94
2026-06-15	27	3	1.91
2026-06-15	28	9	2.08
2026-06-15	30	6	1.39
2026-06-15	31	0.718	4.4
2026-06-15	33	8.957	1.15
2026-06-15	38	10.022	1.39
2026-06-15	39	3.842	3.3
2026-06-15	4	8	0.76
2026-06-15	40	3	1.53
2026-06-15	41	9.043	1.38
2026-06-15	42	10.747	0.99
2026-06-15	43	16.792	1.3
2026-06-15	44	17.977	1.28
2026-06-15	48	2	1.53
2026-06-15	49	2	2.19
2026-06-15	50	2	2.19
2026-06-15	52	34.7	0.7
2026-06-15	53	2	1.85
2026-06-15	54	4	1.85
2026-06-15	55	6	2.1
2026-06-15	56	6	2.6
2026-06-15	57	3	0.98
2026-06-15	58	2.237	1.9
2026-06-15	61	2	1.39
2026-06-15	65	3	1.04
2026-06-15	66	4	1.16
2026-06-15	68	2	1.51
2026-06-15	69	10	0.91
2026-06-15	70	4	1.1
2026-06-15	71	3	1.53
2026-06-15	72	6	0.69
2026-06-15	73	4	1.1
2026-06-15	75	5	1.19
2026-06-15	76	25	0.57
2026-06-15	77	3	1.67
2026-06-15	78	12	0.79
2026-06-15	79	7	1.07
2026-06-15	8	2	1.69
2026-06-15	81	10	0.72
2026-06-15	82	9	0.65
2026-06-15	83	4.442	1.72
2026-06-15	84	9	1.16
2026-06-15	87	5	1.04
2026-06-15	88	2.87	1.62
2026-06-15	89	45.931	0.58
2026-06-15	9	5	0.58
2026-06-15	91	33.66	0.53
2026-06-15	92	11.063	0.64
2026-06-15	93	37	1.46
2026-06-15	94	8.091	2.08
2026-06-15	95	7.647	1.84
2026-06-15	96	1.797	1.82
2026-06-15	98	1.786	1.68
2026-06-15	99	2.075	2.28
2026-06-16	101	6.95	2.19
2026-06-16	103	1.71	1.62
2026-06-16	105	2.387	1.24
2026-06-16	106	7.717	1.45
2026-06-16	107	3.69	1.42
2026-06-16	11	2.981	3.16
2026-06-16	111	3.523	1.28
2026-06-16	112	2.681	1.91
2026-06-16	114	13.575	2.19
2026-06-16	12	3.994	1.71
2026-06-16	121	39.753	0.93
2026-06-16	124	15.009	1.16
2026-06-16	125	4	1.74
2026-06-16	127	5	1.84
2026-06-16	130	5	1.39
2026-06-16	134	0.776	10.3
2026-06-16	135	0.524	9.6
2026-06-16	136	0.35	9.03
2026-06-16	137	0.558	13.1
2026-06-16	138	2.53	3.15
2026-06-16	139	0.372	10.35
2026-06-16	140	0.592	9.6
2026-06-16	142	0.5	4.78
2026-06-16	145	0.237	15.9
2026-06-16	146	1.221	10.6
2026-06-16	158	2	1.75
2026-06-16	165	3.301	3.65
2026-06-16	166	6	1.84
2026-06-16	167	5	1.18
2026-06-16	18	13.071	0.98
2026-06-16	185	3	1.44
2026-06-16	187	3.55	4.04
2026-06-16	189	4	2.31
2026-06-16	190	10	2.31
2026-06-16	193	7	1.46
2026-06-16	194	9.821	2.07
2026-06-16	195	11	1.09
2026-06-16	196	4	2.31
2026-06-16	197	7.366	1.72
2026-06-16	198	9.667	0.87
2026-06-16	199	3.852	1.62
2026-06-16	207	2	0.94
2026-06-16	208	4	0.66
2026-06-16	209	2	0.88
2026-06-16	211	3	0.85
2026-06-16	213	3	2.02
2026-06-16	214	2	1.95
2026-06-16	216	1	2
2026-06-16	218	7	1.02
2026-06-16	220	2	2.01
2026-06-16	226	2	0.98
2026-06-16	23	4	0.94
2026-06-16	27	2	1.91
2026-06-16	28	7	2.08
2026-06-16	30	4	1.39
2026-06-16	31	0.573	4.4
2026-06-16	33	7.165	1.15
2026-06-16	38	8.014	1.39
2026-06-16	39	3.076	3.3
2026-06-16	4	6	0.76
2026-06-16	40	2	1.53
2026-06-16	41	7.232	1.38
2026-06-16	42	8.596	0.99
2026-06-16	43	13.431	1.3
2026-06-16	44	14.383	1.28
2026-06-16	48	2	1.53
2026-06-16	49	2	2.19
2026-06-16	50	1	2.19
2026-06-16	52	27.757	0.7
2026-06-16	53	2	1.85
2026-06-16	54	3	1.85
2026-06-16	55	5	2.1
2026-06-16	56	5	2.6
2026-06-16	57	2	0.98
2026-06-16	58	1.789	1.9
2026-06-16	60	6	2.02
2026-06-16	61	2	1.39
2026-06-16	65	3	1.04
2026-06-16	66	3	1.16
2026-06-16	68	1	1.51
2026-06-16	69	8	0.91
2026-06-16	70	3	1.1
2026-06-16	71	2	1.53
2026-06-16	72	5	0.69
2026-06-16	73	3	1.1
2026-06-16	75	4	1.19
2026-06-16	76	20	0.57
2026-06-16	77	2	1.67
2026-06-16	78	10	0.79
2026-06-16	79	6	1.07
2026-06-16	8	2	1.69
2026-06-16	81	8	0.72
2026-06-16	82	7	0.65
2026-06-16	83	3.552	1.72
2026-06-16	84	7	1.16
2026-06-16	87	4	1.04
2026-06-16	88	2.296	1.62
2026-06-16	89	36.741	0.58
2026-06-16	9	4	0.58
2026-06-16	91	26.925	0.53
2026-06-16	92	8.844	0.64
2026-06-16	93	30	1.46
2026-06-16	94	6.471	2.08
2026-06-16	95	6.114	1.84
2026-06-16	96	1.44	1.82
2026-06-16	98	1.429	1.68
2026-06-16	99	1.658	2.28
2026-06-17	101	6.603	2.19
2026-06-17	103	1.623	1.62
2026-06-17	105	2.266	1.24
2026-06-17	106	7.331	1.45
2026-06-17	107	3.507	1.42
2026-06-17	11	2.829	3.16
2026-06-17	111	3.344	1.28
2026-06-17	112	2.55	1.91
2026-06-17	113	0.636	3.24
2026-06-17	114	12.895	2.19
2026-06-17	117	10	1.46
2026-06-17	12	3.795	1.71
2026-06-17	121	37.763	0.93
2026-06-17	124	14.259	1.16
2026-06-17	125	4	1.74
2026-06-17	127	5	1.84
2026-06-17	130	5	1.39
2026-06-17	134	0.737	10.3
2026-06-17	135	0.498	9.6
2026-06-17	136	0.333	9.03
2026-06-17	137	0.531	13.1
2026-06-17	138	2.406	3.15
2026-06-17	139	0.354	10.35
2026-06-17	140	0.561	9.6
2026-06-17	142	0.475	4.78
2026-06-17	145	0.225	15.9
2026-06-17	146	1.159	10.6
2026-06-17	148	2.978	4.5
2026-06-17	158	2	1.75
2026-06-17	165	3.137	3.65
2026-06-17	166	6	1.84
2026-06-17	167	5	1.18
2026-06-17	18	12.418	0.98
2026-06-17	185	3	1.44
2026-06-17	187	3.371	4.04
2026-06-17	189	4	2.31
2026-06-17	190	9	2.31
2026-06-17	193	6	1.46
2026-06-17	194	9.329	2.07
2026-06-17	195	10	1.09
2026-06-17	196	4	2.31
2026-06-17	197	7	1.72
2026-06-17	198	9.184	0.87
2026-06-17	199	3.66	1.62
2026-06-17	20	7	0.72
2026-06-17	200	3	1.68
2026-06-17	201	11.731	1.3
2026-06-17	206	12	1.36
2026-06-17	207	2	0.94
2026-06-17	208	4	0.66
2026-06-17	209	2	0.88
2026-06-17	211	3	0.85
2026-06-17	213	3	2.02
2026-06-17	214	2	1.95
2026-06-17	216	1	2
2026-06-17	218	6	1.02
2026-06-17	226	2	0.98
2026-06-17	23	4	0.94
2026-06-17	249	11	1.64
2026-06-17	27	2	1.91
2026-06-17	28	7	2.08
2026-06-17	30	4	1.39
2026-06-17	31	0.545	4.4
2026-06-17	33	6.809	1.15
2026-06-17	38	7.619	1.39
2026-06-17	39	2.921	3.3
2026-06-17	4	6	0.76
2026-06-17	40	2	1.53
2026-06-17	41	6.87	1.38
2026-06-17	42	8.172	0.99
2026-06-17	43	12.762	1.3
2026-06-17	44	13.664	1.28
2026-06-17	48	2	1.53
2026-06-17	49	2	2.19
2026-06-17	50	1	2.19
2026-06-17	52	26.371	0.7
2026-06-17	53	2	1.85
2026-06-17	54	3	1.85
2026-06-17	55	5	2.1
2026-06-17	56	4	2.6
2026-06-17	57	2	0.98
2026-06-17	58	1.7	1.9
2026-06-17	59	2.771	2.92
2026-06-17	61	2	1.39
2026-06-17	65	2	1.04
2026-06-17	66	3	1.16
2026-06-17	68	1	1.51
2026-06-17	69	8	0.91
2026-06-17	70	3	1.1
2026-06-17	71	2	1.53
2026-06-17	72	5	0.69
2026-06-17	73	3	1.1
2026-06-17	75	4	1.19
2026-06-17	76	19	0.57
2026-06-17	77	2	1.67
2026-06-17	78	9	0.79
2026-06-17	79	6	1.07
2026-06-17	8	2	1.69
2026-06-17	81	7	0.72
2026-06-17	82	7	0.65
2026-06-17	83	3.372	1.72
2026-06-17	84	7	1.16
2026-06-17	87	4	1.04
2026-06-17	88	2.179	1.62
2026-06-17	89	34.914	0.58
2026-06-17	9	4	0.58
2026-06-17	91	25.585	0.53
2026-06-17	92	8.406	0.64
2026-06-17	93	28	1.46
2026-06-17	94	6.149	2.08
2026-06-17	95	5.81	1.84
2026-06-17	96	1.368	1.82
2026-06-17	98	1.357	1.68
2026-06-17	99	1.575	2.28
2026-06-18	101	6.256	2.19
2026-06-18	103	1.537	1.62
2026-06-18	105	2.153	1.24
2026-06-18	106	6.945	1.45
2026-06-18	107	3.324	1.42
2026-06-18	109	7.543	1.86
2026-06-18	11	2.68	3.16
2026-06-18	111	3.172	1.28
2026-06-18	112	2.414	1.91
2026-06-18	114	12.219	2.19
2026-06-18	12	3.596	1.71
2026-06-18	121	35.774	0.93
2026-06-18	124	13.509	1.16
2026-06-18	125	4	1.74
2026-06-18	127	5	1.84
2026-06-18	130	4	1.39
2026-06-18	134	0.698	10.3
2026-06-18	135	0.472	9.6
2026-06-18	136	0.316	9.03
2026-06-18	137	0.502	13.1
2026-06-18	138	2.279	3.15
2026-06-18	139	0.335	10.35
2026-06-18	140	0.532	9.6
2026-06-18	142	0.45	4.78
2026-06-18	145	0.213	15.9
2026-06-18	146	1.098	10.6
2026-06-18	157	4	2.63
2026-06-18	158	2	1.75
2026-06-18	165	2.97	3.65
2026-06-18	166	6	1.84
2026-06-18	167	4	1.18
2026-06-18	18	11.765	0.98
2026-06-18	185	3	1.44
2026-06-18	187	3.196	4.04
2026-06-18	189	4	2.31
2026-06-18	19	9	1.82
2026-06-18	190	9	2.31
2026-06-18	193	6	1.46
2026-06-18	194	8.836	2.07
2026-06-18	195	10	1.09
2026-06-18	196	4	2.31
2026-06-18	197	6.634	1.72
2026-06-18	198	8.701	0.87
2026-06-18	199	3.469	1.62
2026-06-18	207	2	0.94
2026-06-18	208	4	0.66
2026-06-18	209	2	0.88
2026-06-18	21	15	0.76
2026-06-18	211	3	0.85
2026-06-18	213	3	2.02
2026-06-18	214	2	1.95
2026-06-18	216	1	2
2026-06-18	218	6	1.02
2026-06-18	226	2	0.98
2026-06-18	23	3	0.94
2026-06-18	247	3	1.5
2026-06-18	27	2	1.91
2026-06-18	28	7	2.08
2026-06-18	30	4	1.39
2026-06-18	31	0.516	4.4
2026-06-18	33	6.452	1.15
2026-06-18	38	7.216	1.39
2026-06-18	39	2.767	3.3
2026-06-18	4	6	0.76
2026-06-18	40	2	1.53
2026-06-18	41	6.507	1.38
2026-06-18	42	7.737	0.99
2026-06-18	43	12.092	1.3
2026-06-18	44	12.945	1.28
2026-06-18	46	4.84	2.19
2026-06-18	48	2	1.53
2026-06-18	49	2	2.19
2026-06-18	50	1	2.19
2026-06-18	51	0.144	1.46
2026-06-18	52	24.986	0.7
2026-06-18	53	1	1.85
2026-06-18	54	3	1.85
2026-06-18	55	4	2.1
2026-06-18	56	4	2.6
2026-06-18	57	2	0.98
2026-06-18	58	1.611	1.9
2026-06-18	61	2	1.39
2026-06-18	65	2	1.04
2026-06-18	66	3	1.16
2026-06-18	68	1	1.51
2026-06-18	69	7	0.91
2026-06-18	70	3	1.1
2026-06-18	71	2	1.53
2026-06-18	72	4	0.69
2026-06-18	73	3	1.1
2026-06-18	75	4	1.19
2026-06-18	76	18	0.57
2026-06-18	77	2	1.67
2026-06-18	78	9	0.79
2026-06-18	79	5	1.07
2026-06-18	8	2	1.69
2026-06-18	81	7	0.72
2026-06-18	82	6	0.65
2026-06-18	83	3.198	1.72
2026-06-18	84	7	1.16
2026-06-18	87	4	1.04
2026-06-18	88	2.068	1.62
2026-06-18	89	33.069	0.58
2026-06-18	9	4	0.58
2026-06-18	91	24.226	0.53
2026-06-18	92	7.969	0.64
2026-06-18	93	27	1.46
2026-06-18	94	5.822	2.08
2026-06-18	95	5.505	1.84
2026-06-18	96	1.297	1.82
2026-06-18	98	1.286	1.68
2026-06-18	99	1.491	2.28
2026-06-19	101	6.256	2.19
2026-06-19	103	1.537	1.62
2026-06-19	105	2.153	1.24
2026-06-19	106	6.945	1.45
2026-06-19	107	3.324	1.42
2026-06-19	11	2.68	3.16
2026-06-19	111	3.172	1.28
2026-06-19	112	2.414	1.91
2026-06-19	114	12.219	2.19
2026-06-19	12	3.596	1.71
2026-06-19	121	35.774	0.93
2026-06-19	124	13.509	1.16
2026-06-19	125	4	1.74
2026-06-19	127	5	1.84
2026-06-19	130	4	1.39
2026-06-19	134	0.698	10.3
2026-06-19	135	0.472	9.6
2026-06-19	136	0.316	9.03
2026-06-19	137	0.502	13.1
2026-06-19	138	2.279	3.15
2026-06-19	139	0.335	10.35
2026-06-19	140	0.532	9.6
2026-06-19	142	0.45	4.78
2026-06-19	143	6	2.13
2026-06-19	145	0.213	15.9
2026-06-19	146	1.098	10.6
2026-06-19	158	2	1.75
2026-06-19	16	21.379	0.87
2026-06-19	165	2.97	3.65
2026-06-19	166	6	1.84
2026-06-19	167	4	1.18
2026-06-19	18	11.765	0.98
2026-06-19	185	3	1.44
2026-06-19	187	3.196	4.04
2026-06-19	189	4	2.31
2026-06-19	190	9	2.31
2026-06-19	193	6	1.46
2026-06-19	194	8.836	2.07
2026-06-19	195	10	1.09
2026-06-19	196	4	2.31
2026-06-19	197	6.634	1.72
2026-06-19	198	8.701	0.87
2026-06-19	199	3.469	1.62
2026-06-19	207	2	0.94
2026-06-19	208	4	0.66
2026-06-19	209	2	0.88
2026-06-19	211	3	0.85
2026-06-19	213	3	2.02
2026-06-19	214	2	1.95
2026-06-19	216	1	2
2026-06-19	218	6	1.02
2026-06-19	226	2	0.98
2026-06-19	227	16	1.19
2026-06-19	23	3	0.94
2026-06-19	27	2	1.91
2026-06-19	28	7	2.08
2026-06-19	30	4	1.39
2026-06-19	31	0.516	4.4
2026-06-19	33	6.452	1.15
2026-06-19	35	16	0.98
2026-06-19	38	7.216	1.39
2026-06-19	39	2.767	3.3
2026-06-19	4	6	0.76
2026-06-19	40	2	1.53
2026-06-19	41	6.507	1.38
2026-06-19	42	7.737	0.99
2026-06-19	43	12.092	1.3
2026-06-19	44	12.945	1.28
2026-06-19	47	8.644	2.19
2026-06-19	48	2	1.53
2026-06-19	49	2	2.19
2026-06-19	50	1	2.19
2026-06-19	52	24.986	0.7
2026-06-19	53	1	1.85
2026-06-19	54	3	1.85
2026-06-19	55	4	2.1
2026-06-19	56	4	2.6
2026-06-19	57	2	0.98
2026-06-19	58	1.611	1.9
2026-06-19	61	2	1.39
2026-06-19	65	2	1.04
2026-06-19	66	3	1.16
2026-06-19	68	1	1.51
2026-06-19	69	7	0.91
2026-06-19	70	3	1.1
2026-06-19	71	2	1.53
2026-06-19	72	4	0.69
2026-06-19	73	3	1.1
2026-06-19	75	4	1.19
2026-06-19	76	18	0.57
2026-06-19	77	2	1.67
2026-06-19	78	9	0.79
2026-06-19	79	5	1.07
2026-06-19	8	2	1.69
2026-06-19	81	7	0.72
2026-06-19	82	6	0.65
2026-06-19	83	3.198	1.72
2026-06-19	84	7	1.16
2026-06-19	87	4	1.04
2026-06-19	88	2.068	1.62
2026-06-19	89	33.069	0.58
2026-06-19	9	4	0.58
2026-06-19	91	24.226	0.53
2026-06-19	92	7.969	0.64
2026-06-19	93	27	1.46
2026-06-19	94	5.822	2.08
2026-06-19	95	5.505	1.84
2026-06-19	96	1.297	1.82
2026-06-19	98	1.286	1.68
2026-06-19	99	1.491	2.28
2026-06-22	100	6.148	1.96
2026-06-22	101	8.685	2.19
2026-06-22	103	2.136	1.62
2026-06-22	105	2.984	1.24
2026-06-22	106	9.648	1.45
2026-06-22	107	4.613	1.42
2026-06-22	11	3.725	3.16
2026-06-22	111	4.398	1.28
2026-06-22	112	3.351	1.91
2026-06-22	114	16.968	2.19
2026-06-22	12	4.994	1.71
2026-06-22	121	49.688	0.93
2026-06-22	124	18.767	1.16
2026-06-22	125	5	1.74
2026-06-22	127	7	1.84
2026-06-22	130	6	1.39
2026-06-22	134	0.969	10.3
2026-06-22	135	0.655	9.6
2026-06-22	136	0.439	9.03
2026-06-22	137	0.698	13.1
2026-06-22	138	3.165	3.15
2026-06-22	139	0.465	10.35
2026-06-22	140	0.74	9.6
2026-06-22	142	0.626	4.78
2026-06-22	145	0.296	15.9
2026-06-22	146	1.525	10.6
2026-06-22	158	3	1.75
2026-06-22	165	4.126	3.65
2026-06-22	166	8	1.84
2026-06-22	167	6	1.18
2026-06-22	170	3	0.93
2026-06-22	18	16.337	0.98
2026-06-22	185	4	1.44
2026-06-22	187	4.438	4.04
2026-06-22	189	5	2.31
2026-06-22	190	12	2.31
2026-06-22	193	8	1.46
2026-06-22	194	12.275	2.07
2026-06-22	195	13	1.09
2026-06-22	196	5	2.31
2026-06-22	197	9.209	1.72
2026-06-22	198	12.092	0.87
2026-06-22	199	4.821	1.62
2026-06-22	207	3	0.94
2026-06-22	208	5	0.66
2026-06-22	209	3	0.88
2026-06-22	211	4	0.85
2026-06-22	213	4	2.02
2026-06-22	214	2	1.95
2026-06-22	216	1	2
2026-06-22	218	8	1.02
2026-06-22	226	3	0.98
2026-06-22	23	5	0.94
2026-06-22	27	3	1.91
2026-06-22	28	9	2.08
2026-06-22	30	6	1.39
2026-06-22	31	0.718	4.4
2026-06-22	33	8.957	1.15
2026-06-22	38	10.022	1.39
2026-06-22	39	3.842	3.3
2026-06-22	4	8	0.76
2026-06-22	40	3	1.53
2026-06-22	41	9.043	1.38
2026-06-22	42	10.747	0.99
2026-06-22	43	16.792	1.3
2026-06-22	44	17.977	1.28
2026-06-22	48	2	1.53
2026-06-22	49	2	2.19
2026-06-22	50	2	2.19
2026-06-22	52	34.7	0.7
2026-06-22	53	2	1.85
2026-06-22	54	4	1.85
2026-06-22	55	6	2.1
2026-06-22	56	6	2.6
2026-06-22	57	3	0.98
2026-06-22	58	2.237	1.9
2026-06-22	61	2	1.39
2026-06-22	65	3	1.04
2026-06-22	66	4	1.16
2026-06-22	68	2	1.51
2026-06-22	69	10	0.91
2026-06-22	70	4	1.1
2026-06-22	71	3	1.53
2026-06-22	72	6	0.69
2026-06-22	73	4	1.1
2026-06-22	75	5	1.19
2026-06-22	76	25	0.57
2026-06-22	77	3	1.67
2026-06-22	78	12	0.79
2026-06-22	79	7	1.07
2026-06-22	8	2	1.69
2026-06-22	81	10	0.72
2026-06-22	82	9	0.65
2026-06-22	83	4.442	1.72
2026-06-22	84	9	1.16
2026-06-22	87	5	1.04
2026-06-22	88	2.87	1.62
2026-06-22	89	45.931	0.58
2026-06-22	9	5	0.58
2026-06-22	91	33.66	0.53
2026-06-22	92	11.063	0.64
2026-06-22	93	37	1.46
2026-06-22	94	8.091	2.08
2026-06-22	95	7.647	1.84
2026-06-22	96	1.797	1.82
2026-06-22	98	1.786	1.68
2026-06-22	99	2.075	2.28
2026-06-23	101	6.95	2.19
2026-06-23	103	1.71	1.62
2026-06-23	105	2.387	1.24
2026-06-23	106	7.717	1.45
2026-06-23	107	3.69	1.42
2026-06-23	11	2.981	3.16
2026-06-23	111	3.523	1.28
2026-06-23	112	2.681	1.91
2026-06-23	114	13.575	2.19
2026-06-23	12	3.994	1.71
2026-06-23	121	39.753	0.93
2026-06-23	124	15.009	1.16
2026-06-23	125	4	1.74
2026-06-23	127	5	1.84
2026-06-23	130	5	1.39
2026-06-23	134	0.776	10.3
2026-06-23	135	0.524	9.6
2026-06-23	136	0.35	9.03
2026-06-23	137	0.558	13.1
2026-06-23	138	2.53	3.15
2026-06-23	139	0.372	10.35
2026-06-23	140	0.592	9.6
2026-06-23	142	0.5	4.78
2026-06-23	145	0.237	15.9
2026-06-23	146	1.221	10.6
2026-06-23	153	12	1.54
2026-06-23	158	2	1.75
2026-06-23	165	3.301	3.65
2026-06-23	166	6	1.84
2026-06-23	167	5	1.18
2026-06-23	17	11	1.24
2026-06-23	18	13.071	0.98
2026-06-23	185	3	1.44
2026-06-23	186	7	1.66
2026-06-23	187	3.55	4.04
2026-06-23	189	4	2.31
2026-06-23	190	10	2.31
2026-06-23	193	7	1.46
2026-06-23	194	9.821	2.07
2026-06-23	195	11	1.09
2026-06-23	196	4	2.31
2026-06-23	197	7.366	1.72
2026-06-23	198	9.667	0.87
2026-06-23	199	3.852	1.62
2026-06-23	207	2	0.94
2026-06-23	208	4	0.66
2026-06-23	209	2	0.88
2026-06-23	211	3	0.85
2026-06-23	213	3	2.02
2026-06-23	214	2	1.95
2026-06-23	216	1	2
2026-06-23	218	7	1.02
2026-06-23	219	30	0.71
2026-06-23	222	9	1.9
2026-06-23	224	16	0.72
2026-06-23	226	2	0.98
2026-06-23	23	4	0.94
2026-06-23	27	2	1.91
2026-06-23	28	7	2.08
2026-06-23	3	16	1.08
2026-06-23	30	4	1.39
2026-06-23	31	0.573	4.4
2026-06-23	33	7.165	1.15
2026-06-23	38	8.014	1.39
2026-06-23	39	3.076	3.3
2026-06-23	4	6	0.76
2026-06-23	40	2	1.53
2026-06-23	41	7.232	1.38
2026-06-23	42	8.596	0.99
2026-06-23	43	13.431	1.3
2026-06-23	44	14.383	1.28
2026-06-23	48	2	1.53
2026-06-23	49	2	2.19
2026-06-23	50	1	2.19
2026-06-23	52	27.757	0.7
2026-06-23	53	2	1.85
2026-06-23	54	3	1.85
2026-06-23	55	5	2.1
2026-06-23	56	5	2.6
2026-06-23	57	2	0.98
2026-06-23	58	1.789	1.9
2026-06-23	61	2	1.39
2026-06-23	65	3	1.04
2026-06-23	66	3	1.16
2026-06-23	68	1	1.51
2026-06-23	69	8	0.91
2026-06-23	70	3	1.1
2026-06-23	71	2	1.53
2026-06-23	72	5	0.69
2026-06-23	73	3	1.1
2026-06-23	75	4	1.19
2026-06-23	76	20	0.57
2026-06-23	77	2	1.67
2026-06-23	78	10	0.79
2026-06-23	79	6	1.07
2026-06-23	8	2	1.69
2026-06-23	81	8	0.72
2026-06-23	82	7	0.65
2026-06-23	83	3.552	1.72
2026-06-23	84	7	1.16
2026-06-23	85	18	1.1
2026-06-23	87	4	1.04
2026-06-23	88	2.296	1.62
2026-06-23	89	36.741	0.58
2026-06-23	9	4	0.58
2026-06-23	91	26.925	0.53
2026-06-23	92	8.844	0.64
2026-06-23	93	30	1.46
2026-06-23	94	6.471	2.08
2026-06-23	95	6.114	1.84
2026-06-23	96	1.44	1.82
2026-06-23	98	1.429	1.68
2026-06-23	99	1.658	2.28
2026-06-24	101	6.603	2.19
2026-06-24	103	1.623	1.62
2026-06-24	105	2.266	1.24
2026-06-24	106	7.331	1.45
2026-06-24	107	3.507	1.42
2026-06-24	11	2.829	3.16
2026-06-24	111	3.344	1.28
2026-06-24	112	2.55	1.91
2026-06-24	114	12.895	2.19
2026-06-24	12	3.795	1.71
2026-06-24	121	37.763	0.93
2026-06-24	124	14.259	1.16
2026-06-24	125	4	1.74
2026-06-24	127	5	1.84
2026-06-24	130	5	1.39
2026-06-24	134	0.737	10.3
2026-06-24	135	0.498	9.6
2026-06-24	136	0.333	9.03
2026-06-24	137	0.531	13.1
2026-06-24	138	2.406	3.15
2026-06-24	139	0.354	10.35
2026-06-24	140	0.561	9.6
2026-06-24	142	0.475	4.78
2026-06-24	144	5.382	3.82
2026-06-24	145	0.225	15.9
2026-06-24	146	1.159	10.6
2026-06-24	158	2	1.75
2026-06-24	165	3.137	3.65
2026-06-24	166	6	1.84
2026-06-24	167	5	1.18
2026-06-24	18	12.418	0.98
2026-06-24	185	3	1.44
2026-06-24	187	3.371	4.04
2026-06-24	189	4	2.31
2026-06-24	190	9	2.31
2026-06-24	193	6	1.46
2026-06-24	194	9.329	2.07
2026-06-24	195	10	1.09
2026-06-24	196	4	2.31
2026-06-24	197	7	1.72
2026-06-24	198	9.184	0.87
2026-06-24	199	3.66	1.62
2026-06-24	207	2	0.94
2026-06-24	208	4	0.66
2026-06-24	209	2	0.88
2026-06-24	211	3	0.85
2026-06-24	213	3	2.02
2026-06-24	214	2	1.95
2026-06-24	215	9	1.95
2026-06-24	216	1	2
2026-06-24	218	6	1.02
2026-06-24	226	2	0.98
2026-06-24	23	4	0.94
2026-06-24	232	1	1.1
2026-06-24	27	2	1.91
2026-06-24	28	7	2.08
2026-06-24	30	4	1.39
2026-06-24	31	0.545	4.4
2026-06-24	33	6.809	1.15
2026-06-24	38	7.619	1.39
2026-06-24	39	2.921	3.3
2026-06-24	4	6	0.76
2026-06-24	40	2	1.53
2026-06-24	41	6.87	1.38
2026-06-24	42	8.172	0.99
2026-06-24	43	12.762	1.3
2026-06-24	44	13.664	1.28
2026-06-24	48	2	1.53
2026-06-24	49	2	2.19
2026-06-24	50	1	2.19
2026-06-24	52	26.371	0.7
2026-06-24	53	2	1.85
2026-06-24	54	3	1.85
2026-06-24	55	5	2.1
2026-06-24	56	4	2.6
2026-06-24	57	2	0.98
2026-06-24	58	1.7	1.9
2026-06-24	61	2	1.39
2026-06-24	65	2	1.04
2026-06-24	66	3	1.16
2026-06-24	68	1	1.51
2026-06-24	69	8	0.91
2026-06-24	70	3	1.1
2026-06-24	71	2	1.53
2026-06-24	72	5	0.69
2026-06-24	73	3	1.1
2026-06-24	75	4	1.19
2026-06-24	76	19	0.57
2026-06-24	77	2	1.67
2026-06-24	78	9	0.79
2026-06-24	79	6	1.07
2026-06-24	8	2	1.69
2026-06-24	81	7	0.72
2026-06-24	82	7	0.65
2026-06-24	83	3.372	1.72
2026-06-24	84	7	1.16
2026-06-24	87	4	1.04
2026-06-24	88	2.179	1.62
2026-06-24	89	34.914	0.58
2026-06-24	9	4	0.58
2026-06-24	91	25.585	0.53
2026-06-24	92	8.406	0.64
2026-06-24	93	28	1.46
2026-06-24	94	6.149	2.08
2026-06-24	95	5.81	1.84
2026-06-24	96	1.368	1.82
2026-06-24	98	1.357	1.68
2026-06-24	99	1.575	2.28
2026-06-25	101	6.256	2.19
2026-06-25	103	1.537	1.62
2026-06-25	105	2.153	1.24
2026-06-25	106	6.945	1.45
2026-06-25	107	3.324	1.42
2026-06-25	11	2.68	3.16
2026-06-25	111	3.172	1.28
2026-06-25	112	2.414	1.91
2026-06-25	114	12.219	2.19
2026-06-25	12	3.596	1.71
2026-06-25	121	35.774	0.93
2026-06-25	124	13.509	1.16
2026-06-25	125	4	1.74
2026-06-25	127	5	1.84
2026-06-25	130	4	1.39
2026-06-25	134	0.698	10.3
2026-06-25	135	0.472	9.6
2026-06-25	136	0.316	9.03
2026-06-25	137	0.502	13.1
2026-06-25	138	2.279	3.15
2026-06-25	139	0.335	10.35
2026-06-25	140	0.532	9.6
2026-06-25	141	2.262	8.74
2026-06-25	142	0.45	4.78
2026-06-25	145	0.213	15.9
2026-06-25	146	1.098	10.6
2026-06-25	154	12	1.44
2026-06-25	158	2	1.75
2026-06-25	165	2.97	3.65
2026-06-25	166	6	1.84
2026-06-25	167	4	1.18
2026-06-25	18	11.765	0.98
2026-06-25	185	3	1.44
2026-06-25	187	3.196	4.04
2026-06-25	189	4	2.31
2026-06-25	190	9	2.31
2026-06-25	193	6	1.46
2026-06-25	194	8.836	2.07
2026-06-25	195	10	1.09
2026-06-25	196	4	2.31
2026-06-25	197	6.634	1.72
2026-06-25	198	8.701	0.87
2026-06-25	199	3.469	1.62
2026-06-25	207	2	0.94
2026-06-25	208	4	0.66
2026-06-25	209	2	0.88
2026-06-25	211	3	0.85
2026-06-25	213	3	2.02
2026-06-25	214	2	1.95
2026-06-25	216	1	2
2026-06-25	218	6	1.02
2026-06-25	219	30	0.71
2026-06-25	223	1	1.5
2026-06-25	226	2	0.98
2026-06-25	23	3	0.94
2026-06-25	27	2	1.91
2026-06-25	28	7	2.08
2026-06-25	30	4	1.39
2026-06-25	31	0.516	4.4
2026-06-25	33	6.452	1.15
2026-06-25	38	7.216	1.39
2026-06-25	39	2.767	3.3
2026-06-25	4	6	0.76
2026-06-25	40	2	1.53
2026-06-25	41	6.507	1.38
2026-06-25	42	7.737	0.99
2026-06-25	43	12.092	1.3
2026-06-25	44	12.945	1.28
2026-06-25	48	2	1.53
2026-06-25	49	2	2.19
2026-06-25	50	1	2.19
2026-06-25	52	24.986	0.7
2026-06-25	53	1	1.85
2026-06-25	54	3	1.85
2026-06-25	55	4	2.1
2026-06-25	56	4	2.6
2026-06-25	57	2	0.98
2026-06-25	58	1.611	1.9
2026-06-25	61	2	1.39
2026-06-25	65	2	1.04
2026-06-25	66	3	1.16
2026-06-25	68	1	1.51
2026-06-25	69	7	0.91
2026-06-25	70	3	1.1
2026-06-25	71	2	1.53
2026-06-25	72	4	0.69
2026-06-25	73	3	1.1
2026-06-25	75	4	1.19
2026-06-25	76	18	0.57
2026-06-25	77	2	1.67
2026-06-25	78	9	0.79
2026-06-25	79	5	1.07
2026-06-25	8	2	1.69
2026-06-25	81	7	0.72
2026-06-25	82	6	0.65
2026-06-25	83	3.198	1.72
2026-06-25	84	7	1.16
2026-06-25	87	4	1.04
2026-06-25	88	2.068	1.62
2026-06-25	89	33.069	0.58
2026-06-25	9	4	0.58
2026-06-25	91	24.226	0.53
2026-06-25	92	7.969	0.64
2026-06-25	93	27	1.46
2026-06-25	94	5.822	2.08
2026-06-25	95	5.505	1.84
2026-06-25	96	1.297	1.82
2026-06-25	98	1.286	1.68
2026-06-25	99	1.491	2.28
2026-06-26	101	6.256	2.19
2026-06-26	103	1.537	1.62
2026-06-26	105	2.153	1.24
2026-06-26	106	6.945	1.45
2026-06-26	107	3.324	1.42
2026-06-26	11	2.68	3.16
2026-06-26	111	3.172	1.28
2026-06-26	112	2.414	1.91
2026-06-26	114	12.219	2.19
2026-06-26	12	3.596	1.71
2026-06-26	121	35.774	0.93
2026-06-26	124	13.509	1.16
2026-06-26	125	4	1.74
2026-06-26	127	5	1.84
2026-06-26	130	4	1.39
2026-06-26	134	0.698	10.3
2026-06-26	135	0.472	9.6
2026-06-26	136	0.316	9.03
2026-06-26	137	0.502	13.1
2026-06-26	138	2.279	3.15
2026-06-26	139	0.335	10.35
2026-06-26	140	0.532	9.6
2026-06-26	142	0.45	4.78
2026-06-26	145	0.213	15.9
2026-06-26	146	1.098	10.6
2026-06-26	158	2	1.75
2026-06-26	160	4	1.31
2026-06-26	165	2.97	3.65
2026-06-26	166	6	1.84
2026-06-26	167	4	1.18
2026-06-26	178	8.811	2.43
2026-06-26	18	11.765	0.98
2026-06-26	185	3	1.44
2026-06-26	187	3.196	4.04
2026-06-26	189	4	2.31
2026-06-26	190	9	2.31
2026-06-26	193	6	1.46
2026-06-26	194	8.836	2.07
2026-06-26	195	10	1.09
2026-06-26	196	4	2.31
2026-06-26	197	6.634	1.72
2026-06-26	198	8.701	0.87
2026-06-26	199	3.469	1.62
2026-06-26	205	4	2.47
2026-06-26	207	2	0.94
2026-06-26	208	4	0.66
2026-06-26	209	2	0.88
2026-06-26	211	3	0.85
2026-06-26	213	3	2.02
2026-06-26	214	2	1.95
2026-06-26	216	1	2
2026-06-26	218	6	1.02
2026-06-26	221	3	1.71
2026-06-26	226	2	0.98
2026-06-26	23	3	0.94
2026-06-26	27	2	1.91
2026-06-26	28	7	2.08
2026-06-26	30	4	1.39
2026-06-26	31	0.516	4.4
2026-06-26	33	6.452	1.15
2026-06-26	38	7.216	1.39
2026-06-26	39	2.767	3.3
2026-06-26	4	6	0.76
2026-06-26	40	2	1.53
2026-06-26	41	6.507	1.38
2026-06-26	42	7.737	0.99
2026-06-26	43	12.092	1.3
2026-06-26	44	12.945	1.28
2026-06-26	48	2	1.53
2026-06-26	49	2	2.19
2026-06-26	50	1	2.19
2026-06-26	52	24.986	0.7
2026-06-26	53	1	1.85
2026-06-26	54	3	1.85
2026-06-26	55	4	2.1
2026-06-26	56	4	2.6
2026-06-26	57	2	0.98
2026-06-26	58	1.611	1.9
2026-06-26	61	2	1.39
2026-06-26	65	2	1.04
2026-06-26	66	3	1.16
2026-06-26	68	1	1.51
2026-06-26	69	7	0.91
2026-06-26	70	3	1.1
2026-06-26	71	2	1.53
2026-06-26	72	4	0.69
2026-06-26	73	3	1.1
2026-06-26	75	4	1.19
2026-06-26	76	18	0.57
2026-06-26	77	2	1.67
2026-06-26	78	9	0.79
2026-06-26	79	5	1.07
2026-06-26	8	2	1.69
2026-06-26	81	7	0.72
2026-06-26	82	6	0.65
2026-06-26	83	3.198	1.72
2026-06-26	84	7	1.16
2026-06-26	87	4	1.04
2026-06-26	88	2.068	1.62
2026-06-26	89	33.069	0.58
2026-06-26	9	4	0.58
2026-06-26	91	24.226	0.53
2026-06-26	92	7.969	0.64
2026-06-26	93	27	1.46
2026-06-26	94	5.822	2.08
2026-06-26	95	5.505	1.84
2026-06-26	96	1.297	1.82
2026-06-26	97	7.227	1.28
2026-06-26	98	1.286	1.68
2026-06-26	99	1.491	2.28
2026-06-29	101	8.685	2.19
2026-06-29	103	2.136	1.62
2026-06-29	105	2.984	1.24
2026-06-29	106	9.648	1.45
2026-06-29	107	4.613	1.42
2026-06-29	11	3.725	3.16
2026-06-29	110	4	2.19
2026-06-29	111	4.398	1.28
2026-06-29	112	3.351	1.91
2026-06-29	114	16.968	2.19
2026-06-29	12	4.994	1.71
2026-06-29	121	49.688	0.93
2026-06-29	124	18.767	1.16
2026-06-29	125	5	1.74
2026-06-29	127	7	1.84
2026-06-29	130	6	1.39
2026-06-29	134	0.969	10.3
2026-06-29	135	0.655	9.6
2026-06-29	136	0.439	9.03
2026-06-29	137	0.698	13.1
2026-06-29	138	3.165	3.15
2026-06-29	139	0.465	10.35
2026-06-29	140	0.74	9.6
2026-06-29	141	2.262	8.74
2026-06-29	142	0.626	4.78
2026-06-29	145	0.296	15.9
2026-06-29	146	1.525	10.6
2026-06-29	158	3	1.75
2026-06-29	165	4.126	3.65
2026-06-29	166	8	1.84
2026-06-29	167	6	1.18
2026-06-29	18	16.337	0.98
2026-06-29	185	4	1.44
2026-06-29	187	4.438	4.04
2026-06-29	189	5	2.31
2026-06-29	190	12	2.31
2026-06-29	193	8	1.46
2026-06-29	194	12.275	2.07
2026-06-29	195	13	1.09
2026-06-29	196	5	2.31
2026-06-29	197	9.209	1.72
2026-06-29	198	12.092	0.87
2026-06-29	199	4.821	1.62
2026-06-29	207	3	0.94
2026-06-29	208	5	0.66
2026-06-29	209	3	0.88
2026-06-29	211	4	0.85
2026-06-29	213	4	2.02
2026-06-29	214	2	1.95
2026-06-29	216	1	2
2026-06-29	218	8	1.02
2026-06-29	226	3	0.98
2026-06-29	23	5	0.94
2026-06-29	27	3	1.91
2026-06-29	28	9	2.08
2026-06-29	30	6	1.39
2026-06-29	31	0.718	4.4
2026-06-29	33	8.957	1.15
2026-06-29	38	10.022	1.39
2026-06-29	39	3.842	3.3
2026-06-29	4	8	0.76
2026-06-29	40	3	1.53
2026-06-29	41	9.043	1.38
2026-06-29	42	10.747	0.99
2026-06-29	43	16.792	1.3
2026-06-29	44	17.977	1.28
2026-06-29	48	2	1.53
2026-06-29	49	2	2.19
2026-06-29	50	2	2.19
2026-06-29	52	34.7	0.7
2026-06-29	53	2	1.85
2026-06-29	54	4	1.85
2026-06-29	55	6	2.1
2026-06-29	56	6	2.6
2026-06-29	57	3	0.98
2026-06-29	58	2.237	1.9
2026-06-29	61	2	1.39
2026-06-29	65	3	1.04
2026-06-29	66	4	1.16
2026-06-29	68	2	1.51
2026-06-29	69	10	0.91
2026-06-29	70	4	1.1
2026-06-29	71	3	1.53
2026-06-29	72	6	0.69
2026-06-29	73	4	1.1
2026-06-29	75	5	1.19
2026-06-29	76	25	0.57
2026-06-29	77	3	1.67
2026-06-29	78	12	0.79
2026-06-29	79	7	1.07
2026-06-29	8	2	1.69
2026-06-29	81	10	0.72
2026-06-29	82	9	0.65
2026-06-29	83	4.442	1.72
2026-06-29	84	9	1.16
2026-06-29	87	5	1.04
2026-06-29	88	2.87	1.62
2026-06-29	89	45.931	0.58
2026-06-29	9	5	0.58
2026-06-29	91	33.66	0.53
2026-06-29	92	11.063	0.64
2026-06-29	93	37	1.46
2026-06-29	94	8.091	2.08
2026-06-29	95	7.647	1.84
2026-06-29	96	1.797	1.82
2026-06-29	98	1.786	1.68
2026-06-29	99	2.075	2.28
2026-06-30	1	11	1.09
2026-06-30	100	6.143	1.96
2026-06-30	101	6.922	2.19
2026-06-30	103	1.698	1.62
2026-06-30	104	0.134	1.57
2026-06-30	105	2.395	1.24
2026-06-30	106	7.697	1.45
2026-06-30	107	3.648	1.42
2026-06-30	11	2.991	3.16
2026-06-30	111	3.516	1.28
2026-06-30	112	2.681	1.91
2026-06-30	114	13.575	2.19
2026-06-30	12	3.982	1.71
2026-06-30	121	39.828	0.93
2026-06-30	124	15.009	1.16
2026-06-30	125	4	1.74
2026-06-30	127	5	1.84
2026-06-30	130	5	1.39
2026-06-30	134	0.77	10.3
2026-06-30	135	0.518	9.6
2026-06-30	136	0.347	9.03
2026-06-30	137	0.557	13.1
2026-06-30	138	2.524	3.15
2026-06-30	139	0.371	10.35
2026-06-30	140	0.591	9.6
2026-06-30	142	0.492	4.78
2026-06-30	145	0.242	15.9
2026-06-30	146	1.224	10.6
2026-06-30	148	2.978	4.5
2026-06-30	152	9	1.26
2026-06-30	158	2	1.75
2026-06-30	162	13	0.87
2026-06-30	165	3.299	3.65
2026-06-30	166	6	1.84
2026-06-30	167	5	1.18
2026-06-30	18	12.98	0.98
2026-06-30	185	3	1.44
2026-06-30	187	3.55	4.04
2026-06-30	189	4	2.31
2026-06-30	190	10	2.31
2026-06-30	193	7	1.46
2026-06-30	194	9.826	2.07
2026-06-30	195	11	1.09
2026-06-30	196	4	2.31
2026-06-30	197	7.378	1.72
2026-06-30	198	9.678	0.87
2026-06-30	199	3.852	1.62
2026-06-30	207	2	0.94
2026-06-30	208	4	0.66
2026-06-30	209	2	0.88
2026-06-30	211	3	0.85
2026-06-30	213	3	2.02
2026-06-30	214	2	1.95
2026-06-30	216	1	2
2026-06-30	218	7	1.02
2026-06-30	226	2	0.98
2026-06-30	23	4	0.94
2026-06-30	27	2	1.91
2026-06-30	28	7	2.08
2026-06-30	30	4	1.39
2026-06-30	31	0.577	4.4
2026-06-30	33	7.2	1.15
2026-06-30	38	8.029	1.39
2026-06-30	39	3.085	3.3
2026-06-30	4	6	0.76
2026-06-30	40	2	1.53
2026-06-30	41	7.232	1.38
2026-06-30	42	8.586	0.99
2026-06-30	43	13.423	1.3
2026-06-30	44	14.32	1.28
2026-06-30	48	2	1.53
2026-06-30	49	2	2.19
2026-06-30	50	1	2.19
2026-06-30	52	27.729	0.7
2026-06-30	53	2	1.85
2026-06-30	54	3	1.85
2026-06-30	55	5	2.1
2026-06-30	56	5	2.6
2026-06-30	57	2	0.98
2026-06-30	58	1.789	1.9
2026-06-30	61	2	1.39
2026-06-30	62	9	1.35
2026-06-30	65	3	1.04
2026-06-30	66	3	1.16
2026-06-30	68	1	1.51
2026-06-30	69	8	0.91
2026-06-30	70	3	1.1
2026-06-30	71	2	1.53
2026-06-30	72	5	0.69
2026-06-30	73	3	1.1
2026-06-30	75	4	1.19
2026-06-30	76	20	0.57
2026-06-30	77	2	1.67
2026-06-30	78	10	0.79
2026-06-30	79	6	1.07
2026-06-30	8	2	1.69
2026-06-30	81	8	0.72
2026-06-30	82	7	0.65
2026-06-30	83	3.547	1.72
2026-06-30	84	7	1.16
2026-06-30	87	4	1.04
2026-06-30	88	2.253	1.62
2026-06-30	89	36.69	0.58
2026-06-30	9	4	0.58
2026-06-30	91	27	0.53
2026-06-30	92	8.859	0.64
2026-06-30	93	30	1.46
2026-06-30	94	6.476	2.08
2026-06-30	95	6.109	1.84
2026-06-30	96	1.429	1.82
2026-06-30	98	1.464	1.68
2026-06-30	99	1.667	2.28
2026-07-01	101	5.498	2.19
2026-07-01	103	1.352	1.62
2026-07-01	105	1.887	1.24
2026-07-01	106	6.103	1.45
2026-07-01	107	2.923	1.42
2026-07-01	11	2.358	3.16
2026-07-01	111	2.789	1.28
2026-07-01	112	2.12	1.91
2026-07-01	113	0.543	3.24
2026-07-01	114	10.74	2.19
2026-07-01	12	3.158	1.71
2026-07-01	121	31.452	0.93
2026-07-01	124	11.879	1.16
2026-07-01	125	3	1.74
2026-07-01	127	4	1.84
2026-07-01	128	9	1.67
2026-07-01	130	4	1.39
2026-07-01	134	0.614	10.3
2026-07-01	135	0.415	9.6
2026-07-01	136	0.277	9.03
2026-07-01	137	0.441	13.1
2026-07-01	138	2.003	3.15
2026-07-01	139	0.295	10.35
2026-07-01	140	0.468	9.6
2026-07-01	144	4.584	3.82
2026-07-01	145	0.188	15.9
2026-07-01	146	0.965	10.6
2026-07-01	158	2	1.75
2026-07-01	165	2.611	3.65
2026-07-01	166	5	1.84
2026-07-01	167	4	1.18
2026-07-01	17	9	1.24
2026-07-01	18	10.337	0.98
2026-07-01	185	3	1.44
2026-07-01	187	2.809	4.04
2026-07-01	189	3	2.31
2026-07-01	190	8	2.31
2026-07-01	193	5	1.46
2026-07-01	194	7.768	2.07
2026-07-01	195	8	1.09
2026-07-01	196	3	2.31
2026-07-01	197	5.831	1.72
2026-07-01	198	7.655	0.87
2026-07-01	199	3.049	1.62
2026-07-01	201	9.985	1.3
2026-07-01	207	20	0.94
2026-07-01	208	3	0.66
2026-07-01	211	3	0.85
2026-07-01	213	2	2.02
2026-07-01	214	1	1.95
2026-07-01	218	5	1.02
2026-07-01	219	26	0.71
2026-07-01	226	22	0.98
2026-07-01	23	3	0.94
2026-07-01	27	2	1.91
2026-07-01	28	6	2.08
2026-07-01	30	4	1.39
2026-07-01	31	0.455	4.4
2026-07-01	33	5.67	1.15
2026-07-01	38	6.345	1.39
2026-07-01	39	2.433	3.3
2026-07-01	4	5	0.76
2026-07-01	40	2	1.53
2026-07-01	41	5.725	1.38
2026-07-01	42	6.798	0.99
2026-07-01	43	10.631	1.3
2026-07-01	44	11.375	1.28
2026-07-01	48	1	1.53
2026-07-01	49	1	2.19
2026-07-01	50	1	2.19
2026-07-01	52	21.957	0.7
2026-07-01	53	1	1.85
2026-07-01	54	3	1.85
2026-07-01	55	4	2.1
2026-07-01	56	4	2.6
2026-07-01	58	1.416	1.9
2026-07-01	61	2	1.39
2026-07-01	65	2	1.04
2026-07-01	66	3	1.16
2026-07-01	69	6	0.91
2026-07-01	70	3	1.1
2026-07-01	71	2	1.53
2026-07-01	72	4	0.69
2026-07-01	73	2	1.1
2026-07-01	75	3	1.19
2026-07-01	76	16	0.57
2026-07-01	77	2	1.67
2026-07-01	78	8	0.79
2026-07-01	79	5	1.07
2026-07-01	8	1	1.69
2026-07-01	81	6	0.72
2026-07-01	82	6	0.65
2026-07-01	83	2.808	1.72
2026-07-01	84	6	1.16
2026-07-01	87	3	1.04
2026-07-01	88	1.815	1.62
2026-07-01	89	29.069	0.58
2026-07-01	91	21.302	0.53
2026-07-01	92	7	0.64
2026-07-01	93	24	1.46
2026-07-01	94	5.12	2.08
2026-07-01	95	4.837	1.84
2026-07-01	96	1.137	1.82
2026-07-01	99	1.311	2.28
2026-07-02	101	5.21	2.19
2026-07-02	103	1.278	1.62
2026-07-02	105	1.79	1.24
2026-07-02	106	5.786	1.45
2026-07-02	107	2.768	1.42
2026-07-02	11	2.234	3.16
2026-07-02	111	2.641	1.28
2026-07-02	112	2.01	1.91
2026-07-02	114	10.174	2.19
2026-07-02	12	2.994	1.71
2026-07-02	121	29.796	0.93
2026-07-02	124	11.25	1.16
2026-07-02	125	3	1.74
2026-07-02	127	4	1.84
2026-07-02	130	4	1.39
2026-07-02	134	0.581	10.3
2026-07-02	135	0.393	9.6
2026-07-02	136	0.262	9.03
2026-07-02	137	0.418	13.1
2026-07-02	138	1.898	3.15
2026-07-02	139	0.279	10.35
2026-07-02	140	0.444	9.6
2026-07-02	145	0.178	15.9
2026-07-02	146	0.915	10.6
2026-07-02	153	10	1.54
2026-07-02	158	2	1.75
2026-07-02	165	2.474	3.65
2026-07-02	166	5	1.84
2026-07-02	167	4	1.18
2026-07-02	175	14	1.1
2026-07-02	18	9.796	0.98
2026-07-02	185	2	1.44
2026-07-02	187	2.661	4.04
2026-07-02	189	3	2.31
2026-07-02	190	7	2.31
2026-07-02	193	5	1.46
2026-07-02	194	7.362	2.07
2026-07-02	195	8	1.09
2026-07-02	196	3	2.31
2026-07-02	197	5.523	1.72
2026-07-02	198	7.253	0.87
2026-07-02	199	2.889	1.62
2026-07-02	201	9.992	1.3
2026-07-02	208	3	0.66
2026-07-02	211	2	0.85
2026-07-02	213	2	2.02
2026-07-02	214	1	1.95
2026-07-02	218	5	1.02
2026-07-02	227	14	1.19
2026-07-02	23	3	0.94
2026-07-02	27	2	1.91
2026-07-02	28	5	2.08
2026-07-02	30	3	1.39
2026-07-02	31	0.43	4.4
2026-07-02	33	5.374	1.15
2026-07-02	38	6.007	1.39
2026-07-02	39	2.306	3.3
2026-07-02	4	5	0.76
2026-07-02	40	2	1.53
2026-07-02	41	5.42	1.38
2026-07-02	42	6.444	0.99
2026-07-02	43	10.069	1.3
2026-07-02	44	10.781	1.28
2026-07-02	48	1	1.53
2026-07-02	49	1	2.19
2026-07-02	50	1	2.19
2026-07-02	52	20.8	0.7
2026-07-02	53	1	1.85
2026-07-02	54	2	1.85
2026-07-02	55	4	2.1
2026-07-02	56	3	2.6
2026-07-02	57	21	0.98
2026-07-02	58	1.342	1.9
2026-07-02	61	1	1.39
2026-07-02	65	2	1.04
2026-07-02	66	3	1.16
2026-07-02	69	6	0.91
2026-07-02	70	3	1.1
2026-07-02	71	2	1.53
2026-07-02	72	4	0.69
2026-07-02	73	2	1.1
2026-07-02	74	9	1.71
2026-07-02	75	3	1.19
2026-07-02	76	15	0.57
2026-07-02	77	2	1.67
2026-07-02	78	7	0.79
2026-07-02	79	5	1.07
2026-07-02	8	1	1.69
2026-07-02	81	6	0.72
2026-07-02	82	5	0.65
2026-07-02	83	2.663	1.72
2026-07-02	84	6	1.16
2026-07-02	87	3	1.04
2026-07-02	88	1.722	1.62
2026-07-02	89	27.534	0.58
2026-07-02	91	20.189	0.53
2026-07-02	92	6.641	0.64
2026-07-02	93	22	1.46
2026-07-02	94	4.851	2.08
2026-07-02	95	4.582	1.84
2026-07-02	96	1.077	1.82
2026-07-02	99	1.241	2.28
2026-07-03	101	5.21	2.19
2026-07-03	103	1.278	1.62
2026-07-03	105	1.79	1.24
2026-07-03	106	5.786	1.45
2026-07-03	107	2.768	1.42
2026-07-03	11	2.234	3.16
2026-07-03	110	4	2.19
2026-07-03	111	2.641	1.28
2026-07-03	112	2.01	1.91
2026-07-03	114	10.174	2.19
2026-07-03	12	2.994	1.71
2026-07-03	121	29.796	0.93
2026-07-03	124	11.25	1.16
2026-07-03	125	3	1.74
2026-07-03	127	4	1.84
2026-07-03	130	4	1.39
2026-07-03	134	0.581	10.3
2026-07-03	135	0.393	9.6
2026-07-03	136	0.262	9.03
2026-07-03	137	0.418	13.1
2026-07-03	138	1.898	3.15
2026-07-03	139	0.279	10.35
2026-07-03	140	0.444	9.6
2026-07-03	142	4.734	4.78
2026-07-03	145	0.178	15.9
2026-07-03	146	0.915	10.6
2026-07-03	158	2	1.75
2026-07-03	165	2.474	3.65
2026-07-03	166	5	1.84
2026-07-03	167	4	1.18
2026-07-03	18	9.796	0.98
2026-07-03	185	2	1.44
2026-07-03	187	2.661	4.04
2026-07-03	189	3	2.31
2026-07-03	190	7	2.31
2026-07-03	193	5	1.46
2026-07-03	194	7.362	2.07
2026-07-03	195	8	1.09
2026-07-03	196	3	2.31
2026-07-03	197	5.523	1.72
2026-07-03	198	7.253	0.87
2026-07-03	199	2.889	1.62
2026-07-03	200	2	1.68
2026-07-03	208	3	0.66
2026-07-03	211	2	0.85
2026-07-03	213	2	2.02
2026-07-03	214	1	1.95
2026-07-03	218	5	1.02
2026-07-03	23	3	0.94
2026-07-03	231	4	0.98
2026-07-03	27	2	1.91
2026-07-03	28	5	2.08
2026-07-03	30	3	1.39
2026-07-03	31	0.43	4.4
2026-07-03	33	5.374	1.15
2026-07-03	38	6.007	1.39
2026-07-03	39	2.306	3.3
2026-07-03	4	5	0.76
2026-07-03	40	2	1.53
2026-07-03	41	5.42	1.38
2026-07-03	42	6.444	0.99
2026-07-03	43	10.069	1.3
2026-07-03	44	10.781	1.28
2026-07-03	48	1	1.53
2026-07-03	49	1	2.19
2026-07-03	50	1	2.19
2026-07-03	52	20.8	0.7
2026-07-03	53	1	1.85
2026-07-03	54	2	1.85
2026-07-03	55	4	2.1
2026-07-03	56	3	2.6
2026-07-03	58	1.342	1.9
2026-07-03	61	1	1.39
2026-07-03	65	2	1.04
2026-07-03	66	3	1.16
2026-07-03	69	6	0.91
2026-07-03	70	3	1.1
2026-07-03	71	2	1.53
2026-07-03	72	4	0.69
2026-07-03	73	2	1.1
2026-07-03	75	3	1.19
2026-07-03	76	15	0.57
2026-07-03	77	2	1.67
2026-07-03	78	7	0.79
2026-07-03	79	5	1.07
2026-07-03	8	1	1.69
2026-07-03	81	6	0.72
2026-07-03	82	5	0.65
2026-07-03	83	2.663	1.72
2026-07-03	84	6	1.16
2026-07-03	87	3	1.04
2026-07-03	88	1.722	1.62
2026-07-03	89	27.534	0.58
2026-07-03	91	20.189	0.53
2026-07-03	92	6.641	0.64
2026-07-03	93	22	1.46
2026-07-03	94	4.851	2.08
2026-07-03	95	4.582	1.84
2026-07-03	96	1.077	1.82
2026-07-03	99	1.241	2.28
2026-07-06	1	9	1.09
2026-07-06	100	5.23	1.96
2026-07-06	101	7.233	2.19
2026-07-06	103	1.778	1.62
2026-07-06	105	2.484	1.24
2026-07-06	106	8.034	1.45
2026-07-06	107	3.838	1.42
2026-07-06	11	3.101	3.16
2026-07-06	111	3.664	1.28
2026-07-06	112	2.791	1.91
2026-07-06	114	14.132	2.19
2026-07-06	12	4.158	1.71
2026-07-06	121	41.387	0.93
2026-07-06	124	15.629	1.16
2026-07-06	125	4	1.74
2026-07-06	127	5	1.84
2026-07-06	130	5	1.39
2026-07-06	134	0.807	10.3
2026-07-06	135	0.545	9.6
2026-07-06	136	0.365	9.03
2026-07-06	137	0.581	13.1
2026-07-06	138	2.635	3.15
2026-07-06	139	0.387	10.35
2026-07-06	140	0.616	9.6
2026-07-06	145	0.247	15.9
2026-07-06	146	1.271	10.6
2026-07-06	148	2.536	4.5
2026-07-06	158	2	1.75
2026-07-06	165	3.436	3.65
2026-07-06	166	6	1.84
2026-07-06	167	5	1.18
2026-07-06	18	13.602	0.98
2026-07-06	185	3	1.44
2026-07-06	187	3.696	4.04
2026-07-06	189	4	2.31
2026-07-06	190	10	2.31
2026-07-06	193	7	1.46
2026-07-06	194	10.222	2.07
2026-07-06	195	11	1.09
2026-07-06	196	4	2.31
2026-07-06	197	7.669	1.72
2026-07-06	198	10.069	0.87
2026-07-06	199	4.012	1.62
2026-07-06	208	4	0.66
2026-07-06	211	3	0.85
2026-07-06	213	3	2.02
2026-07-06	214	2	1.95
2026-07-06	218	7	1.02
2026-07-06	229	1	1.35
2026-07-06	23	4	0.94
2026-07-06	27	2	1.91
2026-07-06	28	8	2.08
2026-07-06	30	5	1.39
2026-07-06	31	0.598	4.4
2026-07-06	33	7.461	1.15
2026-07-06	38	8.345	1.39
2026-07-06	39	3.2	3.3
2026-07-06	4	7	0.76
2026-07-06	40	3	1.53
2026-07-06	41	7.529	1.38
2026-07-06	42	8.949	0.99
2026-07-06	43	13.985	1.3
2026-07-06	44	14.969	1.28
2026-07-06	48	2	1.53
2026-07-06	49	2	2.19
2026-07-06	50	1	2.19
2026-07-06	52	28.9	0.7
2026-07-06	53	2	1.85
2026-07-06	54	3	1.85
2026-07-06	55	5	2.1
2026-07-06	56	5	2.6
2026-07-06	58	1.863	1.9
2026-07-06	61	2	1.39
2026-07-06	65	3	1.04
2026-07-06	66	4	1.16
2026-07-06	69	8	0.91
2026-07-06	70	4	1.1
2026-07-06	71	2	1.53
2026-07-06	72	5	0.69
2026-07-06	73	3	1.1
2026-07-06	75	5	1.19
2026-07-06	76	21	0.57
2026-07-06	77	3	1.67
2026-07-06	78	10	0.79
2026-07-06	79	6	1.07
2026-07-06	8	2	1.69
2026-07-06	80	6	2.29
2026-07-06	81	8	0.72
2026-07-06	82	7	0.65
2026-07-06	83	3.698	1.72
2026-07-06	84	8	1.16
2026-07-06	87	4	1.04
2026-07-06	88	2.389	1.62
2026-07-06	89	38.241	0.58
2026-07-06	91	28.038	0.53
2026-07-06	92	9.219	0.64
2026-07-06	93	31	1.46
2026-07-06	94	6.736	2.08
2026-07-06	95	6.364	1.84
2026-07-06	96	1.5	1.82
2026-07-06	99	1.728	2.28
2026-07-07	101	5.785	2.19
2026-07-07	103	1.426	1.62
2026-07-07	105	1.992	1.24
2026-07-07	106	6.428	1.45
2026-07-07	107	3.07	1.42
2026-07-07	11	2.481	3.16
2026-07-07	111	2.93	1.28
2026-07-07	112	2.236	1.91
2026-07-07	114	11.306	2.19
2026-07-07	12	3.327	1.71
2026-07-07	121	33.108	0.93
2026-07-07	124	12.5	1.16
2026-07-07	125	4	1.74
2026-07-07	127	4	1.84
2026-07-07	130	4	1.39
2026-07-07	134	0.646	10.3
2026-07-07	135	0.436	9.6
2026-07-07	136	0.292	9.03
2026-07-07	137	0.465	13.1
2026-07-07	138	2.108	3.15
2026-07-07	139	0.31	10.35
2026-07-07	140	0.493	9.6
2026-07-07	145	0.198	15.9
2026-07-07	146	1.016	10.6
2026-07-07	158	2	1.75
2026-07-07	165	2.748	3.65
2026-07-07	166	5	1.84
2026-07-07	167	4	1.18
2026-07-07	18	10.888	0.98
2026-07-07	185	3	1.44
2026-07-07	187	2.955	4.04
2026-07-07	189	3	2.31
2026-07-07	190	8	2.31
2026-07-07	193	6	1.46
2026-07-07	194	8.179	2.07
2026-07-07	195	9	1.09
2026-07-07	196	3	2.31
2026-07-07	197	6.14	1.72
2026-07-07	198	8.057	0.87
2026-07-07	199	3.21	1.62
2026-07-07	208	3	0.66
2026-07-07	211	3	0.85
2026-07-07	213	2	2.02
2026-07-07	214	1	1.95
2026-07-07	218	5	1.02
2026-07-07	23	3	0.94
2026-07-07	27	2	1.91
2026-07-07	28	6	2.08
2026-07-07	30	4	1.39
2026-07-07	31	0.477	4.4
2026-07-07	33	5.974	1.15
2026-07-07	35	14	0.98
2026-07-07	38	6.676	1.39
2026-07-07	39	2.561	3.3
2026-07-07	4	5	0.76
2026-07-07	40	2	1.53
2026-07-07	41	6.022	1.38
2026-07-07	42	7.162	0.99
2026-07-07	43	11.185	1.3
2026-07-07	44	11.977	1.28
2026-07-07	48	2	1.53
2026-07-07	49	1	2.19
2026-07-07	50	1	2.19
2026-07-07	52	23.114	0.7
2026-07-07	53	1	1.85
2026-07-07	54	3	1.85
2026-07-07	55	4	2.1
2026-07-07	56	4	2.6
2026-07-07	58	1.489	1.9
2026-07-07	60	5	2.02
2026-07-07	61	2	1.39
2026-07-07	65	2	1.04
2026-07-07	66	3	1.16
2026-07-07	69	7	0.91
2026-07-07	70	3	1.1
2026-07-07	71	2	1.53
2026-07-07	72	4	0.69
2026-07-07	73	2	1.1
2026-07-07	75	4	1.19
2026-07-07	76	17	0.57
2026-07-07	77	2	1.67
2026-07-07	78	8	0.79
2026-07-07	79	5	1.07
2026-07-07	8	1	1.69
2026-07-07	81	6	0.72
2026-07-07	82	6	0.65
2026-07-07	83	2.959	1.72
2026-07-07	84	6	1.16
2026-07-07	87	3	1.04
2026-07-07	88	1.914	1.62
2026-07-07	89	30.603	0.58
2026-07-07	9	37	0.58
2026-07-07	91	22.434	0.53
2026-07-07	92	7.375	0.64
2026-07-07	93	25	1.46
2026-07-07	94	5.389	2.08
2026-07-07	95	5.092	1.84
2026-07-07	96	1.198	1.82
2026-07-07	99	1.382	2.28
2026-07-08	101	5.498	2.19
2026-07-08	103	1.352	1.62
2026-07-08	105	1.887	1.24
2026-07-08	106	6.103	1.45
2026-07-08	107	2.923	1.42
2026-07-08	11	2.358	3.16
2026-07-08	111	2.789	1.28
2026-07-08	112	2.12	1.91
2026-07-08	114	10.74	2.19
2026-07-08	12	3.158	1.71
2026-07-08	121	31.452	0.93
2026-07-08	124	11.879	1.16
2026-07-08	125	3	1.74
2026-07-08	127	4	1.84
2026-07-08	130	4	1.39
2026-07-08	134	0.614	10.3
2026-07-08	135	0.415	9.6
2026-07-08	136	0.277	9.03
2026-07-08	137	0.441	13.1
2026-07-08	138	2.003	3.15
2026-07-08	139	0.295	10.35
2026-07-08	140	0.468	9.6
2026-07-08	145	0.188	15.9
2026-07-08	146	0.965	10.6
2026-07-08	158	2	1.75
2026-07-08	160	4	1.31
2026-07-08	165	2.611	3.65
2026-07-08	166	5	1.84
2026-07-08	167	4	1.18
2026-07-08	18	10.337	0.98
2026-07-08	185	3	1.44
2026-07-08	187	2.809	4.04
2026-07-08	189	3	2.31
2026-07-08	190	8	2.31
2026-07-08	193	5	1.46
2026-07-08	194	7.768	2.07
2026-07-08	195	8	1.09
2026-07-08	196	3	2.31
2026-07-08	197	5.831	1.72
2026-07-08	198	7.655	0.87
2026-07-08	199	3.049	1.62
2026-07-08	208	3	0.66
2026-07-08	211	3	0.85
2026-07-08	213	2	2.02
2026-07-08	214	1	1.95
2026-07-08	218	5	1.02
2026-07-08	23	3	0.94
2026-07-08	27	2	1.91
2026-07-08	28	6	2.08
2026-07-08	3	14	1.08
2026-07-08	30	4	1.39
2026-07-08	31	0.455	4.4
2026-07-08	33	5.67	1.15
2026-07-08	38	6.345	1.39
2026-07-08	39	2.433	3.3
2026-07-08	4	5	0.76
2026-07-08	40	2	1.53
2026-07-08	41	5.725	1.38
2026-07-08	42	6.798	0.99
2026-07-08	43	10.631	1.3
2026-07-08	44	11.375	1.28
2026-07-08	48	1	1.53
2026-07-08	49	1	2.19
2026-07-08	50	1	2.19
2026-07-08	52	21.957	0.7
2026-07-08	53	1	1.85
2026-07-08	54	3	1.85
2026-07-08	55	4	2.1
2026-07-08	56	4	2.6
2026-07-08	58	1.416	1.9
2026-07-08	59	2.363	2.92
2026-07-08	61	2	1.39
2026-07-08	65	2	1.04
2026-07-08	66	3	1.16
2026-07-08	68	12	1.51
2026-07-08	69	6	0.91
2026-07-08	70	3	1.1
2026-07-08	71	2	1.53
2026-07-08	72	4	0.69
2026-07-08	73	2	1.1
2026-07-08	75	3	1.19
2026-07-08	76	16	0.57
2026-07-08	77	2	1.67
2026-07-08	78	8	0.79
2026-07-08	79	5	1.07
2026-07-08	8	1	1.69
2026-07-08	81	6	0.72
2026-07-08	82	6	0.65
2026-07-08	83	2.808	1.72
2026-07-08	84	6	1.16
2026-07-08	87	3	1.04
2026-07-08	88	1.815	1.62
2026-07-08	89	29.069	0.58
2026-07-08	91	21.302	0.53
2026-07-08	92	7	0.64
2026-07-08	93	24	1.46
2026-07-08	94	5.12	2.08
2026-07-08	95	4.837	1.84
2026-07-08	96	1.137	1.82
2026-07-08	99	1.311	2.28
2026-07-09	101	5.21	2.19
2026-07-09	103	1.278	1.62
2026-07-09	105	1.79	1.24
2026-07-09	106	5.786	1.45
2026-07-09	107	2.768	1.42
2026-07-09	108	5.133	1.73
2026-07-09	11	2.234	3.16
2026-07-09	111	2.641	1.28
2026-07-09	112	2.01	1.91
2026-07-09	114	10.174	2.19
2026-07-09	12	2.994	1.71
2026-07-09	121	29.796	0.93
2026-07-09	124	11.25	1.16
2026-07-09	125	3	1.74
2026-07-09	127	4	1.84
2026-07-09	130	4	1.39
2026-07-09	134	0.581	10.3
2026-07-09	135	0.393	9.6
2026-07-09	136	0.262	9.03
2026-07-09	137	0.418	13.1
2026-07-09	138	1.898	3.15
2026-07-09	139	0.279	10.35
2026-07-09	140	0.444	9.6
2026-07-09	142	4.734	4.78
2026-07-09	145	0.178	15.9
2026-07-09	146	0.915	10.6
2026-07-09	158	2	1.75
2026-07-09	165	2.474	3.65
2026-07-09	166	5	1.84
2026-07-09	167	4	1.18
2026-07-09	18	9.796	0.98
2026-07-09	185	2	1.44
2026-07-09	187	2.661	4.04
2026-07-09	189	3	2.31
2026-07-09	190	7	2.31
2026-07-09	193	5	1.46
2026-07-09	194	7.362	2.07
2026-07-09	195	8	1.09
2026-07-09	196	3	2.31
2026-07-09	197	5.523	1.72
2026-07-09	198	7.253	0.87
2026-07-09	199	2.889	1.62
2026-07-09	208	3	0.66
2026-07-09	211	2	0.85
2026-07-09	213	2	2.02
2026-07-09	214	1	1.95
2026-07-09	218	5	1.02
2026-07-09	226	22	0.98
2026-07-09	23	3	0.94
2026-07-09	24	15.494	0.87
2026-07-09	27	2	1.91
2026-07-09	28	5	2.08
2026-07-09	30	3	1.39
2026-07-09	31	0.43	4.4
2026-07-09	33	5.374	1.15
2026-07-09	38	6.007	1.39
2026-07-09	39	2.306	3.3
2026-07-09	4	5	0.76
2026-07-09	40	2	1.53
2026-07-09	41	5.42	1.38
2026-07-09	42	6.444	0.99
2026-07-09	43	10.069	1.3
2026-07-09	44	10.781	1.28
2026-07-09	48	1	1.53
2026-07-09	49	1	2.19
2026-07-09	50	1	2.19
2026-07-09	52	20.8	0.7
2026-07-09	53	1	1.85
2026-07-09	54	2	1.85
2026-07-09	55	4	2.1
2026-07-09	56	3	2.6
2026-07-09	58	1.342	1.9
2026-07-09	61	1	1.39
2026-07-09	65	2	1.04
2026-07-09	66	3	1.16
2026-07-09	69	6	0.91
2026-07-09	70	3	1.1
2026-07-09	71	2	1.53
2026-07-09	72	4	0.69
2026-07-09	73	2	1.1
2026-07-09	75	3	1.19
2026-07-09	76	15	0.57
2026-07-09	77	2	1.67
2026-07-09	78	7	0.79
2026-07-09	79	5	1.07
2026-07-09	8	1	1.69
2026-07-09	81	6	0.72
2026-07-09	82	5	0.65
2026-07-09	83	2.663	1.72
2026-07-09	84	6	1.16
2026-07-09	87	3	1.04
2026-07-09	88	1.722	1.62
2026-07-09	89	27.534	0.58
2026-07-09	91	20.189	0.53
2026-07-09	92	6.641	0.64
2026-07-09	93	22	1.46
2026-07-09	94	4.851	2.08
2026-07-09	95	4.582	1.84
2026-07-09	96	1.077	1.82
2026-07-09	98	13.548	1.68
2026-07-09	99	1.241	2.28
2026-07-10	101	5.21	2.19
2026-07-10	103	1.278	1.62
2026-07-10	105	1.79	1.24
2026-07-10	106	5.786	1.45
2026-07-10	107	2.768	1.42
2026-07-10	11	2.234	3.16
2026-07-10	111	2.641	1.28
2026-07-10	112	2.01	1.91
2026-07-10	114	10.174	2.19
2026-07-10	12	2.994	1.71
2026-07-10	121	29.796	0.93
2026-07-10	124	11.25	1.16
2026-07-10	125	3	1.74
2026-07-10	127	4	1.84
2026-07-10	130	4	1.39
2026-07-10	134	0.581	10.3
2026-07-10	135	0.393	9.6
2026-07-10	136	0.262	9.03
2026-07-10	137	0.418	13.1
2026-07-10	138	1.898	3.15
2026-07-10	139	0.279	10.35
2026-07-10	140	0.444	9.6
2026-07-10	145	0.178	15.9
2026-07-10	146	0.915	10.6
2026-07-10	155	18	0.57
2026-07-10	158	2	1.75
2026-07-10	162	22	0.87
2026-07-10	165	2.474	3.65
2026-07-10	166	5	1.84
2026-07-10	167	4	1.18
2026-07-10	18	9.796	0.98
2026-07-10	185	2	1.44
2026-07-10	187	2.661	4.04
2026-07-10	189	3	2.31
2026-07-10	190	7	2.31
2026-07-10	193	5	1.46
2026-07-10	194	7.362	2.07
2026-07-10	195	8	1.09
2026-07-10	196	3	2.31
2026-07-10	197	5.523	1.72
2026-07-10	198	7.253	0.87
2026-07-10	199	2.889	1.62
2026-07-10	203	4	1.99
2026-07-10	207	20	0.94
2026-07-10	208	3	0.66
2026-07-10	211	2	0.85
2026-07-10	213	2	2.02
2026-07-10	214	1	1.95
2026-07-10	218	5	1.02
2026-07-10	23	3	0.94
2026-07-10	249	10	1.64
2026-07-10	27	2	1.91
2026-07-10	28	5	2.08
2026-07-10	30	3	1.39
2026-07-10	31	0.43	4.4
2026-07-10	33	5.374	1.15
2026-07-10	38	6.007	1.39
2026-07-10	39	2.306	3.3
2026-07-10	4	5	0.76
2026-07-10	40	2	1.53
2026-07-10	41	5.42	1.38
2026-07-10	42	6.444	0.99
2026-07-10	43	10.069	1.3
2026-07-10	44	10.781	1.28
2026-07-10	48	1	1.53
2026-07-10	49	1	2.19
2026-07-10	50	1	2.19
2026-07-10	52	20.8	0.7
2026-07-10	53	1	1.85
2026-07-10	54	2	1.85
2026-07-10	55	4	2.1
2026-07-10	56	3	2.6
2026-07-10	58	1.342	1.9
2026-07-10	61	1	1.39
2026-07-10	65	2	1.04
2026-07-10	66	3	1.16
2026-07-10	69	6	0.91
2026-07-10	70	3	1.1
2026-07-10	71	2	1.53
2026-07-10	72	4	0.69
2026-07-10	73	2	1.1
2026-07-10	75	3	1.19
2026-07-10	76	15	0.57
2026-07-10	77	2	1.67
2026-07-10	78	7	0.79
2026-07-10	79	5	1.07
2026-07-10	8	1	1.69
2026-07-10	81	6	0.72
2026-07-10	82	5	0.65
2026-07-10	83	2.663	1.72
2026-07-10	84	6	1.16
2026-07-10	87	3	1.04
2026-07-10	88	1.722	1.62
2026-07-10	89	27.534	0.58
2026-07-10	91	20.189	0.53
2026-07-10	92	6.641	0.64
2026-07-10	93	22	1.46
2026-07-10	94	4.851	2.08
2026-07-10	95	4.582	1.84
2026-07-10	96	1.077	1.82
2026-07-10	99	1.241	2.28
2026-07-13	101	7.233	2.19
2026-07-13	103	1.778	1.62
2026-07-13	105	2.484	1.24
2026-07-13	106	8.034	1.45
2026-07-13	107	3.838	1.42
2026-07-13	11	3.101	3.16
2026-07-13	111	3.664	1.28
2026-07-13	112	2.791	1.91
2026-07-13	114	14.132	2.19
2026-07-13	12	4.158	1.71
2026-07-13	121	41.387	0.93
2026-07-13	124	15.629	1.16
2026-07-13	125	4	1.74
2026-07-13	127	5	1.84
2026-07-13	130	5	1.39
2026-07-13	134	0.807	10.3
2026-07-13	135	0.545	9.6
2026-07-13	136	0.365	9.03
2026-07-13	137	0.581	13.1
2026-07-13	138	2.635	3.15
2026-07-13	139	0.387	10.35
2026-07-13	140	0.616	9.6
2026-07-13	141	1.924	8.74
2026-07-13	145	0.247	15.9
2026-07-13	146	1.271	10.6
2026-07-13	158	2	1.75
2026-07-13	165	3.436	3.65
2026-07-13	166	6	1.84
2026-07-13	167	5	1.18
2026-07-13	18	13.602	0.98
2026-07-13	185	3	1.44
2026-07-13	187	3.696	4.04
2026-07-13	189	4	2.31
2026-07-13	190	10	2.31
2026-07-13	193	7	1.46
2026-07-13	194	10.222	2.07
2026-07-13	195	11	1.09
2026-07-13	196	4	2.31
2026-07-13	197	7.669	1.72
2026-07-13	198	10.069	0.87
2026-07-13	199	4.012	1.62
2026-07-13	208	4	0.66
2026-07-13	211	3	0.85
2026-07-13	213	3	2.02
2026-07-13	214	2	1.95
2026-07-13	218	7	1.02
2026-07-13	23	4	0.94
2026-07-13	248	0.224	7.59
2026-07-13	27	2	1.91
2026-07-13	28	8	2.08
2026-07-13	30	5	1.39
2026-07-13	31	0.598	4.4
2026-07-13	33	7.461	1.15
2026-07-13	38	8.345	1.39
2026-07-13	39	3.2	3.3
2026-07-13	4	7	0.76
2026-07-13	40	3	1.53
2026-07-13	41	7.529	1.38
2026-07-13	42	8.949	0.99
2026-07-13	43	13.985	1.3
2026-07-13	44	14.969	1.28
2026-07-13	48	2	1.53
2026-07-13	49	2	2.19
2026-07-13	50	1	2.19
2026-07-13	52	28.9	0.7
2026-07-13	53	2	1.85
2026-07-13	54	3	1.85
2026-07-13	55	5	2.1
2026-07-13	56	5	2.6
2026-07-13	58	1.863	1.9
2026-07-13	61	2	1.39
2026-07-13	65	3	1.04
2026-07-13	66	4	1.16
2026-07-13	69	8	0.91
2026-07-13	70	4	1.1
2026-07-13	71	2	1.53
2026-07-13	72	5	0.69
2026-07-13	73	3	1.1
2026-07-13	75	5	1.19
2026-07-13	76	21	0.57
2026-07-13	77	3	1.67
2026-07-13	78	10	0.79
2026-07-13	79	6	1.07
2026-07-13	8	2	1.69
2026-07-13	81	8	0.72
2026-07-13	82	7	0.65
2026-07-13	83	3.698	1.72
2026-07-13	84	8	1.16
2026-07-13	87	4	1.04
2026-07-13	88	2.389	1.62
2026-07-13	89	38.241	0.58
2026-07-13	91	28.038	0.53
2026-07-13	92	9.219	0.64
2026-07-13	93	31	1.46
2026-07-13	94	6.736	2.08
2026-07-13	95	6.364	1.84
2026-07-13	96	1.5	1.82
2026-07-13	99	1.728	2.28
2026-07-14	100	5.235	1.96
2026-07-14	101	5.785	2.19
2026-07-14	103	1.426	1.62
2026-07-14	105	1.992	1.24
2026-07-14	106	6.428	1.45
2026-07-14	107	3.07	1.42
2026-07-14	11	2.481	3.16
2026-07-14	111	2.93	1.28
2026-07-14	112	2.236	1.91
2026-07-14	114	11.306	2.19
2026-07-14	117	8.521	1.46
2026-07-14	12	3.327	1.71
2026-07-14	121	33.108	0.93
2026-07-14	124	12.5	1.16
2026-07-14	125	4	1.74
2026-07-14	127	4	1.84
2026-07-14	128	9	1.67
2026-07-14	130	4	1.39
2026-07-14	132	2	0.91
2026-07-14	134	0.646	10.3
2026-07-14	135	0.436	9.6
2026-07-14	136	0.292	9.03
2026-07-14	137	0.465	13.1
2026-07-14	138	2.108	3.15
2026-07-14	139	0.31	10.35
2026-07-14	140	0.493	9.6
2026-07-14	145	0.198	15.9
2026-07-14	146	1.016	10.6
2026-07-14	155	18	0.57
2026-07-14	158	2	1.75
2026-07-14	165	2.748	3.65
2026-07-14	166	5	1.84
2026-07-14	167	4	1.18
2026-07-14	18	10.888	0.98
2026-07-14	185	3	1.44
2026-07-14	187	2.955	4.04
2026-07-14	189	3	2.31
2026-07-14	190	8	2.31
2026-07-14	193	6	1.46
2026-07-14	194	8.179	2.07
2026-07-14	195	9	1.09
2026-07-14	196	3	2.31
2026-07-14	197	6.14	1.72
2026-07-14	198	8.057	0.87
2026-07-14	199	3.21	1.62
2026-07-14	20	5	0.72
2026-07-14	206	10	1.36
2026-07-14	208	3	0.66
2026-07-14	211	3	0.85
2026-07-14	213	2	2.02
2026-07-14	214	1	1.95
2026-07-14	218	5	1.02
2026-07-14	23	3	0.94
2026-07-14	236	6	2.05
2026-07-14	27	2	1.91
2026-07-14	28	6	2.08
2026-07-14	30	4	1.39
2026-07-14	31	0.477	4.4
2026-07-14	33	5.974	1.15
2026-07-14	38	6.676	1.39
2026-07-14	39	2.561	3.3
2026-07-14	4	5	0.76
2026-07-14	40	2	1.53
2026-07-14	41	6.022	1.38
2026-07-14	42	7.162	0.99
2026-07-14	43	11.185	1.3
2026-07-14	44	11.977	1.28
2026-07-14	48	2	1.53
2026-07-14	49	1	2.19
2026-07-14	50	1	2.19
2026-07-14	52	23.114	0.7
2026-07-14	53	1	1.85
2026-07-14	54	3	1.85
2026-07-14	55	4	2.1
2026-07-14	56	4	2.6
2026-07-14	58	1.489	1.9
2026-07-14	61	2	1.39
2026-07-14	65	2	1.04
2026-07-14	66	3	1.16
2026-07-14	69	7	0.91
2026-07-14	70	3	1.1
2026-07-14	71	2	1.53
2026-07-14	72	4	0.69
2026-07-14	73	2	1.1
2026-07-14	75	4	1.19
2026-07-14	76	17	0.57
2026-07-14	77	2	1.67
2026-07-14	78	8	0.79
2026-07-14	79	5	1.07
2026-07-14	8	1	1.69
2026-07-14	81	6	0.72
2026-07-14	82	6	0.65
2026-07-14	83	2.959	1.72
2026-07-14	84	6	1.16
2026-07-14	87	3	1.04
2026-07-14	88	1.914	1.62
2026-07-14	89	30.603	0.58
2026-07-14	91	22.434	0.53
2026-07-14	92	7.375	0.64
2026-07-14	93	25	1.46
2026-07-14	94	5.389	2.08
2026-07-14	95	5.092	1.84
2026-07-14	96	1.198	1.82
2026-07-14	99	1.382	2.28
2026-07-15	101	5.498	2.19
2026-07-15	103	1.352	1.62
2026-07-15	105	1.887	1.24
2026-07-15	106	6.103	1.45
2026-07-15	107	2.923	1.42
2026-07-15	109	6.425	1.86
2026-07-15	11	2.358	3.16
2026-07-15	111	2.789	1.28
2026-07-15	112	2.12	1.91
2026-07-15	114	10.74	2.19
2026-07-15	118	5.589	2.19
2026-07-15	12	3.158	1.71
2026-07-15	121	31.452	0.93
2026-07-15	124	11.879	1.16
2026-07-15	125	3	1.74
2026-07-15	127	4	1.84
2026-07-15	130	4	1.39
2026-07-15	134	0.614	10.3
2026-07-15	135	0.415	9.6
2026-07-15	136	0.277	9.03
2026-07-15	137	0.441	13.1
2026-07-15	138	2.003	3.15
2026-07-15	139	0.295	10.35
2026-07-15	140	0.468	9.6
2026-07-15	145	0.188	15.9
2026-07-15	146	0.965	10.6
2026-07-15	149	4.642	3.66
2026-07-15	158	2	1.75
2026-07-15	165	2.611	3.65
2026-07-15	166	5	1.84
2026-07-15	167	4	1.18
2026-07-15	18	10.337	0.98
2026-07-15	185	3	1.44
2026-07-15	187	2.809	4.04
2026-07-15	189	3	2.31
2026-07-15	190	8	2.31
2026-07-15	193	5	1.46
2026-07-15	194	7.768	2.07
2026-07-15	195	8	1.09
2026-07-15	196	3	2.31
2026-07-15	197	5.831	1.72
2026-07-15	198	7.655	0.87
2026-07-15	199	3.049	1.62
2026-07-15	208	3	0.66
2026-07-15	211	3	0.85
2026-07-15	213	2	2.02
2026-07-15	214	1	1.95
2026-07-15	216	11	2
2026-07-15	218	5	1.02
2026-07-15	23	3	0.94
2026-07-15	24	15.483	0.87
2026-07-15	247	2	1.5
2026-07-15	27	2	1.91
2026-07-15	28	6	2.08
2026-07-15	30	4	1.39
2026-07-15	31	0.455	4.4
2026-07-15	33	5.67	1.15
2026-07-15	35	14	0.98
2026-07-15	38	6.345	1.39
2026-07-15	39	2.433	3.3
2026-07-15	4	5	0.76
2026-07-15	40	2	1.53
2026-07-15	41	5.725	1.38
2026-07-15	42	6.798	0.99
2026-07-15	43	10.631	1.3
2026-07-15	44	11.375	1.28
2026-07-15	48	1	1.53
2026-07-15	49	1	2.19
2026-07-15	50	1	2.19
2026-07-15	52	21.957	0.7
2026-07-15	53	1	1.85
2026-07-15	54	3	1.85
2026-07-15	55	4	2.1
2026-07-15	56	4	2.6
2026-07-15	58	1.416	1.9
2026-07-15	61	2	1.39
2026-07-15	65	2	1.04
2026-07-15	66	3	1.16
2026-07-15	69	6	0.91
2026-07-15	70	3	1.1
2026-07-15	71	2	1.53
2026-07-15	72	4	0.69
2026-07-15	73	2	1.1
2026-07-15	75	3	1.19
2026-07-15	76	16	0.57
2026-07-15	77	2	1.67
2026-07-15	78	8	0.79
2026-07-15	79	5	1.07
2026-07-15	8	1	1.69
2026-07-15	81	6	0.72
2026-07-15	82	6	0.65
2026-07-15	83	2.808	1.72
2026-07-15	84	6	1.16
2026-07-15	87	3	1.04
2026-07-15	88	1.815	1.62
2026-07-15	89	29.069	0.58
2026-07-15	91	21.302	0.53
2026-07-15	92	7	0.64
2026-07-15	93	24	1.46
2026-07-15	94	5.12	2.08
2026-07-15	95	4.837	1.84
2026-07-15	96	1.137	1.82
2026-07-15	99	1.311	2.28
2026-07-16	101	5.21	2.19
2026-07-16	103	1.278	1.62
2026-07-16	105	1.79	1.24
2026-07-16	106	5.786	1.45
2026-07-16	107	2.768	1.42
2026-07-16	11	2.234	3.16
2026-07-16	111	2.641	1.28
2026-07-16	112	2.01	1.91
2026-07-16	114	10.174	2.19
2026-07-16	12	2.994	1.71
2026-07-16	121	29.796	0.93
2026-07-16	124	11.25	1.16
2026-07-16	125	3	1.74
2026-07-16	127	4	1.84
2026-07-16	130	4	1.39
2026-07-16	134	0.581	10.3
2026-07-16	135	0.393	9.6
2026-07-16	136	0.262	9.03
2026-07-16	137	0.418	13.1
2026-07-16	138	1.898	3.15
2026-07-16	139	0.279	10.35
2026-07-16	140	0.444	9.6
2026-07-16	141	1.923	8.74
2026-07-16	145	0.178	15.9
2026-07-16	146	0.915	10.6
2026-07-16	158	2	1.75
2026-07-16	165	2.474	3.65
2026-07-16	166	5	1.84
2026-07-16	167	4	1.18
2026-07-16	18	9.796	0.98
2026-07-16	185	2	1.44
2026-07-16	186	6	1.66
2026-07-16	187	2.661	4.04
2026-07-16	189	3	2.31
2026-07-16	190	7	2.31
2026-07-16	193	5	1.46
2026-07-16	194	7.362	2.07
2026-07-16	195	8	1.09
2026-07-16	196	3	2.31
2026-07-16	197	5.523	1.72
2026-07-16	198	7.253	0.87
2026-07-16	199	2.889	1.62
2026-07-16	208	3	0.66
2026-07-16	209	22	0.88
2026-07-16	211	2	0.85
2026-07-16	213	2	2.02
2026-07-16	214	1	1.95
2026-07-16	218	5	1.02
2026-07-16	23	3	0.94
2026-07-16	27	2	1.91
2026-07-16	28	5	2.08
2026-07-16	30	3	1.39
2026-07-16	31	0.43	4.4
2026-07-16	33	5.374	1.15
2026-07-16	38	6.007	1.39
2026-07-16	39	2.306	3.3
2026-07-16	4	5	0.76
2026-07-16	40	2	1.53
2026-07-16	41	5.42	1.38
2026-07-16	42	6.444	0.99
2026-07-16	43	10.069	1.3
2026-07-16	44	10.781	1.28
2026-07-16	47	7.361	2.19
2026-07-16	48	1	1.53
2026-07-16	49	1	2.19
2026-07-16	50	1	2.19
2026-07-16	51	0.11	1.46
2026-07-16	52	20.8	0.7
2026-07-16	53	1	1.85
2026-07-16	54	2	1.85
2026-07-16	55	4	2.1
2026-07-16	56	3	2.6
2026-07-16	58	1.342	1.9
2026-07-16	61	1	1.39
2026-07-16	65	2	1.04
2026-07-16	66	3	1.16
2026-07-16	69	6	0.91
2026-07-16	70	3	1.1
2026-07-16	71	2	1.53
2026-07-16	72	4	0.69
2026-07-16	73	2	1.1
2026-07-16	75	3	1.19
2026-07-16	76	15	0.57
2026-07-16	77	2	1.67
2026-07-16	78	7	0.79
2026-07-16	79	5	1.07
2026-07-16	8	1	1.69
2026-07-16	81	6	0.72
2026-07-16	82	5	0.65
2026-07-16	83	2.663	1.72
2026-07-16	84	6	1.16
2026-07-16	87	3	1.04
2026-07-16	88	1.722	1.62
2026-07-16	89	27.534	0.58
2026-07-16	91	20.189	0.53
2026-07-16	92	6.641	0.64
2026-07-16	93	22	1.46
2026-07-16	94	4.851	2.08
2026-07-16	95	4.582	1.84
2026-07-16	96	1.077	1.82
2026-07-16	99	1.241	2.28
2026-07-17	101	5.21	2.19
2026-07-17	103	1.278	1.62
2026-07-17	105	1.79	1.24
2026-07-17	106	5.786	1.45
2026-07-17	107	2.768	1.42
2026-07-17	11	2.234	3.16
2026-07-17	111	2.641	1.28
2026-07-17	112	2.01	1.91
2026-07-17	114	10.174	2.19
2026-07-17	12	2.994	1.71
2026-07-17	121	29.796	0.93
2026-07-17	124	11.25	1.16
2026-07-17	125	3	1.74
2026-07-17	127	4	1.84
2026-07-17	130	4	1.39
2026-07-17	134	0.581	10.3
2026-07-17	135	0.393	9.6
2026-07-17	136	0.262	9.03
2026-07-17	137	0.418	13.1
2026-07-17	138	1.898	3.15
2026-07-17	139	0.279	10.35
2026-07-17	140	0.444	9.6
2026-07-17	145	0.178	15.9
2026-07-17	146	0.915	10.6
2026-07-17	152	15	1.26
2026-07-17	154	10	1.44
2026-07-17	158	2	1.75
2026-07-17	165	2.474	3.65
2026-07-17	166	5	1.84
2026-07-17	167	4	1.18
2026-07-17	17	9	1.24
2026-07-17	18	9.796	0.98
2026-07-17	185	2	1.44
2026-07-17	186	6	1.66
2026-07-17	187	2.661	4.04
2026-07-17	189	3	2.31
2026-07-17	190	7	2.31
2026-07-17	193	5	1.46
2026-07-17	194	7.362	2.07
2026-07-17	195	8	1.09
2026-07-17	196	3	2.31
2026-07-17	197	5.523	1.72
2026-07-17	198	7.253	0.87
2026-07-17	199	2.889	1.62
2026-07-17	204	5	2.08
2026-07-17	208	3	0.66
2026-07-17	209	22	0.88
2026-07-17	211	2	0.85
2026-07-17	213	2	2.02
2026-07-17	214	1	1.95
2026-07-17	216	11	2
2026-07-17	218	5	1.02
2026-07-17	23	3	0.94
2026-07-17	27	2	1.91
2026-07-17	28	5	2.08
2026-07-17	30	3	1.39
2026-07-17	31	0.43	4.4
2026-07-17	33	5.374	1.15
2026-07-17	38	6.007	1.39
2026-07-17	39	2.306	3.3
2026-07-17	4	5	0.76
2026-07-17	40	2	1.53
2026-07-17	41	5.42	1.38
2026-07-17	42	6.444	0.99
2026-07-17	43	10.069	1.3
2026-07-17	44	10.781	1.28
2026-07-17	48	1	1.53
2026-07-17	49	1	2.19
2026-07-17	50	1	2.19
2026-07-17	52	20.8	0.7
2026-07-17	53	1	1.85
2026-07-17	54	2	1.85
2026-07-17	55	4	2.1
2026-07-17	56	3	2.6
2026-07-17	58	1.342	1.9
2026-07-17	61	1	1.39
2026-07-17	65	2	1.04
2026-07-17	66	3	1.16
2026-07-17	68	12	1.51
2026-07-17	69	6	0.91
2026-07-17	70	3	1.1
2026-07-17	71	2	1.53
2026-07-17	72	4	0.69
2026-07-17	73	2	1.1
2026-07-17	75	3	1.19
2026-07-17	76	15	0.57
2026-07-17	77	2	1.67
2026-07-17	78	7	0.79
2026-07-17	79	5	1.07
2026-07-17	8	1	1.69
2026-07-17	81	6	0.72
2026-07-17	82	5	0.65
2026-07-17	83	2.663	1.72
2026-07-17	84	6	1.16
2026-07-17	87	3	1.04
2026-07-17	88	1.722	1.62
2026-07-17	89	27.534	0.58
2026-07-17	91	20.189	0.53
2026-07-17	92	6.641	0.64
2026-07-17	93	22	1.46
2026-07-17	94	4.851	2.08
2026-07-17	95	4.582	1.84
2026-07-17	96	1.077	1.82
2026-07-17	99	1.241	2.28
2026-07-20	101	7.233	2.19
2026-07-20	103	1.778	1.62
2026-07-20	104	0.115	1.57
2026-07-20	105	2.484	1.24
2026-07-20	106	8.034	1.45
2026-07-20	107	3.838	1.42
2026-07-20	109	6.425	1.86
2026-07-20	11	3.101	3.16
2026-07-20	111	3.664	1.28
2026-07-20	112	2.791	1.91
2026-07-20	114	14.132	2.19
2026-07-20	117	8.521	1.46
2026-07-20	12	4.158	1.71
2026-07-20	121	41.387	0.93
2026-07-20	124	15.629	1.16
2026-07-20	125	4	1.74
2026-07-20	127	5	1.84
2026-07-20	130	5	1.39
2026-07-20	134	0.807	10.3
2026-07-20	135	0.545	9.6
2026-07-20	136	0.365	9.03
2026-07-20	137	0.581	13.1
2026-07-20	138	2.635	3.15
2026-07-20	139	0.387	10.35
2026-07-20	140	0.616	9.6
2026-07-20	145	0.247	15.9
2026-07-20	146	1.271	10.6
2026-07-20	158	2	1.75
2026-07-20	165	3.436	3.65
2026-07-20	166	6	1.84
2026-07-20	167	5	1.18
2026-07-20	178	7.502	2.43
2026-07-20	18	13.602	0.98
2026-07-20	185	3	1.44
2026-07-20	187	3.696	4.04
2026-07-20	189	4	2.31
2026-07-20	190	10	2.31
2026-07-20	193	7	1.46
2026-07-20	194	10.222	2.07
2026-07-20	195	11	1.09
2026-07-20	196	4	2.31
2026-07-20	197	7.669	1.72
2026-07-20	198	10.069	0.87
2026-07-20	199	4.012	1.62
2026-07-20	208	4	0.66
2026-07-20	211	3	0.85
2026-07-20	213	3	2.02
2026-07-20	214	2	1.95
2026-07-20	218	7	1.02
2026-07-20	220	2	2.01
2026-07-20	224	27	0.72
2026-07-20	225	7	1.18
2026-07-20	23	4	0.94
2026-07-20	27	2	1.91
2026-07-20	28	8	2.08
2026-07-20	30	5	1.39
2026-07-20	31	0.598	4.4
2026-07-20	33	7.461	1.15
2026-07-20	38	8.345	1.39
2026-07-20	39	3.2	3.3
2026-07-20	4	7	0.76
2026-07-20	40	3	1.53
2026-07-20	41	7.529	1.38
2026-07-20	42	8.949	0.99
2026-07-20	43	13.985	1.3
2026-07-20	44	14.969	1.28
2026-07-20	48	2	1.53
2026-07-20	49	2	2.19
2026-07-20	50	1	2.19
2026-07-20	52	28.9	0.7
2026-07-20	53	2	1.85
2026-07-20	54	3	1.85
2026-07-20	55	5	2.1
2026-07-20	56	5	2.6
2026-07-20	58	1.863	1.9
2026-07-20	60	5	2.02
2026-07-20	61	2	1.39
2026-07-20	62	8	1.35
2026-07-20	65	3	1.04
2026-07-20	66	4	1.16
2026-07-20	69	8	0.91
2026-07-20	70	4	1.1
2026-07-20	71	2	1.53
2026-07-20	72	5	0.69
2026-07-20	73	3	1.1
2026-07-20	75	5	1.19
2026-07-20	76	21	0.57
2026-07-20	77	3	1.67
2026-07-20	78	10	0.79
2026-07-20	79	6	1.07
2026-07-20	8	2	1.69
2026-07-20	81	8	0.72
2026-07-20	82	7	0.65
2026-07-20	83	3.698	1.72
2026-07-20	84	8	1.16
2026-07-20	87	4	1.04
2026-07-20	88	2.389	1.62
2026-07-20	89	38.241	0.58
2026-07-20	9	37	0.58
2026-07-20	91	28.038	0.53
2026-07-20	92	9.219	0.64
2026-07-20	93	31	1.46
2026-07-20	94	6.736	2.08
2026-07-20	95	6.364	1.84
2026-07-20	96	1.5	1.82
2026-07-20	99	1.728	2.28
2026-07-21	101	5.785	2.19
2026-07-21	102	6.422	1.28
2026-07-21	103	1.426	1.62
2026-07-21	105	1.992	1.24
2026-07-21	106	6.428	1.45
2026-07-21	107	3.07	1.42
2026-07-21	11	2.481	3.16
2026-07-21	111	2.93	1.28
2026-07-21	112	2.236	1.91
2026-07-21	114	11.306	2.19
2026-07-21	12	3.327	1.71
2026-07-21	121	33.108	0.93
2026-07-21	124	12.5	1.16
2026-07-21	125	4	1.74
2026-07-21	127	4	1.84
2026-07-21	130	4	1.39
2026-07-21	134	0.646	10.3
2026-07-21	135	0.436	9.6
2026-07-21	136	0.292	9.03
2026-07-21	137	0.465	13.1
2026-07-21	138	2.108	3.15
2026-07-21	139	0.31	10.35
2026-07-21	140	0.493	9.6
2026-07-21	145	0.198	15.9
2026-07-21	146	1.016	10.6
2026-07-21	158	2	1.75
2026-07-21	165	2.748	3.65
2026-07-21	166	5	1.84
2026-07-21	167	4	1.18
2026-07-21	18	10.888	0.98
2026-07-21	185	3	1.44
2026-07-21	187	2.955	4.04
2026-07-21	189	3	2.31
2026-07-21	190	8	2.31
2026-07-21	193	6	1.46
2026-07-21	194	8.179	2.07
2026-07-21	195	9	1.09
2026-07-21	196	3	2.31
2026-07-21	197	6.14	1.72
2026-07-21	198	8.057	0.87
2026-07-21	199	3.21	1.62
2026-07-21	208	3	0.66
2026-07-21	21	25	0.76
2026-07-21	211	3	0.85
2026-07-21	213	2	2.02
2026-07-21	214	1	1.95
2026-07-21	218	5	1.02
2026-07-21	23	3	0.94
2026-07-21	250	7.185	1.73
2026-07-21	27	2	1.91
2026-07-21	28	6	2.08
2026-07-21	30	4	1.39
2026-07-21	31	0.477	4.4
2026-07-21	33	5.974	1.15
2026-07-21	38	6.676	1.39
2026-07-21	39	2.561	3.3
2026-07-21	4	5	0.76
2026-07-21	40	2	1.53
2026-07-21	41	6.022	1.38
2026-07-21	42	7.162	0.99
2026-07-21	43	11.185	1.3
2026-07-21	44	11.977	1.28
2026-07-21	48	2	1.53
2026-07-21	49	1	2.19
2026-07-21	50	1	2.19
2026-07-21	52	23.114	0.7
2026-07-21	53	1	1.85
2026-07-21	54	3	1.85
2026-07-21	55	4	2.1
2026-07-21	56	4	2.6
2026-07-21	58	1.489	1.9
2026-07-21	61	2	1.39
2026-07-21	65	2	1.04
2026-07-21	66	3	1.16
2026-07-21	69	7	0.91
2026-07-21	70	3	1.1
2026-07-21	71	2	1.53
2026-07-21	72	4	0.69
2026-07-21	73	2	1.1
2026-07-21	75	4	1.19
2026-07-21	76	17	0.57
2026-07-21	77	2	1.67
2026-07-21	78	8	0.79
2026-07-21	79	5	1.07
2026-07-21	8	1	1.69
2026-07-21	81	6	0.72
2026-07-21	82	6	0.65
2026-07-21	83	2.959	1.72
2026-07-21	84	6	1.16
2026-07-21	87	3	1.04
2026-07-21	88	1.914	1.62
2026-07-21	89	30.603	0.58
2026-07-21	91	22.434	0.53
2026-07-21	92	7.375	0.64
2026-07-21	93	25	1.46
2026-07-21	94	5.389	2.08
2026-07-21	95	5.092	1.84
2026-07-21	96	1.198	1.82
2026-07-21	99	1.382	2.28
2026-07-22	101	5.498	2.19
2026-07-22	103	1.352	1.62
2026-07-22	105	1.887	1.24
2026-07-22	106	6.103	1.45
2026-07-22	107	2.923	1.42
2026-07-22	11	2.358	3.16
2026-07-22	111	2.789	1.28
2026-07-22	112	2.12	1.91
2026-07-22	114	10.74	2.19
2026-07-22	12	3.158	1.71
2026-07-22	121	31.452	0.93
2026-07-22	124	11.879	1.16
2026-07-22	125	3	1.74
2026-07-22	127	4	1.84
2026-07-22	130	4	1.39
2026-07-22	134	0.614	10.3
2026-07-22	135	0.415	9.6
2026-07-22	136	0.277	9.03
2026-07-22	137	0.441	13.1
2026-07-22	138	2.003	3.15
2026-07-22	139	0.295	10.35
2026-07-22	140	0.468	9.6
2026-07-22	144	4.581	3.82
2026-07-22	145	0.188	15.9
2026-07-22	146	0.965	10.6
2026-07-22	148	2.536	4.5
2026-07-22	158	2	1.75
2026-07-22	165	2.611	3.65
2026-07-22	166	5	1.84
2026-07-22	167	4	1.18
2026-07-22	170	4	0.93
2026-07-22	18	10.337	0.98
2026-07-22	185	3	1.44
2026-07-22	187	2.809	4.04
2026-07-22	189	3	2.31
2026-07-22	190	8	2.31
2026-07-22	193	5	1.46
2026-07-22	194	7.768	2.07
2026-07-22	195	8	1.09
2026-07-22	196	3	2.31
2026-07-22	197	5.831	1.72
2026-07-22	198	7.655	0.87
2026-07-22	199	3.049	1.62
2026-07-22	208	3	0.66
2026-07-22	211	3	0.85
2026-07-22	213	2	2.02
2026-07-22	214	1	1.95
2026-07-22	218	5	1.02
2026-07-22	23	3	0.94
2026-07-22	232	1	1.1
2026-07-22	27	2	1.91
2026-07-22	28	6	2.08
2026-07-22	30	4	1.39
2026-07-22	31	0.455	4.4
2026-07-22	33	5.67	1.15
2026-07-22	38	6.345	1.39
2026-07-22	39	2.433	3.3
2026-07-22	4	5	0.76
2026-07-22	40	2	1.53
2026-07-22	41	5.725	1.38
2026-07-22	42	6.798	0.99
2026-07-22	43	10.631	1.3
2026-07-22	44	11.375	1.28
2026-07-22	48	1	1.53
2026-07-22	49	1	2.19
2026-07-22	50	1	2.19
2026-07-22	52	21.957	0.7
2026-07-22	53	1	1.85
2026-07-22	54	3	1.85
2026-07-22	55	4	2.1
2026-07-22	56	4	2.6
2026-07-22	58	1.416	1.9
2026-07-22	61	2	1.39
2026-07-22	65	2	1.04
2026-07-22	66	3	1.16
2026-07-22	69	6	0.91
2026-07-22	70	3	1.1
2026-07-22	71	2	1.53
2026-07-22	72	4	0.69
2026-07-22	73	2	1.1
2026-07-22	75	3	1.19
2026-07-22	76	16	0.57
2026-07-22	77	2	1.67
2026-07-22	78	8	0.79
2026-07-22	79	5	1.07
2026-07-22	8	1	1.69
2026-07-22	81	6	0.72
2026-07-22	82	6	0.65
2026-07-22	83	2.808	1.72
2026-07-22	84	6	1.16
2026-07-22	87	3	1.04
2026-07-22	88	1.815	1.62
2026-07-22	89	29.069	0.58
2026-07-22	91	21.302	0.53
2026-07-22	92	7	0.64
2026-07-22	93	24	1.46
2026-07-22	94	5.12	2.08
2026-07-22	95	4.837	1.84
2026-07-22	96	1.137	1.82
2026-07-22	99	1.311	2.28
2026-07-23	101	5.21	2.19
2026-07-23	103	1.278	1.62
2026-07-23	105	1.79	1.24
2026-07-23	106	5.786	1.45
2026-07-23	107	2.768	1.42
2026-07-23	11	2.234	3.16
2026-07-23	111	2.641	1.28
2026-07-23	112	2.01	1.91
2026-07-23	114	10.174	2.19
2026-07-23	12	2.994	1.71
2026-07-23	121	29.796	0.93
2026-07-23	124	11.25	1.16
2026-07-23	125	3	1.74
2026-07-23	127	4	1.84
2026-07-23	130	4	1.39
2026-07-23	134	0.581	10.3
2026-07-23	135	0.393	9.6
2026-07-23	136	0.262	9.03
2026-07-23	137	0.418	13.1
2026-07-23	138	1.898	3.15
2026-07-23	139	0.279	10.35
2026-07-23	140	0.444	9.6
2026-07-23	145	0.178	15.9
2026-07-23	146	0.915	10.6
2026-07-23	147	0.11	2.91
2026-07-23	158	2	1.75
2026-07-23	165	2.474	3.65
2026-07-23	166	5	1.84
2026-07-23	167	4	1.18
2026-07-23	18	9.796	0.98
2026-07-23	185	2	1.44
2026-07-23	187	2.661	4.04
2026-07-23	189	3	2.31
2026-07-23	190	7	2.31
2026-07-23	193	5	1.46
2026-07-23	194	7.362	2.07
2026-07-23	195	8	1.09
2026-07-23	196	3	2.31
2026-07-23	197	5.523	1.72
2026-07-23	198	7.253	0.87
2026-07-23	199	2.889	1.62
2026-07-23	205	8	2.47
2026-07-23	208	3	0.66
2026-07-23	211	2	0.85
2026-07-23	213	2	2.02
2026-07-23	214	1	1.95
2026-07-23	215	8	1.95
2026-07-23	217	1	1.2
2026-07-23	218	5	1.02
2026-07-23	23	3	0.94
2026-07-23	27	2	1.91
2026-07-23	28	5	2.08
2026-07-23	30	3	1.39
2026-07-23	31	0.43	4.4
2026-07-23	33	5.374	1.15
2026-07-23	38	6.007	1.39
2026-07-23	39	2.306	3.3
2026-07-23	4	5	0.76
2026-07-23	40	2	1.53
2026-07-23	41	5.42	1.38
2026-07-23	42	6.444	0.99
2026-07-23	43	10.069	1.3
2026-07-23	44	10.781	1.28
2026-07-23	48	1	1.53
2026-07-23	49	1	2.19
2026-07-23	50	1	2.19
2026-07-23	52	20.8	0.7
2026-07-23	53	1	1.85
2026-07-23	54	2	1.85
2026-07-23	55	4	2.1
2026-07-23	56	3	2.6
2026-07-23	58	1.342	1.9
2026-07-23	61	1	1.39
2026-07-23	65	2	1.04
2026-07-23	66	3	1.16
2026-07-23	69	6	0.91
2026-07-23	70	3	1.1
2026-07-23	71	2	1.53
2026-07-23	72	4	0.69
2026-07-23	73	2	1.1
2026-07-23	75	3	1.19
2026-07-23	76	15	0.57
2026-07-23	77	2	1.67
2026-07-23	78	7	0.79
2026-07-23	79	5	1.07
2026-07-23	8	1	1.69
2026-07-23	81	6	0.72
2026-07-23	82	5	0.65
2026-07-23	83	2.663	1.72
2026-07-23	84	6	1.16
2026-07-23	85	15	1.1
2026-07-23	87	3	1.04
2026-07-23	88	1.722	1.62
2026-07-23	89	27.534	0.58
2026-07-23	91	20.189	0.53
2026-07-23	92	6.641	0.64
2026-07-23	93	22	1.46
2026-07-23	94	4.851	2.08
2026-07-23	95	4.582	1.84
2026-07-23	96	1.077	1.82
2026-07-23	99	1.241	2.28
2026-07-24	101	5.21	2.19
2026-07-24	103	1.278	1.62
2026-07-24	105	1.79	1.24
2026-07-24	106	5.786	1.45
2026-07-24	107	2.768	1.42
2026-07-24	11	2.234	3.16
2026-07-24	111	2.641	1.28
2026-07-24	112	2.01	1.91
2026-07-24	114	10.174	2.19
2026-07-24	12	2.994	1.71
2026-07-24	121	29.796	0.93
2026-07-24	124	11.25	1.16
2026-07-24	125	3	1.74
2026-07-24	127	4	1.84
2026-07-24	130	4	1.39
2026-07-24	134	0.581	10.3
2026-07-24	135	0.393	9.6
2026-07-24	136	0.262	9.03
2026-07-24	137	0.418	13.1
2026-07-24	138	1.898	3.15
2026-07-24	139	0.279	10.35
2026-07-24	140	0.444	9.6
2026-07-24	145	0.178	15.9
2026-07-24	146	0.915	10.6
2026-07-24	158	2	1.75
2026-07-24	16	18.207	0.87
2026-07-24	165	2.474	3.65
2026-07-24	166	5	1.84
2026-07-24	167	4	1.18
2026-07-24	18	9.796	0.98
2026-07-24	185	2	1.44
2026-07-24	187	2.661	4.04
2026-07-24	189	3	2.31
2026-07-24	190	7	2.31
2026-07-24	193	5	1.46
2026-07-24	194	7.362	2.07
2026-07-24	195	8	1.09
2026-07-24	196	3	2.31
2026-07-24	197	5.523	1.72
2026-07-24	198	7.253	0.87
2026-07-24	199	2.889	1.62
2026-07-24	202	4	2.14
2026-07-24	208	3	0.66
2026-07-24	211	2	0.85
2026-07-24	213	2	2.02
2026-07-24	214	1	1.95
2026-07-24	218	5	1.02
2026-07-24	23	3	0.94
2026-07-24	26	7.172	0.87
2026-07-24	27	2	1.91
2026-07-24	28	5	2.08
2026-07-24	30	3	1.39
2026-07-24	31	0.43	4.4
2026-07-24	33	5.374	1.15
2026-07-24	38	6.007	1.39
2026-07-24	39	2.306	3.3
2026-07-24	4	5	0.76
2026-07-24	40	2	1.53
2026-07-24	41	5.42	1.38
2026-07-24	42	6.444	0.99
2026-07-24	43	10.069	1.3
2026-07-24	44	10.781	1.28
2026-07-24	46	8.242	2.19
2026-07-24	48	1	1.53
2026-07-24	49	1	2.19
2026-07-24	50	1	2.19
2026-07-24	52	20.8	0.7
2026-07-24	53	1	1.85
2026-07-24	54	2	1.85
2026-07-24	55	4	2.1
2026-07-24	56	3	2.6
2026-07-24	58	1.342	1.9
2026-07-24	61	1	1.39
2026-07-24	65	2	1.04
2026-07-24	66	3	1.16
2026-07-24	69	6	0.91
2026-07-24	70	3	1.1
2026-07-24	71	2	1.53
2026-07-24	72	4	0.69
2026-07-24	73	2	1.1
2026-07-24	75	3	1.19
2026-07-24	76	15	0.57
2026-07-24	77	2	1.67
2026-07-24	78	7	0.79
2026-07-24	79	5	1.07
2026-07-24	8	1	1.69
2026-07-24	80	6	2.29
2026-07-24	81	6	0.72
2026-07-24	82	5	0.65
2026-07-24	83	2.663	1.72
2026-07-24	84	6	1.16
2026-07-24	87	3	1.04
2026-07-24	88	1.722	1.62
2026-07-24	89	27.534	0.58
2026-07-24	91	20.189	0.53
2026-07-24	92	6.641	0.64
2026-07-24	93	22	1.46
2026-07-24	94	4.851	2.08
2026-07-24	95	4.582	1.84
2026-07-24	96	1.077	1.82
2026-07-24	99	1.241	2.28
2026-07-27	101	7.233	2.19
2026-07-27	103	1.778	1.62
2026-07-27	105	2.484	1.24
2026-07-27	106	8.034	1.45
2026-07-27	107	3.838	1.42
2026-07-27	11	3.101	3.16
2026-07-27	111	3.664	1.28
2026-07-27	112	2.791	1.91
2026-07-27	114	14.132	2.19
2026-07-27	12	4.158	1.71
2026-07-27	121	41.387	0.93
2026-07-27	124	15.629	1.16
2026-07-27	125	4	1.74
2026-07-27	127	5	1.84
2026-07-27	130	5	1.39
2026-07-27	134	0.807	10.3
2026-07-27	135	0.545	9.6
2026-07-27	136	0.365	9.03
2026-07-27	137	0.581	13.1
2026-07-27	138	2.635	3.15
2026-07-27	139	0.387	10.35
2026-07-27	140	0.616	9.6
2026-07-27	145	0.247	15.9
2026-07-27	146	1.271	10.6
2026-07-27	154	10	1.44
2026-07-27	158	2	1.75
2026-07-27	161	2	0.91
2026-07-27	165	3.436	3.65
2026-07-27	166	6	1.84
2026-07-27	167	5	1.18
2026-07-27	18	13.602	0.98
2026-07-27	185	3	1.44
2026-07-27	187	3.696	4.04
2026-07-27	189	4	2.31
2026-07-27	190	10	2.31
2026-07-27	193	7	1.46
2026-07-27	194	10.222	2.07
2026-07-27	195	11	1.09
2026-07-27	196	4	2.31
2026-07-27	197	7.669	1.72
2026-07-27	198	10.069	0.87
2026-07-27	199	4.012	1.62
2026-07-27	208	4	0.66
2026-07-27	211	3	0.85
2026-07-27	213	3	2.02
2026-07-27	214	2	1.95
2026-07-27	218	7	1.02
2026-07-27	219	26	0.71
2026-07-27	223	1	1.5
2026-07-27	23	4	0.94
2026-07-27	27	2	1.91
2026-07-27	28	8	2.08
2026-07-27	30	5	1.39
2026-07-27	31	0.598	4.4
2026-07-27	33	7.461	1.15
2026-07-27	38	8.345	1.39
2026-07-27	39	3.2	3.3
2026-07-27	4	7	0.76
2026-07-27	40	3	1.53
2026-07-27	41	7.529	1.38
2026-07-27	42	8.949	0.99
2026-07-27	43	13.985	1.3
2026-07-27	44	14.969	1.28
2026-07-27	48	2	1.53
2026-07-27	49	2	2.19
2026-07-27	50	1	2.19
2026-07-27	52	28.9	0.7
2026-07-27	53	2	1.85
2026-07-27	54	3	1.85
2026-07-27	55	5	2.1
2026-07-27	56	5	2.6
2026-07-27	58	1.863	1.9
2026-07-27	61	2	1.39
2026-07-27	65	3	1.04
2026-07-27	66	4	1.16
2026-07-27	69	8	0.91
2026-07-27	70	4	1.1
2026-07-27	71	2	1.53
2026-07-27	72	5	0.69
2026-07-27	73	3	1.1
2026-07-27	74	9	1.71
2026-07-27	75	5	1.19
2026-07-27	76	21	0.57
2026-07-27	77	3	1.67
2026-07-27	78	10	0.79
2026-07-27	79	6	1.07
2026-07-27	8	2	1.69
2026-07-27	81	8	0.72
2026-07-27	82	7	0.65
2026-07-27	83	3.698	1.72
2026-07-27	84	8	1.16
2026-07-27	85	15	1.1
2026-07-27	87	4	1.04
2026-07-27	88	2.389	1.62
2026-07-27	89	38.241	0.58
2026-07-27	91	28.038	0.53
2026-07-27	92	9.219	0.64
2026-07-27	93	31	1.46
2026-07-27	94	6.736	2.08
2026-07-27	95	6.364	1.84
2026-07-27	96	1.5	1.82
2026-07-27	98	13.548	1.68
2026-07-27	99	1.728	2.28
2026-07-28	101	5.785	2.19
2026-07-28	103	1.426	1.62
2026-07-28	105	1.992	1.24
2026-07-28	106	6.428	1.45
2026-07-28	107	3.07	1.42
2026-07-28	11	2.481	3.16
2026-07-28	111	2.93	1.28
2026-07-28	112	2.236	1.91
2026-07-28	114	11.306	2.19
2026-07-28	12	3.327	1.71
2026-07-28	121	33.108	0.93
2026-07-28	124	12.5	1.16
2026-07-28	125	4	1.74
2026-07-28	127	4	1.84
2026-07-28	130	4	1.39
2026-07-28	134	0.646	10.3
2026-07-28	135	0.436	9.6
2026-07-28	136	0.292	9.03
2026-07-28	137	0.465	13.1
2026-07-28	138	2.108	3.15
2026-07-28	139	0.31	10.35
2026-07-28	140	0.493	9.6
2026-07-28	145	0.198	15.9
2026-07-28	146	1.016	10.6
2026-07-28	158	2	1.75
2026-07-28	165	2.748	3.65
2026-07-28	166	5	1.84
2026-07-28	167	4	1.18
2026-07-28	18	10.888	0.98
2026-07-28	185	3	1.44
2026-07-28	187	2.955	4.04
2026-07-28	189	3	2.31
2026-07-28	19	8	1.82
2026-07-28	190	8	2.31
2026-07-28	193	6	1.46
2026-07-28	194	8.179	2.07
2026-07-28	195	9	1.09
2026-07-28	196	3	2.31
2026-07-28	197	6.14	1.72
2026-07-28	198	8.057	0.87
2026-07-28	199	3.21	1.62
2026-07-28	208	3	0.66
2026-07-28	211	3	0.85
2026-07-28	213	2	2.02
2026-07-28	214	1	1.95
2026-07-28	218	5	1.02
2026-07-28	227	14	1.19
2026-07-28	23	3	0.94
2026-07-28	27	2	1.91
2026-07-28	28	6	2.08
2026-07-28	30	4	1.39
2026-07-28	31	0.477	4.4
2026-07-28	33	5.974	1.15
2026-07-28	38	6.676	1.39
2026-07-28	39	2.561	3.3
2026-07-28	4	5	0.76
2026-07-28	40	2	1.53
2026-07-28	41	6.022	1.38
2026-07-28	42	7.162	0.99
2026-07-28	43	11.185	1.3
2026-07-28	44	11.977	1.28
2026-07-28	48	2	1.53
2026-07-28	49	1	2.19
2026-07-28	50	1	2.19
2026-07-28	52	23.114	0.7
2026-07-28	53	1	1.85
2026-07-28	54	3	1.85
2026-07-28	55	4	2.1
2026-07-28	56	4	2.6
2026-07-28	57	21	0.98
2026-07-28	58	1.489	1.9
2026-07-28	61	2	1.39
2026-07-28	65	2	1.04
2026-07-28	66	3	1.16
2026-07-28	69	7	0.91
2026-07-28	70	3	1.1
2026-07-28	71	2	1.53
2026-07-28	72	4	0.69
2026-07-28	73	2	1.1
2026-07-28	75	4	1.19
2026-07-28	76	17	0.57
2026-07-28	77	2	1.67
2026-07-28	78	8	0.79
2026-07-28	79	5	1.07
2026-07-28	8	1	1.69
2026-07-28	81	6	0.72
2026-07-28	82	6	0.65
2026-07-28	83	2.959	1.72
2026-07-28	84	6	1.16
2026-07-28	87	3	1.04
2026-07-28	88	1.914	1.62
2026-07-28	89	30.603	0.58
2026-07-28	91	22.434	0.53
2026-07-28	92	7.375	0.64
2026-07-28	93	25	1.46
2026-07-28	94	5.389	2.08
2026-07-28	95	5.092	1.84
2026-07-28	96	1.198	1.82
2026-07-28	99	1.382	2.28
2026-07-29	101	5.498	2.19
2026-07-29	103	1.352	1.62
2026-07-29	105	1.887	1.24
2026-07-29	106	6.103	1.45
2026-07-29	107	2.923	1.42
2026-07-29	11	2.358	3.16
2026-07-29	111	2.789	1.28
2026-07-29	112	2.12	1.91
2026-07-29	114	10.74	2.19
2026-07-29	12	3.158	1.71
2026-07-29	121	31.452	0.93
2026-07-29	124	11.879	1.16
2026-07-29	125	3	1.74
2026-07-29	127	4	1.84
2026-07-29	130	4	1.39
2026-07-29	134	0.614	10.3
2026-07-29	135	0.415	9.6
2026-07-29	136	0.277	9.03
2026-07-29	137	0.441	13.1
2026-07-29	138	2.003	3.15
2026-07-29	139	0.295	10.35
2026-07-29	14	0.362	0.69
2026-07-29	140	0.468	9.6
2026-07-29	143	5	2.13
2026-07-29	145	0.188	15.9
2026-07-29	146	0.965	10.6
2026-07-29	158	2	1.75
2026-07-29	159	4	1.31
2026-07-29	165	2.611	3.65
2026-07-29	166	5	1.84
2026-07-29	167	4	1.18
2026-07-29	18	10.337	0.98
2026-07-29	185	3	1.44
2026-07-29	187	2.809	4.04
2026-07-29	189	3	2.31
2026-07-29	190	8	2.31
2026-07-29	193	5	1.46
2026-07-29	194	7.768	2.07
2026-07-29	195	8	1.09
2026-07-29	196	3	2.31
2026-07-29	197	5.831	1.72
2026-07-29	198	7.655	0.87
2026-07-29	199	3.049	1.62
2026-07-29	208	3	0.66
2026-07-29	211	3	0.85
2026-07-29	213	2	2.02
2026-07-29	214	1	1.95
2026-07-29	218	5	1.02
2026-07-29	23	3	0.94
2026-07-29	27	2	1.91
2026-07-29	28	6	2.08
2026-07-29	30	4	1.39
2026-07-29	31	0.455	4.4
2026-07-29	33	5.67	1.15
2026-07-29	38	6.345	1.39
2026-07-29	39	2.433	3.3
2026-07-29	4	5	0.76
2026-07-29	40	2	1.53
2026-07-29	41	5.725	1.38
2026-07-29	42	6.798	0.99
2026-07-29	43	10.631	1.3
2026-07-29	44	11.375	1.28
2026-07-29	48	1	1.53
2026-07-29	49	1	2.19
2026-07-29	50	1	2.19
2026-07-29	52	21.957	0.7
2026-07-29	53	1	1.85
2026-07-29	54	3	1.85
2026-07-29	55	4	2.1
2026-07-29	56	4	2.6
2026-07-29	58	1.416	1.9
2026-07-29	61	2	1.39
2026-07-29	65	2	1.04
2026-07-29	66	3	1.16
2026-07-29	69	6	0.91
2026-07-29	70	3	1.1
2026-07-29	71	2	1.53
2026-07-29	72	4	0.69
2026-07-29	73	2	1.1
2026-07-29	75	3	1.19
2026-07-29	76	16	0.57
2026-07-29	77	2	1.67
2026-07-29	78	8	0.79
2026-07-29	79	5	1.07
2026-07-29	8	1	1.69
2026-07-29	81	6	0.72
2026-07-29	82	6	0.65
2026-07-29	83	2.808	1.72
2026-07-29	84	6	1.16
2026-07-29	87	3	1.04
2026-07-29	88	1.815	1.62
2026-07-29	89	29.069	0.58
2026-07-29	91	21.302	0.53
2026-07-29	92	7	0.64
2026-07-29	93	24	1.46
2026-07-29	94	5.12	2.08
2026-07-29	95	4.837	1.84
2026-07-29	96	1.137	1.82
2026-07-29	99	1.311	2.28
2026-07-30	101	5.21	2.19
2026-07-30	103	1.278	1.62
2026-07-30	105	1.79	1.24
2026-07-30	106	5.786	1.45
2026-07-30	107	2.768	1.42
2026-07-30	11	2.234	3.16
2026-07-30	111	2.641	1.28
2026-07-30	112	2.01	1.91
2026-07-30	114	10.174	2.19
2026-07-30	12	2.994	1.71
2026-07-30	121	29.796	0.93
2026-07-30	122	1.495	2.2
2026-07-30	124	11.25	1.16
2026-07-30	125	3	1.74
2026-07-30	127	4	1.84
2026-07-30	130	4	1.39
2026-07-30	134	0.581	10.3
2026-07-30	135	0.393	9.6
2026-07-30	136	0.262	9.03
2026-07-30	137	0.418	13.1
2026-07-30	138	1.898	3.15
2026-07-30	139	0.279	10.35
2026-07-30	140	0.444	9.6
2026-07-30	145	0.178	15.9
2026-07-30	146	0.915	10.6
2026-07-30	153	10	1.54
2026-07-30	157	3	2.63
2026-07-30	158	2	1.75
2026-07-30	165	2.474	3.65
2026-07-30	166	5	1.84
2026-07-30	167	4	1.18
2026-07-30	178	7.502	2.43
2026-07-30	18	9.796	0.98
2026-07-30	185	2	1.44
2026-07-30	187	2.661	4.04
2026-07-30	189	3	2.31
2026-07-30	190	7	2.31
2026-07-30	193	5	1.46
2026-07-30	194	7.362	2.07
2026-07-30	195	8	1.09
2026-07-30	196	3	2.31
2026-07-30	197	5.523	1.72
2026-07-30	198	7.253	0.87
2026-07-30	199	2.889	1.62
2026-07-30	208	3	0.66
2026-07-30	211	2	0.85
2026-07-30	213	2	2.02
2026-07-30	214	1	1.95
2026-07-30	215	8	1.95
2026-07-30	218	5	1.02
2026-07-30	221	4	1.71
2026-07-30	222	9	1.9
2026-07-30	23	3	0.94
2026-07-30	27	2	1.91
2026-07-30	28	5	2.08
2026-07-30	30	3	1.39
2026-07-30	31	0.43	4.4
2026-07-30	33	5.374	1.15
2026-07-30	38	6.007	1.39
2026-07-30	39	2.306	3.3
2026-07-30	4	5	0.76
2026-07-30	40	2	1.53
2026-07-30	41	5.42	1.38
2026-07-30	42	6.444	0.99
2026-07-30	43	10.069	1.3
2026-07-30	44	10.781	1.28
2026-07-30	48	1	1.53
2026-07-30	49	1	2.19
2026-07-30	50	1	2.19
2026-07-30	52	20.8	0.7
2026-07-30	53	1	1.85
2026-07-30	54	2	1.85
2026-07-30	55	4	2.1
2026-07-30	56	3	2.6
2026-07-30	58	1.342	1.9
2026-07-30	61	1	1.39
2026-07-30	65	2	1.04
2026-07-30	66	3	1.16
2026-07-30	69	6	0.91
2026-07-30	70	3	1.1
2026-07-30	71	2	1.53
2026-07-30	72	4	0.69
2026-07-30	73	2	1.1
2026-07-30	75	3	1.19
2026-07-30	76	15	0.57
2026-07-30	77	2	1.67
2026-07-30	78	7	0.79
2026-07-30	79	5	1.07
2026-07-30	8	1	1.69
2026-07-30	81	6	0.72
2026-07-30	82	5	0.65
2026-07-30	83	2.663	1.72
2026-07-30	84	6	1.16
2026-07-30	87	3	1.04
2026-07-30	88	1.722	1.62
2026-07-30	89	27.534	0.58
2026-07-30	91	20.189	0.53
2026-07-30	92	6.641	0.64
2026-07-30	93	22	1.46
2026-07-30	94	4.851	2.08
2026-07-30	95	4.582	1.84
2026-07-30	96	1.077	1.82
2026-07-30	99	1.241	2.28
2026-07-31	101	5.196	2.19
2026-07-31	103	1.296	1.62
2026-07-31	105	1.806	1.24
2026-07-31	106	5.752	1.45
2026-07-31	107	2.754	1.42
2026-07-31	11	2.231	3.16
2026-07-31	111	2.633	1.28
2026-07-31	112	2.005	1.91
2026-07-31	114	10.187	2.19
2026-07-31	12	3.012	1.71
2026-07-31	121	29.806	0.93
2026-07-31	124	11.233	1.16
2026-07-31	125	3	1.74
2026-07-31	127	4	1.84
2026-07-31	130	4	1.39
2026-07-31	133	6	1.1
2026-07-31	134	0.584	10.3
2026-07-31	135	0.392	9.6
2026-07-31	136	0.264	9.03
2026-07-31	137	0.421	13.1
2026-07-31	138	1.892	3.15
2026-07-31	139	0.277	10.35
2026-07-31	140	0.439	9.6
2026-07-31	145	0.179	15.9
2026-07-31	146	0.911	10.6
2026-07-31	149	4.645	3.66
2026-07-31	158	2	1.75
2026-07-31	16	18.207	0.87
2026-07-31	165	2.482	3.65
2026-07-31	166	5	1.84
2026-07-31	167	4	1.18
2026-07-31	18	9.776	0.98
2026-07-31	185	3	1.44
2026-07-31	187	2.663	4.04
2026-07-31	189	3	2.31
2026-07-31	190	7	2.31
2026-07-31	193	5	1.46
2026-07-31	194	7.343	2.07
2026-07-31	195	8	1.09
2026-07-31	196	3	2.31
2026-07-31	197	5.517	1.72
2026-07-31	198	7.149	0.87
2026-07-31	199	2.889	1.62
2026-07-31	208	3	0.66
2026-07-31	211	2	0.85
2026-07-31	213	2	2.02
2026-07-31	214	1	1.95
2026-07-31	218	5	1.02
2026-07-31	23	3	0.94
2026-07-31	27	2	1.91
2026-07-31	28	5	2.08
2026-07-31	30	3	1.39
2026-07-31	31	0.434	4.4
2026-07-31	33	5.365	1.15
2026-07-31	38	6.029	1.39
2026-07-31	39	2.297	3.3
2026-07-31	4	5	0.76
2026-07-31	40	2	1.53
2026-07-31	41	5.413	1.38
2026-07-31	42	6.455	0.99
2026-07-31	43	10.069	1.3
2026-07-31	44	10.766	1.28
2026-07-31	48	1	1.53
2026-07-31	49	1	2.19
2026-07-31	50	1	2.19
2026-07-31	52	20.886	0.7
2026-07-31	53	1	1.85
2026-07-31	54	2	1.85
2026-07-31	55	4	2.1
2026-07-31	56	3	2.6
2026-07-31	58	1.332	1.9
2026-07-31	61	1	1.39
2026-07-31	65	2	1.04
2026-07-31	66	3	1.16
2026-07-31	69	6	0.91
2026-07-31	70	3	1.1
2026-07-31	71	2	1.53
2026-07-31	72	4	0.69
2026-07-31	73	2	1.1
2026-07-31	75	3	1.19
2026-07-31	76	15	0.57
2026-07-31	77	2	1.67
2026-07-31	78	7	0.79
2026-07-31	79	5	1.07
2026-07-31	8	1	1.69
2026-07-31	81	6	0.72
2026-07-31	82	5	0.65
2026-07-31	83	2.669	1.72
2026-07-31	84	6	1.16
2026-07-31	87	3	1.04
2026-07-31	88	1.685	1.62
2026-07-31	89	27.603	0.58
2026-07-31	91	20.113	0.53
2026-07-31	92	6.531	0.64
2026-07-31	93	22	1.46
2026-07-31	94	4.856	2.08
2026-07-31	95	4.63	1.84
2026-07-31	96	1.093	1.82
2026-07-31	97	6.156	1.28
2026-07-31	99	1.254	2.28