fecha	producto_id	cantidad	pvp_original	pvp_demarca
2026-04-01	8	1	2.25	0.7
2026-04-01	99	0.72	2.99	0.8
2026-04-01	124	0.75	1.55	0.5
2026-04-01	124	0.49	1.55	0.5
2026-04-01	93	1	2.49	1
2026-04-01	93	1	2.49	1
2026-04-01	207	1	1.29	0.9
2026-04-01	207	1	1.29	0.9
2026-04-01	209	1	1.19	0.83
2026-04-01	209	1	1.19	0.83
2026-04-01	209	1	1.19	0.83
2026-04-01	127	1	2.75	1.93
2026-04-01	127	1	2.75	1.93
2026-04-01	127	1	2.75	1.93
2026-04-01	32	1.11	3.25	1.84
2026-04-01	53	1	2.49	1.74
2026-04-01	125	1	2.65	1.86
2026-04-01	125	1	2.65	1.86
2026-04-01	48	1	1.99	1.59
2026-06-01	18	0.21	1.25	0.5
2026-06-01	38	0.26	2.19	1.99
2026-06-01	42	0.26	1.85	0.5
2026-06-01	43	0.44	1.85	0.5
2026-06-01	99	0.28	2.99	0.5
2026-06-01	106	1.49	4.25	1
2026-06-01	89	2.66	1.85	1.99
2026-06-01	93	1	1.95	1.5
2026-06-01	93	1	1.95	0.5
2026-06-01	93	1	1.95	1.5
2026-06-01	187	0.49	4.99	0.5
2026-06-01	198	1	1.59	1
2026-06-01	95	0.2	1.55	0.5
2026-06-01	95	0.44	1.55	0.5
2026-06-01	127	1	2.99	1
2026-06-01	101	0.72	2.69	1
2026-06-01	101	0.19	2.69	0.5
2026-06-01	121	0.77	2.75	2.59
2026-06-01	121	0.2	2.75	1
2026-06-01	121	0.62	2.75	2.59
2026-06-01	121	0.44	2.75	2.59
2026-06-01	121	0.84	2.75	1
2026-06-01	121	0.62	2.75	2.59
2026-06-01	121	0.5	2.75	1
2026-06-01	121	0.27	2.75	0.5
2026-06-01	121	0.19	2.75	0.5
2026-06-01	121	0.94	2.75	2.59
2026-06-01	121	0.35	2.75	1
2026-06-01	121	0.5	2.75	2.6
2026-06-01	121	0.19	2.75	0.5
2026-06-01	189	1	2.79	2.09
2026-06-01	189	1	2.79	2.09
2026-06-01	189	1	2.79	2.09
2026-06-01	46	1.7	3.45	0.5
2026-07-01	27	1	1.99	0.5
2026-07-01	44	1.09	1.59	0.5
2026-07-01	52	1.47	1.45	0.5
2026-07-01	187	0.44	5.75	1
2026-07-01	197	1.06	1.99	1.55
2026-07-01	198	2	1.85	0.5
2026-07-01	95	0.58	1.79	0.5
2026-07-01	95	0.43	1.79	0.5
2026-07-01	112	1.5	2.69	1
2026-07-01	121	1.44	2.39	0.74
2026-07-01	121	0.37	2.39	0.5
2026-01-02	28	1	2.85	0.8
2026-01-02	28	2	2.85	0.5
2026-01-02	28	1	2.85	0.8
2026-01-02	28	2	2.85	0.5
2026-01-02	39	0.39	3.95	1
2026-01-02	20	3	1.09	0.2
2026-01-02	20	3	1.09	0.2
2026-01-02	42	0.95	1.99	0.5
2026-01-02	42	0.95	1.99	0.5
2026-01-02	116	1.37	2.45	0.5
2026-01-02	116	1.37	2.45	0.5
2026-01-02	178	1.38	2.75	2.1
2026-01-02	187	0.54	5.25	1
2026-01-02	197	0.78	1.65	1
2026-01-02	197	2.29	1.65	0.5
2026-01-02	197	0.78	1.65	1
2026-01-02	197	2.29	1.65	0.5
2026-01-02	197	3.01	1.65	0.5
2026-01-02	201	0.43	1.45	0.5
2026-01-02	165	0.44	4.25	0.5
2026-01-02	165	0.44	4.25	0.5
2026-02-02	31	0.22	5.69	1
2026-02-02	4	2	0.99	0.25
2026-02-02	38	0.33	3.99	3.85
2026-02-02	38	0.37	3.99	3.85
2026-02-02	41	1.28	2.35	2.09
2026-02-02	41	0.97	2.35	2.09
2026-02-02	42	0.55	1.95	0.5
2026-02-02	42	0.33	1.95	0.5
2026-02-02	52	0.39	1.05	0.5
2026-02-02	52	1.48	1.05	0.5
2026-02-02	58	0.37	2.45	0.5
2026-02-02	78	1	1.59	0.5
2026-02-02	78	1	1.59	0.5
2026-02-02	78	1	1.59	0.5
2026-02-02	78	1	1.59	0.5
2026-02-02	178	0.53	3.49	1
2026-02-02	197	3.07	1.49	0.5
2026-02-02	197	1.14	1.49	0.7
2026-02-02	84	1	1.65	0.5
2026-02-02	98	0.29	2.29	0.5
2026-02-02	95	0.37	1.49	0.5
2026-02-02	32	0.76	3.89	1
2026-02-02	32	0.85	3.89	0.8
2026-02-02	121	0.31	2.25	1
2026-02-02	54	1	2.55	1.28
2026-02-02	96	0.34	2.65	1
2026-03-02	27	1	1.75	1.45
2026-03-02	43	2.99	1.95	0.5
2026-03-02	43	0.82	1.95	0.5
2026-03-02	68	2	1.95	0.8
2026-03-02	75	1	1.55	0.78
2026-03-02	75	1	1.55	0.78
2026-03-02	75	1	1.55	0.78
2026-03-02	75	1	1.55	0.78
2026-03-02	75	1	1.55	0.78
2026-03-02	94	0.26	2.69	0.5
2026-03-02	93	1	3.59	1.8
2026-03-02	93	1	3.59	3
2026-03-02	178	0.53	3.15	1
2026-03-02	219	1	0.89	0.45
2026-03-02	207	1	1.29	0.65
2026-03-02	84	1	1.65	0.5
2026-03-02	101	0.65	2.79	0.5
2026-03-02	101	0.98	2.79	0.5
2026-03-02	121	0.34	2.25	1
2026-03-02	121	0.6	2.25	1
2026-03-02	121	1.2	2.25	1
2026-03-02	121	0.83	2.25	1
2026-03-02	121	0.82	2.25	1
2026-03-02	62	1	1.85	1.3
2026-03-02	96	0.92	2.69	0.5
2026-04-02	42	0.19	2.15	1
2026-04-02	89	2.12	2.25	0.5
2026-04-02	124	0.19	1.55	0.2
2026-04-02	124	1.38	1.55	0.5
2026-04-02	194	1.12	2.49	0.5
2026-04-02	195	2	3.59	0.5
2026-04-02	207	1	1.29	0.9
2026-04-02	207	1	1.29	0.9
2026-04-02	207	1	1.29	0.9
2026-04-02	207	1	1.29	0.9
2026-04-02	207	1	1.29	0.9
2026-04-02	95	0.62	1.75	1.59
2026-04-02	95	0.79	1.75	1.59
2026-04-02	95	1.8	1.75	1.59
2026-04-02	95	0.81	1.75	1.59
2026-04-02	95	0.8	1.75	1.59
2026-04-02	95	0.8	1.75	1.59
2026-04-02	127	1	2.75	1.93
2026-04-02	121	0.29	2.15	1.95
2026-04-02	121	0.44	2.15	1.95
2026-04-02	121	0.39	2.15	1.95
2026-04-02	121	0.34	2.15	1.95
2026-04-02	121	0.67	2.15	1.95
2026-04-02	121	0.6	2.15	1.95
2026-04-02	121	0.67	2.15	1.95
2026-04-02	121	0.42	2.15	1.95
2026-04-02	121	0.85	2.15	1.95
2026-04-02	121	0.69	2.15	1.96
2026-04-02	121	1.13	2.15	1.95
2026-04-02	121	1.09	2.15	1.95
2026-04-02	121	0.81	2.15	1.95
2026-04-02	121	0.37	2.15	1.95
2026-04-02	121	0.34	2.15	1.95
2026-04-02	121	0.44	2.15	1.95
2026-04-02	57	1	1.35	0.5
2026-05-02	73	1	1.99	0.6
2026-05-02	103	0.56	2.99	0.5
2026-05-02	103	1.02	2.99	0.5
2026-05-02	93	2	1.75	1
2026-05-02	178	1.09	3.49	1
2026-05-02	95	0.5	1.75	0.5
2026-05-02	112	1.17	3.99	0.5
2026-05-02	121	0.6	2.95	0.5
2026-05-02	121	0.98	2.95	0.5
2026-05-02	121	0.91	2.95	0.5
2026-05-02	121	0.31	2.95	1
2026-05-02	121	1.05	2.95	0.5
2026-06-02	68	1	1.99	1
2026-06-02	94	0.55	2.85	0.48
2026-06-02	199	1.16	2.99	0.5
2026-06-02	127	1	2.99	0.5
2026-06-02	127	1	2.99	1
2026-06-02	121	1.06	2.75	1
2026-07-02	39	0.37	2.99	1
2026-07-02	39	0.36	2.99	1
2026-07-02	44	1.16	1.59	0.5
2026-07-02	82	1	1.29	0.5
2026-07-02	124	0.52	1.55	0.5
2026-07-02	114	1.43	5.49	1
2026-07-02	108	0.48	2.45	1
2026-07-02	185	1.56	1.49	0.8
2026-07-02	197	0.51	1.99	1.55
2026-07-02	197	0.51	1.99	1.43
2026-07-02	197	0.43	1.99	1.55
2026-07-02	121	1.27	2.39	1
2026-07-02	121	0.29	2.39	1
2026-07-02	121	0.25	2.39	1
2026-07-02	121	0.68	2.39	1
2026-01-03	28	1	2.85	1
2026-01-03	28	2	2.85	1
2026-01-03	28	1	2.85	1
2026-01-03	28	2	2.85	1
2026-01-03	27	1	1.89	0.5
2026-01-03	33	0.42	2.49	0.5
2026-01-03	33	0.35	2.49	0.5
2026-01-03	33	0.42	2.49	0.5
2026-01-03	33	0.17	2.49	5
2026-01-03	33	0.35	2.49	0.5
2026-01-03	33	0.73	2.49	0.5
2026-01-03	42	0.27	1.99	0.5
2026-01-03	44	0.23	2.95	0.5
2026-01-03	76	1	0.99	0.5
2026-01-03	76	1	0.99	0.5
2026-01-03	77	1	3.25	1
2026-01-03	77	1	3.25	1
2026-01-03	94	0.44	2.69	1
2026-01-03	94	0.44	2.69	1
2026-01-03	97	0.34	1.85	0.48
2026-01-03	97	0.34	1.85	0.48
2026-01-03	124	0.68	1.55	0.8
2026-01-03	124	0.68	1.55	0.8
2026-01-03	116	0.43	2.45	0.5
2026-01-03	116	0.43	2.45	0.5
2026-01-03	116	1.09	2.45	0.5
2026-01-03	128	1	2.95	1.48
2026-01-03	128	1	2.95	1.48
2026-01-03	128	1	2.95	1.48
2026-01-03	128	1	2.95	1.48
2026-01-03	165	0.2	4.25	1
2026-01-03	165	0.21	4.25	1
2026-01-03	165	0.2	4.25	1
2026-01-03	165	0.21	4.25	1
2026-01-03	101	0.19	2.85	1
2026-01-03	101	0.19	2.85	1
2026-01-03	101	0.3	2.85	0.5
2026-01-03	121	0.95	1.89	0.48
2026-01-03	121	0.95	1.89	0.48
2026-01-03	60	1	2.89	1.45
2026-01-03	60	1	2.89	1.45
2026-01-03	62	1	1.85	0.93
2026-02-03	1	1	1.39	0.5
2026-02-03	52	1.37	1.05	0.5
2026-02-03	93	1	3.99	2
2026-02-03	197	1.5	1.49	0.7
2026-02-03	199	0.52	2.15	1.98
2026-02-03	207	1	1.29	0.9
2026-02-03	207	1	1.29	0.9
2026-02-03	207	1	1.29	0.9
2026-02-03	207	1	1.29	0.9
2026-02-03	207	1	1.29	0.9
2026-02-03	209	1	1.19	0.83
2026-02-03	209	1	1.19	0.83
2026-02-03	209	1	1.19	0.83
2026-02-03	214	1	2.79	1.4
2026-02-03	214	1	2.79	1.4
2026-02-03	98	0.52	2.29	1
2026-02-03	11	0.93	3.25	1
2026-02-03	32	0.75	3.89	1
2026-02-03	121	1.36	2.25	0.48
2026-02-03	54	1	2.55	1.28
2026-02-03	218	1	1.39	0.97
2026-02-03	218	1	1.39	0.97
2026-02-03	218	1	1.39	0.97
2026-02-03	218	1	1.39	0.97
2026-02-03	218	1	1.39	0.97
2026-03-03	27	1	1.75	0.5
2026-03-03	42	1.13	2.19	0.5
2026-03-03	8	1	2.15	0.5
2026-03-03	52	2.37	1.05	0.5
2026-03-03	75	1	1.55	0.78
2026-03-03	75	1	1.55	0.78
2026-03-03	75	1	1.55	0.78
2026-03-03	75	1	1.55	0.78
2026-03-03	75	1	1.55	0.78
2026-03-03	75	1	1.55	0.78
2026-03-03	93	1	3.59	1.8
2026-03-03	93	1	3.59	1.8
2026-03-03	93	1	3.59	1.8
2026-03-03	93	1	3.59	1.8
2026-03-03	93	1	3.59	1.8
2026-03-03	93	1	3.59	1.8
2026-03-03	93	1	3.59	1.66
2026-03-03	93	1	3.59	1.8
2026-03-03	93	1	3.59	1.8
2026-03-03	93	1	3.59	1
2026-03-03	170	1	1.49	1.04
2026-03-03	198	1	0.95	0.5
2026-03-03	95	0.49	1.75	1
2026-03-03	100	1.29	2.09	1.5
2026-03-03	100	2.23	2.09	1.5
2026-03-03	127	1	2.75	1.38
2026-03-03	127	1	2.75	1.27
2026-03-03	216	1	2.79	1.4
2026-03-03	216	1	2.79	1.4
2026-03-03	216	1	2.79	1.4
2026-03-03	60	1	2.89	1.33
2026-03-03	189	1	2.99	1.5
2026-03-03	50	1	2.95	2.07
2026-03-03	50	1	2.95	2.07
2026-06-03	43	0.31	1.85	0.5
2026-06-03	75	1	1.59	0.74
2026-06-03	75	1	1.59	0.8
2026-06-03	75	1	1.59	0.5
2026-06-03	75	1	1.59	0.8
2026-06-03	114	0.41	5.49	3
2026-06-03	114	0.46	5.49	1
2026-06-03	187	0.28	4.99	1
2026-06-03	95	1.38	1.55	1
2026-06-03	95	0.37	1.55	1
2026-06-03	121	1.19	2.75	0.48
2026-06-03	121	0.7	2.75	1
2026-06-03	121	0.19	2.75	1
2026-06-03	61	1	1.89	0.95
2026-06-03	61	1	1.89	0.95
2026-07-03	18	0.17	1.85	0.5
2026-07-03	38	0.13	1.65	1
2026-07-03	39	0.47	2.99	1
2026-07-03	44	0.72	1.59	0.5
2026-07-03	82	1	1.29	0.3
2026-07-03	106	0.16	2.75	1
2026-07-03	107	0.43	1.85	1
2026-07-03	114	1.06	5.49	3
2026-07-03	114	1.34	5.49	2
2026-07-03	109	0.97	3.15	1
2026-07-03	109	0.92	3.15	1
2026-07-03	187	0.47	5.75	0.5
2026-07-03	187	0.43	5.75	1
2026-07-03	197	0.23	1.99	1.55
2026-07-03	197	0.26	1.99	1.55
2026-07-03	197	1.06	1.99	1.55
2026-07-03	197	0.51	1.99	1.55
2026-07-03	197	0.5	1.99	1.55
2026-07-03	197	0.27	1.99	1.55
2026-07-03	197	1.5	1.99	1.55
2026-07-03	198	1	1.85	0.5
2026-07-03	121	1.06	2.39	1
2026-07-03	121	0.47	2.39	0.92
2026-07-03	121	0.38	2.39	0.5
2026-07-03	250	0.47	2.39	1
2026-02-04	33	0.54	2.99	2.99
2026-02-04	39	0.41	3.95	3.95
2026-02-04	39	0.42	3.95	1.5
2026-02-04	197	1.63	1.49	0.5
2026-02-04	199	0.45	2.15	0.5
2026-02-04	85	1	1.49	0.69
2026-02-04	96	0.69	2.65	0.9
2026-03-04	52	0.85	1.05	0.5
2026-03-04	66	1	1.59	0.8
2026-03-04	66	1	1.59	0.8
2026-03-04	66	1	1.59	0.8
2026-03-04	66	1	1.59	0.74
2026-03-04	66	1	1.59	0.74
2026-03-04	68	1	1.95	0.5
2026-03-04	75	1	1.55	0.78
2026-03-04	84	1	1.65	0.5
2026-03-04	95	0.66	1.75	0.5
2026-03-04	127	1	2.75	1.38
2026-03-04	127	1	2.75	1.38
2026-03-04	32	2.4	2.75	1
2026-03-04	121	0.93	2.25	1
2026-03-04	121	0.49	2.25	0.5
2026-03-04	125	1	2.85	2
2026-03-04	48	1	1.99	1
2026-03-04	50	1	2.95	2.07
2026-03-04	50	1	2.95	2.07
2026-03-04	50	1	2.95	2.07
2026-03-04	50	1	2.95	2.07
2026-03-04	50	1	2.95	2.07
2026-04-04	12	0.51	2.99	1.5
2026-04-04	33	1.27	2.39	0.8
2026-04-04	41	0.53	2.35	0.8
2026-04-04	69	1	1.19	0.4
2026-04-04	69	1	1.19	0.6
2026-04-04	89	1.84	2.25	0.5
2026-04-04	89	1.87	2.25	0.8
2026-04-04	128	1	2.25	1.13
2026-04-04	128	1	2.25	1.08
2026-04-04	128	1	2.25	1.13
2026-04-04	185	1.69	1.69	0.3
2026-04-04	185	1.61	1.69	0.4
2026-04-04	187	0.47	4.69	2.76
2026-04-04	215	1	2.79	1.4
2026-04-04	215	1	2.79	1.4
2026-04-04	215	1	2.79	1.4
2026-04-04	213	1	2.85	1.43
2026-04-04	213	1	2.85	1.43
2026-04-04	213	1	2.85	1.43
2026-04-04	213	1	2.85	1.43
2026-04-04	213	1	2.85	1.43
2026-04-04	213	1	2.85	1.43
2026-04-04	95	1.41	1.75	1.59
2026-04-04	95	0.83	1.75	1.59
2026-04-04	95	0.39	1.75	1.59
2026-04-04	95	0.79	1.75	1.59
2026-04-04	95	1.13	1.75	1.59
2026-04-04	95	1.02	1.75	0.5
2026-04-04	95	0.63	1.75	1.59
2026-04-04	95	2.15	1.75	1.59
2026-04-04	127	1	2.75	1.38
2026-04-04	127	1	2.75	1.38
2026-04-04	127	1	2.75	1.38
2026-04-04	127	1	2.75	1.38
2026-04-04	127	1	2.75	1.38
2026-04-04	11	1.69	1.65	0.8
2026-04-04	11	1.45	1.65	0.8
2026-04-04	32	0.68	3.25	0.8
2026-04-04	167	3	1.65	0.3
2026-04-04	121	0.62	2.15	1.95
2026-04-04	121	0.5	2.15	1.95
2026-04-04	121	0.81	2.15	1.95
2026-04-04	121	0.46	2.15	1.95
2026-04-04	121	0.54	2.15	1.95
2026-04-04	121	0.65	2.15	1.95
2026-04-04	121	0.54	2.15	1.95
2026-04-04	121	0.4	2.15	1.95
2026-04-04	121	0.81	2.15	1.79
2026-04-04	121	0.37	2.15	1.95
2026-04-04	121	0.39	2.15	1.95
2026-04-04	121	0.81	2.15	1.95
2026-04-04	121	0.5	2.15	1.95
2026-04-04	121	0.58	2.15	1.95
2026-04-04	121	0.73	2.15	1.79
2026-04-04	121	0.23	2.15	1.95
2026-04-04	121	0.48	2.15	1.95
2026-04-04	121	0.55	2.15	1.95
2026-04-04	121	0.6	2.15	1.95
2026-04-04	121	0.67	2.15	1.95
2026-04-04	121	0.47	2.15	1.95
2026-04-04	53	1	2.49	1.74
2026-04-04	216	1	2.79	1.4
2026-04-04	216	1	2.79	1.29
2026-04-04	216	1	2.79	1.29
2026-04-04	17	1	1.69	0.85
2026-04-04	17	1	1.69	0.82
2026-04-04	17	1	1.69	0.85
2026-05-04	39	0.28	2.59	0.5
2026-05-04	44	2.71	2.79	0.5
2026-05-04	44	1.59	2.79	0.5
2026-05-04	44	1.25	2.79	0.5
2026-05-04	44	1.24	2.79	0.5
2026-05-04	44	1.21	2.79	0.5
2026-05-04	44	0.62	2.79	0.5
2026-05-04	44	1.09	2.79	0.5
2026-05-04	187	0.88	4.65	0.5
2026-05-04	214	1	2.79	1.95
2026-05-04	214	1	2.79	1.95
2026-05-04	214	1	2.79	1.95
2026-05-04	213	1	2.85	2
2026-05-04	213	1	2.85	2
2026-05-04	213	1	2.85	2
2026-05-04	213	1	2.85	2
2026-05-04	213	1	2.85	2
2026-05-04	95	0.58	1.59	0.5
2026-05-04	101	0.19	2.69	0.5
2026-05-04	121	0.63	2.95	0.5
2026-05-04	121	0.63	2.95	1
2026-05-04	218	1	1.39	0.93
2026-05-04	218	1	1.39	0.97
2026-05-04	218	1	1.39	0.97
2026-05-04	218	1	1.39	0.97
2026-05-04	218	1	1.39	0.97
2026-05-04	218	1	1.39	0.97
2026-05-04	218	1	1.39	0.89
2026-05-04	218	1	1.39	0.89
2026-05-04	218	1	1.39	0.97
2026-05-04	218	1	1.39	0.97
2026-05-04	218	1	1.39	0.97
2026-05-04	218	1	1.39	0.89
2026-05-04	218	1	1.39	0.89
2026-05-04	218	1	1.39	0.89
2026-05-04	218	1	1.39	0.97
2026-05-04	218	1	1.39	0.97
2026-05-04	186	1	2.25	1.13
2026-06-04	39	0.42	1.99	1
2026-06-04	42	0.27	1.99	1.99
2026-06-04	42	0.52	1.99	1.99
2026-06-04	42	0.93	1.99	1.99
2026-06-04	42	0.52	1.99	1.99
2026-06-04	42	0.54	1.99	1.99
2026-06-04	42	0.69	1.99	1.99
2026-06-04	42	0.6	1.99	1.99
2026-06-04	42	0.79	1.99	0.8
2026-06-04	42	0.61	1.99	1.99
2026-06-04	42	0.53	1.99	1.99
2026-06-04	42	0.57	1.99	1.99
2026-06-04	75	1	1.59	0.8
2026-06-04	75	1	1.59	0.8
2026-06-04	124	1.26	1.55	0.5
2026-06-04	114	0.55	3.99	2
2026-06-04	201	1.39	1.75	1
2026-06-04	121	1.17	2.75	1
2026-06-04	121	0.61	2.75	1
2026-06-04	121	1.1	2.75	0.5
2026-06-04	121	0.22	2.75	0.5
2026-06-04	61	1	1.89	0.95
2026-06-04	61	1	1.89	0.95
2026-06-04	250	1	2.49	0.5
2026-07-04	39	0.49	2.99	1
2026-07-04	39	0.3	2.99	1
2026-07-04	42	0.93	1.99	0.5
2026-07-04	42	0.57	1.99	0.5
2026-07-04	44	1.2	1.59	1
2026-07-04	44	2.06	1.59	1
2026-07-04	66	1	1.59	1.19
2026-07-04	66	1	1.59	1.19
2026-07-04	66	1	1.59	1.19
2026-07-04	69	1	1.25	0.5
2026-07-04	75	1	1.59	1.19
2026-07-04	75	1	1.59	1.19
2026-07-04	187	0.54	5.75	1
2026-07-04	105	0.62	1.95	1
2026-07-04	112	1.35	2.59	1
2026-07-04	121	0.51	2.39	1
2026-07-04	121	0.73	2.39	0.5
2026-07-04	121	1.04	2.39	1
2026-07-04	125	1	2.99	2.24
2026-07-04	125	1	2.99	2.24
2026-07-04	125	1	2.99	2.24
2026-07-04	125	1	2.99	2.24
2026-07-04	125	1	2.99	2.24
2026-07-04	74	1	2.15	1.61
2026-07-04	50	1	2.95	2.21
2026-07-04	50	1	2.95	2.21
2026-07-04	250	1.25	2.39	0.8
2026-01-05	12	0.77	3.99	0.5
2026-01-05	38	0.2	4.49	0.48
2026-01-05	52	0.66	1.15	0.48
2026-01-05	68	1	1.95	1
2026-01-05	103	0.35	3.15	2
2026-01-05	128	1	2.95	1.48
2026-01-05	128	1	2.95	1.48
2026-01-05	197	1.23	1.65	0.5
2026-01-05	197	0.51	1.65	0.5
2026-01-05	197	0.5	1.65	0.5
2026-01-05	121	0.69	1.99	0.5
2026-01-05	121	1.02	1.99	1
2026-01-05	121	1.39	1.99	0.48
2026-01-05	121	0.99	1.99	1
2026-01-05	121	0.73	1.99	1
2026-01-05	121	0.85	1.99	1
2026-01-05	60	1	2.89	1.45
2026-01-05	62	1	1.85	0.93
2026-02-05	12	0.5	3.95	3.95
2026-02-05	12	0.42	3.95	3.95
2026-02-05	12	0.32	3.95	3.95
2026-02-05	12	0.82	3.95	3.95
2026-02-05	12	0.3	3.95	3.95
2026-02-05	33	0.48	2.99	2.99
2026-02-05	33	0.66	2.99	2.99
2026-02-05	33	0.53	2.99	2.99
2026-02-05	38	0.3	3.45	3.45
2026-02-05	38	0.06	3.45	3.45
2026-02-05	38	0.19	3.45	3.45
2026-02-05	38	0.22	3.45	3.45
2026-02-05	38	0.13	3.45	3.45
2026-02-05	38	0.4	3.45	3.45
2026-02-05	38	0.31	3.45	3.45
2026-02-05	38	0.22	3.45	3.45
2026-02-05	38	0.27	3.45	3.45
2026-02-05	38	0.08	3.45	3.17
2026-02-05	38	0.42	3.45	3.45
2026-02-05	38	0.12	3.45	3.45
2026-02-05	39	0.29	3.95	3.95
2026-02-05	39	0.44	3.95	3.95
2026-02-05	39	0.47	3.95	3.95
2026-02-05	39	0.31	3.95	3.95
2026-02-05	44	0.42	2.69	0.46
2026-02-05	72	1	1.09	0.5
2026-02-05	89	2.76	1.35	0.99
2026-02-05	93	1	3.99	2
2026-02-05	93	1	3.99	2
2026-02-05	93	1	3.99	1
2026-02-05	93	2	3.99	1
2026-02-05	93	1	3.99	2
2026-02-05	93	1	3.99	2
2026-02-05	93	1	3.99	2
2026-02-05	93	1	3.99	2
2026-02-05	93	1	3.99	2
2026-02-05	93	1	3.99	2
2026-02-05	194	0.28	2.59	1
2026-02-05	209	1	1.19	0.83
2026-02-05	121	0.5	2.25	1
2026-02-05	121	0.65	2.25	1
2026-03-05	39	0.55	4.25	0.5
2026-03-05	42	0.17	2.19	0.48
2026-03-05	43	0.32	1.75	0.5
2026-03-05	44	0.66	2.75	0.5
2026-03-05	8	1	2.15	0.5
2026-03-05	52	0.85	1.05	0.5
2026-03-05	52	1.49	1.05	0.5
2026-03-05	94	0.25	2.69	0.5
2026-03-05	94	0.27	2.69	0.5
2026-03-05	94	0.18	2.69	0.5
2026-03-05	185	0.93	1.95	0.5
2026-03-05	219	1	0.89	0.45
2026-03-05	219	1	0.89	0.45
2026-03-05	209	1	1.19	0.6
2026-03-05	209	1	1.19	0.6
2026-03-05	209	1	1.19	0.6
2026-03-05	214	1	2.79	1.29
2026-03-05	214	1	2.79	1.29
2026-03-05	214	1	2.79	1.4
2026-03-05	214	1	2.79	1.4
2026-03-05	214	1	2.79	1.4
2026-03-05	84	1	1.65	0.5
2026-03-05	84	1	1.65	0.5
2026-03-05	32	1.14	2.75	1
2026-03-05	32	1	2.75	1
2026-03-05	165	0.47	5.39	0.5
2026-03-05	50	1	2.95	2.07
2026-03-05	50	1	2.95	2.07
2026-05-05	44	1.22	2.79	0.5
2026-05-05	44	0.24	2.79	0.5
2026-05-05	68	2	1.99	0.5
2026-05-05	68	1	1.99	1
2026-05-05	82	1	1.05	0.5
2026-05-05	82	1	1.05	0.5
2026-05-05	82	1	1.05	0.5
2026-05-05	82	1	1.05	0.5
2026-05-05	103	0.46	2.99	1
2026-05-05	93	1	1.75	0.8
2026-05-05	211	1	1.15	0.58
2026-05-05	211	1	1.15	0.58
2026-05-05	211	1	1.15	0.58
2026-05-05	219	1	0.99	0.5
2026-05-05	98	0.27	2.45	1
2026-05-05	105	0.61	4.25	2
2026-05-05	127	1	2.99	0.8
2026-05-05	11	0.91	1.59	0.5
2026-05-05	121	0.55	2.95	0.5
2026-05-05	218	1	1.39	0.97
2026-05-05	218	1	1.39	0.97
2026-05-05	218	1	1.39	0.97
2026-05-05	218	1	1.39	0.97
2026-05-05	218	1	1.39	0.97
2026-05-05	218	1	1.39	0.97
2026-05-05	60	1	2.75	1.38
2026-05-05	65	1	1.45	0.73
2026-06-05	12	0.81	1.75	0.5
2026-06-05	12	0.94	1.75	0.5
2026-06-05	39	0.33	1.99	0.5
2026-06-05	44	0.78	2.15	0.5
2026-06-05	75	1	1.59	0.4
2026-06-05	75	1	1.59	0.5
2026-06-05	75	1	1.59	0.8
2026-06-05	75	1	1.59	0.8
2026-06-05	107	0.25	3.55	1
2026-06-05	124	1.92	1.55	0.5
2026-06-05	187	0.38	4.99	1
2026-06-05	197	2.09	1.55	0.55
2026-06-05	98	0.5	2.45	0.5
2026-06-05	95	1.43	1.79	0.5
2026-06-05	95	1.52	1.79	0.5
2026-06-05	11	0.42	2.39	0.5
2026-06-05	167	1	1.65	0.3
2026-06-05	121	2.39	2.75	1
2026-06-05	121	0.26	2.75	1
2026-06-05	121	0.59	2.75	1
2026-06-05	121	0.68	2.75	1
2026-06-05	121	1.11	2.75	0.5
2026-06-05	121	1.03	2.75	0.5
2026-06-05	121	0.81	2.75	1
2026-06-05	35	1	0.75	0.56
2026-06-05	35	1	0.75	0.56
2026-02-06	12	0.4	3.95	3.95
2026-02-06	12	0.31	3.95	3.95
2026-02-06	12	0.76	3.95	3.95
2026-02-06	12	0.47	3.95	3.95
2026-02-06	12	0.47	3.95	3.95
2026-02-06	12	0.94	3.95	3.95
2026-02-06	12	0.41	3.95	3.95
2026-02-06	12	0.9	3.95	3.95
2026-02-06	12	0.68	3.95	3.95
2026-02-06	33	0.28	2.99	2.99
2026-02-06	33	0.28	2.99	2.99
2026-02-06	33	0.82	2.99	2.99
2026-02-06	33	0.54	2.99	2.99
2026-02-06	38	0.66	3.99	1
2026-02-06	38	0.25	3.45	3.45
2026-02-06	38	0.15	3.45	3.45
2026-02-06	38	0.1	3.45	3.45
2026-02-06	38	0.19	3.45	3.17
2026-02-06	38	0.2	3.45	3.45
2026-02-06	38	0.25	3.45	3.45
2026-02-06	38	0.48	3.45	3.45
2026-02-06	38	0.23	3.45	3.45
2026-02-06	38	0.1	3.45	3.45
2026-02-06	38	0.17	3.45	3.45
2026-02-06	38	0.41	3.45	3.45
2026-02-06	38	0.15	3.45	3.45
2026-02-06	38	0.07	3.45	3.45
2026-02-06	38	0.08	3.45	3.45
2026-02-06	38	0.43	3.45	3.45
2026-02-06	39	0.42	3.95	3.95
2026-02-06	39	0.27	3.95	3.95
2026-02-06	39	0.62	3.95	3.95
2026-02-06	39	0.31	3.95	3.95
2026-02-06	39	0.27	3.95	3.95
2026-02-06	39	0.48	3.95	3.95
2026-02-06	39	0.39	3.95	3.95
2026-02-06	39	0.84	3.95	3.95
2026-02-06	39	0.45	3.95	3.95
2026-02-06	39	0.36	3.95	3.95
2026-02-06	41	0.54	2.35	0.5
2026-02-06	44	0.18	2.69	0.5
2026-02-06	68	1	1.95	0.9
2026-02-06	89	1.25	1.35	0.9
2026-02-06	93	1	3.99	0.5
2026-02-06	93	1	3.99	2
2026-02-06	95	0.86	1.75	0.5
2026-02-06	165	0.19	5.15	1
2026-02-06	165	0.21	5.15	1
2026-02-06	121	0.38	2.25	1
2026-02-06	121	0.34	2.25	0.5
2026-03-06	38	0.11	3.49	0.5
2026-03-06	88	0.43	2.19	0.5
2026-03-06	88	0.19	2.19	0.5
2026-03-06	20	1	1.09	0.5
2026-03-06	20	1	1.09	0.5
2026-03-06	41	0.38	2.35	0.5
2026-03-06	41	0.73	2.35	0.5
2026-03-06	42	2.76	2.19	0.5
2026-03-06	42	0.44	2.19	0.5
2026-03-06	42	1.05	2.19	0.5
2026-03-06	66	1	1.59	0.6
2026-03-06	128	1	2.25	1.58
2026-03-06	128	1	2.25	1.58
2026-03-06	128	1	2.25	1.58
2026-03-06	128	1	2.25	1.58
2026-03-06	214	1	2.79	1.95
2026-03-06	214	1	2.79	1.4
2026-03-06	213	1	2.85	2
2026-03-06	213	1	2.85	2
2026-03-06	213	1	2.85	2
2026-03-06	213	1	2.85	2
2026-03-06	213	1	2.85	2
2026-03-06	213	1	2.85	2
2026-03-06	213	1	2.85	2
2026-03-06	98	0.29	2.49	0.5
2026-03-06	127	1	2.75	1.93
2026-03-06	127	1	2.75	1.93
2026-03-06	127	1	2.75	1.93
2026-03-06	127	1	2.75	1.93
2026-03-06	127	1	2.75	1.93
2026-03-06	127	1	2.75	1.93
2026-03-06	127	1	2.75	0.5
2026-03-06	32	0.84	2.65	0.5
2026-03-06	32	0.97	2.65	0.5
2026-03-06	57	1	1.35	0.68
2026-03-06	216	1	2.79	1.95
2026-03-06	216	1	2.79	1.95
2026-03-06	65	1	1.45	0.73
2026-03-06	61	1	1.89	0.95
2026-04-06	31	0.45	5.69	1
2026-04-06	31	0.41	5.69	1
2026-04-06	39	0.32	3.45	2
2026-04-06	42	0.78	2.15	0.5
2026-04-06	52	0.62	1.25	0.5
2026-04-06	52	0.39	1.25	0.99
2026-04-06	52	1.91	1.25	0.5
2026-04-06	52	2.1	1.25	0.5
2026-04-06	52	0.83	1.25	0.5
2026-04-06	93	1	1.95	0.98
2026-04-06	93	1	1.95	0.98
2026-04-06	93	1	1.95	0.98
2026-04-06	93	1	1.95	0.98
2026-04-06	93	1	1.95	0.98
2026-04-06	93	1	1.95	0.98
2026-04-06	93	1	1.95	0.98
2026-04-06	93	1	1.95	1
2026-04-06	128	1	2.25	1.13
2026-04-06	128	1	2.25	1.13
2026-04-06	185	1.46	1.69	1
2026-04-06	187	0.43	4.49	1
2026-04-06	195	1	3.59	1.5
2026-04-06	195	2	3.59	0.5
2026-04-06	198	1	1	0.5
2026-04-06	211	1	1.15	0.58
2026-04-06	219	1	0.99	0.5
2026-04-06	219	1	0.99	0.5
2026-04-06	219	1	0.99	0.5
2026-04-06	219	1	0.99	0.5
2026-04-06	219	1	0.99	0.5
2026-04-06	219	1	0.99	0.5
2026-04-06	207	1	1.29	0.65
2026-04-06	207	1	1.29	0.65
2026-04-06	207	1	1.29	0.65
2026-04-06	207	1	1.29	0.65
2026-04-06	207	1	1.29	0.65
2026-04-06	207	1	1.29	0.65
2026-04-06	207	1	1.29	0.65
2026-04-06	207	1	1.29	0.65
2026-04-06	207	1	1.29	0.65
2026-04-06	207	1	1.29	0.65
2026-04-06	207	1	1.29	0.65
2026-04-06	207	1	1.29	0.65
2026-04-06	207	1	1.29	0.65
2026-04-06	207	1	1.29	0.65
2026-04-06	207	1	1.29	0.65
2026-04-06	209	1	1.19	0.6
2026-04-06	209	1	1.19	0.6
2026-04-06	209	1	1.19	0.6
2026-04-06	209	1	1.19	0.6
2026-04-06	209	1	1.19	0.6
2026-04-06	209	1	1.19	0.6
2026-04-06	209	1	1.19	0.6
2026-04-06	209	1	1.19	0.55
2026-04-06	209	1	1.19	0.6
2026-04-06	209	1	1.19	0.6
2026-04-06	209	1	1.19	0.6
2026-04-06	209	1	1.19	0.6
2026-04-06	209	1	1.19	0.6
2026-04-06	209	1	1.19	0.55
2026-04-06	214	1	2.79	1.4
2026-04-06	214	1	2.79	1.4
2026-04-06	214	1	2.79	1.4
2026-04-06	214	1	2.79	1.4
2026-04-06	214	1	2.79	1.4
2026-04-06	215	1	2.79	1.4
2026-04-06	215	1	2.79	1.4
2026-04-06	215	1	2.79	1.4
2026-04-06	95	1.02	1.75	0.5
2026-04-06	95	1.02	1.75	0.5
2026-04-06	95	0.83	1.75	0.5
2026-04-06	95	0.63	1.75	1.59
2026-04-06	95	0.6	1.75	1.59
2026-04-06	127	1	2.75	1.38
2026-04-06	127	1	2.75	1.38
2026-04-06	127	1	2.75	1.38
2026-04-06	127	1	2.75	1.38
2026-04-06	127	1	2.75	1.38
2026-04-06	11	0.85	1.75	0.5
2026-04-06	11	0.36	1.75	0.5
2026-04-06	110	1	3.35	2.35
2026-04-06	110	1	3.35	2.35
2026-04-06	110	1	3.35	2.16
2026-04-06	121	0.31	2.29	1.95
2026-04-06	121	0.54	2.29	1.95
2026-04-06	121	0.93	2.29	1.95
2026-04-06	121	0.58	2.29	1.95
2026-04-06	218	1	1.39	0.7
2026-04-06	218	1	1.39	0.64
2026-04-06	218	1	1.39	0.64
2026-04-06	218	1	1.39	0.64
2026-04-06	218	1	1.39	0.64
2026-04-06	218	1	1.39	0.64
2026-04-06	96	0.57	2.49	1
2026-04-06	96	0.8	2.49	1
2026-05-06	44	1.59	2.79	0.5
2026-05-06	44	0.28	2.79	0.5
2026-05-06	8	2	1.99	0.5
2026-05-06	52	0.71	0.99	0.5
2026-05-06	219	1	0.99	0.5
2026-05-06	219	1	0.99	0.5
2026-05-06	219	1	0.99	0.5
2026-05-06	95	0.93	1.59	0.5
2026-05-06	11	0.47	1.59	0.5
2026-05-06	218	1	1.39	0.97
2026-05-06	218	1	1.39	0.97
2026-05-06	218	1	1.39	0.97
2026-05-06	46	0.55	3.25	0.5
2026-06-06	39	0.5	1.99	0.5
2026-06-06	43	0.14	2.19	1
2026-06-06	94	0.22	2.85	0.5
2026-06-06	103	0.53	2.99	1
2026-06-06	103	1.28	2.99	1
2026-06-06	103	0.97	2.99	1
2026-06-06	103	0.18	2.99	0.5
2026-06-06	111	0.98	2.99	0.5
2026-06-06	105	0.64	3.99	0.5
2026-06-06	101	0.15	2.69	0.5
2026-06-06	101	0.16	2.69	0.5
2026-06-06	121	0.16	2.75	0.5
2026-06-06	35	1	0.75	0.56
2026-07-06	18	0.47	1.79	1.85
2026-07-06	39	0.48	2.99	1
2026-07-06	42	0.13	1.99	0.46
2026-07-06	42	0.71	1.99	0.5
2026-07-06	43	0.65	1.95	1.75
2026-07-06	43	0.42	1.95	1.75
2026-07-06	44	2.06	1.45	0.5
2026-07-06	44	0.52	1.45	0.5
2026-07-06	44	1.99	1.45	0.5
2026-07-06	44	1.49	1.45	0.5
2026-07-06	66	1	1.59	0.8
2026-07-06	66	1	1.59	0.8
2026-07-06	66	1	1.59	0.8
2026-07-06	66	1	1.59	0.8
2026-07-06	66	1	1.59	0.8
2026-07-06	75	1	1.59	0.8
2026-07-06	75	1	1.59	0.8
2026-07-06	75	1	1.59	0.8
2026-07-06	75	1	1.59	0.8
2026-07-06	124	0.44	1.55	0.5
2026-07-06	124	1.17	1.55	0.5
2026-07-06	124	1.93	1.55	0.5
2026-07-06	114	1.09	5.49	1.8
2026-07-06	114	0.49	5.49	3
2026-07-06	197	0.27	1.99	1.55
2026-07-06	197	0.52	1.99	1.55
2026-07-06	197	0.55	1.99	1.55
2026-07-06	197	0.52	1.99	1.55
2026-07-06	197	1.43	1.99	1.55
2026-07-06	199	2.01	3.89	0.8
2026-07-06	207	1	1.29	0.65
2026-07-06	207	1	1.29	0.65
2026-07-06	207	1	1.29	0.65
2026-07-06	209	1	1.19	0.6
2026-07-06	209	1	1.19	0.6
2026-07-06	121	1.01	1.99	1
2026-07-06	121	0.96	1.99	0.6
2026-07-06	125	1	2.99	1.5
2026-07-06	125	1	2.99	1.5
2026-07-06	125	1	2.99	1.5
2026-07-06	125	1	2.99	1.5
2026-07-06	48	1	1.99	1.49
2026-07-06	48	1	1.99	1.49
2026-07-06	48	1	1.99	1.49
2026-07-06	50	1	2.95	1.48
2026-07-06	50	1	2.95	1.48
2026-07-06	50	1	2.95	1.48
2026-01-07	28	1	2.85	0.5
2026-01-07	28	2	2.85	0.5
2026-01-07	28	2	2.85	1
2026-01-07	28	2	2.85	0.5
2026-01-07	31	0.57	5.69	1
2026-01-07	31	0.36	5.69	1
2026-01-07	31	0.15	5.69	2
2026-01-07	20	1	1.09	0.48
2026-01-07	68	1	1.95	0.5
2026-01-07	97	0.17	1.85	0.5
2026-01-07	128	1	2.85	0.5
2026-01-07	128	1	2.85	0.5
2026-01-07	117	0.17	2.65	0.5
2026-01-07	197	0.72	1.65	0.5
2026-01-07	197	1.05	1.65	0.5
2026-01-07	167	1	1.29	0.5
2026-01-07	101	0.62	2.85	0.5
2026-01-07	101	0.16	2.85	0.5
2026-01-07	121	1.57	1.99	0.8
2026-01-07	121	0.81	1.99	0.5
2026-01-07	121	1.46	1.99	0.7
2026-01-07	121	0.61	1.99	1
2026-01-07	60	1	2.89	1.45
2026-02-07	12	1.55	3.95	3.95
2026-02-07	12	0.73	3.95	3.95
2026-02-07	12	0.32	3.95	3.95
2026-02-07	12	1.05	3.95	3.95
2026-02-07	12	0.43	3.95	3.95
2026-02-07	28	1	2.85	1.5
2026-02-07	33	0.44	2.99	2.99
2026-02-07	33	0.39	2.99	2.99
2026-02-07	33	0.29	2.99	2.99
2026-02-07	33	0.5	2.99	2.99
2026-02-07	33	0.36	2.99	2.99
2026-02-07	33	0.35	2.99	2.99
2026-02-07	33	0.32	2.99	2.99
2026-02-07	33	0.37	2.99	2.99
2026-02-07	38	0.19	3.45	3.45
2026-02-07	38	0.2	3.45	3.45
2026-02-07	38	0.39	3.45	3.45
2026-02-07	38	0.38	3.45	3.45
2026-02-07	38	0.14	3.45	3.45
2026-02-07	38	0.22	3.45	3.45
2026-02-07	38	0.27	3.45	3.45
2026-02-07	38	0.36	3.45	3.45
2026-02-07	38	0.28	3.45	3.45
2026-02-07	38	0.46	3.45	3.45
2026-02-07	38	0.13	3.45	3.45
2026-02-07	38	0.24	3.45	3.45
2026-02-07	38	0.13	3.45	3.45
2026-02-07	38	0.33	3.45	3.45
2026-02-07	38	0.19	3.45	3.45
2026-02-07	38	0.37	3.45	3.45
2026-02-07	38	0.23	3.45	3.45
2026-02-07	39	0.39	3.95	3.95
2026-02-07	39	0.78	3.95	3.95
2026-02-07	39	0.41	3.95	3.95
2026-02-07	39	0.27	3.95	3.95
2026-02-07	39	0.42	3.95	3.95
2026-02-07	39	0.46	3.95	3.95
2026-02-07	39	0.48	3.95	3.95
2026-02-07	39	0.74	3.95	0.5
2026-02-07	39	0.35	3.95	3.95
2026-02-07	42	0.59	1.95	0.5
2026-02-07	8	1	2.15	0.6
2026-02-07	83	0.65	2.25	0.5
2026-02-07	94	0.25	2.69	0.5
2026-02-07	197	1.03	1.35	0.5
2026-02-07	98	0.55	2.29	1
2026-02-07	96	0.38	2.65	1
2026-03-07	38	0.13	3.49	0.5
2026-03-07	43	1.03	1.75	0.5
2026-03-07	44	0.58	3.15	0.5
2026-03-07	52	1.19	1.05	0.5
2026-03-07	99	0.23	2.95	0.5
2026-03-07	99	0.54	2.95	0.6
2026-03-07	109	0.63	2.95	2
2026-03-07	128	1	2.25	1.58
2026-03-07	185	1.38	1.95	0.7
2026-03-07	214	1	2.79	1.79
2026-03-07	11	0.54	2.35	0.5
2026-03-07	101	0.15	2.79	0.5
2026-03-07	121	0.51	1.99	0.8
2026-03-07	216	1	2.79	1.79
2026-03-07	216	1	2.79	1.95
2026-03-07	186	1	2.25	1.58
2026-03-07	186	1	2.25	1.58
2026-03-07	186	1	2.25	1.58
2026-04-07	52	1.11	1.25	0.5
2026-04-07	94	0.23	2.69	1
2026-04-07	89	2.47	2.25	0.5
2026-04-07	89	0.98	2.25	1
2026-04-07	89	1.11	2.25	1
2026-04-07	128	1	2.25	1.13
2026-04-07	185	1.58	1.69	0.5
2026-04-07	187	0.54	4.49	1
2026-04-07	196	2	2.35	0.5
2026-04-07	194	0.58	2.49	0.5
2026-04-07	209	1	1.19	0.6
2026-04-07	209	1	1.19	0.6
2026-04-07	127	1	2.75	1.38
2026-04-07	127	1	2.75	1.38
2026-04-07	127	1	2.75	1.38
2026-04-07	127	1	2.75	1.38
2026-04-07	127	1	2.75	1.38
2026-04-07	127	1	2.75	1.38
2026-04-07	127	1	2.75	1.38
2026-04-07	110	1	3.35	2.35
2026-04-07	35	1	0.99	0.79
2026-04-07	35	1	0.99	0.79
2026-04-07	35	1	0.99	0.79
2026-04-07	35	1	0.99	0.79
2026-04-07	35	1	0.99	0.79
2026-04-07	35	1	0.99	0.79
2026-04-07	35	1	0.99	0.79
2026-04-07	48	1	1.99	1.69
2026-04-07	48	1	1.99	1.69
2026-04-07	48	1	1.99	1.69
2026-04-07	48	1	1.99	1.69
2026-04-07	49	1	1.99	1.69
2026-04-07	49	1	1.99	1.69
2026-05-07	73	2	1.85	0.5
2026-05-07	82	1	1.05	0.5
2026-05-07	82	1	1.05	0.8
2026-05-07	219	1	0.99	0.5
2026-05-07	215	1	2.79	0.5
2026-05-07	87	2	1.59	0.5
2026-05-07	11	0.72	1.35	0.8
2026-05-07	218	1	1.39	0.64
2026-05-07	218	1	1.39	0.64
2026-05-07	218	1	1.39	0.64
2026-05-07	60	1	2.75	1.38
2026-05-07	60	1	2.75	1.38
2026-05-07	35	1	0.79	0.63
2026-05-07	50	1	2.69	1.88
2026-05-07	50	1	2.69	1.88
2026-07-07	52	0.96	1.25	0.5
2026-07-07	66	1	1.59	1.19
2026-07-07	66	1	1.59	1.19
2026-07-07	66	1	1.59	1.19
2026-07-07	66	1	1.59	1.19
2026-07-07	75	1	1.59	0.8
2026-07-07	75	1	1.59	0.8
2026-07-07	75	1	1.59	0.8
2026-07-07	124	1.71	1.55	0.5
2026-07-07	124	0.31	1.55	0.5
2026-07-07	187	0.24	5.49	1
2026-07-07	197	1.43	1.99	0.5
2026-07-07	197	0.25	1.99	1.55
2026-07-07	121	1.28	1.99	0.5
2026-07-07	50	1	2.95	1.48
2026-01-08	12	0.36	3.99	0.5
2026-01-08	39	0.31	4.35	1
2026-01-08	194	0.79	2.35	0.5
2026-01-08	165	0.18	4.25	1
2026-01-08	165	0.41	4.25	1
2026-01-08	101	0.14	2.85	0.5
2026-01-08	121	0.99	1.99	1
2026-04-08	38	0.13	3.99	1
2026-04-08	41	0.49	2.35	0.5
2026-04-08	42	0.59	2.15	0.5
2026-04-08	42	0.77	2.15	0.8
2026-04-08	52	0.24	1.25	0.5
2026-04-08	75	1	1.59	0.5
2026-04-08	94	0.51	2.69	0.5
2026-04-08	99	0.27	2.99	1
2026-04-08	185	0.71	1.69	1
2026-04-08	187	0.53	4.49	1
2026-04-08	199	0.48	2.15	0.5
2026-04-08	198	1	1	0.5
2026-04-08	198	2	1	0.25
2026-04-08	201	2.23	1.59	0.8
2026-04-08	98	0.59	2.25	0.8
2026-04-08	87	1	1.59	0.6
2026-04-08	87	2	1.59	0.4
2026-04-08	87	1	1.59	0.5
2026-04-08	127	1	2.75	1.38
2026-04-08	127	1	2.75	1.38
2026-04-08	127	1	2.75	1.38
2026-04-08	121	0.26	2.29	1
2026-04-08	121	0.62	2.29	1.2
2026-04-08	121	0.99	2.29	0.5
2026-04-08	121	0.92	2.29	1
2026-04-08	40	1	2.85	1.43
2026-04-08	60	1	2.75	1.93
2026-04-08	60	1	2.75	1.93
2026-04-08	65	1	1.45	1.02
2026-04-08	65	1	1.45	1.02
2026-04-08	65	1	1.45	1.02
2026-04-08	65	1	1.45	1.02
2026-04-08	65	1	1.45	1.02
2026-04-08	65	1	1.45	1.02
2026-04-08	61	1	1.89	1.32
2026-04-08	61	1	1.89	1.32
2026-04-08	61	1	1.89	1.32
2026-04-08	96	0.54	2.49	1
2026-04-08	96	0.28	2.49	0.5
2026-04-08	48	1	1.99	1.39
2026-04-08	48	1	1.99	1.39
2026-04-08	48	1	1.99	1.39
2026-04-08	48	1	1.99	1.28
2026-04-08	49	1	1.99	1.39
2026-04-08	50	1	2.99	1.92
2026-04-08	50	1	2.99	1.92
2026-04-08	50	1	2.99	1.92
2026-04-08	50	1	2.99	2.09
2026-04-08	50	1	2.99	2.09
2026-04-08	50	1	2.99	2.09
2026-05-08	39	0.77	3.55	1
2026-05-08	44	0.58	2.49	2.65
2026-05-08	44	0.85	2.49	2.65
2026-05-08	44	1.05	2.49	2.65
2026-05-08	103	0.25	2.99	0.5
2026-05-08	197	0.23	1.59	0.5
2026-05-08	165	0.19	5.45	1
2026-05-08	101	0.18	2.69	0.5
2026-05-08	121	0.89	2.95	1
2026-05-08	121	0.5	2.95	1
2026-05-08	121	0.57	2.95	1
2026-05-08	190	1	3.79	1.9
2026-05-08	35	1	0.79	0.63
2026-05-08	35	1	0.79	0.58
2026-05-08	35	1	0.79	0.63
2026-05-08	50	1	2.69	1.73
2026-06-08	12	0.48	1.75	0.5
2026-06-08	18	0.11	1.45	0.5
2026-06-08	41	0.27	1.75	1
2026-06-08	42	0.56	1.99	0.5
2026-06-08	52	0.66	1.35	0.5
2026-06-08	69	1	1.25	0.5
2026-06-08	75	1	1.59	0.5
2026-06-08	103	1.03	2.99	1
2026-06-08	107	0.49	3.55	1
2026-06-08	124	0.87	1.55	0.5
2026-06-08	155	1	0.85	0.64
2026-06-08	178	0.83	3.45	1
2026-06-08	95	0.58	1.79	0.5
2026-06-08	105	0.36	3.89	1
2026-06-08	11	0.37	2.39	1
2026-06-08	112	0.63	3.29	1
2026-06-08	112	0.49	3.29	1
2026-06-08	121	0.93	2.45	1
2026-06-08	121	0.46	2.45	0.5
2026-06-08	218	1	1.39	0.7
2026-06-08	218	1	1.39	0.7
2026-06-08	65	1	1.45	0.73
2026-06-08	65	1	1.45	0.73
2026-06-08	49	1	1.75	0.88
2026-07-08	12	0.31	1.99	2.15
2026-07-08	12	0.85	1.99	2.15
2026-07-08	18	0.34	1.79	1
2026-07-08	38	0.32	2.89	2.35
2026-07-08	44	0.68	1.45	1
2026-07-08	44	0.48	1.45	0.5
2026-07-08	66	1	1.59	0.9
2026-07-08	66	1	1.59	1.19
2026-07-08	114	1.23	5.49	1
2026-07-08	114	0.96	5.49	3
2026-07-08	114	0.61	5.49	3
2026-07-08	197	1.85	1.99	0.8
2026-07-08	167	2	1.49	0.5
2026-07-08	167	1	1.49	0.5
2026-07-08	167	2	1.49	0.5
2026-07-08	167	1	1.49	0.5
2026-07-08	167	2	1.49	0.5
2026-07-08	121	0.25	1.99	1
2026-01-09	18	0.37	3.59	1.49
2026-01-09	18	0.35	3.59	1.49
2026-01-09	18	0.39	3.59	1.49
2026-01-09	18	0.41	3.59	1.49
2026-01-09	18	0.37	3.59	1.49
2026-01-09	18	0.41	3.59	1.49
2026-01-09	18	1.75	3.59	1.49
2026-01-09	18	0.86	3.59	1.49
2026-01-09	18	0.39	3.59	1.49
2026-01-09	18	0.85	3.59	1.49
2026-01-09	4	1	0.95	0.4
2026-01-09	38	0.46	3.99	0.5
2026-01-09	39	0.39	4.35	2
2026-01-09	39	0.43	4.35	0.5
2026-01-09	52	0.85	0.95	0.5
2026-01-09	69	1	1.29	0.5
2026-01-09	97	1.43	1.85	0.5
2026-01-09	197	1.01	1.65	0.46
2026-01-09	197	1.85	1.65	0.46
2026-01-09	197	1.1	1.65	0.5
2026-01-09	197	1.46	1.65	0.5
2026-01-09	197	2.8	1.65	0.5
2026-01-09	197	1.92	1.65	0.5
2026-01-09	197	0.49	1.65	0.5
2026-01-09	201	0.67	1.45	0.5
2026-01-09	219	1	0.95	0.48
2026-01-09	219	1	0.95	0.48
2026-01-09	208	1	0.95	0.48
2026-01-09	59	1.08	4.55	2.5
2026-01-09	100	0.72	2.59	1.5
2026-01-09	11	2.39	3.25	2.85
2026-01-09	11	0.42	3.25	2.85
2026-01-09	11	0.74	3.25	2.85
2026-01-09	11	0.54	3.25	2.85
2026-01-09	11	0.88	3.25	2.85
2026-01-09	11	0.62	3.25	2.85
2026-01-09	11	0.72	3.25	2.85
2026-01-09	11	0.74	3.25	2.85
2026-01-09	11	1.41	3.25	2.85
2026-01-09	11	0.92	3.25	2.85
2026-01-09	165	0.46	4.25	1
2026-01-09	48	1.22	4.49	3.99
2026-01-09	48	0.2	4.49	3.99
2026-01-09	48	0.41	4.49	3.99
2026-01-09	48	0.41	4.49	3.99
2026-01-09	48	0.79	4.49	3.99
2026-01-09	48	0.42	4.49	3.99
2026-01-09	48	0.64	4.49	3.99
2026-02-09	12	0.36	3.95	3.95
2026-02-09	12	0.71	3.95	3.95
2026-02-09	12	0.79	3.95	3.95
2026-02-09	12	0.39	3.95	3.63
2026-02-09	12	0.64	3.95	3.95
2026-02-09	12	0.34	3.95	3.95
2026-02-09	12	1.34	3.95	3.95
2026-02-09	31	0.16	5.69	1
2026-02-09	33	0.72	2.99	2.99
2026-02-09	33	0.8	2.99	2.99
2026-02-09	33	0.66	2.99	2.99
2026-02-09	33	0.44	2.99	2.75
2026-02-09	33	0.39	2.99	2.99
2026-02-09	33	0.46	2.99	2.99
2026-02-09	33	0.36	2.99	2.99
2026-02-09	38	0.47	3.45	3.45
2026-02-09	38	0.39	3.45	3.45
2026-02-09	38	0.08	3.45	3.45
2026-02-09	38	0.14	3.45	3.45
2026-02-09	38	0.22	3.45	3.45
2026-02-09	38	0.11	3.45	3.45
2026-02-09	38	0.18	3.45	3.45
2026-02-09	38	0.09	3.45	3.45
2026-02-09	38	0.35	3.45	3.45
2026-02-09	38	0.2	3.45	3.45
2026-02-09	38	0.25	3.45	3.45
2026-02-09	38	0.18	3.45	3.45
2026-02-09	38	0.09	3.45	3.45
2026-02-09	38	0.09	3.45	3.45
2026-02-09	38	0.32	3.45	3.45
2026-02-09	38	0.24	3.45	3.45
2026-02-09	38	0.16	3.45	3.45
2026-02-09	39	1.59	3.95	3.95
2026-02-09	39	0.25	3.95	3.95
2026-02-09	39	0.93	3.95	3.95
2026-02-09	39	0.24	3.95	3.95
2026-02-09	39	0.27	3.95	3.95
2026-02-09	39	0.38	3.95	3.95
2026-02-09	39	0.3	3.95	3.95
2026-02-09	39	0.42	3.95	3.95
2026-02-09	42	0.8	2.15	1.95
2026-02-09	42	0.23	2.15	1.95
2026-02-09	42	0.85	2.15	1.95
2026-02-09	42	0.94	2.15	1.79
2026-02-09	42	0.51	2.15	1.95
2026-02-09	42	0.92	2.15	1.95
2026-02-09	42	2.46	2.15	0.5
2026-02-09	42	0.22	2.15	1.79
2026-02-09	42	0.79	2.15	1.95
2026-02-09	42	0.38	2.15	1.95
2026-02-09	43	0.26	2.29	2.49
2026-02-09	43	1.03	2.29	2.39
2026-02-09	43	0.75	2.29	2.49
2026-02-09	43	0.28	2.29	2.49
2026-02-09	43	1.1	2.29	2.29
2026-02-09	43	0.58	2.29	2.49
2026-02-09	43	0.27	2.29	2.49
2026-02-09	43	0.7	2.29	2.49
2026-02-09	43	0.38	2.29	2.49
2026-02-09	43	0.44	2.29	2.49
2026-02-09	75	1	1.55	0.78
2026-02-09	94	0.49	2.69	0.5
2026-02-09	103	0.5	3.15	0.5
2026-02-09	89	1.28	1.35	0.7
2026-02-09	89	1.11	1.35	0.7
2026-02-09	93	1	3.95	1.98
2026-02-09	93	1	3.95	1.98
2026-02-09	93	1	3.95	1.98
2026-02-09	93	1	3.95	1.98
2026-02-09	93	1	3.95	1.98
2026-02-09	93	1	3.95	0.7
2026-02-09	93	1	3.95	1.98
2026-02-09	93	1	3.95	1.98
2026-02-09	93	1	3.95	1.98
2026-02-09	187	0.22	4.79	0.5
2026-02-09	196	1	2.49	1.5
2026-02-09	199	0.36	2.15	1.99
2026-02-09	199	1.27	2.15	1.99
2026-02-09	199	0.36	2.15	1.99
2026-02-09	199	0.16	2.15	1.99
2026-02-09	199	0.81	2.15	1.99
2026-02-09	199	0.32	2.15	1.99
2026-02-09	199	0.15	2.15	1.99
2026-02-09	84	2	1.65	0.5
2026-02-09	98	0.55	2.45	2.29
2026-02-09	98	0.53	2.45	2.29
2026-02-09	165	0.28	5.15	0.5
2026-02-09	57	1	1.35	0.68
2026-02-09	57	1	1.35	0.68
2026-02-09	217	1	1.59	0.74
2026-02-09	217	1	1.59	0.8
2026-03-09	2	1	1.39	0.5
2026-03-09	18	1.01	2.45	1.99
2026-03-09	8	1	1.45	0.3
2026-03-09	33	0.31	3.49	0.5
2026-03-09	33	0.95	3.49	0.8
2026-03-09	33	0.48	3.49	1
2026-03-09	38	0.19	4.15	3.49
2026-03-09	39	0.43	4.25	1
2026-03-09	42	0.35	2.19	0.5
2026-03-09	44	0.49	3.25	3.15
2026-03-09	70	1	2.19	1.1
2026-03-09	70	1	2.19	0.5
2026-03-09	83	1.09	2.25	0.5
2026-03-09	94	0.47	2.69	0.5
2026-03-09	93	1	3.59	2
2026-03-09	93	1	3.59	2
2026-03-09	93	1	3.59	2
2026-03-09	109	1.76	2.95	1
2026-03-09	128	1	2.25	1.13
2026-03-09	118	0.52	4.49	2
2026-03-09	170	1	1.49	0.75
2026-03-09	196	1	2.49	1
2026-03-09	195	1	3.65	1
2026-03-09	207	1	1.29	0.65
2026-03-09	207	1	1.29	0.65
2026-03-09	127	1	2.75	1.93
2026-03-09	127	1	2.75	1
2026-03-09	121	0.11	1.99	0.5
2026-03-09	121	0.95	1.99	1
2026-03-09	57	1	1.35	0.5
2026-03-09	35	1	1.39	0.97
2026-03-09	35	1	1.39	0.97
2026-03-09	35	1	1.39	0.97
2026-03-09	35	1	1.39	0.97
2026-03-09	186	1	2.25	1.04
2026-03-09	186	1	2.25	1.13
2026-03-09	186	1	2.25	1.04
2026-04-09	18	0.15	1.99	1
2026-04-09	94	0.24	2.69	1
2026-04-09	187	0.54	3.99	1
2026-04-09	213	1	2.85	2.28
2026-04-09	213	1	2.85	2.28
2026-04-09	213	1	2.85	2.28
2026-04-09	121	0.27	2.29	0.5
2026-04-09	121	0.09	2.29	0.5
2026-04-09	60	1	2.75	1.93
2026-04-09	62	1	1.85	1.3
2026-04-09	96	1.89	2.79	1
2026-04-09	48	1	1.99	1.39
2026-04-09	49	1	1.99	1.39
2026-04-09	49	1	1.99	1.39
2026-05-09	39	0.46	3.55	0.8
2026-05-09	20	1	1.09	0.5
2026-05-09	42	0.41	2.15	0.96
2026-05-09	42	0.79	2.15	0.5
2026-05-09	68	1	1.99	0.4
2026-05-09	69	1	1.25	0.5
2026-05-09	69	1	1.25	0.5
2026-05-09	76	1	0.99	0.4
2026-05-09	82	1	1.05	0.5
2026-05-09	124	0.45	1.55	1
2026-05-09	185	1.57	1.89	0.5
2026-05-09	197	1.14	1.59	0.8
2026-05-09	219	1	0.99	0.5
2026-05-09	219	1	0.99	0.5
2026-05-09	219	1	0.99	0.5
2026-05-09	209	1	1.19	0.6
2026-05-09	127	1	3.25	1.63
2026-05-09	127	1	3.25	1.63
2026-05-09	127	1	3.25	1.63
2026-05-09	32	1.34	1.99	1
2026-05-09	121	1.05	2.95	0.8
2026-05-09	35	1	0.79	0.4
2026-05-09	35	1	0.79	0.4
2026-05-09	50	1	2.69	1.35
2026-05-09	50	1	2.69	1.35
2026-06-09	27	1	3.75	2.35
2026-06-09	27	1	3.75	2.35
2026-06-09	27	1	3.75	0.5
2026-06-09	27	1	3.75	2.35
2026-06-09	42	0.4	1.99	0.5
2026-06-09	130	1	1.59	0.75
2026-06-09	114	0.54	3.99	1
2026-06-09	114	0.38	3.99	2
2026-06-09	114	0.98	3.99	2
2026-06-09	114	0.22	3.99	1
2026-06-09	111	0.95	3.25	1
2026-06-09	196	2	2.85	1
2026-06-09	87	1	1.59	0.5
2026-06-09	87	1	1.59	0.5
2026-06-09	87	1	1.59	0.5
2026-06-09	11	0.65	2.39	1
2026-06-09	112	0.94	3.29	1
2026-06-09	121	0.29	2.45	0.5
2026-06-09	121	0.65	2.45	1
2026-06-09	121	0.57	2.45	0.5
2026-06-09	46	0.74	3.45	0.8
2026-06-09	47	0.43	4.69	2
2026-06-09	35	1	0.75	0.56
2026-06-09	35	1	0.75	0.56
2026-06-09	35	1	0.75	0.56
2026-07-09	43	0.57	1.89	1
2026-07-09	8	1	1.99	1
2026-07-09	124	1.58	1.55	0.5
2026-07-09	114	0.37	5.49	3
2026-07-09	114	1.13	5.49	1
2026-07-09	187	0.11	5.45	1
2026-07-09	187	0.51	5.45	1
2026-07-09	197	2.21	1.99	0.8
2026-07-09	95	0.9	1.79	0.5
2026-07-09	100	1.04	2.69	1.5
2026-07-09	167	1	1.49	0.5
2026-07-09	121	0.98	1.89	1
2026-07-09	218	1	1.39	1.04
2026-07-09	218	1	1.39	1.04
2026-07-09	218	1	1.39	1.04
2026-07-09	218	1	1.39	1.04
2026-07-09	218	1	1.39	1.04
2026-01-10	97	1.18	1.85	1
2026-01-10	180	0.39	6.75	2
2026-01-10	219	1	0.95	0.48
2026-01-10	219	1	0.95	0.48
2026-01-10	11	0.48	3.25	2.85
2026-01-10	11	0.5	3.25	2.85
2026-01-10	11	0.24	3.25	2.85
2026-01-10	11	1.76	3.25	2.85
2026-01-10	11	0.31	3.25	2.85
2026-01-10	121	1.7	1.99	0.48
2026-01-10	121	0.92	1.99	0.5
2026-01-10	121	0.49	1.99	0.5
2026-01-10	121	1.09	1.99	0.5
2026-01-10	121	0.37	1.99	0.5
2026-01-10	48	0.4	4.49	3.99
2026-02-10	42	0.34	2.15	0.5
2026-02-10	58	0.64	2.45	0.5
2026-02-10	58	0.47	2.45	0.5
2026-02-10	58	0.34	2.45	0.5
2026-02-10	68	1	1.95	0.9
2026-02-10	69	1	1.19	0.5
2026-02-10	69	1	1.19	0.5
2026-02-10	75	1	1.55	0.5
2026-02-10	93	1	3.95	1
2026-02-10	178	0.85	3.49	1.5
2026-02-10	197	0.72	1.35	0.5
2026-02-10	95	0.99	1.75	0.5
2026-02-10	11	0.57	2.95	1
2026-02-10	101	0.24	2.69	0.5
2026-02-10	57	1	1.35	0.68
2026-03-10	33	0.15	3.49	0.5
2026-03-10	41	0.77	2.35	0.5
2026-03-10	68	2	1.95	0.5
2026-03-10	94	0.73	2.69	0.5
2026-03-10	93	1	3.25	1
2026-03-10	118	0.29	4.49	2
2026-03-10	170	1	1.49	0.75
2026-03-10	187	0.11	4.75	0.5
2026-03-10	194	0.75	2.29	0.5
2026-03-10	194	0.2	2.29	0.5
2026-03-10	195	1	3.99	1
2026-03-10	95	0.48	1.59	0.5
2026-03-10	127	1	2.75	1.38
2026-03-10	127	1	2.75	1.38
2026-03-10	127	1	2.75	1.38
2026-03-10	127	1	2.75	1.38
2026-03-10	121	0.93	1.99	1
2026-03-10	121	0.82	1.99	1
2026-03-10	121	0.47	1.99	0.5
2026-03-10	121	0.55	1.99	0.5
2026-03-10	125	1	2.85	1.43
2026-03-10	35	1	1.19	0.97
2026-03-10	35	1	1.19	0.97
2026-04-10	12	0.47	2.15	0.5
2026-04-10	18	0.37	1.99	0.5
2026-04-10	4	1	0.99	0.4
2026-04-10	41	1.18	2.35	0.5
2026-04-10	41	0.88	2.35	0.5
2026-04-10	68	1	1.99	0.8
2026-04-10	187	0.23	3.99	0.5
2026-04-10	194	0.5	2.49	0.5
2026-04-10	199	0.35	2.95	0.5
2026-04-10	98	0.77	2.25	0.5
2026-04-10	95	0.89	1.75	0.5
2026-04-10	165	0.49	5.39	1
2026-04-10	121	1.21	2.29	0.5
2026-04-10	121	0.26	2.29	1
2026-04-10	62	1	1.85	1.3
2026-04-10	35	1	0.99	0.79
2026-04-10	49	1	1.99	1.39
2026-06-10	12	0.3	1.75	0.5
2026-06-10	18	0.49	1.45	0.5
2026-06-10	31	0.16	5.69	1
2026-06-10	4	1	1.05	0.4
2026-06-10	27	1	3.75	0.5
2026-06-10	27	1	3.75	2.35
2026-06-10	38	0.21	2.15	1
2026-06-10	111	0.16	3.25	0.5
2026-06-10	187	0.09	4.99	0.5
2026-06-10	105	0.55	3.89	1
2026-06-10	11	0.54	2.39	1.5
2026-06-10	121	0.13	2.45	1
2026-06-10	46	0.51	3.45	1
2026-06-10	35	1	0.75	0.56
2026-06-10	35	1	0.75	0.56
2026-06-10	35	1	0.75	0.56
2026-06-10	35	1	0.75	0.56
2026-07-10	38	0.21	2.99	0.96
2026-07-10	39	0.24	2.99	1
2026-07-10	43	0.96	1.89	0.8
2026-07-10	103	0.87	2.85	2.75
2026-07-10	124	2.14	1.55	0.5
2026-07-10	124	0.45	1.55	1.39
2026-07-10	124	0.37	1.55	1
2026-07-10	114	1.82	5.49	2
2026-07-10	114	0.8	5.49	1.5
2026-07-10	114	0.51	5.49	3
2026-07-10	109	0.76	2.49	0.8
2026-07-10	111	0.19	1.75	0.5
2026-07-10	185	1.07	1.89	0.5
2026-07-10	185	1	1.89	0.5
2026-07-10	198	3	1.65	0.33
2026-07-10	95	1.58	1.79	0.5
2026-07-10	105	1.5	2.09	1
2026-07-10	105	0.81	2.09	0.8
2026-07-10	121	0.37	1.89	0.5
2026-07-10	74	1	2.15	1.61
2026-02-11	44	0.26	2.69	0.46
2026-02-11	68	1	1.95	0.8
2026-02-11	94	0.5	2.69	0.5
2026-02-11	94	0.25	2.69	0.5
2026-02-11	103	0.55	3.15	1
2026-02-11	93	1	3.95	1
2026-02-11	170	1	1.49	1.04
2026-02-11	95	0.21	1.75	0.5
2026-02-11	11	0.96	2.95	1
2026-02-11	57	1	1.35	0.95
2026-02-11	57	1	1.35	0.95
2026-02-11	57	1	1.35	0.87
2026-02-11	57	1	1.35	0.87
2026-02-11	57	1	1.35	0.95
2026-02-11	53	1	2.55	1.28
2026-02-11	114	1	3.95	2.77
2026-02-11	114	1	3.95	2.77
2026-02-11	114	1	3.95	2.77
2026-03-11	1	1	1.39	0.5
2026-03-11	18	0.55	2.85	0.5
2026-03-11	18	0.98	2.85	0.5
2026-03-11	38	0.22	4.15	0.5
2026-03-11	39	0.35	4.95	0.5
2026-03-11	39	0.51	4.95	1.5
2026-03-11	39	0.73	4.95	2
2026-03-11	42	0.57	2.19	0.5
2026-03-11	52	0.16	1.05	0.5
2026-03-11	52	2.77	1.05	0.5
2026-03-11	65	0.34	4.75	1
2026-03-11	94	0.24	2.69	0.5
2026-03-11	89	3.15	1.99	1.85
2026-03-11	93	1	3.25	1
2026-03-11	170	1	1.49	0.75
2026-03-11	195	1	3.99	1
2026-03-11	195	1	3.99	1
2026-03-11	211	1	1.15	0.81
2026-03-11	207	1	1.29	0.9
2026-03-11	215	1	2.79	1.95
2026-03-11	98	0.27	2.39	0.5
2026-03-11	98	0.81	2.39	0.8
2026-03-11	95	1.42	1.59	0.5
2026-03-11	127	1	2.75	1.38
2026-03-11	127	1	2.75	1.38
2026-03-11	11	1.61	2.09	1.99
2026-03-11	11	1.64	2.09	1.99
2026-03-11	32	1.55	2.65	1
2026-03-11	32	1.53	2.65	1.5
2026-03-11	165	0.65	5.39	1
2026-03-11	121	0.41	1.99	0.5
2026-03-11	121	0.56	1.99	0.5
2026-03-11	35	1	1.19	0.97
2026-04-11	31	0.39	5.69	1
2026-04-11	58	0.35	2.49	0.5
2026-04-11	94	0.24	2.69	1
2026-04-11	128	1	2.25	1.91
2026-04-11	128	1	2.25	1.91
2026-04-11	128	1	2.25	1.91
2026-04-11	219	1	0.99	0.5
2026-04-11	219	1	0.99	0.5
2026-04-11	207	1	1.29	0.65
2026-04-11	127	1	2.75	1.5
2026-04-11	127	1	2.75	1.5
2026-04-11	32	1.75	3.99	1.2
2026-04-11	121	0.84	2.29	0.8
2026-04-11	121	0.93	2.29	1
2026-04-11	62	1	1.85	1.3
2026-05-11	4	1	1.05	0.5
2026-05-11	39	0.46	3.45	1
2026-05-11	42	0.78	1.99	0.5
2026-05-11	42	0.57	1.99	0.5
2026-05-11	75	1	1.59	0.46
2026-05-11	82	3	1.05	0.46
2026-05-11	93	1	1.95	0.92
2026-05-11	93	1	1.95	1
2026-05-11	193	1	2.85	1
2026-05-11	193	1	2.85	1
2026-05-11	127	1	3.25	1.63
2026-05-11	127	1	3.25	1.63
2026-05-11	165	0.37	5.45	1
2026-05-11	35	1	0.79	0.37
2026-07-11	81	1	1.25	0.5
2026-07-11	124	2.58	1.55	0.5
2026-07-11	166	1	2.35	0.5
2026-07-11	193	1	2.85	1
2026-07-11	207	1	1.29	0.97
2026-07-11	250	0.25	2.39	0.5
2026-07-11	250	1.02	2.39	1
2026-01-12	41	0.26	2.25	0.5
2026-01-12	41	0.27	2.25	0.5
2026-01-12	19	1	2.35	0.5
2026-01-12	19	1	2.35	0.5
2026-01-12	8	1	2.19	0.5
2026-01-12	52	0.25	0.95	0.5
2026-01-12	75	1	1.55	0.5
2026-01-12	97	0.86	1.85	0.5
2026-01-12	103	0.76	3.15	0.5
2026-01-12	93	1	4.99	3.49
2026-01-12	93	1	4.99	3.49
2026-01-12	93	1	4.99	3.49
2026-01-12	93	1	4.99	3.49
2026-01-12	93	1	4.99	3.49
2026-01-12	93	1	4.99	3.49
2026-01-12	148	0.51	5.99	6.35
2026-01-12	166	1	1.99	0.9
2026-01-12	195	1	3.49	1
2026-01-12	207	1	1.29	0.65
2026-01-12	214	1	2.79	1.4
2026-01-12	214	1	2.79	1.4
2026-01-12	100	1.19	2.59	1.5
2026-01-12	165	0.44	4.25	1
2026-01-12	165	0.67	4.25	0.5
2026-01-12	48	0.83	4.49	3.67
2026-01-12	48	0.44	4.49	3.67
2026-01-12	48	0.62	4.49	3.99
2026-01-12	48	0.58	4.49	3.99
2026-01-12	48	0.62	4.49	3.99
2026-01-12	47	1.06	4.69	3.99
2026-02-12	38	0.49	3.99	0.5
2026-02-12	38	0.25	3.99	0.5
2026-02-12	42	0.73	2.15	0.48
2026-02-12	52	0.55	0.95	0.48
2026-02-12	103	0.61	3.15	0.5
2026-02-12	170	1	1.49	1.04
2026-02-12	170	1	1.49	1.04
2026-02-12	170	1	1.49	1.04
2026-02-12	87	1	1.65	0.5
2026-02-12	87	1	1.65	0.8
2026-02-12	87	1	1.65	0.5
2026-02-12	127	1	2.95	2.07
2026-02-12	127	1	2.95	0.9
2026-02-12	11	0.68	2.95	1
2026-02-12	121	1.85	1.99	1
2026-02-12	121	0.96	1.99	1
2026-02-12	121	2.42	1.99	0.48
2026-02-12	121	1.27	1.99	1
2026-02-12	121	0.77	1.99	1
2026-02-12	57	1	1.35	0.95
2026-02-12	35	1	1.25	0.58
2026-02-12	35	1	1.25	0.63
2026-02-12	35	1	1.25	0.63
2026-02-12	114	1	3.95	2.77
2026-02-12	114	1	3.95	2.77
2026-02-12	114	1	3.95	2.77
2026-02-12	114	1	3.95	2.77
2026-02-12	48	1	1.99	1
2026-03-12	42	0.48	1.95	0.5
2026-03-12	42	0.6	1.95	0.5
2026-03-12	94	0.98	2.69	0.5
2026-03-12	89	2.42	1.99	0.8
2026-03-12	207	1	1.29	0.65
2026-03-12	207	1	1.29	0.65
2026-03-12	207	1	1.29	0.65
2026-03-12	209	1	1.19	0.6
2026-03-12	209	1	1.19	0.6
2026-03-12	209	1	1.19	0.6
2026-03-12	209	1	1.19	0.6
2026-03-12	214	1	2.79	1.29
2026-03-12	214	1	2.79	1.29
2026-03-12	214	1	2.79	1.29
2026-03-12	215	1	2.79	1.4
2026-03-12	215	1	2.79	1.4
2026-03-12	215	1	2.79	1.4
2026-03-12	215	1	2.79	1.4
2026-03-12	95	0.83	1.75	0.5
2026-03-12	127	1	2.39	1.38
2026-03-12	32	0.47	2.65	0.5
2026-03-12	121	0.16	2.25	0.5
2026-03-12	53	1	2.49	1.25
2026-03-12	54	1	2.55	1.28
2026-03-12	62	1	1.85	0.93
2026-03-12	62	1	1.85	0.93
2026-03-12	62	1	1.85	0.93
2026-03-12	62	1	1.85	0.93
2026-03-12	62	1	1.85	0.93
2026-03-12	35	1	1.19	0.97
2026-03-12	228	1	2.15	0.99
2026-03-12	228	1	2.15	0.99
2026-03-12	228	1	2.15	1.08
2026-03-12	50	1	3.09	2.07
2026-05-12	28	2	2.29	0.5
2026-05-12	38	0.43	2.99	0.96
2026-05-12	39	0.37	3.45	1
2026-05-12	39	0.16	3.45	1
2026-05-12	41	0.44	2.59	0.48
2026-05-12	42	0.2	1.99	0.48
2026-05-12	69	1	1.25	0.5
2026-05-12	69	1	1.25	0.5
2026-05-12	75	1	1.59	0.5
2026-05-12	185	1.35	1.89	0.5
2026-05-12	185	1.39	1.89	0.5
2026-05-12	214	1	2.79	2.09
2026-05-12	213	1	2.85	2.14
2026-05-12	127	2	3.25	0.5
2026-05-12	127	1	3.25	0.5
2026-05-12	127	1	3.25	0.5
2026-05-12	121	0.81	2.65	1
2026-05-12	121	0.51	2.65	1
2026-05-12	46	0.31	2.95	1
2026-05-12	46	0.27	2.95	0.96
2026-05-12	46	0.14	2.95	1
2026-06-12	12	0.72	1.75	0.5
2026-06-12	39	0.27	2.49	1
2026-06-12	43	0.2	1.99	0.5
2026-06-12	8	1	1.99	0.8
2026-06-12	11	1.72	2.19	1
2026-06-12	121	0.67	2.45	1
2026-06-12	121	0.78	2.45	0.5
2026-06-12	218	1	1.39	0.7
2026-06-12	218	1	1.39	0.64
2026-06-12	218	1	1.39	0.64
2026-06-12	218	1	1.39	0.64
2026-06-12	218	1	1.39	0.64
2026-06-12	46	1.68	3.45	1
2026-06-12	35	1	0.75	0.56
2026-06-12	35	1	0.75	0.56
2026-01-13	28	2	2.85	0.5
2026-01-13	41	1.45	2.25	0.8
2026-01-13	58	0.79	2.45	0.5
2026-01-13	97	0.36	1.85	0.48
2026-01-13	124	0.34	1.55	1
2026-01-13	124	0.3	1.55	1
2026-01-13	93	1	4.95	3.47
2026-01-13	93	1	4.95	3.47
2026-01-13	93	1	4.95	3.47
2026-01-13	93	1	4.95	0.5
2026-01-13	93	1	4.95	3.47
2026-01-13	93	1	4.95	1
2026-01-13	93	1	4.95	1
2026-01-13	128	1	2.35	1.65
2026-01-13	128	1	2.35	1.65
2026-01-13	187	0.22	4.75	0.5
2026-01-13	196	1	2.35	0.8
2026-01-13	197	1.46	1.65	0.5
2026-01-13	194	0.78	2.45	0.5
2026-01-13	194	0.6	2.45	0.5
2026-01-13	121	1.78	1.99	0.5
2026-01-13	125	1	3.49	2.44
2026-01-13	48	0.4	4.49	3.99
2026-01-13	48	0.59	4.49	3.67
2026-01-13	48	0.42	4.49	3.99
2026-01-13	48	0.87	4.49	3.99
2026-01-13	48	0.89	4.49	3.67
2026-01-13	48	0.19	4.49	3.99
2026-01-13	48	0.45	4.49	3.99
2026-01-13	47	0.71	4.69	3.99
2026-01-13	47	0.42	4.69	3.99
2026-02-13	38	0.31	3.99	0.5
2026-02-13	38	0.08	2.99	3.95
2026-02-13	39	0.41	3.95	0.5
2026-02-13	42	0.4	2.15	0.5
2026-02-13	44	0.47	2.59	2.69
2026-02-13	68	1	1.95	0.9
2026-02-13	94	0.24	2.69	0.5
2026-02-13	102	0.51	2.15	0.5
2026-02-13	93	1	3.95	1.38
2026-02-13	170	1	1.49	1.04
2026-02-13	194	0.74	2.29	1.5
2026-02-13	87	1	1.65	0.5
2026-02-13	127	1	2.95	2.07
2026-02-13	121	1.06	1.99	1
2026-02-13	121	0.79	1.99	1
2026-02-13	121	0.63	1.99	1
2026-02-13	121	1.15	1.99	1
2026-02-13	121	1.28	1.99	1
2026-02-13	121	0.61	1.99	1
2026-02-13	121	0.63	1.99	1
2026-02-13	57	1	1.35	0.95
2026-02-13	48	0.42	4.49	0.92
2026-02-13	48	0.82	4.49	1
2026-02-13	35	1	1.25	0.63
2026-02-13	35	1	1.25	0.63
2026-02-13	35	1	1.25	0.63
2026-02-13	114	1	3.95	2.77
2026-02-13	96	0.37	2.65	0.5
2026-02-13	48	1	1.99	1
2026-02-13	48	1	1.99	1
2026-03-13	42	0.6	1.95	0.5
2026-03-13	89	2.18	1.99	1
2026-03-13	93	1	3.25	1.5
2026-03-13	93	1	3.25	1.5
2026-03-13	128	1	2.25	1.58
2026-03-13	128	1	2.25	1.58
2026-03-13	128	1	2.25	1.58
2026-03-13	185	1.63	1.95	0.5
2026-03-13	199	0.17	2.15	0.5
2026-03-13	209	1	1.19	0.6
2026-03-13	127	1	2.39	1.2
2026-03-13	127	1	2.39	1.2
2026-03-13	127	1	2.39	1.2
2026-03-13	127	1	2.39	1.2
2026-03-13	127	1	2.39	1.2
2026-03-13	127	1	2.39	1.2
2026-03-13	127	1	2.39	1.2
2026-03-13	11	0.54	2.09	0.5
2026-03-13	32	1.07	2.65	0.8
2026-03-13	121	0.21	2.25	0.5
2026-03-13	121	0.27	2.25	0.5
2026-03-13	71	1	1.99	1
2026-03-13	96	0.51	2.45	0.5
2026-03-13	186	1	2.25	1.8
2026-03-13	186	1	2.25	1.8
2026-03-13	50	1	3.09	2.16
2026-03-13	50	1	3.09	2.16
2026-03-13	50	1	3.09	2.16
2026-04-13	1	1	1.39	0.5
2026-04-13	33	0.21	1.75	0.5
2026-04-13	43	0.56	3.99	1
2026-04-13	43	0.37	3.99	1
2026-04-13	52	1.21	1.25	0.5
2026-04-13	75	1	1.59	1
2026-04-13	75	1	1.59	0.5
2026-04-13	99	1.37	2.99	1
2026-04-13	128	1	2.25	1.13
2026-04-13	193	1	2.85	1.5
2026-04-13	207	1	1.29	0.65
2026-04-13	127	1	2.75	1
2026-04-13	121	0.61	2.49	0.5
2026-04-13	121	1	2.49	0.5
2026-04-13	53	1	2.49	1.74
2026-04-13	53	1	2.49	1.25
2026-04-13	53	1	2.49	1.25
2026-04-13	53	1	2.49	1.25
2026-04-13	53	1	2.49	1.25
2026-04-13	53	1	2.49	1.25
2026-04-13	53	1	2.49	1.74
2026-04-13	54	1	2.55	1.79
2026-04-13	60	1	2.75	1.93
2026-04-13	60	1	2.75	1.93
2026-04-13	60	1	2.75	1.93
2026-04-13	60	1	2.75	1.93
2026-04-13	60	1	2.75	1.93
2026-04-13	62	1	1.85	0.93
2026-05-13	18	0.68	1.65	0.5
2026-05-13	18	0.84	1.65	0.5
2026-05-13	18	0.79	1.65	0.5
2026-05-13	33	0.34	1.79	0.5
2026-05-13	38	0.06	2.49	2.99
2026-05-13	42	1.08	1.99	0.5
2026-05-13	42	0.26	1.99	0.5
2026-05-13	197	1.05	1.59	0.8
2026-05-13	214	1	2.79	2.09
2026-05-13	214	1	2.79	2.09
2026-05-13	214	1	2.79	2.09
2026-05-13	213	1	2.85	2.14
2026-05-13	213	1	2.85	2.14
2026-05-13	213	1	2.85	2.14
2026-05-13	213	1	2.85	2.14
2026-05-13	213	1	2.85	2.14
2026-05-13	95	0.37	1.75	0.5
2026-05-13	87	1	1.59	0.5
2026-05-13	127	1	3.25	0.5
2026-05-13	121	0.34	2.65	0.5
2026-05-13	121	0.66	2.65	0.5
2026-05-13	216	1	2.79	2.09
2026-05-13	46	0.15	2.95	0.5
2026-05-13	46	0.28	2.95	1
2026-06-13	4	1	1.05	0.5
2026-06-13	39	0.37	2.49	2
2026-06-13	39	0.23	2.49	1
2026-06-13	42	0.5	1.75	0.5
2026-06-13	42	0.87	1.75	0.5
2026-06-13	52	1.5	1.35	0.5
2026-06-13	187	0.32	5.59	1
2026-06-13	197	1.73	1.55	0.5
2026-06-13	95	0.8	1.79	0.48
2026-06-13	95	0.77	1.79	0.5
2026-06-13	95	1.03	1.79	0.5
2026-06-13	167	1	1.65	0.5
2026-06-13	121	1.16	2.45	1
2026-06-13	121	0.99	2.45	1
2026-06-13	121	1.21	2.45	0.77
2026-06-13	121	0.37	2.45	1
2026-06-13	35	1	0.75	0.56
2026-07-13	23	1	1.29	0.5
2026-07-13	31	0.27	5.69	1
2026-07-13	33	0.6	1.45	1.09
2026-07-13	33	0.24	1.45	1.09
2026-07-13	33	0.35	1.45	1.09
2026-07-13	33	0.33	1.45	1.09
2026-07-13	33	0.16	1.45	1.09
2026-07-13	33	0.39	1.45	1.09
2026-07-13	33	0.43	1.45	1.09
2026-07-13	33	0.76	1.45	1.09
2026-07-13	41	0.5	1.79	1.75
2026-07-13	41	0.96	1.79	1.75
2026-07-13	41	0.48	1.79	1.75
2026-07-13	41	0.68	1.79	1.75
2026-07-13	41	1.19	1.79	1.75
2026-07-13	41	0.49	1.79	1.75
2026-07-13	41	0.49	1.79	1.75
2026-07-13	41	0.44	1.79	1.75
2026-07-13	43	0.51	1.89	0.5
2026-07-13	44	0.78	1.59	1.45
2026-07-13	44	0.88	1.59	1.45
2026-07-13	44	0.46	1.59	1.45
2026-07-13	44	0.67	1.59	1.45
2026-07-13	44	2.54	1.59	1.45
2026-07-13	44	1.61	1.59	1.45
2026-07-13	44	1.49	1.59	1.45
2026-07-13	44	0.66	1.59	1.45
2026-07-13	44	0.82	1.59	1.45
2026-07-13	44	0.55	1.59	1.45
2026-07-13	52	1.23	1.45	1.25
2026-07-13	52	1.37	1.45	1.25
2026-07-13	52	1.36	1.45	1.25
2026-07-13	76	1	0.99	0.5
2026-07-13	81	2	1.25	0.5
2026-07-13	81	2	1.25	0.5
2026-07-13	107	1.09	1.99	1.85
2026-07-13	107	0.71	1.99	1.85
2026-07-13	107	0.74	1.99	1.85
2026-07-13	107	0.69	1.99	1.85
2026-07-13	107	0.76	1.99	1.85
2026-07-13	89	2.82	1.25	1.35
2026-07-13	89	3.03	1.25	1.35
2026-07-13	114	0.5	5.49	3
2026-07-13	114	0.47	5.49	3
2026-07-13	185	1.45	1.85	1.89
2026-07-13	193	1	2.85	1
2026-07-13	193	1	2.85	1
2026-07-13	193	1	2.85	1
2026-07-13	208	1	0.95	0.71
2026-07-13	209	1	1.19	0.89
2026-07-13	121	0.36	1.55	1
2026-07-13	121	0.49	1.55	1
2026-07-13	121	0.61	1.55	1
2026-07-13	218	1	1.39	0.7
2026-07-13	218	1	1.39	0.7
2026-07-13	61	1	1.89	1.42
2026-01-14	41	1.42	2.25	0.5
2026-01-14	52	1.79	0.95	0.5
2026-01-14	97	0.42	1.85	0.5
2026-01-14	124	0.8	1.55	0.5
2026-01-14	93	1	4.95	1
2026-01-14	93	1	4.95	0.9
2026-01-14	93	2	4.95	0.7
2026-01-14	128	1	2.35	1.65
2026-01-14	128	1	2.35	1.65
2026-01-14	187	0.31	4.75	1
2026-01-14	187	0.32	4.75	0.5
2026-01-14	207	1	1.29	0.9
2026-01-14	209	1	1.19	0.83
2026-01-14	127	1	3.49	1.75
2026-01-14	11	0.66	3.55	1
2026-01-14	165	1.37	4.25	1
2026-01-14	101	0.17	2.85	0.5
2026-01-14	121	0.24	1.99	0.5
2026-01-14	125	1	3.49	1.75
2026-01-14	61	1	1.89	0.95
2026-01-14	48	0.8	4.49	3.99
2026-01-14	48	0.63	4.49	3.99
2026-01-14	47	0.64	4.69	3.67
2026-01-14	47	1.11	4.69	3.99
2026-01-14	47	1.08	4.69	3.99
2026-01-14	47	0.66	4.69	3.99
2026-01-14	47	0.33	4.69	3.99
2026-02-14	52	2.3	0.95	0.5
2026-02-14	69	1	1.19	0.5
2026-02-14	103	1.53	3.15	1.1
2026-02-14	103	0.27	3.15	0.5
2026-02-14	93	1	3.95	2.77
2026-02-14	93	1	3.95	2.77
2026-02-14	93	1	3.95	2.77
2026-02-14	93	1	3.95	2.77
2026-02-14	128	1	2.25	1.58
2026-02-14	128	1	2.25	1.58
2026-02-14	185	0.83	1.95	1.5
2026-02-14	194	0.99	2.29	0.5
2026-02-14	59	0.86	4.55	1.5
2026-02-14	59	0.34	4.55	3
2026-02-14	121	0.65	1.99	0.5
2026-02-14	48	0.78	4.49	1
2026-02-14	48	0.85	4.49	1
2026-02-14	35	1	1.25	0.63
2026-02-14	35	1	1.25	0.63
2026-03-14	41	0.43	2.35	0.5
2026-03-14	42	1.73	1.95	0.48
2026-03-14	44	0.52	3.69	0.5
2026-03-14	52	0.66	0.99	0.48
2026-03-14	124	0.8	1.55	1
2026-03-14	124	1.47	1.55	0.5
2026-03-14	124	1.02	1.55	0.48
2026-03-14	124	0.44	1.55	0.5
2026-03-14	109	0.28	2.95	1
2026-03-14	109	0.48	2.95	0.96
2026-03-14	128	1	2.25	1.52
2026-03-14	128	1	2.25	1.58
2026-03-14	185	1.55	1.95	0.5
2026-03-14	185	1.53	1.95	0.5
2026-03-14	199	1.01	2.15	0.5
2026-03-14	211	1	1.15	0.56
2026-03-14	211	1	1.15	0.58
2026-03-14	211	1	1.15	0.58
2026-03-14	211	1	1.15	0.58
2026-03-14	211	1	1.15	0.58
2026-03-14	209	1	1.19	0.6
2026-03-14	209	1	1.19	0.6
2026-03-14	209	1	1.19	0.6
2026-03-14	209	1	1.19	0.6
2026-03-14	215	1	2.79	1.4
2026-03-14	215	1	2.79	1.29
2026-03-14	215	1	2.79	1.29
2026-03-14	215	1	2.79	1.29
2026-03-14	100	0.55	2.25	1
2026-03-14	127	1	2.39	1.2
2026-03-14	121	0.55	2.25	0.5
2026-03-14	121	0.57	2.25	0.48
2026-03-14	218	1	1.39	0.93
2026-03-14	218	1	1.39	0.97
2026-03-14	218	1	1.39	0.97
2026-03-14	218	1	1.39	0.97
2026-03-14	218	1	1.39	0.97
2026-03-14	186	1	2.25	1.8
2026-03-14	50	1	3.09	2.16
2026-03-14	50	1	3.09	2.16
2026-03-14	50	1	3.09	1.99
2026-03-14	50	1	3.09	2.16
2026-04-14	12	1.2	1.99	0.5
2026-04-14	4	1	0.99	0.5
2026-04-14	42	0.75	1.95	0.5
2026-04-14	42	0.32	1.95	0.5
2026-04-14	42	0.25	1.95	1
2026-04-14	8	1	2.25	1
2026-04-14	58	0.32	2.49	1
2026-04-14	93	1	1.95	1.37
2026-04-14	93	1	1.95	1.37
2026-04-14	93	1	1.95	1.37
2026-04-14	93	1	1.95	1.37
2026-04-14	93	1	1.95	1.37
2026-04-14	93	1	1.95	1.37
2026-04-14	93	1	1.95	1.37
2026-04-14	93	1	1.95	1.37
2026-04-14	93	1	1.95	1.37
2026-04-14	93	1	1.95	1.37
2026-04-14	128	1	2.25	1.13
2026-04-14	194	1.22	2.49	0.5
2026-04-14	211	1	1.15	0.81
2026-04-14	211	1	1.15	0.81
2026-04-14	211	1	1.15	0.81
2026-04-14	211	1	1.15	0.81
2026-04-14	207	1	1.29	0.9
2026-04-14	207	1	1.29	0.9
2026-04-14	207	1	1.29	0.9
2026-04-14	207	1	1.29	0.9
2026-04-14	215	1	2.79	1.95
2026-04-14	215	1	2.79	1.95
2026-04-14	213	1	2.85	2
2026-04-14	213	1	2.85	2
2026-04-14	213	1	2.85	2
2026-04-14	213	1	2.85	2
2026-04-14	213	1	2.85	2
2026-04-14	121	0.49	2.49	1
2026-04-14	121	0.72	2.49	0.5
2026-04-14	121	1.06	2.49	1
2026-04-14	121	1.84	2.49	0.5
2026-04-14	121	0.87	2.49	0.5
2026-04-14	57	1	1.35	0.95
2026-04-14	53	1	2.49	1.74
2026-04-14	54	1	2.55	1.79
2026-04-14	216	1	2.79	1.95
2026-04-14	125	1	2.35	1.65
2026-04-14	125	1	2.35	1.65
2026-04-14	125	1	2.35	1.65
2026-04-14	125	1	2.35	1.65
2026-04-14	60	1	2.75	1.93
2026-04-14	65	1	1.45	1.02
2026-04-14	48	1	1.99	1.59
2026-04-14	49	1	1.99	1.59
2026-05-14	42	0.36	1.99	0.5
2026-05-14	8	1	2.25	1
2026-05-14	52	1.43	1.09	0.5
2026-05-14	69	1	1.25	0.5
2026-05-14	69	3	1.25	0.5
2026-05-14	82	1	1.05	0.5
2026-05-14	93	1	1.75	0.92
2026-05-14	165	0.37	5.45	1
2026-05-14	121	0.4	2.65	0.5
2026-05-14	121	0.7	2.65	1
2026-05-14	121	0.9	2.65	1
2026-05-14	121	0.3	2.65	1
2026-05-14	121	1.33	2.65	1
2026-05-14	121	0.43	2.65	1
2026-05-14	216	1	2.79	2.09
2026-07-14	31	1.05	5.69	1
2026-07-14	39	0.51	3.59	2
2026-07-14	42	1.05	1.65	0.8
2026-07-14	43	0.66	1.89	0.5
2026-07-14	75	1	1.59	1.19
2026-07-14	236	1	2.95	0.46
2026-07-14	99	0.69	2.99	0.5
2026-07-14	103	1.32	2.85	1
2026-07-14	114	0.46	5.49	3
2026-07-14	114	0.9	5.49	1
2026-07-14	114	0.59	5.49	3
2026-07-14	114	0.53	5.49	3
2026-07-14	114	0.27	5.49	3.68
2026-07-14	187	0.19	5.45	0.8
2026-07-14	193	1	2.85	1
2026-07-14	197	1.54	1.59	0.5
2026-07-14	208	1	0.95	0.71
2026-07-14	208	1	0.95	0.71
2026-07-14	209	1	1.19	0.89
2026-07-14	209	1	1.19	0.89
2026-07-14	209	1	1.19	0.89
2026-07-14	209	1	1.19	0.89
2026-07-14	209	1	1.19	0.89
2026-07-14	167	2	1.49	0.5
2026-07-14	112	1.41	2.59	0.8
2026-07-14	218	1	1.39	0.7
2026-07-14	218	1	1.39	0.7
2026-07-14	218	1	1.39	0.7
2026-01-15	12	0.65	3.79	0.5
2026-01-15	28	1	2.85	0.5
2026-01-15	41	0.62	2.25	0.5
2026-01-15	41	1.2	2.25	0.5
2026-01-15	41	0.24	2.25	0.92
2026-01-15	75	1	1.55	0.78
2026-01-15	89	2.12	1.49	0.9
2026-01-15	166	1	1.99	0.96
2026-01-15	166	1	1.99	1
2026-01-15	207	1	1.29	0.9
2026-01-15	207	1	1.29	0.9
2026-01-15	209	1	1.19	0.8
2026-01-15	209	1	1.19	0.83
2026-01-15	215	1	2.79	1.4
2026-01-15	215	1	2.79	1.4
2026-01-15	215	1	2.79	1.4
2026-01-15	215	1	2.79	1.4
2026-01-15	11	0.76	3.69	0.9
2026-01-15	216	1	2.79	1.4
2026-01-15	216	1	2.79	1.4
2026-01-15	216	1	2.79	1.4
2026-01-15	61	1	1.89	0.95
2026-01-15	48	0.45	4.49	3.99
2026-01-15	48	0.2	4.49	3.99
2026-01-15	48	0.65	4.49	3.99
2026-01-15	48	0.2	4.49	3.99
2026-01-15	47	0.3	4.69	3.99
2026-01-15	47	1.44	4.69	3.99
2026-01-15	47	0.64	4.69	3.99
2026-04-15	1	3	1.39	0.5
2026-04-15	1	3	1.39	0.5
2026-04-15	1	3	1.39	0.5
2026-04-15	1	3	1.39	0.5
2026-04-15	42	0.78	1.95	0.5
2026-04-15	42	0.78	1.95	0.5
2026-04-15	42	0.78	1.95	0.5
2026-04-15	42	0.78	1.95	0.5
2026-04-15	43	0.59	3.99	1
2026-04-15	43	0.59	3.99	1
2026-04-15	43	0.59	3.99	1
2026-04-15	43	0.59	3.99	1
2026-04-15	82	1	1.15	0.5
2026-04-15	82	1	1.15	0.5
2026-04-15	82	1	1.15	0.5
2026-04-15	82	1	1.15	0.5
2026-04-15	194	0.37	2.99	2.75
2026-04-15	194	0.56	2.99	2.99
2026-04-15	194	0.99	2.99	2.99
2026-04-15	194	0.78	2.99	2.99
2026-04-15	194	0.7	2.99	2.99
2026-04-15	194	0.67	2.99	2.99
2026-04-15	194	0.79	2.99	2.99
2026-04-15	194	0.44	2.99	2.99
2026-04-15	194	0.37	2.99	2.75
2026-04-15	194	0.56	2.99	2.99
2026-04-15	194	0.99	2.99	2.99
2026-04-15	194	0.78	2.99	2.99
2026-04-15	194	0.7	2.99	2.99
2026-04-15	194	0.67	2.99	2.99
2026-04-15	194	0.79	2.99	2.99
2026-04-15	194	0.44	2.99	2.99
2026-04-15	194	0.37	2.99	2.75
2026-04-15	194	0.56	2.99	2.99
2026-04-15	194	0.99	2.99	2.99
2026-04-15	194	0.78	2.99	2.99
2026-04-15	194	0.7	2.99	2.99
2026-04-15	194	0.67	2.99	2.99
2026-04-15	194	0.79	2.99	2.99
2026-04-15	194	0.44	2.99	2.99
2026-04-15	194	0.37	2.99	2.75
2026-04-15	194	0.56	2.99	2.99
2026-04-15	194	0.99	2.99	2.99
2026-04-15	194	0.78	2.99	2.99
2026-04-15	194	0.7	2.99	2.99
2026-04-15	194	0.67	2.99	2.99
2026-04-15	194	0.79	2.99	2.99
2026-04-15	194	0.44	2.99	2.99
2026-04-15	195	1	3.59	2
2026-04-15	195	1	3.59	1
2026-04-15	195	1	3.59	2
2026-04-15	195	1	3.59	1
2026-04-15	195	1	3.59	2
2026-04-15	195	1	3.59	1
2026-04-15	195	1	3.59	2
2026-04-15	195	1	3.59	1
2026-04-15	207	1	1.29	0.9
2026-04-15	207	1	1.29	0.9
2026-04-15	207	1	1.29	0.9
2026-04-15	207	1	1.29	0.9
2026-04-15	215	1	2.79	1.95
2026-04-15	215	1	2.79	1.95
2026-04-15	215	1	2.79	1.95
2026-04-15	215	1	2.79	1.95
2026-04-15	218	1	1.39	0.97
2026-04-15	218	1	1.39	0.97
2026-04-15	218	1	1.39	0.97
2026-04-15	218	1	1.39	0.97
2026-04-15	218	1	1.39	0.97
2026-04-15	218	1	1.39	0.97
2026-04-15	218	1	1.39	0.97
2026-04-15	218	1	1.39	0.97
2026-04-15	218	1	1.39	0.97
2026-04-15	218	1	1.39	0.97
2026-04-15	218	1	1.39	0.97
2026-04-15	218	1	1.39	0.97
2026-04-15	218	1	1.39	0.97
2026-04-15	218	1	1.39	0.97
2026-04-15	218	1	1.39	0.97
2026-04-15	218	1	1.39	0.97
2026-04-15	218	1	1.39	0.97
2026-04-15	218	1	1.39	0.97
2026-04-15	218	1	1.39	0.97
2026-04-15	218	1	1.39	0.97
2026-04-15	218	1	1.39	0.97
2026-04-15	218	1	1.39	0.97
2026-04-15	218	1	1.39	0.97
2026-04-15	218	1	1.39	0.97
2026-04-15	218	1	1.39	0.97
2026-04-15	218	1	1.39	0.97
2026-04-15	218	1	1.39	0.97
2026-04-15	218	1	1.39	0.97
2026-04-15	218	1	1.39	0.97
2026-04-15	218	1	1.39	0.97
2026-04-15	218	1	1.39	0.97
2026-04-15	218	1	1.39	0.97
2026-04-15	218	1	1.39	0.97
2026-04-15	218	1	1.39	0.97
2026-04-15	218	1	1.39	0.97
2026-04-15	218	1	1.39	0.97
2026-04-15	216	1	2.79	1.95
2026-04-15	216	1	2.79	1.95
2026-04-15	216	1	2.79	1.95
2026-04-15	216	1	2.79	1.95
2026-04-15	216	1	2.79	1.95
2026-04-15	216	1	2.79	1.95
2026-04-15	216	1	2.79	1.95
2026-04-15	216	1	2.79	1.95
2026-04-15	65	1	1.45	0.67
2026-04-15	65	1	1.45	0.67
2026-04-15	65	1	1.45	0.73
2026-04-15	65	1	1.45	0.73
2026-04-15	65	1	1.45	0.73
2026-04-15	65	1	1.45	0.73
2026-04-15	65	1	1.45	0.73
2026-04-15	65	1	1.45	0.73
2026-04-15	65	1	1.45	0.67
2026-04-15	65	1	1.45	0.67
2026-04-15	65	1	1.45	0.73
2026-04-15	65	1	1.45	0.73
2026-04-15	65	1	1.45	0.73
2026-04-15	65	1	1.45	0.73
2026-04-15	65	1	1.45	0.73
2026-04-15	65	1	1.45	0.73
2026-04-15	65	1	1.45	0.67
2026-04-15	65	1	1.45	0.67
2026-04-15	65	1	1.45	0.73
2026-04-15	65	1	1.45	0.73
2026-04-15	65	1	1.45	0.73
2026-04-15	65	1	1.45	0.73
2026-04-15	65	1	1.45	0.73
2026-04-15	65	1	1.45	0.73
2026-04-15	65	1	1.45	0.67
2026-04-15	65	1	1.45	0.67
2026-04-15	65	1	1.45	0.73
2026-04-15	65	1	1.45	0.73
2026-04-15	65	1	1.45	0.73
2026-04-15	65	1	1.45	0.73
2026-04-15	65	1	1.45	0.73
2026-04-15	65	1	1.45	0.73
2026-04-15	35	1	0.99	0.69
2026-04-15	35	1	0.99	0.69
2026-04-15	35	1	0.99	0.69
2026-04-15	35	1	0.99	0.69
2026-04-15	35	1	0.99	0.69
2026-04-15	35	1	0.99	0.69
2026-04-15	35	1	0.99	0.69
2026-04-15	35	1	0.99	0.69
2026-04-15	35	1	0.99	0.69
2026-04-15	35	1	0.99	0.69
2026-04-15	35	1	0.99	0.69
2026-04-15	35	1	0.99	0.69
2026-04-15	48	1	1.99	1
2026-04-15	48	1	1.99	1
2026-04-15	48	1	1.99	1
2026-04-15	48	1	1.99	1
2026-04-15	48	1	1.99	1
2026-04-15	48	1	1.99	1
2026-04-15	48	1	1.99	1
2026-04-15	48	1	1.99	1
2026-04-15	49	1	1.99	1.59
2026-04-15	49	1	1.99	1.59
2026-04-15	49	1	1.99	1.59
2026-04-15	49	1	1.99	1.59
2026-05-15	42	1.29	1.99	0.5
2026-05-15	69	1	1.25	0.5
2026-05-15	82	1	1.05	0.5
2026-05-15	82	1	1.05	0.5
2026-05-15	124	0.68	1.55	1
2026-05-15	93	1	1.75	0.74
2026-05-15	114	0.45	5.99	3
2026-05-15	114	0.51	5.99	3
2026-05-15	114	0.51	5.99	3
2026-05-15	114	0.66	5.99	2.76
2026-05-15	121	0.11	2.65	1
2026-06-15	18	0.96	1.29	0.5
2026-06-15	42	0.35	1.75	0.5
2026-06-15	124	0.89	1.55	0.5
2026-06-15	111	0.21	3.25	0.5
2026-06-15	207	1	1.29	0.65
2026-06-15	207	1	1.29	0.65
2026-06-15	208	1	0.95	0.48
2026-06-15	209	1	1.19	0.6
2026-06-15	101	0.48	2.89	0.5
2026-06-15	121	0.44	2.59	2.45
2026-06-15	121	1.04	2.59	1
2026-06-15	121	1.2	2.59	2.45
2026-06-15	121	2.25	2.59	0.5
2026-06-15	121	0.34	2.59	1
2026-06-15	218	1	1.39	0.7
2026-06-15	218	1	1.39	0.7
2026-06-15	218	1	1.39	0.7
2026-06-15	218	1	1.39	0.7
2026-06-15	218	1	1.39	0.7
2026-06-15	218	1	1.39	0.7
2026-06-15	218	1	1.39	0.7
2026-07-15	39	0.3	3.59	0.5
2026-07-15	39	0.27	3.59	1
2026-07-15	39	0.25	3.59	1
2026-07-15	42	0.62	1.65	0.5
2026-07-15	43	0.98	1.89	0.5
2026-07-15	68	1	1.99	1.2
2026-07-15	75	1	1.59	1.19
2026-07-15	106	0.17	1.95	1
2026-07-15	107	0.29	1.99	1
2026-07-15	124	1.2	1.55	0.5
2026-07-15	124	0.79	1.55	0.5
2026-07-15	114	0.61	3.95	2
2026-07-15	114	0.29	3.95	1.84
2026-07-15	114	0.5	3.95	2
2026-07-15	193	1	2.85	1
2026-07-15	199	0.18	3.29	0.5
2026-07-15	95	1.7	1.79	0.8
2026-07-15	95	0.18	1.79	1
2026-07-15	167	5	1.49	0.28
2026-07-15	218	1	1.39	0.96
2026-01-16	28	1	2.85	0.5
2026-01-16	41	0.19	2.25	0.5
2026-01-16	69	1	1.05	0.5
2026-01-16	102	0.26	2.15	0.5
2026-01-16	124	0.42	1.55	0.5
2026-01-16	187	0.45	4.75	0.5
2026-01-16	196	1	2.49	1
2026-01-16	59	1.76	4.55	4
2026-01-16	59	0.43	4.55	4
2026-01-16	127	1	3.49	1.75
2026-01-16	165	0.44	5.15	1
2026-01-16	101	0.3	2.65	0.5
2026-01-16	121	0.27	1.99	1
2026-01-16	125	1	3.49	1.75
2026-01-16	61	1	1.89	0.95
2026-01-16	48	0.65	4.49	3.99
2026-01-16	48	0.41	4.49	3.99
2026-01-16	48	0.44	4.49	3.99
2026-01-16	48	0.63	4.49	3.99
2026-01-16	48	0.82	4.49	3.99
2026-01-16	48	0.62	4.49	3.99
2026-01-16	47	1.63	4.69	3.67
2026-01-16	47	0.54	4.69	3.99
2026-01-16	47	0.64	4.69	3.99
2026-01-16	47	0.93	4.69	3.99
2026-02-16	12	0.76	2.75	3.55
2026-02-16	38	0.23	3.99	0.5
2026-02-16	39	0.27	3.75	3.95
2026-02-16	42	1.08	1.95	0.5
2026-02-16	68	1	1.95	0.5
2026-02-16	94	0.4	2.69	0.5
2026-02-16	124	0.78	1.55	0.5
2026-02-16	93	1	3.95	1
2026-02-16	130	1	1.95	0.98
2026-02-16	130	1	1.95	0.98
2026-02-16	130	1	1.95	0.98
2026-02-16	178	0.43	3.15	1
2026-02-16	127	1	2.69	1.35
2026-02-16	127	1	2.69	1.35
2026-02-16	127	1	2.69	1.35
2026-02-16	127	1	2.69	1.35
2026-02-16	11	1.58	2.69	2.95
2026-02-16	165	0.26	5.15	0.5
2026-02-16	121	1.18	1.99	0.5
2026-02-16	57	1	1.35	0.95
2026-02-16	61	1	1.89	0.95
2026-02-16	61	1	1.89	0.95
2026-02-16	61	1	1.89	0.95
2026-02-16	61	1	1.89	0.95
2026-02-16	48	1.21	4.49	0.5
2026-02-16	35	1	1.29	0.63
2026-02-16	35	1	1.29	0.63
2026-02-16	35	1	1.29	0.63
2026-02-16	35	1	1.29	0.63
2026-02-16	35	1	1.29	0.63
2026-02-16	35	1	1.29	0.63
2026-02-16	35	1	1.29	0.63
2026-02-16	35	1	1.29	0.63
2026-02-16	114	1	3.99	2
2026-02-16	114	1	3.99	2
2026-02-16	114	1	3.99	2
2026-02-16	114	1	3.99	2
2026-02-16	114	1	3.99	2
2026-02-16	114	1	3.99	2
2026-02-16	96	0.37	2.69	2.65
2026-02-16	48	1	1.99	1
2026-02-16	48	1	1.99	1
2026-02-16	48	1	1.99	1
2026-03-16	12	1.13	3.45	3.69
2026-03-16	12	0.51	3.45	3.69
2026-03-16	12	0.2	3.45	3.69
2026-03-16	12	0.48	3.45	3.69
2026-03-16	12	0.67	3.45	3.69
2026-03-16	12	0.31	3.45	3.69
2026-03-16	38	0.3	3.95	4.15
2026-03-16	38	0.27	3.95	4.15
2026-03-16	38	0.26	3.95	4.15
2026-03-16	38	0.35	3.95	4.15
2026-03-16	38	0.12	3.95	4.15
2026-03-16	38	0.38	3.95	4.15
2026-03-16	38	0.33	3.95	4.15
2026-03-16	38	0.43	3.95	4.15
2026-03-16	38	0.12	3.95	4.15
2026-03-16	38	0.42	3.95	4.15
2026-03-16	38	0.15	3.95	4.15
2026-03-16	38	0.17	3.95	4.15
2026-03-16	38	0.16	3.95	4.15
2026-03-16	38	0.43	3.95	4.15
2026-03-16	38	0.34	3.95	4.15
2026-03-16	38	0.2	3.95	4.15
2026-03-16	38	0.39	3.95	4.15
2026-03-16	39	0.53	4.15	4.95
2026-03-16	39	0.32	4.15	4.95
2026-03-16	39	0.83	4.15	4.95
2026-03-16	39	0.36	4.15	4.95
2026-03-16	39	0.33	4.15	4.95
2026-03-16	39	0.5	4.15	4.95
2026-03-16	39	0.38	4.15	4.95
2026-03-16	39	0.32	4.15	4.95
2026-03-16	39	0.45	4.15	4.95
2026-03-16	39	0.33	4.15	4.95
2026-03-16	39	0.38	4.15	4.95
2026-03-16	39	0.21	4.15	4.95
2026-03-16	39	0.4	4.15	4.95
2026-03-16	42	0.55	1.95	0.5
2026-03-16	43	0.17	3.15	3.29
2026-03-16	43	1.09	3.15	3.29
2026-03-16	43	0.64	3.15	3.29
2026-03-16	43	0.84	3.15	3.29
2026-03-16	43	0.88	3.15	3.29
2026-03-16	43	0.59	3.15	3.29
2026-03-16	43	0.39	3.15	3.29
2026-03-16	43	0.28	3.15	3.29
2026-03-16	43	0.59	3.15	3.29
2026-03-16	43	0.33	3.15	3.29
2026-03-16	43	0.36	3.15	3.03
2026-03-16	43	1	3.15	3.29
2026-03-16	43	0.96	3.15	3.29
2026-03-16	44	1.15	3.69	0.5
2026-03-16	44	1.14	3.69	0.5
2026-03-16	124	0.95	1.55	0.5
2026-03-16	128	1	2.25	1.58
2026-03-16	128	1	2.25	1.58
2026-03-16	170	1	1.49	0.75
2026-03-16	194	1.39	2.49	2.29
2026-03-16	194	0.33	2.49	2.29
2026-03-16	194	1.14	2.49	2.29
2026-03-16	194	1.13	2.49	0.5
2026-03-16	194	0.29	2.49	2.29
2026-03-16	194	0.43	2.49	2.29
2026-03-16	194	1.01	2.49	2.29
2026-03-16	194	0.84	2.49	2.29
2026-03-16	194	1.03	2.49	2.29
2026-03-16	194	0.59	2.49	2.29
2026-03-16	194	0.77	2.49	2.29
2026-03-16	194	0.76	2.49	2.29
2026-03-16	194	0.95	2.49	2.29
2026-03-16	194	0.58	2.49	2.29
2026-03-16	194	1.26	2.49	2.29
2026-03-16	194	0.76	2.49	2.11
2026-03-16	194	0.63	2.49	2.29
2026-03-16	194	1.02	2.49	2.29
2026-03-16	194	0.27	2.49	2.11
2026-03-16	195	1	3.99	2.79
2026-03-16	195	1	3.99	2.79
2026-03-16	195	1	3.99	2.79
2026-03-16	195	1	3.99	2.79
2026-03-16	195	1	3.99	2.79
2026-03-16	198	1	1	0.5
2026-03-16	198	4	1	0.5
2026-03-16	211	1	1.15	0.58
2026-03-16	215	1	2.79	1.4
2026-03-16	95	0.98	1.75	0.5
2026-03-16	11	0.95	1.85	0.5
2026-03-16	101	0.86	2.89	2.59
2026-03-16	101	0.47	2.89	2.59
2026-03-16	101	1.25	2.89	2.59
2026-03-16	101	0.67	2.89	2.59
2026-03-16	101	0.67	2.89	2.59
2026-03-16	101	0.88	2.89	2.59
2026-03-16	101	0.19	2.89	2.59
2026-03-16	101	0.85	2.89	2.59
2026-03-16	101	0.98	2.89	2.59
2026-03-16	101	0.49	2.89	2.59
2026-03-16	101	0.47	2.89	2.59
2026-03-16	101	0.5	2.89	2.59
2026-03-16	101	1.04	2.89	2.59
2026-03-16	101	0.57	2.89	2.59
2026-03-16	101	0.89	2.89	2.59
2026-03-16	101	0.46	2.89	2.59
2026-03-16	101	0.69	2.89	2.59
2026-03-16	121	0.88	2.25	0.5
2026-03-16	121	0.21	2.25	0.5
2026-03-16	121	0.47	2.25	1
2026-03-16	218	1	1.39	0.7
2026-03-16	218	1	1.39	0.7
2026-03-16	218	1	1.39	0.7
2026-03-16	218	1	1.39	0.7
2026-03-16	218	1	1.39	0.7
2026-03-16	218	1	1.39	0.7
2026-03-16	218	1	1.39	0.7
2026-03-16	218	1	1.39	0.7
2026-03-16	218	1	1.39	0.7
2026-03-16	125	1	2.65	1.43
2026-03-16	96	0.86	2.75	2.45
2026-03-16	96	0.92	2.75	2.45
2026-03-16	96	0.92	2.75	2.45
2026-03-16	96	1.25	2.75	2.45
2026-04-16	20	1	1.09	0.5
2026-04-16	197	0.73	1.59	1
2026-04-16	194	0.1	2.99	0.5
2026-04-16	95	1.02	1.55	0.5
2026-04-16	53	1	2.49	1.25
2026-04-16	53	1	2.49	1.25
2026-04-16	53	1	2.49	1.25
2026-04-16	125	1	2.49	1.25
2026-04-16	125	1	2.49	1.25
2026-04-16	60	1	2.75	1.93
2026-04-16	65	1	1.45	1.02
2026-04-16	65	1	1.45	1.02
2026-04-16	35	1	0.99	0.5
2026-05-16	42	0.91	1.99	0.5
2026-05-16	42	2.72	1.99	0.48
2026-05-16	52	1.03	1.09	0.48
2026-05-16	94	0.23	2.69	0.96
2026-05-16	93	1	1.75	0.8
2026-05-16	114	0.5	5.99	3
2026-05-16	114	0.5	5.99	3
2026-05-16	128	1	1.95	1.46
2026-05-16	128	1	1.95	1.46
2026-05-16	196	1	2.69	1
2026-05-16	198	1	1.49	0.5
2026-05-16	201	0.26	1.75	0.8
2026-05-16	32	2.22	1.85	1
2026-05-16	57	1	1.35	1.01
2026-05-16	57	1	1.35	1.01
2026-05-16	57	1	1.35	1.01
2026-05-16	65	1	1.45	1.09
2026-05-16	65	1	1.45	1.09
2026-05-16	62	1	1.85	1.39
2026-06-16	81	1	0.99	0.5
2026-06-16	187	0.19	5.59	0.5
2026-06-16	219	1	0.99	0.5
2026-06-16	215	1	2.79	2.09
2026-06-16	215	1	2.79	2.09
2026-06-16	95	1.1	1.79	0.5
2026-06-16	127	1	2.99	1.5
2026-06-16	127	1	2.99	1.5
2026-06-16	127	1	2.99	1.5
2026-06-16	121	0.7	2.59	0.5
2026-06-16	121	1.09	2.59	1
2026-06-16	53	1	2.75	1.38
2026-06-16	218	1	1.39	0.7
2026-06-16	65	1	1.45	0.73
2026-06-16	61	1	1.89	0.95
2026-06-16	61	1	1.89	0.95
2026-06-16	61	1	1.89	0.95
2026-07-16	28	1	2.85	0.5
2026-07-16	28	1	2.85	1
2026-07-16	38	0.18	2.99	0.5
2026-07-16	52	1.67	1.45	0.5
2026-07-16	58	0.61	2.49	1
2026-07-16	91	2.35	0.95	0.5
2026-07-16	114	0.51	3.95	2
2026-07-16	114	1.32	3.95	1
2026-07-16	114	1.23	3.95	1
2026-07-16	114	0.33	3.95	1
2026-07-16	105	2.09	2.09	0.8
2026-07-16	87	1	1.59	0.5
2026-07-16	121	0.53	1.55	0.5
2026-07-16	121	0.53	1.55	0.5
2026-07-16	48	0.16	4.49	2
2026-01-17	33	0.7	4.15	3
2026-01-17	41	0.49	2.25	0.5
2026-01-17	43	2.7	1.99	0.4
2026-01-17	69	1	1.05	0.5
2026-01-17	187	0.51	4.75	0.5
2026-01-17	196	1	2.49	0.5
2026-01-17	194	0.76	2.45	2.75
2026-01-17	194	0.76	2.45	0.5
2026-01-17	214	1	2.79	1.4
2026-01-17	214	1	2.79	1.4
2026-01-17	214	1	2.79	1.4
2026-01-17	214	1	2.79	1.4
2026-01-17	121	0.79	1.99	1
2026-01-17	121	1.01	1.99	1
2026-01-17	121	0.49	1.99	1
2026-01-17	121	0.89	1.99	1
2026-01-17	121	0.26	1.99	0.5
2026-01-17	216	1	2.79	1.4
2026-01-17	216	1	2.79	1.4
2026-01-17	216	1	2.79	1.4
2026-01-17	125	1	3.49	2.44
2026-01-17	125	1	3.49	1.75
2026-01-17	48	0.62	4.49	3.99
2026-01-17	48	1.21	4.49	1.5
2026-01-17	48	0.61	4.49	3.99
2026-01-17	48	0.44	4.49	3.99
2026-01-17	48	0.6	4.49	3.99
2026-02-17	3	1	1.39	0.7
2026-02-17	38	0.12	2.99	0.5
2026-02-17	43	0.91	1.99	0.5
2026-02-17	58	0.78	2.49	0.5
2026-02-17	58	1.01	2.49	0.5
2026-02-17	69	1	1.19	0.5
2026-02-17	69	1	1.19	0.5
2026-02-17	69	1	1.19	0.5
2026-02-17	102	0.53	2.15	0.5
2026-02-17	130	1	1.95	0.98
2026-02-17	95	0.43	1.75	0.5
2026-02-17	95	1.07	1.75	0.5
2026-02-17	127	1	2.69	1
2026-02-17	127	1	2.69	1.5
2026-02-17	127	1	2.69	1.35
2026-02-17	11	0.25	2.69	0.5
2026-02-17	11	0.95	2.69	0.5
2026-02-17	30	1	1.99	1
2026-02-17	226	1	1.35	0.68
2026-02-17	35	1	1.29	0.63
2026-02-17	35	1	1.29	0.63
2026-02-17	35	1	1.29	0.63
2026-02-17	48	1	1.99	1
2026-03-17	39	0.41	4.15	0.96
2026-03-17	19	1	2.35	0.5
2026-03-17	43	2.05	3.15	0.96
2026-03-17	43	0.34	3.15	0.5
2026-03-17	43	1.03	3.15	1
2026-03-17	52	1.68	0.99	0.48
2026-03-17	124	0.94	1.55	0.48
2026-03-17	195	1	3.99	2
2026-03-17	195	1	3.99	2
2026-03-17	195	1	3.99	2
2026-03-17	195	1	3.99	2
2026-03-17	195	1	3.99	1
2026-03-17	195	1	3.99	2
2026-03-17	195	1	3.99	2
2026-03-17	195	1	3.99	2
2026-03-17	195	1	3.99	2
2026-03-17	95	0.5	1.75	0.5
2026-03-17	95	0.87	1.75	0.5
2026-03-17	127	1	2.39	1
2026-03-17	32	1.23	3.59	2.65
2026-03-17	121	0.83	2.25	2.25
2026-03-17	121	0.77	2.25	2.25
2026-03-17	121	0.96	2.25	2.25
2026-03-17	121	0.91	2.25	2.25
2026-03-17	121	0.91	2.25	2.25
2026-03-17	121	0.66	2.25	2.25
2026-03-17	121	0.29	2.25	2.25
2026-03-17	121	0.51	2.25	2.25
2026-03-17	121	1.17	2.25	2.25
2026-03-17	121	0.96	2.25	2.25
2026-03-17	121	0.87	2.25	2.25
2026-03-17	121	0.62	2.25	2.25
2026-03-17	121	0.48	2.25	2.25
2026-03-17	121	0.53	2.25	2.25
2026-03-17	121	0.25	2.25	2.25
2026-03-17	121	0.81	2.25	2.25
2026-03-17	121	0.56	2.25	2.25
2026-03-17	121	0.89	2.25	2.25
2026-03-17	121	1.25	2.25	2.25
2026-03-17	121	0.83	2.25	2.07
2026-03-17	121	0.67	2.25	2.25
2026-03-17	121	0.93	2.25	2.25
2026-03-17	121	0.17	2.25	2.25
2026-03-17	121	1.34	2.25	2.25
2026-03-17	121	1.25	2.25	2.25
2026-03-17	121	0.71	2.25	2.25
2026-03-17	121	0.74	2.25	2.25
2026-03-17	53	1	2.49	1.74
2026-03-17	60	1	2.89	1.45
2026-03-17	233	1	1.49	0.75
2026-03-17	96	0.59	2.75	0.77
2026-04-17	41	0.32	2.35	0.5
2026-04-17	42	0.72	1.95	0.5
2026-04-17	43	0.44	3.99	1
2026-04-17	52	1.16	1.25	0.5
2026-04-17	94	0.45	2.69	1
2026-04-17	89	1.57	2.25	0.8
2026-04-17	89	1.95	2.25	0.8
2026-04-17	118	0.56	4.49	3
2026-04-17	211	1	1.15	0.81
2026-04-17	211	1	1.15	0.81
2026-04-17	207	1	1.29	0.9
2026-04-17	207	1	1.29	0.9
2026-04-17	214	1	2.79	1.95
2026-04-17	214	1	2.79	1.95
2026-04-17	214	1	2.79	1.95
2026-04-17	98	0.31	2.49	1.25
2026-04-17	127	1	2.75	1.93
2026-04-17	127	1	2.75	1.93
2026-04-17	127	1	2.75	1.93
2026-04-17	32	2	3.65	3.08
2026-04-17	218	1	1.39	0.97
2026-04-17	218	1	1.39	0.97
2026-04-17	218	1	1.39	0.97
2026-04-17	218	1	1.39	0.97
2026-04-17	218	1	1.39	0.97
2026-04-17	218	1	1.39	0.97
2026-04-17	218	1	1.39	0.97
2026-04-17	218	1	1.39	0.97
2026-04-17	218	1	1.39	0.97
2026-04-17	218	1	1.39	0.97
2026-04-17	218	1	1.39	0.89
2026-04-17	218	1	1.39	0.97
2026-04-17	125	1	2.49	1.25
2026-04-17	125	1	2.49	1.25
2026-04-17	125	1	2.49	1.25
2026-04-17	125	1	2.49	1.25
2026-04-17	55	1	2.55	2.04
2026-04-17	48	1	1.99	1
2026-06-17	4	1	1.05	0.5
2026-06-17	27	2	3.55	0.5
2026-06-17	42	0.95	1.75	0.5
2026-06-17	43	0.33	1.85	0.5
2026-06-17	8	1	1.99	0.8
2026-06-17	124	0.38	1.55	0.5
2026-06-17	187	0.53	5.59	0.5
2026-06-17	95	0.37	1.79	0.5
2026-06-17	167	1	1.39	0.5
2026-06-17	121	0.62	2.59	0.5
2026-06-17	121	0.24	2.59	1
2026-06-17	121	1.01	2.59	0.5
2026-06-17	121	0.73	2.59	0.5
2026-06-17	61	1	1.89	0.95
2026-07-17	52	1.86	1.45	0.5
2026-07-17	68	1	1.99	0.5
2026-07-17	81	2	1.25	0.46
2026-07-17	83	0.52	2.39	0.5
2026-07-17	114	1.02	3.95	1
2026-07-17	114	1.01	3.95	2
2026-07-17	187	0.66	5.45	0.99
2026-07-17	196	1	2.99	1
2026-07-17	197	1.18	2.35	0.5
2026-07-17	199	1.12	3.29	1
2026-07-17	95	0.77	1.79	0.5
2026-07-17	105	0.77	2.09	1
2026-07-17	121	0.39	1.55	0.5
2026-07-17	121	0.79	1.55	0.5
2026-07-17	190	1	2.95	1.48
2026-07-17	190	1	2.95	1.48
2026-07-17	190	1	2.95	1.48
2026-02-18	38	0.25	4.49	0.5
2026-02-18	38	0.89	4.49	0.5
2026-02-18	39	0.67	3.75	0.5
2026-02-18	43	0.56	1.99	0.5
2026-02-18	43	0.61	1.99	0.5
2026-02-18	43	0.8	1.99	0.5
2026-02-18	58	0.71	2.49	0.5
2026-02-18	207	1	1.29	0.65
2026-02-18	207	1	1.29	0.65
2026-02-18	208	1	0.95	0.48
2026-02-18	208	1	0.95	0.48
2026-02-18	208	1	0.95	0.48
2026-02-18	95	0.78	1.75	0.5
2026-02-18	100	0.26	2.09	0.9
2026-02-18	218	1	1.39	0.7
2026-02-18	62	1	1.85	0.93
2026-02-18	62	1	1.85	0.93
2026-02-18	62	1	1.85	0.93
2026-02-18	48	1.1	4.49	1
2026-03-18	1	1	1.39	0.5
2026-03-18	9	1	0.85	0.5
2026-03-18	33	0.38	3.49	3.89
2026-03-18	33	0.45	3.49	3.89
2026-03-18	33	0.21	3.49	3.89
2026-03-18	33	1.39	3.49	1
2026-03-18	33	0.56	3.49	3.89
2026-03-18	33	0.36	3.49	3.89
2026-03-18	33	0.16	3.49	3.89
2026-03-18	33	0.54	3.49	3.58
2026-03-18	39	0.32	4.15	0.5
2026-03-18	39	0.41	4.15	0.5
2026-03-18	42	1.07	1.95	0.5
2026-03-18	93	1	3.25	1.63
2026-03-18	93	1	3.25	1.63
2026-03-18	93	1	3.25	1.63
2026-03-18	109	1.04	2.95	1
2026-03-18	109	1.33	2.95	1
2026-03-18	195	1	3.99	1
2026-03-18	195	1	3.99	2
2026-03-18	207	1	1.29	0.65
2026-03-18	207	1	1.29	0.65
2026-03-18	207	1	1.29	0.65
2026-03-18	98	0.52	2.15	0.5
2026-03-18	98	0.32	2.15	0.5
2026-03-18	32	1.15	3.59	1
2026-03-18	101	1.1	2.89	0.5
2026-03-18	121	0.41	2.25	2.25
2026-03-18	121	0.73	2.25	2.25
2026-03-18	121	1.23	2.25	2.07
2026-03-18	121	0.46	2.25	2.25
2026-03-18	121	0.36	2.25	2.25
2026-03-18	121	0.38	2.25	2.25
2026-03-18	121	0.48	2.25	2.25
2026-03-18	121	0.39	2.25	2.25
2026-03-18	121	0.79	2.25	2.25
2026-03-18	121	0.54	2.25	2.25
2026-03-18	121	0.52	2.25	2.25
2026-03-18	121	0.35	2.25	2.25
2026-03-18	121	0.53	2.25	2.25
2026-03-18	121	1.17	2.25	2.25
2026-03-18	121	0.43	2.25	2.25
2026-03-18	121	0.91	2.25	2.25
2026-03-18	121	0.33	2.25	2.25
2026-03-18	121	0.51	2.25	2.25
2026-03-18	121	0.81	2.25	2.25
2026-03-18	121	0.54	2.25	2.25
2026-03-18	121	0.71	2.25	2.25
2026-03-18	121	0.76	2.25	2.25
2026-03-18	121	0.92	2.25	2.25
2026-03-18	121	0.6	2.25	2.25
2026-03-18	121	0.68	2.25	2.25
2026-03-18	121	0.6	2.25	2.25
2026-03-18	121	0.58	2.25	2.25
2026-03-18	233	1	1.49	0.75
2026-03-18	96	0.59	2.75	0.5
2026-04-18	18	0.29	1.65	0.5
2026-04-18	42	2.08	1.95	0.5
2026-04-18	52	2.63	1.25	0.6
2026-04-18	52	0.13	1.25	0.5
2026-04-18	89	1.94	2.25	0.5
2026-04-18	124	1.86	1.55	0.5
2026-04-18	93	1	1.85	0.6
2026-04-18	195	1	3.59	1.8
2026-04-18	195	1	3.59	1
2026-04-18	195	2	3.59	1
2026-04-18	195	1	3.59	1
2026-04-18	195	1	3.59	1
2026-04-18	195	1	3.59	1
2026-04-18	195	1	3.59	1
2026-04-18	198	1	1.49	0.8
2026-04-18	211	1	1.15	0.81
2026-04-18	211	1	1.15	0.81
2026-04-18	211	1	1.15	0.81
2026-04-18	213	1	2.85	2
2026-04-18	95	1.1	1.55	0.5
2026-04-18	95	0.44	1.55	0.5
2026-04-18	32	0.78	3.65	1.2
2026-04-18	110	1	3.35	2.16
2026-04-18	110	1	3.35	2.16
2026-04-18	121	1.47	2.49	0.5
2026-04-18	218	1	1.39	0.97
2026-04-18	218	1	1.39	0.97
2026-04-18	218	1	1.39	0.97
2026-04-18	218	1	1.39	0.97
2026-04-18	218	1	1.39	0.97
2026-04-18	218	1	1.39	0.97
2026-04-18	218	1	1.39	0.97
2026-04-18	218	1	1.39	0.97
2026-04-18	218	1	1.39	0.97
2026-04-18	50	1	2.99	2.54
2026-05-18	43	0.1	2.25	0.5
2026-05-18	8	1	2.25	0.5
2026-05-18	94	0.21	2.69	0.5
2026-05-18	124	0.92	1.55	0.5
2026-05-18	93	1	1.75	0.8
2026-05-18	93	1	1.75	0.46
2026-05-18	93	2	1.75	0.46
2026-05-18	114	0.9	5.99	3
2026-05-18	114	0.54	5.99	3
2026-05-18	128	1	1.95	1.4
2026-05-18	128	1	1.95	1.46
2026-05-18	185	1.66	1.89	0.5
2026-05-18	196	1	2.69	1
2026-05-18	218	1	1.39	0.7
2026-05-18	218	1	1.39	0.7
2026-05-18	65	1	1.45	1.09
2026-05-18	65	1	1.45	1.09
2026-05-18	65	1	1.45	1.09
2026-05-18	62	1	1.85	1.39
2026-06-18	27	1	2.35	3.55
2026-06-18	38	0.45	1.85	0.48
2026-06-18	39	0.42	2.49	1.2
2026-06-18	75	1	1.59	1
2026-06-18	124	0.74	1.39	0.48
2026-06-18	111	1.27	3.25	1
2026-06-18	95	1	1.79	0.5
2026-06-18	112	1.24	2.99	1
2026-06-18	101	0.96	2.89	1
2026-06-18	121	0.93	2.59	0.5
2026-06-18	216	1	2.79	2.09
2026-06-18	216	1	2.79	2.09
2026-06-18	216	1	2.79	2.09
2026-06-18	216	1	2.79	1.4
2026-06-18	216	1	2.79	2.09
2026-06-18	216	1	2.79	2.09
2026-07-18	70	1	1.49	0.8
2026-07-18	124	0.32	1.55	0.5
2026-07-18	114	1.39	3.95	1
2026-07-18	166	1	2.35	1.76
2026-07-18	166	1	2.35	1.76
2026-07-18	166	1	2.35	1.76
2026-07-18	214	1	2.79	2.09
2026-07-18	214	1	2.79	2.09
2026-07-18	95	1.14	1.79	0.5
2026-07-18	121	0.54	1.55	0.5
2026-07-18	121	1.5	1.55	1
2026-07-18	216	1	2.79	2.09
2026-07-18	125	1	2.85	2.14
2026-07-18	125	1	2.85	2.14
2026-01-19	18	0.33	4.49	0.5
2026-01-19	39	0.35	3.85	2.29
2026-01-19	41	0.5	2.25	0.5
2026-01-19	92	1.77	0.89	0.65
2026-01-19	124	0.75	1.55	1
2026-01-19	124	0.96	1.55	0.5
2026-01-19	124	1.54	1.55	1
2026-01-19	187	0.34	4.75	1
2026-01-19	187	0.46	4.75	1
2026-01-19	187	0.55	4.75	1
2026-01-19	187	0.23	4.75	1
2026-01-19	187	1.08	4.75	1
2026-01-19	199	0.28	2.15	1
2026-01-19	199	0.34	2.15	0.5
2026-01-19	167	1	1.39	0.5
2026-01-19	121	0.69	2.25	1
2026-01-19	121	0.76	2.25	1
2026-01-19	121	0.78	2.25	1
2026-01-19	121	0.57	2.25	1
2026-01-19	121	0.82	2.25	1
2026-01-19	121	0.27	2.25	1
2026-01-19	121	0.48	2.25	1
2026-01-19	121	1.08	2.25	1
2026-01-19	121	1.62	2.25	1
2026-01-19	121	0.93	2.25	1.99
2026-01-19	121	0.33	2.25	1
2026-01-19	121	0.35	2.25	1
2026-01-19	121	1.21	2.25	1
2026-01-19	121	0.17	2.25	1
2026-01-19	216	1	2.79	1.4
2026-01-19	125	1	3.49	2.44
2026-01-19	125	1	3.49	2.44
2026-01-19	47	1.2	4.69	3.99
2026-01-19	47	0.23	4.69	3.99
2026-01-19	47	0.51	4.69	3.99
2026-01-19	47	0.63	4.69	3.99
2026-02-19	41	0.69	2.35	0.5
2026-02-19	52	0.98	1.05	0.5
2026-02-19	58	0.57	2.49	0.5
2026-02-19	58	0.73	2.49	0.5
2026-02-19	83	1	2.25	0.5
2026-02-19	124	0.92	1.55	0.5
2026-02-19	185	0.72	1.95	0.9
2026-02-19	185	0.67	1.95	0.9
2026-02-19	199	0.97	2.15	0.5
2026-02-19	207	1	1.29	0.65
2026-02-19	208	1	0.95	0.48
2026-02-19	127	1	2.69	1.35
2026-02-19	96	0.61	2.69	0.5
2026-03-19	41	0.79	2.35	0.48
2026-03-19	8	1	2.25	0.5
2026-03-19	76	1	0.99	0.5
2026-03-19	83	0.54	2.25	0.5
2026-03-19	94	0.24	2.69	0.5
2026-03-19	109	0.64	2.95	0.8
2026-03-19	118	1.47	4.49	2
2026-03-19	196	1	2.35	1
2026-03-19	195	1	3.59	2
2026-03-19	195	1	3.59	2
2026-03-19	195	1	3.59	1
2026-03-19	195	1	3.59	2
2026-03-19	207	1	1.29	0.65
2026-03-19	214	1	2.79	1.4
2026-03-19	214	1	2.79	1.29
2026-03-19	84	2	1.65	0.5
2026-03-19	84	1	1.65	0.5
2026-03-19	84	1	1.65	0.48
2026-03-19	85	1	1.49	0.5
2026-03-19	98	0.32	2.15	0.48
2026-03-19	95	0.19	1.75	0.48
2026-03-19	32	1.49	3.55	0.5
2026-03-19	101	0.5	2.89	0.48
2026-03-19	121	1.06	2.15	2.25
2026-03-19	121	1.07	2.15	1
2026-03-19	121	0.2	2.15	0.48
2026-03-19	121	0.45	2.15	1
2026-03-19	53	1	2.49	1.25
2026-03-19	216	1	2.79	1.29
2026-03-19	216	1	2.79	1.29
2026-03-19	216	1	2.79	1.29
2026-03-19	233	1	1.49	0.75
2026-03-19	96	0.57	2.75	0.48
2026-05-19	41	0.42	2.79	0.05
2026-05-19	43	0.53	2.25	0.5
2026-05-19	52	1.87	1.09	0.5
2026-05-19	103	0.19	2.99	0.5
2026-05-19	103	0.94	2.99	0.5
2026-05-19	103	0.85	2.99	0.5
2026-05-19	106	0.53	3.49	1
2026-05-19	114	0.99	5.99	2.5
2026-05-19	114	0.49	5.99	3
2026-05-19	128	1	1.95	0.49
2026-05-19	128	1	1.95	0.49
2026-05-19	128	1	1.95	0.49
2026-05-19	187	0.19	4.65	1
2026-05-19	105	0.61	4.25	0.5
2026-05-19	112	0.21	3.99	0.5
2026-05-19	101	0.15	2.95	0.5
2026-05-19	121	0.39	2.89	0.5
2026-05-19	57	1	1.35	1.01
2026-05-19	46	0.54	2.95	0.5
2026-05-19	47	0.07	4.69	1
2026-06-19	39	0.86	2.49	0.5
2026-06-19	39	0.32	2.49	1
2026-06-19	42	0.26	1.99	0.5
2026-06-19	43	0.75	1.85	0.5
2026-06-19	44	0.71	1.59	0.8
2026-06-19	99	0.83	2.99	0.6
2026-06-19	114	1.26	4.75	2.5
2026-06-19	185	1.49	1.59	0.5
2026-06-19	185	1.47	1.59	0.8
2026-06-19	187	0.2	5.59	0.5
2026-06-19	197	1.06	1.55	0.5
2026-06-19	219	1	0.99	0.68
2026-06-19	207	1	1.29	0.97
2026-06-19	215	1	2.79	2.09
2026-06-19	215	1	2.79	2.09
2026-06-19	215	1	2.79	2.09
2026-06-19	215	1	2.79	2.09
2026-06-19	127	2	2.99	0.5
2026-06-19	127	1	2.99	0.5
2026-06-19	127	2	2.99	0.5
2026-06-19	74	1	2.15	1.61
2026-06-19	74	1	2.15	1.48
2026-01-20	27	1	2.49	0.48
2026-01-20	43	1.94	1.99	0.48
2026-01-20	93	1	4.95	3.47
2026-01-20	93	1	4.95	3.47
2026-01-20	128	1	2.35	1.65
2026-01-20	128	1	2.35	1.65
2026-01-20	128	1	2.35	1.65
2026-01-20	128	1	2.35	1.65
2026-01-20	128	1	2.35	1.65
2026-01-20	128	1	2.35	1.65
2026-01-20	128	1	2.35	1.65
2026-01-20	128	1	2.35	1.65
2026-01-20	178	0.87	3.49	1
2026-01-20	196	1	2.49	1
2026-01-20	196	1	2.49	1
2026-01-20	215	1	2.79	1.4
2026-01-20	215	1	2.79	1.4
2026-01-20	215	1	2.79	1.4
2026-01-20	215	1	2.79	1.29
2026-01-20	215	1	2.79	1.4
2026-01-20	215	1	2.79	1.4
2026-01-20	47	0.22	4.69	3.99
2026-01-20	47	0.46	4.69	3.99
2026-01-20	47	0.24	4.69	3.99
2026-01-20	47	1.05	4.69	3.99
2026-02-20	39	0.74	4.15	0.5
2026-02-20	58	1.35	2.49	0.5
2026-02-20	69	2	1.19	0.5
2026-02-20	83	0.59	2.25	0.5
2026-02-20	94	1.29	2.69	0.5
2026-02-20	102	2.2	2.15	0.9
2026-02-20	102	1.23	2.15	0.5
2026-02-20	89	1.17	1.59	0.8
2026-02-20	89	1.15	1.59	0.7
2026-02-20	124	0.47	1.55	0.5
2026-02-20	124	1.05	1.55	0.5
2026-02-20	124	1.08	1.55	0.5
2026-02-20	124	0.82	1.55	0.5
2026-02-20	93	1	3.95	1
2026-02-20	93	1	3.95	2
2026-02-20	199	0.38	2.15	0.5
2026-02-20	127	1	2.69	1.35
2026-02-20	127	1	2.69	1.24
2026-02-20	121	0.96	2.25	0.5
2026-02-20	48	0.88	4.49	1
2026-03-20	33	1.89	2.99	1
2026-03-20	44	0.11	3.69	1
2026-03-20	81	1	1.19	0.5
2026-03-20	89	1.51	2.25	0.5
2026-03-20	89	1.64	2.25	0.5
2026-03-20	124	0.68	1.55	1
2026-03-20	124	0.69	1.55	0.5
2026-03-20	124	0.67	1.55	1
2026-03-20	93	1	2.99	0.92
2026-03-20	109	0.59	2.95	0.5
2026-03-20	95	0.83	1.75	0.5
2026-03-20	100	0.27	2.25	1
2026-03-20	121	0.91	2.15	1
2026-03-20	121	0.68	2.15	1
2026-03-20	121	1.15	2.15	0.5
2026-03-20	121	0.56	2.15	1
2026-03-20	121	0.69	2.15	1
2026-03-20	121	0.84	2.15	1
2026-03-20	121	1.02	2.15	1
2026-03-20	121	1.39	2.15	0.5
2026-03-20	121	0.98	2.15	1
2026-03-20	121	0.77	2.15	0.5
2026-03-20	121	0.12	2.15	1
2026-03-20	121	0.49	2.15	1
2026-03-20	53	1	2.49	1.74
2026-03-20	53	1	2.49	1.74
2026-03-20	65	1	1.45	0.73
2026-03-20	65	1	1.45	0.73
2026-03-20	35	1	1.19	0.6
2026-03-20	35	1	1.19	0.6
2026-03-20	35	1	1.19	0.6
2026-03-20	35	1	1.19	0.6
2026-03-20	96	0.32	2.75	0.5
2026-03-20	96	1.59	2.75	0.8
2026-03-20	186	1	2.25	1.58
2026-03-20	186	1	2.25	1.58
2026-03-20	186	1	2.25	1.58
2026-04-20	1	2	1.39	0.5
2026-04-20	39	0.44	2.95	1
2026-04-20	42	0.39	2.35	0.5
2026-04-20	43	0.7	3.55	0.5
2026-04-20	75	1	1.59	0.5
2026-04-20	75	1	1.59	1
2026-04-20	93	1	1.85	0.5
2026-04-20	93	1	1.85	1
2026-04-20	178	0.37	3.49	1.5
2026-04-20	196	1	2.49	1
2026-04-20	195	1	3.59	1
2026-04-20	211	1	1.15	0.81
2026-04-20	211	1	1.15	0.81
2026-04-20	211	1	1.15	0.81
2026-04-20	207	1	1.29	0.9
2026-04-20	207	1	1.29	0.9
2026-04-20	207	1	1.29	0.9
2026-04-20	214	1	2.79	1.95
2026-04-20	214	1	2.79	1.95
2026-04-20	213	1	2.85	1.43
2026-04-20	213	1	2.85	1.43
2026-04-20	213	1	2.85	2
2026-04-20	213	1	2.85	2
2026-04-20	213	1	2.85	2
2026-04-20	213	1	2.85	2
2026-04-20	213	1	2.85	1.43
2026-04-20	121	1.07	2.75	1
2026-04-20	121	1.17	2.75	1
2026-04-20	121	1.91	2.75	0.5
2026-04-20	121	0.45	2.75	0.5
2026-04-20	218	1	1.39	0.97
2026-04-20	218	1	1.39	0.97
2026-04-20	218	1	1.39	0.97
2026-04-20	218	1	1.39	0.97
2026-04-20	216	1	2.79	1.79
2026-04-20	216	1	2.79	1.79
2026-04-20	65	1	1.25	0.73
2026-04-20	65	1	1.25	0.73
2026-04-20	50	1	2.99	2.09
2026-04-20	50	1	2.99	2.09
2026-05-20	41	1.15	2.79	1
2026-05-20	8	1	2.25	0.5
2026-05-20	8	1	2.25	1
2026-05-20	52	1.91	1.45	0.5
2026-05-20	68	1	1.99	1
2026-05-20	68	1	1.99	1
2026-05-20	93	1	1.75	1
2026-05-20	93	1	1.75	0.8
2026-05-20	105	0.94	4.25	1
2026-05-20	11	1.28	1.35	0.5
2026-05-20	11	1.84	1.35	0.5
2026-05-20	121	0.9	2.89	1
2026-05-20	218	1	1.39	0.96
2026-05-20	218	1	1.39	0.96
2026-05-20	218	1	1.39	0.96
2026-05-20	218	1	1.39	1.04
2026-05-20	218	1	1.39	1.04
2026-06-20	39	0.35	2.49	1.5
2026-06-20	43	0.69	1.85	0.5
2026-06-20	8	1	2.25	0.8
2026-06-20	52	1	1.45	0.5
2026-06-20	75	1	1.59	1.19
2026-06-20	75	1	1.59	1.19
2026-06-20	106	0.18	3.29	1
2026-06-20	114	1.76	4.75	1.5
2026-06-20	201	0.58	1.75	0.5
2026-06-20	214	1	2.79	1.29
2026-06-20	214	1	2.79	1.4
2026-06-20	215	1	2.79	1.4
2026-06-20	105	0.49	3.59	1
2026-06-20	105	1.11	3.59	1
2026-06-20	127	1	2.99	1.5
2026-06-20	127	1	2.99	0.5
2026-06-20	127	1	2.99	0.5
2026-06-20	127	1	2.99	1.5
2026-06-20	11	0.23	2.35	0.5
2026-06-20	101	0.21	2.89	1
2026-06-20	121	0.35	2.59	0.48
2026-06-20	74	1	2.15	1.61
2026-06-20	74	1	2.15	1.61
2026-06-20	74	1	2.15	1.61
2026-06-20	74	1	2.15	1.61
2026-07-20	28	3	2.85	0.3
2026-07-20	75	1	1.59	1.19
2026-07-20	75	1	1.59	1.19
2026-07-20	75	1	1.59	1.19
2026-07-20	94	0.47	2.85	0.5
2026-07-20	166	1	2.35	1.76
2026-07-20	166	1	2.35	1.76
2026-07-20	166	1	2.35	1.76
2026-07-20	166	1	2.35	1.76
2026-07-20	166	1	2.35	1.76
2026-07-20	166	1	2.35	1.76
2026-07-20	166	1	2.35	1.76
2026-07-20	187	0.71	5.45	0.5
2026-07-20	199	0.55	3.29	0.5
2026-07-20	198	1	1.59	0.5
2026-07-20	105	1.03	2.09	0.5
2026-07-20	11	0.6	3.99	0.5
2026-07-20	11	1.74	3.99	0.5
2026-07-20	11	1.02	3.99	0.5
2026-07-20	11	1.06	3.99	0.5
2026-07-20	121	0.9	1.55	0.5
2026-07-20	57	2	1.49	0.5
2026-07-20	125	1	2.85	2.14
2026-07-20	125	1	2.85	2.14
2026-07-20	125	1	2.85	2.14
2026-07-20	125	1	2.85	2.14
2026-07-20	96	0.53	2.79	0.5
2026-01-21	69	2	1.19	0.5
2026-01-21	102	1.62	2.15	1
2026-01-21	102	2.39	2.15	0.5
2026-01-21	93	1	4.75	0.9
2026-01-21	128	1	2.25	1.65
2026-01-21	128	1	2.25	1.65
2026-01-21	178	0.86	3.49	1
2026-01-21	197	0.55	1.49	1
2026-02-21	12	0.34	2.49	0.48
2026-02-21	39	0.49	4.15	0.5
2026-02-21	43	0.98	2.09	0.5
2026-02-21	8	1	2.15	0.8
2026-02-21	52	0.91	1.05	0.48
2026-02-21	124	0.44	1.55	0.5
2026-02-21	93	1	3.95	2.77
2026-02-21	93	1	3.95	2.77
2026-02-21	93	1	3.95	2.77
2026-02-21	93	1	3.95	2.77
2026-02-21	93	1	3.95	2.77
2026-02-21	93	1	3.95	2.77
2026-02-21	93	1	3.95	2.77
2026-02-21	93	1	3.95	2.77
2026-02-21	93	1	3.95	2.77
2026-02-21	199	1.34	2.15	0.5
2026-02-21	208	1	0.95	0.48
2026-02-21	208	1	0.95	0.48
2026-02-21	208	1	0.95	0.48
2026-02-21	208	1	0.95	0.48
2026-02-21	208	1	0.95	0.48
2026-02-21	208	1	0.95	0.48
2026-02-21	208	1	0.95	0.48
2026-02-21	95	0.81	1.49	0.5
2026-02-21	127	1	2.69	1.35
2026-02-21	101	0.43	2.79	0.5
2026-02-21	101	0.34	2.79	0.5
2026-02-21	121	1.73	2.25	0.96
2026-02-21	121	0.65	2.25	1
2026-02-21	121	0.56	2.25	1
2026-02-21	121	0.34	2.25	0.5
2026-02-21	121	0.44	2.25	1
2026-02-21	114	1	3.99	2
2026-02-21	114	1	3.99	2
2026-02-21	114	1	3.99	2
2026-03-21	12	0.71	3.49	1
2026-03-21	8	1	1.45	1
2026-03-21	38	0.27	3.49	1
2026-03-21	44	1	3.69	0.5
2026-03-21	44	1.38	3.69	1
2026-03-21	75	1	1.55	0.5
2026-03-21	81	1	1.19	0.5
2026-03-21	83	0.51	2.69	0.5
2026-03-21	124	0.74	1.55	0.5
2026-03-21	124	1.43	1.55	0.48
2026-03-21	124	1.11	1.55	0.5
2026-03-21	124	0.68	1.55	0.5
2026-03-21	124	0.4	1.55	0.5
2026-03-21	124	1.35	1.55	0.5
2026-03-21	124	1.1	1.55	0.5
2026-03-21	93	1	2.99	0.5
2026-03-21	130	2	1.95	1
2026-03-21	178	0.47	3.29	1
2026-03-21	214	1	2.79	1.4
2026-03-21	213	1	2.85	1.43
2026-03-21	213	1	2.85	1.43
2026-03-21	213	1	2.85	1.32
2026-03-21	213	1	2.85	1.32
2026-03-21	213	1	2.85	1.43
2026-03-21	213	1	2.85	1.32
2026-03-21	84	1	1.99	0.5
2026-03-21	95	0.83	1.75	0.48
2026-03-21	95	1.17	1.75	1
2026-03-21	101	0.55	2.89	0.5
2026-03-21	121	1.38	2.15	1
2026-03-21	57	1	1.35	0.68
2026-03-21	53	1	2.49	1.74
2026-03-21	54	1	2.09	1.05
2026-03-21	65	1	1.45	0.73
2026-03-21	65	1	1.45	0.73
2026-03-21	65	1	1.45	0.73
2026-03-21	65	1	1.45	0.73
2026-03-21	186	1	2.25	1.58
2026-03-21	50	1	2.99	2.09
2026-03-21	50	1	2.99	1.92
2026-04-21	4	1	1.05	0.5
2026-04-21	39	0.48	2.95	1
2026-04-21	43	0.66	3.55	1
2026-04-21	43	0.54	3.55	1
2026-04-21	52	0.57	1.25	0.5
2026-04-21	75	1	1.59	0.5
2026-04-21	78	1	1.59	1
2026-04-21	187	0.11	4.65	1
2026-04-21	187	0.43	4.65	1
2026-04-21	196	2	2.49	1
2026-04-21	197	0.45	1.59	0.5
2026-04-21	197	0.67	1.59	0.5
2026-04-21	214	1	2.79	1.95
2026-04-21	214	1	2.79	1.95
2026-04-21	95	0.22	1.55	1
2026-04-21	32	1.14	3.65	1
2026-04-21	101	0.46	2.89	0.8
2026-04-21	121	0.68	2.95	0.5
2026-04-21	121	0.52	2.95	1
2026-04-21	121	1.12	2.95	0.8
2026-04-21	216	1	2.79	1.95
2026-04-21	216	1	2.79	1.95
2026-04-21	60	1	2.75	1.93
2026-04-21	96	0.27	2.79	1
2026-05-21	18	0.37	1.95	0.48
2026-05-21	39	0.98	2.99	1
2026-05-21	69	2	1.25	0.5
2026-05-21	103	1.33	2.99	1
2026-05-21	103	0.12	2.99	1
2026-05-21	105	0.72	4.25	1
2026-05-21	105	1.15	4.25	1
2026-05-21	105	0.8	4.25	1
2026-05-21	11	0.52	1.75	1
2026-05-21	121	1.41	2.89	0.77
2026-05-21	121	0.59	2.89	1
2026-05-21	121	0.96	2.89	1
2026-07-21	42	0.38	1.65	0.5
2026-07-21	43	0.13	1.69	0.5
2026-07-21	68	1	1.99	0.5
2026-07-21	70	1	1.49	0.5
2026-07-21	73	1	1.49	0.5
2026-07-21	99	0.25	2.99	0.5
2026-07-21	166	1	2.35	1.76
2026-07-21	166	1	2.35	1.76
2026-07-21	197	0.96	2.25	0.5
2026-07-21	214	1	2.79	1
2026-07-21	214	1	2.79	1
2026-07-21	214	1	2.79	0.99
2026-07-21	127	0.45	3.15	0.5
2026-07-21	167	1	1.49	0.5
2026-07-21	121	1.39	1.55	0.5
2026-07-21	121	0.97	1.55	0.5
2026-07-21	121	1.28	1.55	0.4
2026-07-21	121	0.23	1.55	0.5
2026-07-21	121	0.68	1.55	0.5
2026-07-21	125	1	2.85	2.14
2026-07-21	48	1	1.99	1.49
2026-01-22	4	1	1.05	0.5
2026-01-22	43	1.22	2.45	1
2026-01-22	43	0.74	2.45	0.5
2026-01-22	8	1	1.99	0.9
2026-01-22	196	1	2.29	1
2026-01-22	197	1.31	1.65	1
2026-01-22	214	1	2.79	1.4
2026-01-22	214	1	2.79	1.4
2026-01-22	214	1	2.79	1.4
2026-01-22	214	1	2.79	1.4
2026-01-22	214	1	2.79	1.4
2026-01-22	214	1	2.79	1.4
2026-01-22	214	1	2.79	1.4
2026-01-22	214	1	2.79	1.4
2026-01-22	213	1	2.85	1.43
2026-01-22	101	0.35	2.89	2.65
2026-01-22	48	0.9	4.49	3.99
2026-01-22	48	0.41	4.49	3.99
2026-01-22	48	0.63	4.49	3.99
2026-04-22	39	0.47	2.95	1
2026-04-22	42	0.44	2.35	0.5
2026-04-22	42	0.2	2.35	0.5
2026-04-22	43	0.54	3.55	0.5
2026-04-22	70	1	1.95	1.56
2026-04-22	70	1	1.95	1.56
2026-04-22	70	1	1.95	1.56
2026-04-22	70	1	1.95	1.56
2026-04-22	89	1.61	2.25	0.5
2026-04-22	89	1.01	2.25	0.8
2026-04-22	89	0.98	2.25	1
2026-04-22	93	1	1.85	1.3
2026-04-22	93	1	1.85	1.3
2026-04-22	93	1	1.85	1.3
2026-04-22	93	1	1.85	1.3
2026-04-22	93	1	1.85	1.3
2026-04-22	93	1	1.85	1.3
2026-04-22	93	1	1.85	1.3
2026-04-22	93	1	1.85	1.3
2026-04-22	196	1	2.49	1
2026-04-22	196	1	2.49	1
2026-04-22	196	1	2.49	0.5
2026-04-22	197	2.16	1.59	0.5
2026-04-22	197	0.41	1.59	1
2026-04-22	195	1	3.59	1
2026-04-22	95	0.8	1.55	0.5
2026-04-22	32	0.59	3.65	1
2026-04-22	165	0.34	5.45	1
2026-04-22	110	1	3.35	2.68
2026-04-22	110	1	3.35	2.68
2026-04-22	110	1	3.35	2.68
2026-04-22	125	1	2.49	1.74
2026-04-22	125	1	2.49	1.74
2026-04-22	125	1	2.49	1.74
2026-04-22	125	1	2.49	1.74
2026-04-22	60	1	2.75	1.93
2026-04-22	60	1	2.75	1.38
2026-04-22	60	1	2.75	1.93
2026-04-22	49	1	1.99	1.59
2026-04-22	49	1	1.99	1.59
2026-04-22	247	1	1.95	1.37
2026-04-22	247	1	1.95	1.37
2026-04-22	247	1	1.95	1.37
2026-04-22	247	1	1.95	1.37
2026-04-22	247	1	1.95	1.26
2026-04-22	247	1	1.95	1.26
2026-04-22	247	1	1.95	1.37
2026-05-22	12	0.63	1.89	0.5
2026-05-22	38	0.18	2.59	0.5
2026-05-22	41	0.4	2.65	1
2026-05-22	43	0.12	2.09	1
2026-05-22	124	0.55	1.55	0.5
2026-05-22	214	1	2.79	2.09
2026-05-22	105	1.58	4.25	1
2026-05-22	105	0.48	4.25	1
2026-05-22	105	0.69	4.25	1
2026-05-22	127	1	2.99	2.24
2026-05-22	127	1	2.99	2.24
2026-05-22	101	0.47	2.95	0.5
2026-05-22	121	0.55	2.89	1
2026-05-22	121	1.01	2.89	1
2026-05-22	121	0.53	2.89	1
2026-05-22	121	1.14	2.89	0.5
2026-05-22	121	0.56	2.89	1
2026-05-22	121	1.01	2.89	0.5
2026-05-22	121	0.76	2.89	1
2026-05-22	125	1	3.25	2.44
2026-05-22	125	1	3.25	2.44
2026-05-22	231	1	1.39	0.7
2026-06-22	12	0.34	1.95	1.75
2026-06-22	12	0.29	1.95	1.75
2026-06-22	18	1.25	1.75	1.29
2026-06-22	31	0.26	5.69	1
2026-06-22	4	1	0.85	0.5
2026-06-22	38	0.17	1.89	1.85
2026-06-22	38	0.58	1.89	1.85
2026-06-22	38	0.19	1.89	1
2026-06-22	38	0.12	1.89	1.85
2026-06-22	38	0.12	1.89	1.85
2026-06-22	38	0.16	1.89	1
2026-06-22	39	0.31	2.49	0.5
2026-06-22	41	0.25	1.79	0.55
2026-06-22	42	0.16	1.99	0.5
2026-06-22	82	1	1.29	0.5
2026-06-22	99	0.25	2.99	1
2026-06-22	124	2.28	1.39	0.5
2026-06-22	196	1	2.85	1
2026-06-22	198	1	1.59	0.5
2026-06-22	215	1	2.79	1.4
2026-06-22	215	1	2.79	1.4
2026-06-22	95	1.67	1.79	0.8
2026-06-22	105	0.94	3.59	1
2026-06-22	127	1	2.99	1.5
2026-06-22	127	1	2.99	1.5
2026-06-22	127	1	2.99	0.5
2026-06-22	127	1	2.99	1.5
2026-06-22	11	0.79	2.35	0.5
2026-06-22	11	0.61	2.35	0.5
2026-06-22	167	1	1.45	1.39
2026-06-22	121	0.35	2.59	0.5
2026-06-22	121	0.66	2.59	0.5
2026-06-22	121	0.36	2.59	1
2026-06-22	121	0.65	2.59	1
2026-06-22	190	1	3.49	1.75
2026-06-22	190	1	3.49	1.75
2026-06-22	190	1	3.49	1.75
2026-06-22	190	1	3.49	1.75
2026-06-22	190	1	3.49	1.75
2026-06-22	190	1	3.49	1.75
2026-06-22	46	0.42	3.75	0.5
2026-07-22	39	0.36	3.39	1
2026-07-22	42	2.01	1.65	0.5
2026-07-22	44	2.12	1.59	0.5
2026-07-22	68	1	1.99	1
2026-07-22	68	1	1.99	1
2026-07-22	103	1.3	2.35	0.5
2026-07-22	124	0.32	1.55	0.5
2026-07-22	124	0.43	1.55	0.7
2026-07-22	166	1	2.35	1.25
2026-07-22	178	0.78	2.65	0.5
2026-07-22	178	0.57	2.65	0.5
2026-07-22	197	1.41	2.25	0.5
2026-07-22	197	0.93	2.25	0.5
2026-07-22	208	1	0.95	0.48
2026-07-22	214	1	2.79	0.74
2026-07-22	214	1	2.79	1.4
2026-07-22	214	1	2.79	1.4
2026-07-22	215	1	2.79	1.4
2026-07-22	215	1	2.79	1.4
2026-07-22	215	1	2.79	1.4
2026-07-22	213	1	2.85	1.43
2026-07-22	213	1	2.85	1.43
2026-07-22	213	1	2.85	1.43
2026-07-22	213	1	2.85	1.43
2026-07-22	213	1	2.85	1.43
2026-07-22	213	1	2.85	1.43
2026-07-22	112	2.34	2.59	0.5
2026-07-22	121	0.13	1.55	0.5
2026-07-22	48	1	1.99	1.49
2026-01-23	18	0.81	5.25	3
2026-01-23	18	0.81	5.25	3
2026-01-23	18	1.86	5.25	3.5
2026-01-23	18	0.73	5.25	1
2026-01-23	4	2	1.05	0.25
2026-01-23	43	0.99	2.45	0.5
2026-01-23	8	1	1.99	0.5
2026-01-23	8	1	1.99	0.8
2026-01-23	8	1	1.99	1
2026-01-23	52	0.46	1.05	0.5
2026-01-23	83	0.64	2.25	0.5
2026-01-23	178	0.84	3.49	1.5
2026-01-23	197	1.55	1.65	1.49
2026-01-23	197	1.07	1.65	1.49
2026-01-23	194	0.93	2.45	0.5
2026-01-23	199	1.35	2.15	0.5
2026-01-23	95	0.37	1.75	0.5
2026-01-23	121	0.39	2.25	0.5
2026-01-23	121	0.32	2.25	0.5
2026-01-23	125	1	3.49	2.44
2026-01-23	48	0.62	4.49	3.99
2026-01-23	48	0.46	4.49	3.99
2026-01-23	48	0.82	4.49	3.99
2026-01-23	48	0.21	4.49	3.99
2026-01-23	48	0.43	4.49	3.99
2026-01-23	48	0.61	4.49	3.99
2026-01-23	48	0.85	4.49	3.99
2026-02-23	28	2	2.39	0.5
2026-02-23	31	0.16	5.69	0.5
2026-02-23	27	1	1.45	1
2026-02-23	42	0.53	2.19	0.5
2026-02-23	52	3.79	1.05	0.5
2026-02-23	82	1	0.89	0.5
2026-02-23	81	1	1.15	0.5
2026-02-23	124	0.53	1.55	0.5
2026-02-23	93	1	3.95	1
2026-02-23	187	0.49	4.75	2
2026-02-23	197	0.25	1.45	0.5
2026-02-23	194	0.23	2.45	0.5
2026-02-23	199	0.67	2.15	0.5
2026-02-23	208	1	0.95	0.48
2026-02-23	95	0.21	1.49	0.48
2026-02-23	87	1	1.59	0.5
2026-02-23	87	1	1.59	0.5
2026-02-23	127	1	2.75	0.9
2026-02-23	127	1	2.75	1.38
2026-02-23	127	1	2.75	1.27
2026-02-23	127	1	2.75	1.38
2026-02-23	127	1	2.75	1.38
2026-02-23	11	0.73	2.65	0.5
2026-02-23	165	0.2	5.15	1
2026-02-23	165	0.23	5.15	0.5
2026-02-23	165	0.23	5.15	0.5
2026-02-23	101	0.51	2.79	1
2026-02-23	121	0.56	2.25	1
2026-02-23	121	0.28	2.25	0.5
2026-02-23	121	0.44	2.25	0.5
2026-02-23	121	0.28	2.25	0.5
2026-02-23	53	1	2.55	1.28
2026-02-23	125	1	2.85	1.43
2026-02-23	35	1	1.39	0.7
2026-02-23	35	1	1.39	0.7
2026-02-23	35	1	1.39	0.7
2026-02-23	35	1	1.39	0.7
2026-02-23	114	1	3.99	2
2026-02-23	114	1	3.99	2
2026-03-23	12	0.35	3.49	0.5
2026-03-23	31	0.19	5.69	1
2026-03-23	27	1	2.65	0.5
2026-03-23	33	0.23	2.99	0.5
2026-03-23	33	0.41	2.99	0.5
2026-03-23	33	0.28	2.99	1.5
2026-03-23	33	0.33	2.99	1
2026-03-23	43	0.26	2.95	0.5
2026-03-23	52	1.6	1.15	0.5
2026-03-23	93	1	2.99	2.09
2026-03-23	93	1	2.99	2.09
2026-03-23	93	1	2.99	2.09
2026-03-23	93	1	2.99	2.09
2026-03-23	93	1	2.99	2.09
2026-03-23	93	1	2.99	2.09
2026-03-23	93	1	2.99	1.5
2026-03-23	93	1	2.99	2.09
2026-03-23	109	0.59	2.95	2
2026-03-23	178	0.63	3.29	1
2026-03-23	194	0.14	2.49	0.5
2026-03-23	207	1	1.29	0.6
2026-03-23	207	1	1.29	0.65
2026-03-23	214	1	2.79	1.4
2026-03-23	95	0.39	1.75	0.5
2026-03-23	32	1.87	3.55	0.7
2026-03-23	32	1.54	3.55	0.7
2026-03-23	121	0.79	2.15	1
2026-03-23	121	0.77	2.15	1
2026-03-23	121	1.1	2.15	1
2026-03-23	121	0.61	2.15	0.5
2026-03-23	121	1.09	2.15	0.5
2026-03-23	218	1	1.39	0.7
2026-03-23	218	1	1.39	0.7
2026-03-23	218	1	1.39	0.7
2026-03-23	218	1	1.39	0.7
2026-03-23	125	1	2.65	1.86
2026-03-23	125	1	2.65	1.86
2026-03-23	125	1	2.65	1.86
2026-03-23	125	1	2.65	1.86
2026-03-23	125	1	2.65	1.86
2026-03-23	125	1	2.65	1.86
2026-03-23	125	1	2.65	1.86
2026-03-23	96	1.25	2.75	0.8
2026-03-23	96	0.3	2.75	0.5
2026-04-23	12	0.84	1.55	0.5
2026-04-23	27	1	3.45	1
2026-04-23	52	1.16	0.99	0.5
2026-04-23	94	0.45	2.69	1
2026-04-23	103	0.33	2.85	0.48
2026-04-23	124	1.38	1.55	0.5
2026-04-23	93	2	1.85	0.46
2026-04-23	93	1	1.85	0.5
2026-04-23	118	0.67	4.49	3
2026-04-23	196	1	2.49	1
2026-04-23	194	1.45	2.99	0.5
2026-04-23	213	1	2.85	1.5
2026-04-23	213	1	2.85	1.5
2026-04-23	98	0.54	2.49	0.8
2026-04-23	98	0.44	2.49	0.5
2026-04-23	127	1	2.75	1
2026-04-23	32	2.32	3.25	0.5
2026-04-23	110	1	3.35	2.68
2026-04-23	121	1.08	2.95	0.48
2026-04-23	125	1	2.49	1.74
2026-04-23	125	1	2.49	1.74
2026-04-23	125	1	2.49	1.74
2026-04-23	125	1	2.49	1.74
2026-04-23	125	1	2.49	1.74
2026-04-23	125	1	2.49	1.74
2026-04-23	125	1	2.49	1.74
2026-04-23	125	1	2.49	1.74
2026-04-23	125	1	2.49	1.74
2026-04-23	49	1	1.99	1.46
2026-04-23	50	1	2.99	2.09
2026-05-23	94	0.41	2.85	1
2026-05-23	103	1.14	2.99	1
2026-05-23	114	0.54	5.99	4
2026-05-23	114	0.67	5.99	3
2026-05-23	114	0.49	5.99	4
2026-05-23	215	1	2.79	2.09
2026-05-23	215	1	2.79	2.09
2026-05-23	215	1	2.79	1.4
2026-05-23	127	1	2.99	1.5
2026-05-23	127	1	2.99	1.5
2026-05-23	127	1	2.99	1.5
2026-05-23	101	0.32	2.95	0.5
2026-05-23	121	0.29	2.89	0.5
2026-05-23	216	1	2.79	2.09
2026-05-23	216	1	2.79	2.09
2026-05-23	216	1	2.79	2.09
2026-05-23	231	1	1.39	0.67
2026-05-23	48	1	1.99	1.37
2026-05-23	186	1	2.25	1.69
2026-05-23	186	1	2.25	1.69
2026-05-23	186	1	2.25	1.69
2026-06-23	9	1	0.85	0.65
2026-06-23	38	0.31	1.89	1.55
2026-06-23	38	0.13	1.89	1
2026-06-23	42	0.14	1.99	0.5
2026-06-23	8	1	2.25	0.5
2026-06-23	75	1	1.59	0.5
2026-06-23	107	0.18	2.49	1
2026-06-23	124	1.12	1.39	0.5
2026-06-23	201	2.48	1.75	0.8
2026-06-23	207	1	1.29	0.65
2026-06-23	207	1	1.29	0.65
2026-06-23	209	1	1.19	0.6
2026-06-23	209	1	1.19	0.6
2026-06-23	209	1	1.19	0.6
2026-06-23	209	1	1.19	0.6
2026-06-23	95	0.56	1.79	1
2026-06-23	100	0.83	2.69	1.5
2026-06-23	127	1	2.99	0.5
2026-06-23	112	0.7	2.99	1
2026-06-23	112	1.08	2.99	0.5
2026-06-23	101	0.41	2.89	0.5
2026-06-23	121	0.77	2.39	1
2026-06-23	121	0.21	2.39	1
2026-06-23	121	0.1	2.39	1
2026-06-23	121	0.39	2.39	0.5
2026-06-23	121	0.48	2.39	1
2026-06-23	121	1.19	2.39	0.96
2026-06-23	121	0.87	2.39	1
2026-06-23	121	0.39	2.39	1.5
2026-06-23	121	0.83	2.39	0.5
2026-06-23	121	1.05	2.39	0.5
2026-06-23	121	0.29	2.39	0.5
2026-06-23	190	1	3.49	1.75
2026-06-23	190	1	3.49	1.75
2026-06-23	74	1	2.15	1.61
2026-06-23	74	1	2.15	1.61
2026-07-23	12	0.38	1.85	0.5
2026-07-23	39	0.24	3.39	0.5
2026-07-23	42	0.51	1.65	0.8
2026-07-23	42	0.65	1.65	0.5
2026-07-23	43	0.89	1.79	1.79
2026-07-23	43	0.5	1.79	0.5
2026-07-23	68	1	1.99	1
2026-07-23	94	0.25	2.85	0.5
2026-07-23	103	0.69	2.35	0.5
2026-07-23	103	0.26	2.35	0.5
2026-07-23	124	0.74	1.55	0.5
2026-07-23	124	0.34	1.55	0.5
2026-07-23	111	0.14	1.99	0.5
2026-07-23	187	0.84	5.45	0.5
2026-07-23	207	1	1.29	0.65
2026-07-23	208	1	0.95	0.48
2026-07-23	208	1	0.95	0.48
2026-07-23	209	1	1.19	0.6
2026-07-23	209	1	1.19	0.6
2026-07-23	215	1	2.79	1.4
2026-07-23	215	1	2.79	0.8
2026-07-23	215	1	2.79	1.4
2026-07-23	215	1	2.79	1.4
2026-07-23	215	1	2.79	1.4
2026-07-23	215	1	2.79	1.4
2026-07-23	98	0.27	2.45	0.5
2026-07-23	95	0.43	1.79	0.5
2026-07-23	95	0.19	1.79	0.5
2026-07-23	95	1.7	1.79	0.5
2026-07-23	61	1	1.89	0.95
2026-07-23	61	1	1.89	0.95
2026-07-23	61	1	1.89	0.95
2026-07-23	96	0.5	2.79	0.5
2026-01-24	18	1.17	5.25	4
2026-01-24	39	0.82	3.85	1
2026-01-24	43	0.63	2.45	0.5
2026-01-24	43	0.58	2.45	1.8
2026-01-24	43	0.4	2.45	0.96
2026-01-24	52	1	1.05	0.48
2026-01-24	76	1	0.89	0.4
2026-01-24	93	1	4.75	3.33
2026-01-24	93	1	4.75	3.33
2026-01-24	93	1	4.75	3.33
2026-01-24	93	1	4.75	3.33
2026-01-24	93	1	4.75	3.33
2026-01-24	93	1	4.75	3.33
2026-01-24	93	1	4.75	3.33
2026-01-24	93	1	4.75	3.33
2026-01-24	93	1	4.75	1
2026-01-24	93	1	4.75	3.33
2026-01-24	193	1	2.69	1.5
2026-01-24	195	1	3.99	1
2026-01-24	209	1	1.19	0.6
2026-01-24	214	1	2.79	1.4
2026-01-24	213	1	2.85	1.43
2026-01-24	59	0.29	4.55	3
2026-01-24	127	1	2.99	0.9
2026-01-24	125	1	3.49	2.44
2026-01-24	125	1	3.49	2.44
2026-01-24	125	1	3.49	2.44
2026-01-24	125	1	3.49	2.44
2026-01-24	125	1	3.49	2.44
2026-01-24	125	1	3.49	2.44
2026-01-24	125	1	3.49	2.44
2026-01-24	48	1.1	4.49	3.99
2026-01-24	48	0.42	4.49	3.99
2026-01-24	48	0.42	4.49	3.99
2026-01-24	48	0.63	4.49	3.99
2026-01-24	48	0.23	4.49	3.99
2026-02-24	43	0.88	1.95	2.09
2026-02-24	43	1.47	1.95	0.5
2026-02-24	52	0.59	1.05	0.5
2026-02-24	69	1	1.19	0.5
2026-02-24	75	1	1.55	0.78
2026-02-24	75	1	1.55	0.78
2026-02-24	75	1	1.55	0.78
2026-02-24	75	1	1.55	0.78
2026-02-24	93	1	3.95	1
2026-02-24	178	0.91	3.15	1
2026-02-24	193	1	2.69	1
2026-02-24	98	0.55	2.25	0.5
2026-02-24	100	0.28	2.09	1
2026-02-24	100	0.53	2.09	1
2026-02-24	11	0.69	2.65	1
2026-02-24	165	0.91	5.39	1
2026-02-24	165	0.45	5.39	5.15
2026-02-24	35	1	1.39	0.7
2026-02-24	35	1	1.39	0.7
2026-02-24	35	1	1.39	0.7
2026-03-24	18	0.34	2.75	0.48
2026-03-24	38	0.84	4.49	0.5
2026-03-24	38	0.24	4.49	1
2026-03-24	38	1.18	4.49	1
2026-03-24	38	1.1	4.49	1
2026-03-24	38	0.5	4.49	0.48
2026-03-24	19	1	2.35	0.5
2026-03-24	42	0.41	2.15	0.48
2026-03-24	43	0.25	2.95	0.5
2026-03-24	75	1	1.55	0.72
2026-03-24	94	0.41	2.69	0.5
2026-03-24	93	1	2.99	2.09
2026-03-24	109	1.76	2.95	0.5
2026-03-24	197	1.73	1.55	0.5
2026-03-24	101	0.32	2.89	0.5
2026-03-24	121	1.62	2.15	1
2026-03-24	125	1	2.65	1.86
2026-03-24	125	1	2.65	1.33
2026-03-24	125	1	2.65	1.33
2026-03-24	125	1	2.65	1.33
2026-03-24	125	1	2.65	1.33
2026-03-24	125	1	2.65	1.86
2026-03-24	125	1	2.65	1.33
2026-03-24	96	0.28	2.75	0.5
2026-04-24	39	0.42	2.59	1
2026-04-24	44	0.65	2.89	2.99
2026-04-24	52	1.88	0.99	0.5
2026-04-24	75	1	1.59	0.5
2026-04-24	75	1	1.59	0.46
2026-04-24	200	1	2.99	0.5
2026-04-24	219	1	0.99	0.69
2026-04-24	219	1	0.99	0.69
2026-04-24	219	1	0.99	0.69
2026-04-24	213	1	2.85	2
2026-04-24	213	1	2.85	2
2026-04-24	127	2	2.75	0.5
2026-04-24	121	0.18	2.95	1
2026-04-24	218	1	1.39	0.64
2026-04-24	218	1	1.39	0.64
2026-04-24	125	1	2.49	1.74
2026-04-24	125	1	2.49	1.74
2026-04-24	125	1	2.49	1.74
2026-04-24	125	1	2.49	1.74
2026-04-24	247	1	1.95	1.37
2026-06-24	27	1	1.99	2.35
2026-06-24	27	1	1.99	2.35
2026-06-24	39	0.29	2.49	1
2026-06-24	106	0.18	2.75	0.5
2026-06-24	124	0.78	1.39	0.5
2026-06-24	187	0.92	5.75	5.59
2026-06-24	187	0.28	5.75	1
2026-06-24	187	0.68	5.75	5.59
2026-06-24	187	0.8	5.75	5.59
2026-06-24	187	0.23	5.75	5.59
2026-06-24	187	0.67	5.75	5.59
2026-06-24	187	0.2	5.75	5.59
2026-06-24	187	0.49	5.75	5.14
2026-06-24	187	0.25	5.75	5.59
2026-06-24	112	1.24	2.99	1
2026-06-24	112	0.54	2.99	1
2026-07-24	42	2.5	1.65	0.46
2026-07-24	66	1	1.59	0.5
2026-07-24	92	1.32	0.89	0.4
2026-07-24	124	1.62	1.55	0.5
2026-07-24	124	0.69	1.55	0.5
2026-07-24	124	0.34	1.55	0.5
2026-07-24	130	2	1.45	0.5
2026-07-24	185	1.47	1.85	0.25
2026-07-24	211	1	1.15	0.58
2026-07-24	211	1	1.15	0.58
2026-07-24	211	1	1.15	0.58
2026-07-24	211	1	1.15	0.58
2026-07-24	219	1	0.99	0.5
2026-07-24	208	1	0.95	0.48
2026-07-24	208	1	0.95	0.48
2026-07-24	208	1	0.95	0.48
2026-07-24	209	1	1.19	0.6
2026-07-24	214	2	2.79	0.69
2026-07-24	11	1.3	3.49	0.5
2026-07-24	11	1	3.49	0.5
2026-07-24	11	1.24	3.49	0.3
2026-07-24	11	1.11	3.49	0.5
2026-07-24	32	0.26	1.99	0.8
2026-07-24	167	1	1.49	0.75
2026-07-24	125	1	2.85	1.43
2026-07-24	125	1	2.85	1.43
2026-02-25	12	0.22	1.99	0.5
2026-02-25	41	0.45	2.35	0.5
2026-02-25	41	0.48	2.35	0.5
2026-02-25	43	0.4	1.95	0.5
2026-02-25	44	0.43	2.15	0.5
2026-02-25	68	1	1.95	0.9
2026-02-25	75	1	1.55	0.5
2026-02-25	75	1	1.55	0.78
2026-02-25	94	0.25	2.69	0.5
2026-02-25	89	1.19	1.59	0.5
2026-02-25	185	0.79	1.95	0.8
2026-02-25	219	1	0.95	0.5
2026-02-25	87	1	1.59	0.5
2026-02-25	11	0.5	2.65	0.5
2026-02-25	114	1	3.99	2
2026-02-25	96	0.66	2.69	0.5
2026-02-25	96	0.58	2.69	0.5
2026-03-25	31	1.27	5.69	1
2026-03-25	27	1	2.89	0.5
2026-03-25	27	1	2.89	2.65
2026-03-25	39	0.42	4.15	1
2026-03-25	39	0.31	4.15	1
2026-03-25	43	0.52	2.95	0.5
2026-03-25	52	1.19	1.15	0.5
2026-03-25	52	0.68	1.15	0.5
2026-03-25	75	1	1.55	0.78
2026-03-25	75	1	1.55	0.78
2026-03-25	75	1	1.55	0.5
2026-03-25	75	1	1.55	0.5
2026-03-25	93	1	2.99	1
2026-03-25	93	1	2.99	1
2026-03-25	128	1	2.25	0.5
2026-03-25	185	0.8	1.69	0.5
2026-03-25	197	1.22	1.55	0.5
2026-03-25	213	1	2.85	1.43
2026-03-25	213	1	2.85	1.43
2026-03-25	213	1	2.85	1.43
2026-03-25	213	1	2.85	1.32
2026-03-25	213	1	2.85	1.32
2026-03-25	11	0.39	2.09	0.5
2026-03-25	101	0.16	2.89	0.5
2026-03-25	121	2.08	2.15	0.5
2026-03-25	121	0.29	2.15	0.5
2026-03-25	121	1.2	2.15	0.8
2026-03-25	121	0.2	2.15	1
2026-03-25	218	1	1.39	0.7
2026-03-25	218	1	1.39	0.7
2026-03-25	218	1	1.39	0.7
2026-03-25	218	1	1.39	0.7
2026-03-25	218	1	1.39	0.7
2026-03-25	218	1	1.39	0.7
2026-03-25	218	1	1.39	0.7
2026-03-25	218	1	1.39	0.7
2026-03-25	218	1	1.39	0.7
2026-03-25	125	1	2.65	1.86
2026-03-25	125	1	2.65	1.33
2026-03-25	96	0.31	2.75	1
2026-04-25	18	0.5	1.65	0.5
2026-04-25	39	0.4	2.59	0.5
2026-04-25	42	0.85	2.35	0.5
2026-04-25	42	0.65	2.35	0.5
2026-04-25	42	0.09	2.35	0.5
2026-04-25	75	1	1.59	0.5
2026-04-25	93	1	1.85	0.5
2026-04-25	194	1.01	2.99	0.8
2026-04-25	195	1	3.59	0.5
2026-04-25	219	1	0.99	0.5
2026-04-25	208	1	0.95	0.48
2026-04-25	208	1	0.95	0.48
2026-04-25	208	1	0.95	0.48
2026-04-25	213	1	2.85	1.43
2026-04-25	213	1	2.85	1.43
2026-04-25	213	1	2.85	1.43
2026-04-25	100	1.96	2.69	1
2026-04-25	11	1.09	1.39	0.5
2026-04-25	121	0.44	2.95	1
2026-04-25	218	1	1.39	0.67
2026-04-25	218	1	1.39	0.64
2026-04-25	218	1	1.39	0.7
2026-04-25	71	1	1.99	1
2026-04-25	71	1	1.99	1
2026-04-25	96	0.28	2.79	0.5
2026-05-25	12	0.51	1.89	0.5
2026-05-25	31	0.24	5.69	0.5
2026-05-25	39	1.79	2.49	0.5
2026-05-25	39	0.35	2.49	2.99
2026-05-25	39	0.69	2.49	1
2026-05-25	39	0.2	2.49	0.5
2026-05-25	41	1.35	2.25	0.5
2026-05-25	68	1	1.99	0.5
2026-05-25	103	2.28	2.99	0.8
2026-05-25	106	0.58	4.25	3.49
2026-05-25	124	1.36	1.55	0.5
2026-05-25	114	0.42	5.99	4
2026-05-25	114	0.52	5.99	4
2026-05-25	114	0.46	5.99	4
2026-05-25	114	1.62	5.99	4
2026-05-25	114	0.5	5.99	3
2026-05-25	11	1.24	1.75	0.46
2026-05-25	11	1.46	1.75	0.8
2026-05-25	121	0.46	2.59	1
2026-05-25	121	0.24	2.59	0.5
2026-05-25	121	0.28	2.59	0.5
2026-05-25	121	0.72	2.59	0.5
2026-05-25	121	0.34	2.59	0.5
2026-05-25	121	0.45	2.59	0.5
2026-05-25	121	1	2.59	1
2026-05-25	218	1	1.39	0.7
2026-05-25	218	1	1.39	0.7
2026-06-25	28	1	2.55	1
2026-06-25	52	1.94	1.45	0.5
2026-06-25	52	2.7	1.45	0.5
2026-06-25	52	2.65	1.45	0.5
2026-06-25	68	1	1.99	0.9
2026-06-25	114	0.33	4.75	2
2026-06-25	114	0.94	4.75	2
2026-06-25	187	0.45	5.75	5.59
2026-06-25	193	3	2.85	1
2026-06-25	197	2.67	1.55	0.5
2026-06-25	95	0.58	1.79	0.8
2026-06-25	105	2.51	3.65	1.5
2026-06-25	105	1.12	3.65	1.5
2026-06-25	121	0.45	2.39	0.5
2026-07-25	39	0.44	2.99	1
2026-07-25	39	0.25	2.99	0.5
2026-07-25	39	0.46	2.99	0.5
2026-07-25	42	0.83	1.65	0.5
2026-07-25	43	0.22	1.79	0.5
2026-07-25	43	1.79	1.79	0.5
2026-07-25	69	1	1.25	0.5
2026-07-25	94	0.24	2.85	0.5
2026-07-25	106	0.46	1.99	0.5
2026-07-25	108	0.15	2.49	0.5
2026-07-25	211	1	1.15	0.56
2026-07-25	211	1	1.15	0.58
2026-07-25	95	0.21	1.79	0.5
2026-07-25	121	0.17	1.55	0.5
2026-07-25	125	1	2.85	1.43
2026-07-25	96	0.48	2.79	0.5
2026-01-26	18	0.37	5.25	3
2026-01-26	18	0.38	5.25	3
2026-01-26	33	0.49	3.25	4.15
2026-01-26	42	0.82	2.15	1.99
2026-01-26	81	1	1.15	0.5
2026-01-26	93	1	4.49	1
2026-01-26	196	1	2.29	1
2026-01-26	194	1.12	2.59	2.45
2026-01-26	198	1	0.99	0.5
2026-01-26	214	1	2.79	0.9
2026-01-26	214	1	2.79	1.4
2026-01-26	214	1	2.79	0.9
2026-01-26	214	1	2.79	1.4
2026-01-26	214	1	2.79	0.9
2026-01-26	127	1	2.99	1
2026-01-26	127	1	2.99	1
2026-01-26	11	1.23	3.49	3.69
2026-01-26	121	0.59	2.25	0.5
2026-01-26	121	0.88	2.25	1
2026-01-26	121	0.78	2.25	1
2026-01-26	218	1	1.39	0.7
2026-01-26	218	1	1.39	0.7
2026-01-26	125	1	3.49	2.44
2026-01-26	125	1	3.49	2.44
2026-01-26	48	0.88	4.49	3.99
2026-01-26	47	0.71	4.69	3.99
2026-02-26	31	0.9	5.69	1
2026-02-26	44	0.81	2.15	0.5
2026-02-26	44	1.35	2.15	0.48
2026-02-26	68	1	1.95	0.9
2026-02-26	69	1	1.19	0.5
2026-02-26	83	0.24	2.25	0.5
2026-02-26	124	1.34	1.55	0.5
2026-02-26	194	1.42	2.25	0.5
2026-02-26	194	0.99	2.25	0.5
2026-02-26	199	0.74	2.15	0.5
2026-02-26	215	1	2.79	1.29
2026-02-26	215	1	2.79	1.29
2026-02-26	213	1	2.85	1.32
2026-02-26	213	1	2.85	1.32
2026-02-26	95	0.59	1.75	0.5
2026-02-26	127	1	2.75	1.93
2026-02-26	11	0.7	2.35	0.5
2026-02-26	32	0.59	2.65	1
2026-02-26	121	0.98	2.25	1
2026-02-26	121	1.1	2.25	1
2026-02-26	121	0.47	2.25	1
2026-02-26	121	0.45	2.25	1
2026-02-26	121	0.55	2.25	1
2026-02-26	121	0.86	2.25	1
2026-02-26	121	0.3	2.25	1
2026-02-26	121	0.69	2.25	1
2026-02-26	216	1	2.79	1.29
2026-02-26	216	1	2.79	1.29
2026-02-26	125	1	2.85	2
2026-02-26	125	1	2.85	2
2026-02-26	125	1	2.85	2
2026-02-26	65	1	1.45	0.73
2026-02-26	65	1	1.45	0.73
2026-02-26	96	0.9	2.69	0.5
2026-03-26	1	1	1.39	0.5
2026-03-26	28	4	2.89	1
2026-03-26	75	1	1.55	0.78
2026-03-26	75	1	1.55	0.78
2026-03-26	81	1	1.19	0.5
2026-03-26	187	0.21	4.69	1
2026-03-26	194	0.77	2.49	0.8
2026-03-26	84	1	1.99	0.5
2026-03-26	32	0.78	3.55	0.8
2026-03-26	32	1.26	3.55	1
2026-03-26	121	0.14	1.95	0.5
2026-03-26	121	1.12	1.95	0.5
2026-03-26	121	1.92	1.95	1
2026-03-26	121	1.53	1.95	0.5
2026-03-26	96	0.83	2.75	0.5
2026-03-26	96	1.45	2.75	1
2026-03-26	96	1.05	2.75	1
2026-05-26	41	0.52	1.99	0.5
2026-05-26	41	0.29	1.99	1.5
2026-05-26	52	2.76	1.45	0.5
2026-05-26	124	0.66	1.55	1
2026-05-26	93	3	1.95	0.74
2026-05-26	114	1.04	5.75	3
2026-05-26	114	0.31	5.75	4
2026-05-26	114	0.67	5.75	2
2026-05-26	187	0.35	4.65	2
2026-05-26	196	1	2.69	1
2026-05-26	197	0.25	1.55	0.5
2026-05-26	209	1	1.19	0.6
2026-05-26	209	1	1.19	0.6
2026-05-26	209	1	1.19	0.6
2026-05-26	214	1	2.79	2.09
2026-05-26	214	1	2.79	2.09
2026-05-26	213	1	2.85	2.14
2026-05-26	98	0.82	2.45	0.5
2026-05-26	105	0.33	3.99	1
2026-05-26	127	1	2.99	1.5
2026-05-26	127	1	2.99	1.5
2026-05-26	127	2	2.99	0.5
2026-05-26	127	1	2.99	0.5
2026-05-26	127	1	2.99	0.5
2026-05-26	127	2	2.99	0.5
2026-05-26	121	0.56	2.59	0.5
2026-05-26	121	0.36	2.59	1
2026-05-26	218	1	1.39	0.7
2026-05-26	48	1	1.99	1.49
2026-05-26	48	1	1.99	1.49
2026-05-26	48	1	1.99	1.49
2026-05-26	48	1	1.99	1.49
2026-06-26	38	0.13	1.89	0.5
2026-06-26	44	0.22	1.59	0.5
2026-06-26	185	1.76	1.59	1.2
2026-06-26	197	2.52	1.55	0.5
2026-06-26	95	0.55	1.79	0.5
2026-06-26	95	0.75	1.79	0.5
2026-06-26	11	0.17	2.35	1
2026-06-26	121	1.02	2.39	1
2026-06-26	121	1.61	2.39	1
2026-06-26	121	2.11	2.39	1
2026-06-26	250	0.79	2.39	0.5
2026-01-27	199	0.49	2.15	2.1
2026-01-27	57	1	1.35	0.68
2026-01-27	48	1.5	4.49	1.5
2026-01-27	48	0.44	4.49	1
2026-01-27	47	1.15	4.69	3.99
2026-01-27	47	0.97	4.69	3.99
2026-02-27	1	2	1.39	0.92
2026-02-27	1	1	1.39	0.92
2026-02-27	12	0.55	1.99	0.5
2026-02-27	43	0.72	1.95	0.5
2026-02-27	8	1	2.15	0.5
2026-02-27	124	1.16	1.55	1
2026-02-27	93	1	3.59	2
2026-02-27	178	1.13	3.15	1.5
2026-02-27	199	0.74	2.15	0.5
2026-02-27	219	1	0.89	0.5
2026-02-27	207	1	1.29	0.65
2026-02-27	95	0.65	1.75	0.5
2026-02-27	127	1	2.75	1.93
2026-02-27	127	1	2.75	1.93
2026-02-27	165	0.46	5.39	1
2026-02-27	101	0.67	2.79	0.5
2026-02-27	125	1	2.85	2
2026-02-27	62	1	1.85	1.3
2026-02-27	62	1	1.85	1.3
2026-02-27	62	1	1.85	1.3
2026-02-27	48	0.47	4.49	2
2026-02-27	48	0.13	4.49	2
2026-02-27	35	1	1.39	0.7
2026-03-27	12	0.37	3.49	0.5
2026-03-27	39	0.33	4.15	1
2026-03-27	124	0.13	1.55	0.5
2026-03-27	93	1	2.99	1
2026-03-27	128	1	2.25	1.8
2026-03-27	128	1	2.25	1.66
2026-03-27	128	1	2.25	1.66
2026-03-27	196	1	2.55	1
2026-03-27	199	0.43	2.15	0.5
2026-03-27	214	1	2.79	1.95
2026-03-27	214	1	2.79	1.95
2026-03-27	214	1	2.79	1.95
2026-03-27	213	1	2.85	1.84
2026-03-27	95	0.51	1.59	0.96
2026-03-27	32	1.66	3.55	0.92
2026-03-27	165	0.23	5.39	1
2026-03-27	121	1.64	1.95	0.96
2026-03-27	121	0.39	1.95	1
2026-03-27	121	0.3	1.95	1
2026-03-27	121	0.14	1.95	0.5
2026-04-27	12	0.41	1.85	1.55
2026-04-27	12	0.33	1.85	1.55
2026-04-27	12	0.34	1.85	1.55
2026-04-27	12	1.21	1.85	1.55
2026-04-27	12	0.8	1.85	1.55
2026-04-27	12	0.8	1.85	1.55
2026-04-27	28	2	1.95	0.5
2026-04-27	28	1	1.95	0.5
2026-04-27	28	1	1.95	0.5
2026-04-27	39	0.4	2.59	1
2026-04-27	44	0.37	2.89	0.5
2026-04-27	44	0.61	2.89	1
2026-04-27	103	0.63	2.99	2.85
2026-04-27	103	0.15	2.99	2.85
2026-04-27	103	0.2	2.99	2.85
2026-04-27	103	0.4	2.99	2.85
2026-04-27	103	0.15	2.99	2.85
2026-04-27	103	0.31	2.99	2.85
2026-04-27	103	5.7	2.99	0.5
2026-04-27	103	0.17	2.99	2.85
2026-04-27	103	0.66	2.99	2.85
2026-04-27	93	2	1.85	0.5
2026-04-27	193	1	2.85	1
2026-04-27	196	1	2.49	1
2026-04-27	219	1	0.99	0.5
2026-04-27	127	1	2.75	1.5
2026-04-27	127	1	2.75	1
2026-04-27	11	0.91	1.59	1.39
2026-04-27	11	0.41	1.59	1.39
2026-04-27	11	0.25	1.59	1.39
2026-04-27	11	0.26	1.59	1.39
2026-04-27	11	0.45	1.59	1.39
2026-04-27	11	0.71	1.59	1.39
2026-04-27	11	0.76	1.59	1.39
2026-04-27	11	0.53	1.59	1.39
2026-04-27	11	0.74	1.59	0.8
2026-04-27	11	0.93	1.59	1.39
2026-04-27	11	0.67	1.59	1.39
2026-04-27	167	1	1.65	1.49
2026-04-27	87	1	1.85	1
2026-04-27	121	0.46	2.95	0.5
2026-05-27	12	0.32	1.89	0.5
2026-05-27	39	0.67	2.49	0.5
2026-05-27	52	1.49	1.45	0.5
2026-05-27	68	2	1.99	1
2026-05-27	114	0.36	5.75	4
2026-05-27	114	0.23	5.75	4
2026-05-27	114	0.67	5.75	2
2026-05-27	114	0.51	5.75	4
2026-05-27	187	0.38	4.65	1
2026-05-27	214	1	2.79	0.91
2026-05-27	214	1	2.79	2.09
2026-05-27	214	1	2.79	2.09
2026-05-27	214	1	2.79	2.09
2026-05-27	214	1	2.79	2.09
2026-05-27	95	0.17	1.75	0.5
2026-05-27	95	0.19	1.75	0.5
2026-05-27	105	0.47	3.99	1
2026-05-27	87	2	1.59	0.5
2026-05-27	87	2	1.59	0.5
2026-05-27	127	1	2.99	0.5
2026-05-27	127	1	2.99	0.5
2026-05-27	11	1.49	2.39	1
2026-05-27	112	0.18	3.75	0.5
2026-05-27	46	0.96	3.45	1
2026-05-27	48	1	1.99	1.49
2026-05-27	48	1	1.99	1.49
2026-06-27	38	0.21	1.89	1
2026-06-27	38	0.13	1.89	0.5
2026-06-27	43	0.93	1.35	0.5
2026-06-27	44	1.75	1.59	0.5
2026-06-27	82	1	1.29	0.5
2026-06-27	82	1	1.29	0.5
2026-06-27	82	1	1.29	0.5
2026-06-27	82	1	1.29	0.5
2026-06-27	82	1	1.29	0.5
2026-06-27	82	1	1.29	0.5
2026-06-27	106	0.33	2.75	0.5
2026-06-27	114	1.4	4.75	1
2026-06-27	187	0.65	5.75	0.5
2026-06-27	187	0.39	5.75	1
2026-06-27	196	1	2.85	1
2026-06-27	219	1	0.99	0.74
2026-06-27	219	1	0.99	0.5
2026-06-27	208	1	0.95	0.71
2026-06-27	208	1	0.95	0.71
2026-06-27	208	1	0.95	0.71
2026-06-27	208	1	0.95	0.71
2026-06-27	105	0.16	3.65	0.5
2026-06-27	112	0.2	3.15	0.5
2026-06-27	101	0.18	2.89	0.5
2026-06-27	121	1.36	2.39	0.7
2026-06-27	121	0.25	2.39	0.5
2026-07-27	18	0.4	0.95	0.96
2026-07-27	39	0.81	2.99	0.5
2026-07-27	39	0.24	2.99	0.48
2026-07-27	43	0.59	1.79	0.5
2026-07-27	44	1.79	1.39	0.5
2026-07-27	52	1.32	1.29	1.29
2026-07-27	52	2.43	1.29	1.29
2026-07-27	52	1.87	1.29	1.29
2026-07-27	52	0.83	1.29	1.29
2026-07-27	52	1.89	1.29	1.29
2026-07-27	52	1.53	1.29	1.29
2026-07-27	52	0.81	1.29	1.29
2026-07-27	52	0.9	1.29	1.29
2026-07-27	52	1.28	1.29	1.29
2026-07-27	52	0.59	1.29	1.19
2026-07-27	52	1.06	1.29	1.29
2026-07-27	52	2.43	1.29	1.29
2026-07-27	52	0.89	1.29	1.29
2026-07-27	52	1.34	1.29	1.29
2026-07-27	52	1.25	1.29	1.29
2026-07-27	52	0.55	1.29	1.29
2026-07-27	52	0.72	1.29	1.29
2026-07-27	52	1.45	1.29	1.29
2026-07-27	52	0.89	1.29	1.29
2026-07-27	52	1.23	1.29	1.29
2026-07-27	52	0.86	1.29	1.29
2026-07-27	52	0.39	1.29	1.29
2026-07-27	52	0.5	1.29	1.29
2026-07-27	58	0.63	2.49	0.5
2026-07-27	91	3.51	0.65	0.65
2026-07-27	124	1.19	1.39	1.39
2026-07-27	178	0.65	3.29	3.29
2026-07-27	111	0.17	1.99	0.5
2026-07-27	187	0.17	5.45	0.5
2026-07-27	197	0.28	2.25	0.5
2026-07-27	199	1.33	2.79	0.5
2026-07-27	199	1.6	2.79	2.79
2026-07-27	199	0.7	2.79	2.79
2026-07-27	199	0.78	2.79	2.79
2026-07-27	199	0.29	2.79	2.79
2026-07-27	199	0.3	2.79	2.79
2026-07-27	199	0.29	2.79	2.79
2026-07-27	199	0.31	2.79	2.79
2026-07-27	199	0.99	2.79	0.5
2026-07-27	213	1	2.85	0.74
2026-07-27	121	0.52	1.39	0.5
2026-07-27	121	1.21	1.39	0.5
2026-07-27	121	0.72	1.39	0.5
2026-01-28	1	2	1.39	0.5
2026-01-28	18	0.55	5.25	1
2026-01-28	66	1	1.59	1
2026-01-28	83	1.37	1.95	0.5
2026-01-28	93	1	4.49	2
2026-01-28	117	2.54	2.65	1
2026-01-28	195	1	3.99	1
2026-01-28	195	1	3.99	0.9
2026-01-28	101	0.39	2.89	1
2026-01-28	121	0.59	2.25	1
2026-01-28	121	0.46	2.25	0.5
2026-01-28	121	0.9	2.25	0.5
2026-01-28	57	1	1.35	0.68
2026-02-28	9	1	0.85	0.3
2026-02-28	12	0.96	1.99	0.5
2026-02-28	43	2.93	1.95	0.5
2026-02-28	94	0.5	2.69	0.5
2026-02-28	93	1	3.59	0.5
2026-02-28	93	1	3.59	1.8
2026-02-28	93	1	3.59	1.8
2026-02-28	93	1	3.59	1.8
2026-02-28	93	1	3.59	1.8
2026-02-28	93	1	3.59	1.8
2026-02-28	166	1	2.35	0.5
2026-02-28	197	0.87	1.55	0.5
2026-02-28	197	0.53	1.55	0.8
2026-02-28	195	1	3.99	1
2026-02-28	198	1	0.99	0.5
2026-02-28	127	1	2.75	1.93
2026-02-28	53	1	2.55	1.28
2026-02-28	53	1	2.55	1.28
2026-03-28	39	0.89	4.15	0.8
2026-03-28	41	0.81	2.35	1
2026-03-28	43	1.18	2.95	0.48
2026-03-28	43	0.17	2.95	0.5
2026-03-28	43	0.52	2.95	0.5
2026-03-28	43	0.23	2.95	0.5
2026-03-28	43	0.43	2.95	0.5
2026-03-28	8	1	1.99	0.5
2026-03-28	83	0.76	2.69	0.48
2026-03-28	124	1.45	1.55	0.48
2026-03-28	124	0.47	1.55	0.5
2026-03-28	93	2	2.99	0.8
2026-03-28	196	1	2.55	0.8
2026-03-28	194	0.34	2.49	0.5
2026-03-28	195	1	3.29	1
2026-03-28	214	1	2.79	0.5
2026-03-28	100	0.56	2.55	1
2026-03-28	121	0.53	1.95	1
2026-03-28	121	0.31	1.95	1
2026-03-28	96	0.31	2.75	1
2026-04-28	12	1.58	1.85	1.55
2026-04-28	12	0.28	1.85	0.5
2026-04-28	28	1	1.95	0.8
2026-04-28	31	0.56	5.69	1.5
2026-04-28	42	1.74	1.99	0.5
2026-04-28	42	0.92	1.99	0.5
2026-04-28	43	1.02	2.99	0.48
2026-04-28	52	1.14	0.99	0.5
2026-04-28	58	0.75	2.49	0.5
2026-04-28	75	1	1.59	0.5
2026-04-28	75	1	1.59	0.5
2026-04-28	82	1	0.99	0.48
2026-04-28	118	0.33	4.49	2.5
2026-04-28	195	1	3.59	1
2026-04-28	198	1	1.49	0.8
2026-04-28	95	0.19	1.75	0.5
2026-04-28	11	0.25	1.59	0.5
2026-04-28	11	0.31	1.59	0.48
2026-05-28	39	0.65	2.49	1
2026-05-28	20	1	1.09	0.5
2026-05-28	20	2	1.09	0.5
2026-05-28	20	2	1.09	0.5
2026-05-28	41	0.46	1.99	1
2026-05-28	41	0.41	1.99	1
2026-05-28	52	1.34	1.45	0.5
2026-05-28	89	2.49	1.99	1
2026-05-28	185	0.68	1.89	1
2026-05-28	185	0.84	1.89	1
2026-05-28	185	1.56	1.89	0.65
2026-05-28	197	1.21	1.55	0.5
2026-05-28	214	1	2.79	2.09
2026-05-28	95	1.11	1.55	1
2026-05-28	100	1.24	2.39	1
2026-05-28	121	0.69	2.59	1
2026-05-28	46	1.78	3.45	0.74
2026-07-28	12	1.37	2.19	2.19
2026-07-28	12	0.3	2.19	2.19
2026-07-28	12	0.4	2.19	2.19
2026-07-28	12	0.27	2.19	2.19
2026-07-28	12	0.29	2.19	2.19
2026-07-28	12	0.64	2.19	2.19
2026-07-28	16	0.92	1.35	0.5
2026-07-28	41	0.35	2.1	0.5
2026-07-28	41	0.39	2.1	2.1
2026-07-28	41	0.74	2.1	2.1
2026-07-28	52	0.88	1.29	1.29
2026-07-28	52	0.85	1.29	1.29
2026-07-28	52	1.49	1.29	1.29
2026-07-28	52	1.25	1.29	1.29
2026-07-28	52	1.34	1.29	1.29
2026-07-28	52	0.94	1.29	1.29
2026-07-28	52	0.71	1.29	1.29
2026-07-28	52	0.84	1.29	1.29
2026-07-28	52	1.23	1.29	1.29
2026-07-28	52	2.08	1.29	1.29
2026-07-28	52	1.06	1.29	1.29
2026-07-28	83	1.06	2.39	1
2026-07-28	99	0.21	2.99	0.5
2026-07-28	103	1.28	2.35	0.5
2026-07-28	106	0.22	1.99	0.5
2026-07-28	114	0.7	3.95	1.5
2026-07-28	114	0.14	3.95	2
2026-07-28	108	0.5	2.49	0.5
2026-07-28	196	1	2.99	0.5
2026-07-28	199	0.34	2.79	2.79
2026-07-28	199	0.33	2.79	2.79
2026-07-28	199	0.3	2.79	2.79
2026-01-29	12	1.9	4.59	0.5
2026-01-29	38	0.11	2.49	0.48
2026-01-29	41	0.73	2.09	0.48
2026-01-29	41	0.28	2.09	0.5
2026-01-29	43	0.4	2.19	0.5
2026-01-29	124	0.78	1.55	0.5
2026-01-29	124	0.63	1.55	0.48
2026-01-29	93	1	3.99	1.5
2026-01-29	93	1	3.99	2
2026-01-29	98	0.3	2.49	0.5
2026-01-29	167	1	1.39	0.9
2026-01-29	47	0.54	4.69	0.96
2026-04-29	12	0.32	1.95	1.85
2026-04-29	18	1.27	1.65	0.8
2026-04-29	18	1.16	1.65	0.8
2026-04-29	38	0.08	2.99	3.65
2026-04-29	43	0.33	2.99	1
2026-04-29	43	0.35	2.99	1
2026-04-29	178	0.67	3.49	1
2026-04-29	187	0.33	4.65	2.3
2026-04-29	194	0.86	2.99	1
2026-04-29	194	0.46	2.99	1
2026-04-29	57	1	1.35	0.95
2026-04-29	216	1	2.79	1.4
2026-04-29	216	1	2.79	1.4
2026-04-29	60	1	2.75	1.38
2026-04-29	48	0.21	4.49	1
2026-04-29	48	1	1.99	1.39
2026-04-29	48	1	1.99	1.39
2026-04-29	48	1	1.99	1.39
2026-04-29	48	1	1.99	1.39
2026-04-29	48	1	1.99	1.39
2026-04-29	48	1	1.99	1.39
2026-04-29	48	1	1.99	1.39
2026-04-29	48	1	1.99	1.39
2026-04-29	50	1	2.99	1.38
2026-04-29	50	1	2.99	1.5
2026-05-29	38	0.11	1.99	1
2026-05-29	39	0.53	2.49	0.99
2026-05-29	106	0.33	4.25	1
2026-05-29	114	0.41	5.75	2
2026-05-29	114	0.51	5.75	3
2026-05-29	187	0.49	4.99	1
2026-05-29	196	1	2.69	1.5
2026-05-29	95	0.73	1.55	0.5
2026-05-29	95	0.54	1.55	0.5
2026-05-29	112	0.52	3.75	0.5
2026-05-29	46	1.17	3.45	1
2026-06-29	28	3	2.85	0.5
2026-06-29	33	0.49	1.29	1.25
2026-06-29	33	0.57	1.29	1.25
2026-06-29	33	0.45	1.29	1.25
2026-06-29	33	0.55	1.29	1.25
2026-06-29	33	0.4	1.29	1.25
2026-06-29	33	0.29	1.29	1.25
2026-06-29	33	0.31	1.29	1.25
2026-06-29	33	0.37	1.29	1.25
2026-06-29	33	0.35	1.29	1.25
2026-06-29	33	0.43	1.29	1.25
2026-06-29	33	0.82	1.29	1.25
2026-06-29	39	0.39	2.49	1.3
2026-06-29	39	0.31	2.49	0.5
2026-06-29	42	1.42	1.49	0.5
2026-06-29	42	0.3	1.49	0.5
2026-06-29	44	1.64	1.59	0.5
2026-06-29	66	1	1.59	1.19
2026-06-29	66	1	1.59	1.19
2026-06-29	82	1	1.29	0.5
2026-06-29	82	1	1.29	0.5
2026-06-29	107	0.2	1.69	1
2026-06-29	89	2.45	1.35	1.59
2026-06-29	89	2.68	1.35	1.59
2026-06-29	92	5.36	1.68	1.15
2026-06-29	114	2.05	5.49	4.75
2026-06-29	114	0.72	5.49	4.75
2026-06-29	114	0.21	5.49	4.37
2026-06-29	114	0.49	5.49	4.75
2026-06-29	114	1.97	5.49	4.75
2026-06-29	114	0.94	5.49	4.75
2026-06-29	114	0.5	5.49	4.75
2026-06-29	114	0.95	5.49	4.75
2026-06-29	114	0.49	5.49	4.75
2026-06-29	114	2	5.49	4.75
2026-06-29	114	0.74	5.49	4.75
2026-06-29	114	0.53	5.49	4.75
2026-06-29	197	0.25	1.99	1.55
2026-06-29	197	0.28	1.99	1.55
2026-06-29	197	0.68	1.99	1.55
2026-06-29	197	0.79	1.99	1.55
2026-06-29	197	0.52	1.99	1.55
2026-06-29	198	1	1.85	0.5
2026-06-29	219	1	0.99	0.74
2026-06-29	219	1	0.99	0.74
2026-06-29	219	1	0.99	0.74
2026-06-29	95	1.1	1.79	0.5
2026-06-29	100	0.82	2.69	0.8
2026-06-29	87	1	1.59	0.5
2026-06-29	87	1	1.59	1
2026-06-29	87	1	1.59	0.5
2026-06-29	112	0.9	2.69	0.8
2026-06-29	112	0.97	2.69	1
2026-06-29	112	0.32	2.69	3.15
2026-06-29	121	0.19	2.39	0.5
2026-06-29	121	0.4	2.39	1
2026-06-29	121	0.6	2.39	0.5
2026-06-29	121	1.09	2.39	0.28
2026-06-29	121	0.65	2.39	1
2026-06-29	121	1.09	2.39	0.5
2026-07-29	13	1.36	3.49	1.2
2026-07-29	4	1	1.05	0.5
2026-07-29	88	0.88	2.19	0.5
2026-07-29	42	1.71	1.65	0.5
2026-07-29	42	0.63	1.65	0.5
2026-07-29	42	0.54	1.65	0.5
2026-07-29	43	0.58	1.79	0.7
2026-07-29	103	0.3	2.35	0.5
2026-07-29	103	1.01	2.35	0.5
2026-07-29	114	0.25	3.95	1
2026-07-29	114	0.53	3.95	0.5
2026-07-29	111	0.14	1.99	0.5
2026-07-29	187	0.81	5.45	0.5
2026-07-29	219	1	0.99	0.5
2026-07-29	219	1	0.99	0.5
2026-07-29	214	1	2.79	1.4
2026-07-29	214	1	2.79	1.4
2026-07-29	214	1	2.79	1.4
2026-07-29	213	1	2.85	1.43
2026-07-29	213	1	2.85	1.43
2026-07-29	217	1	1.59	0.8
2026-07-29	217	1	1.59	0.8
2026-07-29	113	0.31	5.25	5.25
2026-07-29	113	0.31	5.25	5.25
2026-07-29	113	0.36	5.25	5.25
2026-01-30	1	2	1.39	0.9
2026-01-30	18	0.38	5.49	5.25
2026-01-30	18	0.62	5.49	5.25
2026-01-30	18	0.46	5.49	5.25
2026-01-30	18	0.39	5.49	5.25
2026-01-30	18	1.43	5.49	5.25
2026-01-30	31	0.39	5.69	0.5
2026-01-30	38	0.32	3.99	3.85
2026-01-30	38	0.55	3.99	3.85
2026-01-30	41	0.31	2.35	2.09
2026-01-30	41	2.02	2.35	2.09
2026-01-30	41	1.81	2.35	2.09
2026-01-30	43	0.38	2.19	0.5
2026-01-30	66	1	1.59	0.5
2026-01-30	66	1	1.59	0.5
2026-01-30	83	0.77	1.95	0.5
2026-01-30	93	2	3.99	1.5
2026-01-30	93	1	3.99	2
2026-01-30	196	1	2.49	1
2026-01-30	98	0.25	2.49	1
2026-01-30	127	1	2.99	0.5
2026-01-30	165	0.42	5.15	1
2026-01-30	165	0.55	5.15	0.5
2026-01-30	165	0.21	5.15	1
2026-01-30	190	1	3.55	1.78
2026-03-30	1	1	1.39	0.5
2026-03-30	12	0.4	3.49	0.5
2026-03-30	18	0.33	1.95	0.5
2026-03-30	28	1	2.89	0.5
2026-03-30	33	0.49	2.39	2.75
2026-03-30	33	0.61	2.39	2.75
2026-03-30	8	1	2.25	0.5
2026-03-30	8	1	2.25	0.8
2026-03-30	8	1	2.25	0.5
2026-03-30	8	2	2.25	0.5
2026-03-30	52	1.26	0.99	0.5
2026-03-30	75	1	1.55	0.78
2026-03-30	75	1	1.55	0.78
2026-03-30	75	1	1.55	0.5
2026-03-30	75	1	1.55	0.78
2026-03-30	75	1	1.55	0.78
2026-03-30	75	1	1.55	0.5
2026-03-30	94	0.24	2.69	0.5
2026-03-30	124	0.75	1.55	0.5
2026-03-30	124	0.53	1.55	0.5
2026-03-30	93	1	2.99	1
2026-03-30	93	1	2.99	0.8
2026-03-30	109	0.95	2.95	0.5
2026-03-30	109	0.94	2.95	1
2026-03-30	128	1	2.25	1.73
2026-03-30	196	1	2.55	1
2026-03-30	196	1	2.55	1
2026-03-30	197	0.9	1.55	0.5
2026-03-30	197	1.99	1.55	0.5
2026-03-30	199	0.23	2.15	0.5
2026-03-30	199	0.26	2.15	1
2026-03-30	207	1	1.29	0.65
2026-03-30	207	1	1.29	0.65
2026-03-30	207	1	1.29	0.65
2026-03-30	207	1	1.29	0.65
2026-03-30	208	1	0.95	0.48
2026-03-30	214	1	2.79	1.4
2026-03-30	215	1	2.79	1.4
2026-03-30	95	0.18	1.59	0.5
2026-03-30	121	1.62	1.95	0.8
2026-03-30	60	1	2.89	1.45
2026-03-30	60	1	2.89	1.45
2026-04-30	33	0.92	1.99	1.37
2026-04-30	38	0.16	2.95	2.99
2026-04-30	38	0.28	2.95	2.99
2026-04-30	42	0.1	1.99	0.5
2026-04-30	42	1.53	1.99	0.48
2026-04-30	42	1.14	1.99	0.5
2026-04-30	42	2.25	1.99	0.5
2026-04-30	43	0.36	2.99	0.5
2026-04-30	103	0.09	2.99	0.5
2026-04-30	93	1	1.75	0.9
2026-04-30	197	0.9	1.59	1.39
2026-04-30	197	0.66	1.59	1.39
2026-04-30	197	1.33	1.59	1.28
2026-04-30	194	2.34	2.99	0.5
2026-04-30	194	2	2.99	0.5
2026-04-30	194	2.17	2.99	0.5
2026-04-30	95	0.19	1.75	0.5
2026-04-30	11	0.31	1.59	0.48
2026-04-30	112	0.57	3.99	2.75
2026-04-30	112	0.67	3.99	2.75
2026-04-30	112	0.22	3.99	2.53
2026-04-30	121	0.25	2.95	0.5
2026-04-30	57	1	1.35	0.95
2026-04-30	218	1	1.39	0.7
2026-04-30	218	1	1.39	0.7
2026-04-30	218	1	1.39	0.7
2026-04-30	218	1	1.39	0.7
2026-04-30	218	1	1.39	0.7
2026-04-30	218	1	1.39	0.7
2026-04-30	216	1	2.79	1.4
2026-04-30	96	0.26	2.79	0.48
2026-04-30	48	1	1.99	1.39
2026-04-30	48	1	1.99	1.39
2026-04-30	50	1	2.99	1.5
2026-05-30	31	0.28	5.69	1
2026-05-30	31	1.22	5.69	1
2026-05-30	41	0.28	1.99	1
2026-05-30	52	1.37	1.45	0.5
2026-05-30	52	0.28	1.45	0.5
2026-05-30	106	0.92	4.25	1
2026-05-30	93	1	1.95	0.92
2026-05-30	114	0.38	5.75	2
2026-05-30	114	0.52	5.75	4
2026-05-30	95	0.75	1.55	0.5
2026-05-30	157	1	3.55	0.5
2026-05-30	250	1.04	2.49	0.8
2026-06-30	44	0.45	1.59	0.5
2026-06-30	8	1	2.25	1
2026-06-30	114	1.57	5.49	3
2026-06-30	109	0.63	3.15	1
2026-06-30	187	0.74	5.75	1
2026-06-30	197	1.52	1.99	1.55
2026-06-30	197	0.83	1.99	1.55
2026-06-30	197	0.54	1.99	1.55
2026-06-30	197	1.05	1.99	1.55
2026-06-30	85	1	1.49	0.5
2026-06-30	112	1.05	2.69	1
2026-07-30	31	0.08	5.69	2.5
2026-07-30	39	0.68	2.99	0.5
2026-07-30	43	1.48	1.79	0.8
2026-07-30	43	0.87	1.79	0.5
2026-07-30	108	0.67	2.49	0.5
2026-07-30	214	2	2.79	1
2026-07-30	95	1.24	1.79	0.5
2026-01-31	18	1.5	5.49	5.25
2026-01-31	18	1.29	5.49	5.25
2026-01-31	39	0.35	3.85	0.5
2026-01-31	41	1.2	2.35	2.09
2026-01-31	41	0.86	2.35	2.09
2026-01-31	42	1.45	2.15	0.5
2026-01-31	8	1	2.15	0.7
2026-01-31	52	1.63	1.05	0.48
2026-01-31	82	1	0.99	0.5
2026-01-31	99	1.84	3.15	0.96
2026-01-31	93	1	3.99	2
2026-01-31	93	1	3.99	2
2026-01-31	196	1	2.49	0.96
2026-01-31	197	1.2	1.49	1
2026-01-31	32	0.51	3.89	1.9
2026-01-31	54	1	2.55	1.28
2026-01-31	54	1	2.55	1.28
2026-01-31	54	1	2.55	1.28
2026-01-31	54	1	2.55	1.18
2026-01-31	54	1	2.55	1.28
2026-01-31	125	1	3.49	1.75
2026-01-31	125	1	3.49	1.75
2026-01-31	125	1	3.49	1.75
2026-01-31	125	1	3.49	1.75
2026-03-31	1	1	1.39	0.4
2026-03-31	42	0.19	2.15	1
2026-03-31	69	1	1.19	0.5
2026-03-31	70	1	2.35	1.52
2026-03-31	70	1	2.35	1.52
2026-03-31	70	1	2.35	1.65
2026-03-31	93	1	2.49	1.74
2026-03-31	93	1	2.49	1.74
2026-03-31	93	1	2.49	1.74
2026-03-31	196	1	2.55	1
2026-03-31	194	2.17	2.49	0.5
2026-03-31	195	1	3.29	1
2026-03-31	127	1	2.75	1.93
2026-03-31	127	1	2.75	1.93
2026-03-31	127	1	2.75	1.93
2026-03-31	127	1	2.75	1.93
2026-03-31	101	0.5	2.89	0.5
2026-03-31	53	1	2.49	1.74
2026-03-31	125	1	2.65	1.86
2026-03-31	125	1	2.65	1.86
2026-03-31	125	1	2.65	1.86
2026-03-31	125	1	2.65	1.86
2026-03-31	125	1	2.65	1.86
2026-03-31	125	1	2.65	1.86
2026-03-31	65	1	1.45	0.73
2026-07-31	12	0.24	2.6	0.5
2026-07-31	12	0.41	2.6	0.5
2026-07-31	43	0.43	1.79	0.7
2026-07-31	103	0.2	2.35	1
2026-07-31	103	0.59	2.35	1
2026-07-31	103	1.03	2.35	0.5
2026-07-31	209	1	1.19	0.6
2026-07-31	209	1	1.19	0.6
2026-07-31	209	1	1.19	0.6
2026-07-31	209	1	1.19	0.6
2026-07-31	209	1	1.19	0.6
2026-07-31	209	1	1.19	0.6
2026-07-31	217	1	1.59	0.8
2026-04-01	253	1	0	1.15
2026-04-01	108	0.37	2.49	0.5
2026-06-01	253	1	0	0.61
2026-06-01	253	1	0	0.98
2026-07-01	253	1	0	1.14
2026-07-01	253	1	0	2.74
2026-07-01	253	1	0	0.54
2026-01-02	253	1	0	0.41
2026-02-02	125	1	2.3	1
2026-05-02	253	1	0	0.68
2026-06-02	253	1	0	1.89
2026-06-02	253	1	0	1.78
2026-06-02	253	1	0	13.84
2026-07-02	253	1	0	1.55
2026-07-02	253	1	0	1.98
2026-01-03	253	1	0	1.74
2026-01-03	253	1	0	1.74
2026-02-03	64	2	1.68	0.65
2026-02-03	253	1	0	1.84
2026-07-03	253	1	0	1.23
2026-07-03	166	2	0.99	0.5
2026-02-04	253	1	0	1.01
2026-02-04	253	1	0	1.51
2026-02-04	253	1	0	2.29
2026-02-04	253	1	0	1.52
2026-03-04	253	1	0	1.75
2026-04-04	253	1	0	2.34
2026-04-04	253	1	0	1.68
2026-05-04	253	1	0	2.16
2026-05-04	253	1	0	3.14
2026-05-04	253	1	0	1.06
2026-05-04	253	1	0	2.45
2026-05-04	46	1	2.49	1.6
2026-05-04	46	1	2.49	1.74
2026-06-04	250	0.55	2.34	1.99
2026-06-04	253	1	0	0.64
2026-06-04	253	1	0	1.99
2026-06-04	253	1	0	0.94
2026-07-04	253	1	0	6.07
2026-02-05	253	1	0	3.12
2026-02-05	253	1	0	0.58
2026-02-05	253	1	0	1.42
2026-03-05	253	1	0	1.85
2026-06-05	253	1	0	0.71
2026-06-05	253	1	0	0.48
2026-02-06	253	1	0	1.83
2026-02-06	253	1	0	2.12
2026-02-06	253	1	0	0.69
2026-02-06	253	1	0	1.32
2026-03-06	253	1	0	0.76
2026-03-06	253	1	0	1.86
2026-03-06	253	1	0	1.2
2026-03-06	108	0.66	2.95	2
2026-04-06	253	1	0	1.93
2026-05-06	253	1	0	0.87
2026-05-06	253	1	0	2.27
2026-06-06	253	1	0	0.7
2026-07-06	253	1	0	0.67
2026-01-07	253	1	0	0.83
2026-01-07	253	1	0	1.99
2026-01-07	253	1	0	1.52
2026-02-07	253	1	0	0.53
2026-02-07	253	1	0	2.32
2026-02-07	125	1	2.3	0.9
2026-03-07	253	1	0	3.42
2026-03-07	108	0.83	2.95	1.5
2026-05-07	253	1	0	4.17
2026-05-07	253	1	0	1.65
2026-01-08	253	1	0	0.55
2026-04-08	253	1	0	1.19
2026-04-08	253	1	0	1.65
2026-04-08	253	1	0	1.96
2026-04-08	253	1	0	2.42
2026-05-08	253	1	0	0.51
2026-05-08	253	1	0	0.49
2026-01-09	253	1	0	1.7
2026-01-09	253	1	0	2.12
2026-02-09	253	1	0	1.24
2026-02-09	253	1	0	0.85
2026-02-09	253	-1	0	0.85
2026-02-09	253	1	0	1.13
2026-03-09	253	1	0	1.59
2026-03-09	253	1	0	1.44
2026-04-09	253	1	0	0.34
2026-06-09	253	1	0	3.57
2026-06-09	253	1	0	0.45
2026-06-09	253	1	0	1.24
2026-07-09	253	1	0	1.46
2026-07-09	253	1	0	0.41
2026-01-10	253	1	0	1.06
2026-02-10	253	1	0	0.55
2026-03-10	253	1	0	1.03
2026-04-10	253	1	0	1.98
2026-04-10	253	1	0	3.45
2026-07-10	253	1	0	3.27
2026-07-10	108	0.18	3.99	0.5
2026-02-11	253	1	0	1.85
2026-02-11	253	1	0	0.46
2026-02-11	253	1	0	1.91
2026-02-11	253	1	0	1.73
2026-02-11	253	1	0	0.25
2026-04-11	253	1	0	1.11
2026-05-11	253	1	0	1.52
2026-05-11	253	1	0	0.39
2026-05-11	253	1	0	0.41
2026-05-11	253	1	0	1.99
2026-05-11	253	1	0	3.24
2026-05-11	253	1	0	2.94
2026-07-11	253	1	0	0.93
2026-02-12	253	1	0	2.36
2026-02-12	253	1	0	1.77
2026-03-12	253	1	0	0.66
2026-03-12	253	1	0	1.46
2026-05-12	253	1	0	0.58
2026-05-12	253	1	0	2.76
2026-05-12	253	1	0	0.88
2026-01-13	253	1	0	1.83
2026-01-13	253	1	0	1.6
2026-02-13	253	1	0	0.88
2026-03-13	253	1	0	1.35
2026-03-13	253	1	0	0.9
2026-04-13	253	1	0	0.57
2026-05-13	253	1	0	1.07
2026-05-13	108	0.1	3.99	0.5
2026-07-13	253	1	0	4.03
2026-07-13	253	1	0	4.12
2026-01-14	253	1	0	1.28
2026-02-14	190	0.28	6.01	0.5
2026-02-14	127	1	2.99	2.09
2026-03-14	253	1	0	2.09
2026-03-14	253	1	0	0.85
2026-03-14	253	1	0	0.69
2026-03-14	253	1	0	0.79
2026-04-14	253	1	0	0.66
2026-07-14	253	1	0	1.94
2026-07-14	253	1	0	1.48
2026-05-15	253	1	0	2.57
2026-06-15	253	1	0	0.75
2026-06-15	253	1	0	1.09
2026-06-15	253	1	0	0.77
2026-06-15	253	1	0	2.19
2026-07-15	253	1	0	0.32
2026-07-15	253	1	0	2
2026-02-16	253	1	0	2.14
2026-02-16	253	1	0	5.25
2026-02-16	127	1	2.85	1.92
2026-02-16	127	1	2.85	1.92
2026-02-16	127	1	2.85	2.09
2026-03-16	64	1	1.68	1
2026-03-16	253	1	0	1.58
2026-03-16	253	1	0	0.9
2026-03-16	253	1	0	1.41
2026-06-16	253	1	0	0.92
2026-06-16	253	1	0	6.35
2026-06-16	253	1	0	1.78
2026-06-16	253	1	0	1.17
2026-06-16	253	1	0	0.82
2026-06-16	253	1	0	0.32
2026-07-16	253	1	0	0.76
2026-07-16	253	1	0	0.83
2026-01-17	253	1	0	0.57
2026-02-17	253	1	0	1.09
2026-02-17	253	1	0	1.7
2026-02-17	253	1	0	1.9
2026-02-17	162	0.23	4.23	2
2026-03-17	253	1	0	2.14
2026-03-17	253	1	0	3.04
2026-03-17	253	1	0	0.56
2026-03-17	253	1	0	0.81
2026-03-17	253	1	0	1.77
2026-04-17	253	1	0	2.15
2026-04-17	253	1	0	0.73
2026-06-17	253	1	0	0.42
2026-06-17	253	1	0	1.57
2026-06-17	253	1	0	1.5
2026-06-17	253	1	0	1.23
2026-06-17	253	1	0	1.13
2026-06-17	253	1	0	0.62
2026-07-17	253	1	0	1.39
2026-02-18	253	1	0	1.7
2026-02-18	190	0.38	6.01	0.5
2026-03-18	253	1	0	0.95
2026-04-18	108	0.2	2.89	0.5
2026-05-18	253	1	0	3.65
2026-05-18	253	1	0	2.4
2026-06-18	253	1	0	1.03
2026-06-18	253	1	0	3.69
2026-06-18	253	1	0	1.81
2026-07-18	253	1	0	0.89
2026-07-18	253	1	0	0.6
2026-03-19	253	1	0	0.47
2026-03-19	253	1	0	3.01
2026-03-19	253	1	0	2.53
2026-05-19	253	1	0	1.01
2026-06-19	253	1	0	4.29
2026-06-19	253	1	0	10.05
2026-06-19	253	1	0	2.75
2026-06-19	253	1	0	1.41
2026-01-20	253	1	0	1.28
2026-02-20	253	1	0	1.22
2026-03-20	253	1	0	3.06
2026-05-20	253	1	0	1.34
2026-05-20	253	1	0	1.44
2026-05-20	253	1	0	1.14
2026-05-20	253	1	0	1.09
2026-05-20	108	0.11	3.99	1
2026-06-20	253	1	0	9.43
2026-06-20	253	1	0	1.35
2026-06-20	253	1	0	0.63
2026-06-20	253	1	0	3.71
2026-01-21	253	1	0	0.87
2026-02-21	253	1	0	1.27
2026-02-21	253	1	0	1.64
2026-02-21	253	1	0	0.65
2026-03-21	253	1	0	2.06
2026-05-21	253	1	0	2.46
2026-07-21	253	1	0	0.46
2026-07-21	253	1	0	0.8
2026-07-21	253	1	0	1.16
2026-01-22	253	1	0	1.34
2026-05-22	253	1	0	1.19
2026-06-22	253	1	0	0.73
2026-02-23	253	1	0	0.91
2026-02-23	253	1	0	1.59
2026-02-23	190	0.37	6.01	0.5
2026-03-23	253	1	0	3.19
2026-03-23	253	1	0	0.57
2026-03-23	253	1	0	0.57
2026-03-23	253	1	0	1.55
2026-03-23	108	0.27	2.95	1
2026-04-23	253	1	0	1.53
2026-04-23	253	1	0	1.29
2026-05-23	253	1	0	0.66
2026-05-23	253	1	0	1.53
2026-07-23	253	1	0	2.25
2026-01-24	253	1	0	1.06
2026-02-24	218	1	1.28	0.5
2026-02-24	218	1	1.28	0.5
2026-02-24	253	1	0	1.2
2026-03-24	253	1	0	1.42
2026-03-24	253	1	0	2.65
2026-03-24	253	1	0	0.41
2026-03-24	253	1	0	2.43
2026-03-24	253	1	0	2.06
2026-03-24	253	1	0	0.73
2026-03-24	253	1	0	2.86
2026-03-24	253	1	0	1.53
2026-03-24	253	1	0	2.66
2026-03-24	253	1	0	3.74
2026-04-24	253	1	0	1.22
2026-04-24	253	1	0	1.15
2026-04-24	253	1	0	3.45
2026-04-24	253	1	0	0.27
2026-06-24	253	1	0	0.95
2026-06-24	253	1	0	2.46
2026-06-24	253	1	0	1.16
2026-06-24	253	1	0	0.46
2026-06-24	253	1	0	1.49
2026-06-24	253	1	0	1.18
2026-06-24	253	1	0	1.4
2026-06-24	253	1	0	1.59
2026-06-24	253	1	0	1.51
2026-06-24	253	1	0	2.35
2026-06-24	253	1	0	0.95
2026-06-24	253	1	0	3.47
2026-06-24	253	1	0	1.43
2026-06-24	253	1	0	1
2026-06-24	253	1	0	0.5
2026-06-24	253	1	0	0.33
2026-06-24	253	1	0	1.31
2026-06-24	253	1	0	1.61
2026-06-24	253	1	0	2.44
2026-06-24	253	1	0	2.65
2026-06-24	253	1	0	1.21
2026-06-24	253	1	0	0.35
2026-06-24	253	1	0	1.21
2026-06-24	253	1	0	0.48
2026-06-24	253	1	0	1.85
2026-06-24	253	1	0	1.03
2026-02-25	253	1	0	3.27
2026-02-25	253	1	0	0.95
2026-02-25	253	1	0	2.45
2026-03-25	254	1	1.49	0.75
2026-04-25	253	1	0	2.03
2026-04-25	253	1	0	3.65
2026-05-25	253	1	0	0.95
2026-05-25	253	1	0	0.67
2026-05-25	253	1	0	0.46
2026-05-25	253	1	0	1.72
2026-06-25	253	1	0	0.21
2026-06-25	253	1	0	0.93
2026-01-26	253	1	0	4.28
2026-02-26	253	1	0	1.59
2026-03-26	254	1	1.49	0.75
2026-05-26	64	1	1.68	0.5
2026-05-26	253	1	0	0.7
2026-05-26	253	1	0	1.83
2026-05-26	253	1	0	1.44
2026-06-26	253	1	0	1.69
2026-02-27	253	1	0	1.93
2026-03-27	253	1	0	1.67
2026-03-27	108	0.11	2.95	0.5
2026-04-27	253	1	0	0.4
2026-05-27	253	1	0	3.88
2026-05-27	108	1.1	3.99	0.8
2026-01-28	64	1	1.68	0.5
2026-01-28	253	1	0	3.33
2026-01-28	253	1	0	1.73
2026-03-28	253	1	0	1.33
2026-05-28	253	1	0	1.9
2026-01-29	253	1	0	1.11
2026-01-29	253	1	0	3.54
2026-04-29	253	1	0	0.65
2026-04-29	253	1	0	1.1
2026-04-29	253	1	0	2.49
2026-04-29	253	1	0	0.52
2026-04-29	253	1	0	0.96
2026-04-29	253	1	0	1.9
2026-04-29	253	1	0	0.68
2026-04-29	253	1	0	1.52
2026-04-29	253	1	0	1.99
2026-04-29	253	1	0	1.72
2026-04-29	253	1	0	3.38
2026-04-29	253	1	0	1.75
2026-04-29	253	1	0	1.18
2026-04-29	253	1	0	1.67
2026-04-29	253	1	0	1.09
2026-04-29	253	1	0	0.69
2026-04-29	253	1	0	4.12
2026-04-29	253	1	0	0.68
2026-04-29	253	1	0	0.68
2026-04-29	253	1	0	0.94
2026-04-29	253	1	0	1.38
2026-04-29	253	1	0	1.57
2026-04-29	253	1	0	8.95
2026-04-29	253	1	0	0.85
2026-05-29	253	1	0	2.14
2026-06-29	253	1	0	1.29
2026-06-29	253	1	0	1.55
2026-06-29	108	0.1	3.99	1
2026-03-30	108	0.41	2.49	1
2026-03-30	108	0.88	2.49	1
2026-05-30	253	1	0	0.83
2026-06-30	253	1	0	2.96
2026-06-30	253	1	0	0.45
2026-06-30	253	1	0	0.54
2026-06-30	253	1	0	1.29
2026-06-30	253	1	0	0.42
2026-06-30	253	1	0	0.39
2026-06-30	253	1	0	0.43
2026-01-31	253	1	0	1.06
2026-03-31	253	1	0	1.71
2026-07-31	253	1	0	2.16
2026-07-31	253	1	0	2.57
2026-07-31	253	1	0	0.22
2026-07-31	253	1	0	1.7
2026-07-31	253	1	0	1.06
2026-07-31	253	1	0	1.22
2026-07-31	253	1	0	6.13
2026-07-31	253	1	0	1.42
2026-07-31	253	1	0	3.25
2026-07-31	253	1	0	2.22
2026-07-31	253	1	0	1.35