fecha	producto_id	cantidad	precio_unitario
2026-01-01	75	1	1.59
2026-01-01	185	1	1.99
2026-01-01	9	2	0.85
2026-01-01	56	1	3.49
2026-01-01	201	0.713	1.95
2026-01-01	93	1	3
2026-01-01	43	4.67	1.79
2026-01-01	43	5.246	1.79
2026-01-01	55	1	2.99
2026-01-01	199	2.895	2.19
2026-01-01	92	6.472	0.89
2026-01-01	18	5.637	1.35
2026-01-01	134	0.55	14.75
2026-01-01	195	1	2.25
2026-01-01	112	2.008	2.59
2026-01-01	114	3.056	4.5
2026-01-01	89	12.646	0.79
2026-01-01	30	2	1.89
2026-01-01	219	1	0.99
2026-01-01	47	0.287	3
2026-01-01	59	0.093	4
2026-01-01	106	1.588	1.99
2026-01-01	87	1	1.39
2026-01-01	127	3	2.49
2026-01-01	224	1	0.99
2026-01-01	125	1	2.35
2026-01-01	93	3	3
2026-01-01	49	1	3
2026-01-01	71	1	1.99
2026-01-01	93	2	3
2026-01-01	139	0.262	14.95
2026-01-01	52	6.576	0.99
2026-01-01	79	4	1.55
2026-01-01	102	0.252	1.75
2026-01-01	48	1	1.99
2026-01-01	108	0.2	2.35
2026-01-01	41	5.476	1.85
2026-01-01	114	1.293	4.5
2026-01-01	194	0.818	2.75
2026-01-01	187	0.183	5.45
2026-01-01	55	1	2.99
2026-01-01	11	2.208	3.95
2026-01-01	28	1	2.85
2026-01-01	114	1.151	4.5
2026-01-01	107	2.678	1.99
2026-01-01	113	0.021	4.25
2026-01-01	196	2	3.15
2026-01-01	118	0.165	4
2026-01-01	12	2.538	2.25
2026-01-01	105	1.726	1.75
2026-01-01	189	1	3.15
2026-01-01	56	1	3.49
2026-01-01	77	1	2.35
2026-01-01	16	1.36	1.25
2026-01-01	66	1	1.59
2026-01-01	250	0.28	2.39
2026-01-01	81	4	1.25
2026-01-01	39	2.581	3.99
2026-01-01	93	3	3
2026-01-01	138	1.769	4.59
2026-01-01	185	2	1.99
2026-01-01	158	1	2.29
2026-01-01	197	4.951	2.25
2026-01-01	84	1	1.59
2026-01-01	58	1.386	2.49
2026-01-01	4	2	1.05
2026-01-01	190	1	3.15
2026-01-01	211	2	1.15
2026-01-01	144	0.349	5.39
2026-01-01	42	1.971	1.39
2026-01-01	167	4	1.59
2026-01-01	44	0.737	1.75
2026-01-01	135	0.363	12.95
2026-01-01	114	0.936	4.5
2026-01-01	187	2.49	5.45
2026-01-01	121	2.364	1.29
2026-01-01	84	3	1.59
2026-01-01	190	1	3.15
2026-01-01	124	1.626	1.55
2026-01-01	195	4	2.25
2026-01-01	82	2	0.99
2026-01-01	73	2	1.49
2026-01-01	124	4.245	1.55
2026-01-01	136	0.248	12.95
2026-01-01	213	2	2.85
2026-01-01	81	1	1.25
2026-01-01	218	1	1.39
2026-01-01	226	2	1.35
2026-01-01	121	5.744	1.29
2026-01-01	42	1.741	1.39
2026-01-01	190	1	3.15
2026-01-01	54	1	2.59
2026-01-01	66	2	1.59
2026-01-01	40	1	1.99
2026-01-01	141	0.151	11.89
2026-01-01	52	7.01	0.99
2026-01-01	121	5.729	1.29
2026-01-01	95	3.531	2.39
2026-01-01	165	2.446	5
2026-01-01	78	8	1.09
2026-01-01	18	3.993	1.35
2026-01-01	218	1	1.39
2026-01-01	26	0.277	1.19
2026-01-01	30	1	1.89
2026-01-01	194	2.68	2.75
2026-01-01	196	1	3.15
2026-01-01	82	3	0.99
2026-01-01	198	2.697	1.19
2026-01-01	248	0.008	10.95
2026-01-01	8	1	2.25
2026-01-01	121	3.915	1.29
2026-01-01	147	0.123	3.99
2026-01-01	87	2	1.39
2026-01-01	42	2.504	1.39
2026-01-01	142	0.35	6.95
2026-01-01	76	17	0.79
2026-01-01	109	0.494	2.59
2026-01-01	106	4.146	1.99
2026-01-01	114	0.278	4.5
2026-01-01	94	0.309	2.85
2026-01-01	146	0.426	14.39
2026-01-01	91	10.855	0.69
2026-01-01	52	3.919	0.99
2026-01-01	198	4.487	1.19
2026-01-01	103	1.288	2.19
2026-01-01	44	4.091	1.75
2026-01-01	194	4.007	2.75
2026-01-01	121	8.543	1.29
2026-01-01	61	1	1.89
2026-01-01	149	0.365	4.99
2026-01-01	97	0.24	1.75
2026-01-01	12	0.547	2.25
2026-01-01	93	4	3
2026-01-01	190	1	3.15
2026-01-01	65	2	1.45
2026-01-01	189	2	3.15
2026-01-01	207	1	1.29
2026-01-01	28	1	2.85
2026-01-01	148	0.204	5.99
2026-01-01	195	1	2.25
2026-01-01	69	3	1.25
2026-01-01	57	1	1.35
2026-01-01	55	2	2.99
2026-01-01	11	0.213	3.95
2026-01-01	146	0.486	14.39
2026-01-01	89	10.975	0.79
2026-01-01	33	5.27	1.59
2026-01-01	145	0.167	22.95
2026-01-01	209	1	1.19
2026-01-01	211	1	1.15
2026-01-01	46	0.323	3
2026-01-01	88	1.731	2.19
2026-01-01	96	1.072	2.5
2026-01-01	125	2	2.35
2026-01-01	24	1.21	1.19
2026-01-01	214	1	2.79
2026-01-01	85	1	1.49
2026-01-01	72	4	0.95
2026-01-01	61	1	1.89
2026-01-01	38	5.836	1.89
2026-01-01	137	0.397	18.75
2026-01-01	178	0.593	3.29
2026-01-01	197	0.782	2.25
2026-01-01	166	4	2.45
2026-01-01	101	3.407	3
2026-01-01	4	2	1.05
2026-01-01	89	3.772	0.79
2026-01-01	75	3	1.59
2026-01-01	83	2.598	2.39
2026-01-01	70	3	1.49
2026-01-01	69	3	1.25
2026-01-01	218	3	1.39
2026-01-01	8	1	2.25
2026-01-01	54	2	2.59
2026-01-01	44	5.851	1.75
2026-01-01	98	1.074	2.3
2026-01-01	190	1	3.15
2026-01-01	84	1	1.59
2026-01-01	95	1.268	2.39
2026-01-01	127	1	2.49
2026-01-01	53	1	2.59
2026-01-01	166	1	2.45
2026-01-01	35	1	1.35
2026-01-01	124	5.548	1.55
2026-01-01	56	2	3.49
2026-01-01	99	1.284	2.99
2026-01-01	193	4	2.5
2026-01-01	155	1	0.85
2026-01-01	101	1.747	3
2026-01-01	111	2.617	1.75
2026-01-01	91	10.145	0.69
2026-01-01	23	3	1.25
2026-01-01	208	5	0.95
2026-01-01	122	0.06	2.99
2026-01-01	52	2.444	0.99
2026-01-01	21	1	0.99
2026-01-01	31	0.453	5.69
2026-01-01	100	0.409	2.69
2026-01-01	140	0.445	12.95
2026-01-01	84	1	1.59
2026-01-01	130	4	1.89
2026-01-01	117	0.532	2.5
2026-01-01	121	2.798	1.29
2026-01-01	93	1	3
2026-01-01	94	4.495	2.85
2026-01-02	83	1.523	2.39
2026-01-02	65	2	1.45
2026-01-02	158	1	2.29
2026-01-02	96	1.296	2.5
2026-01-02	55	2	2.99
2026-01-02	76	11	0.79
2026-01-02	76	7	0.79
2026-01-02	52	2.465	0.99
2026-01-02	52	5.101	0.99
2026-01-02	49	1	3
2026-01-02	124	3.677	1.55
2026-01-02	28	3	2.85
2026-01-02	134	0.278	14.75
2026-01-02	69	7	1.25
2026-01-02	94	2.046	2.85
2026-01-02	124	2.568	1.55
2026-01-02	145	0.202	22.95
2026-01-02	139	0.317	14.95
2026-01-02	208	4	0.95
2026-01-02	105	2.086	1.75
2026-01-02	100	0.494	2.69
2026-01-02	189	3	3.15
2026-01-02	136	0.1	12.95
2026-01-02	53	1	2.59
2026-01-02	218	3	1.39
2026-01-02	82	6	0.99
2026-01-02	43	2.089	1.79
2026-01-02	16	1.64	1.25
2026-01-02	134	0.387	14.75
2026-01-02	89	13.709	0.79
2026-01-02	250	0.339	2.39
2026-01-02	218	3	1.39
2026-01-02	55	1	2.99
2026-01-02	11	0.595	3.95
2026-01-02	93	4	3
2026-01-02	124	5.587	1.55
2026-01-02	43	3.117	1.79
2026-01-02	39	2.206	3.99
2026-01-02	39	0.92	3.99
2026-01-02	190	3	3.15
2026-01-02	117	0.644	2.5
2026-01-02	97	0.291	1.75
2026-01-02	195	5	2.25
2026-01-02	197	0.449	2.25
2026-01-02	199	2.027	2.19
2026-01-02	125	2	2.35
2026-01-02	103	1.557	2.19
2026-01-02	27	1	2.59
2026-01-02	114	0.858	4.5
2026-01-02	121	10.597	1.29
2026-01-02	54	2	2.59
2026-01-02	107	2.643	1.99
2026-01-02	56	1	3.49
2026-01-02	27	1	2.59
2026-01-02	85	1	1.49
2026-01-02	155	1	0.85
2026-01-02	33	6.384	1.59
2026-01-02	146	0.455	14.39
2026-01-02	146	0.65	14.39
2026-01-02	138	2.139	4.59
2026-01-02	148	0.247	5.99
2026-01-02	38	4.429	1.89
2026-01-02	130	2	1.89
2026-01-02	121	5.946	1.29
2026-01-02	125	2	2.35
2026-01-02	47	0.35	3
2026-01-02	106	3.06	1.99
2026-01-02	93	1	3
2026-01-02	121	5.38	1.29
2026-01-02	213	1	2.85
2026-01-02	194	0.244	2.75
2026-01-02	102	0.303	1.75
2026-01-02	108	0.247	2.35
2026-01-02	41	6.632	1.85
2026-01-02	81	1	1.25
2026-01-02	207	1	1.29
2026-01-02	178	0.72	3.29
2026-01-02	12	3.738	2.25
2026-01-02	213	1	2.85
2026-01-02	101	3.49	3
2026-01-02	187	0.695	5.45
2026-01-02	81	5	1.25
2026-01-02	58	1.679	2.49
2026-01-02	121	4.558	1.29
2026-01-02	4	6	1.05
2026-01-02	30	4	1.89
2026-01-02	24	1.471	1.19
2026-01-02	118	0.198	4
2026-01-02	28	1	2.85
2026-01-02	52	5.232	0.99
2026-01-02	23	1	1.25
2026-01-02	185	1	1.99
2026-01-02	106	3.879	1.99
2026-01-02	92	6.494	0.89
2026-01-02	95	1.368	2.39
2026-01-02	91	15.014	0.69
2026-01-02	72	4	0.95
2026-01-02	144	0.421	5.39
2026-01-02	57	1	1.35
2026-01-02	43	6.793	1.79
2026-01-02	56	2	3.49
2026-01-02	54	1	2.59
2026-01-02	46	0.39	3
2026-01-02	190	2	3.15
2026-01-02	94	0.565	2.85
2026-01-02	71	1	1.99
2026-01-02	130	2	1.89
2026-01-02	141	0.183	11.89
2026-01-02	56	2	3.49
2026-01-02	165	1.348	5
2026-01-02	28	1	2.85
2026-01-02	194	4.065	2.75
2026-01-02	70	1	1.49
2026-01-02	197	2.711	2.25
2026-01-02	107	0.598	1.99
2026-01-02	93	3	3
2026-01-02	18	9.081	1.35
2026-01-02	52	5.182	0.99
2026-01-02	140	0.539	12.95
2026-01-02	79	3	1.55
2026-01-02	35	1	1.35
2026-01-02	136	0.201	12.95
2026-01-02	89	18.228	0.79
2026-01-02	31	0.548	5.69
2026-01-02	124	1.981	1.55
2026-01-02	83	1.552	2.39
2026-01-02	214	1	2.79
2026-01-02	213	1	2.85
2026-01-02	211	3	1.15
2026-01-02	209	1	1.19
2026-01-02	137	0.482	18.75
2026-01-02	91	10.406	0.69
2026-01-02	44	4.611	1.75
2026-01-02	93	2	3
2026-01-02	198	2.202	1.19
2026-01-02	40	1	1.99
2026-01-02	8	1	2.25
2026-01-02	95	3.414	2.39
2026-01-02	28	2	2.85
2026-01-02	142	0.423	6.95
2026-01-02	93	2	3
2026-01-02	114	3.051	4.5
2026-01-02	219	3	0.99
2026-01-02	99	1.555	2.99
2026-01-02	196	3	3.15
2026-01-02	84	2	1.59
2026-01-02	94	3.204	2.85
2026-01-02	114	0.476	4.5
2026-01-02	195	1	2.25
2026-01-02	88	1.963	2.19
2026-01-02	98	0.257	2.3
2026-01-02	167	4	1.59
2026-01-02	199	1.475	2.19
2026-01-02	190	1	3.15
2026-01-02	112	2.429	2.59
2026-01-02	52	3.859	0.99
2026-01-02	166	2	2.45
2026-01-02	92	1.337	0.89
2026-01-02	77	1	2.35
2026-01-02	66	3	1.59
2026-01-02	26	0.336	1.19
2026-01-02	70	2	1.49
2026-01-02	75	4	1.59
2026-01-02	165	1.614	5
2026-01-02	38	2.841	1.89
2026-01-02	21	1	0.99
2026-01-02	44	3.966	1.75
2026-01-02	198	4.513	1.19
2026-01-02	87	1	1.39
2026-01-02	52	2.283	0.99
2026-01-02	127	1	2.49
2026-01-02	40	2	1.99
2026-01-02	84	5	1.59
2026-01-02	101	2.75	3
2026-01-02	89	1.241	0.79
2026-01-02	95	1.029	2.39
2026-01-02	93	3	3
2026-01-02	79	2	1.55
2026-01-02	122	0.07	2.99
2026-01-02	214	1	2.79
2026-01-02	93	3	3
2026-01-02	194	2.509	2.75
2026-01-02	187	2.541	5.45
2026-01-02	149	0.441	4.99
2026-01-02	114	1.773	4.5
2026-01-02	197	1.333	2.25
2026-01-02	61	1	1.89
2026-01-02	109	0.598	2.59
2026-01-02	166	4	2.45
2026-01-02	189	1	3.15
2026-01-02	48	1	1.99
2026-01-02	196	1	3.15
2026-01-02	194	2.265	2.75
2026-01-02	195	1	2.25
2026-01-02	111	3.166	1.75
2026-01-02	113	0.026	4.25
2026-01-02	248	0.01	10.95
2026-01-02	226	2	1.35
2026-01-02	42	7.525	1.39
2026-01-02	201	0.862	1.95
2026-01-02	224	3	0.99
2026-01-02	121	1.744	1.29
2026-01-02	9	3	0.85
2026-01-02	114	0.658	4.5
2026-01-02	198	1.983	1.19
2026-01-02	73	2	1.49
2026-01-02	78	9	1.09
2026-01-02	130	1	1.89
2026-01-02	53	1	2.59
2026-01-02	121	6.977	1.29
2026-01-02	135	0.48	12.95
2026-01-02	59	0.113	4
2026-01-02	11	2.334	3.95
2026-01-02	98	1.043	2.3
2026-01-02	44	4.349	1.75
2026-01-02	197	2.449	2.25
2026-01-02	167	1	1.59
2026-01-02	114	1.311	4.5
2026-01-02	18	2.578	1.35
2026-01-02	85	1	1.49
2026-01-02	193	3	2.5
2026-01-03	226	2	1.35
2026-01-03	21	2	0.99
2026-01-03	88	2.461	2.19
2026-01-03	56	2	3.49
2026-01-03	54	1	2.59
2026-01-03	198	0.521	1.19
2026-01-03	75	1	1.59
2026-01-03	214	1	2.79
2026-01-03	121	2.915	1.29
2026-01-03	42	4.892	1.39
2026-01-03	49	1	3
2026-01-03	65	1	1.45
2026-01-03	190	1	3.15
2026-01-03	189	1	3.15
2026-01-03	219	1	0.99
2026-01-03	138	0.453	4.59
2026-01-03	18	6.074	1.35
2026-01-03	178	0.845	3.29
2026-01-03	117	0.756	2.5
2026-01-03	112	1.502	2.59
2026-01-03	108	0.289	2.35
2026-01-03	48	1	1.99
2026-01-03	44	6.646	1.75
2026-01-03	197	3.809	2.25
2026-01-03	98	1.53	2.3
2026-01-03	89	4.481	0.79
2026-01-03	84	2	1.59
2026-01-03	166	1	2.45
2026-01-03	102	0.36	1.75
2026-01-03	23	1	1.25
2026-01-03	44	3.577	1.75
2026-01-03	193	1	2.5
2026-01-03	208	4	0.95
2026-01-03	227	1	1.69
2026-01-03	9	4	0.85
2026-01-03	58	1.137	2.49
2026-01-03	190	1	3.15
2026-01-03	44	3.131	1.75
2026-01-03	85	1	1.49
2026-01-03	12	2.524	2.25
2026-01-03	103	1.826	2.19
2026-01-03	226	1	1.35
2026-01-03	73	3	1.49
2026-01-03	187	2.228	5.45
2026-01-03	167	1	1.59
2026-01-03	54	1	2.59
2026-01-03	190	2	3.15
2026-01-03	72	3	0.95
2026-01-03	38	0.598	1.89
2026-01-03	66	1	1.59
2026-01-03	196	1	3.15
2026-01-03	209	1	1.19
2026-01-03	91	12.783	0.69
2026-01-03	101	2.22	3
2026-01-03	124	3.897	1.55
2026-01-03	101	0.723	3
2026-01-03	93	2	3
2026-01-03	197	2.089	2.25
2026-01-03	18	7.03	1.35
2026-01-03	68	1	1.99
2026-01-03	87	3	1.39
2026-01-03	211	1	1.15
2026-01-03	197	2.249	2.25
2026-01-03	38	7.931	1.89
2026-01-03	93	1	3
2026-01-03	125	2	2.35
2026-01-03	52	8.879	0.99
2026-01-03	209	1	1.19
2026-01-03	94	1.249	2.85
2026-01-03	31	0.643	5.69
2026-01-03	8	1	2.25
2026-01-03	250	0.397	2.39
2026-01-03	97	0.343	1.75
2026-01-03	189	1	3.15
2026-01-03	89	4.797	0.79
2026-01-03	158	1	2.29
2026-01-03	91	17.058	0.69
2026-01-03	146	0.389	14.39
2026-01-03	106	4.372	1.99
2026-01-03	41	2.297	1.85
2026-01-03	83	3.69	2.39
2026-01-03	124	1.387	1.55
2026-01-03	224	2	0.99
2026-01-03	47	0.41	3
2026-01-03	146	0.546	14.39
2026-01-03	93	1	3
2026-01-03	43	3.067	1.79
2026-01-03	195	2	2.25
2026-01-03	140	0.632	12.95
2026-01-03	142	0.496	6.95
2026-01-03	130	2	1.89
2026-01-03	139	0.155	14.95
2026-01-03	125	3	2.35
2026-01-03	77	1	2.35
2026-01-03	28	1	2.85
2026-01-03	137	0.224	18.75
2026-01-03	199	4.119	2.19
2026-01-03	121	7.24	1.29
2026-01-03	59	0.13	4
2026-01-03	195	2	2.25
2026-01-03	69	2	1.25
2026-01-03	124	1.774	1.55
2026-01-03	99	0.997	2.99
2026-01-03	146	0.361	14.39
2026-01-03	187	0.862	5.45
2026-01-03	121	4.171	1.29
2026-01-03	28	2	2.85
2026-01-03	193	5	2.5
2026-01-03	27	1	2.59
2026-01-03	155	4	0.85
2026-01-03	94	2.33	2.85
2026-01-03	11	0.686	3.95
2026-01-03	95	1.197	2.39
2026-01-03	136	0.184	12.95
2026-01-03	207	1	1.29
2026-01-03	139	0.217	14.95
2026-01-03	61	1	1.89
2026-01-03	52	1.889	0.99
2026-01-03	53	1	2.59
2026-01-03	105	2.446	1.75
2026-01-03	185	1	1.99
2026-01-03	12	1.858	2.25
2026-01-03	42	3.942	1.39
2026-01-03	76	14	0.79
2026-01-03	165	1.086	5
2026-01-03	111	3.714	1.75
2026-01-03	113	0.031	4.25
2026-01-03	144	0.495	5.39
2026-01-03	145	0.045	22.95
2026-01-03	33	5.849	1.59
2026-01-03	4	3	1.05
2026-01-03	11	0.501	3.95
2026-01-03	165	0.86	5
2026-01-03	24	1.723	1.19
2026-01-03	114	1.131	4.5
2026-01-03	190	2	3.15
2026-01-03	227	1	1.69
2026-01-03	94	3.249	2.85
2026-01-03	28	1	2.85
2026-01-03	195	1	2.25
2026-01-03	101	1.84	3
2026-01-03	107	0.759	1.99
2026-01-03	72	1	0.95
2026-01-03	81	3	1.25
2026-01-03	26	0.395	1.19
2026-01-03	84	3	1.59
2026-01-03	141	0.215	11.89
2026-01-03	166	1	2.45
2026-01-03	57	1	1.35
2026-01-03	166	1	2.45
2026-01-03	41	5.486	1.85
2026-01-03	118	0.233	4
2026-01-03	162	1	1.19
2026-01-03	114	1.302	4.5
2026-01-03	89	8.494	0.79
2026-01-03	93	3	3
2026-01-03	56	1	3.49
2026-01-03	114	0.469	4.5
2026-01-03	68	1	1.99
2026-01-03	124	2.265	1.55
2026-01-03	58	0.831	2.49
2026-01-03	93	4	3
2026-01-03	93	4	3
2026-01-03	195	3	2.25
2026-01-03	39	2.837	3.99
2026-01-03	136	0.169	12.95
2026-01-03	100	0.58	2.69
2026-01-03	127	4	2.49
2026-01-03	43	5.089	1.79
2026-01-03	114	3.422	4.5
2026-01-03	56	2	3.49
2026-01-03	213	1	2.85
2026-01-03	77	1	2.35
2026-01-03	71	1	1.99
2026-01-03	30	1	1.89
2026-01-03	185	1	1.99
2026-01-03	55	1	2.99
2026-01-03	69	1	1.25
2026-01-03	121	8.295	1.29
2026-01-03	52	2.818	0.99
2026-01-03	124	3.89	1.55
2026-01-03	187	0.708	5.45
2026-01-03	218	6	1.39
2026-01-03	218	1	1.39
2026-01-03	201	1.015	1.95
2026-01-03	122	0.084	2.99
2026-01-03	69	6	1.25
2026-01-03	138	2.061	4.59
2026-01-03	149	0.519	4.99
2026-01-03	43	0.877	1.79
2026-01-03	124	0.716	1.55
2026-01-03	198	9.697	1.19
2026-01-03	82	3	0.99
2026-01-03	114	3.271	4.5
2026-01-03	185	2	1.99
2026-01-03	158	1	2.29
2026-01-03	194	2.975	2.75
2026-01-03	101	1.617	3
2026-01-03	134	0.781	14.75
2026-01-03	106	3.769	1.99
2026-01-03	52	9.616	0.99
2026-01-03	137	0.081	18.75
2026-01-03	95	2.644	2.39
2026-01-03	27	1	2.59
2026-01-03	39	0.832	3.99
2026-01-03	248	0.012	10.95
2026-01-03	93	2	3
2026-01-03	89	12.494	0.79
2026-01-03	93	4	3
2026-01-03	121	1.775	1.29
2026-01-03	189	3	3.15
2026-01-03	99	0.829	2.99
2026-01-03	96	1.52	2.5
2026-01-03	18	0.585	1.35
2026-01-03	35	1	1.35
2026-01-03	71	1	1.99
2026-01-03	11	1.362	3.95
2026-01-03	84	3	1.59
2026-01-03	130	3	1.89
2026-01-03	145	0.192	22.95
2026-01-03	43	5.061	1.79
2026-01-03	109	0.703	2.59
2026-01-03	44	1.823	1.75
2026-01-03	135	0.563	12.95
2026-01-03	16	1.928	1.25
2026-01-03	196	1	3.15
2026-01-03	70	1	1.49
2026-01-03	107	3.045	1.99
2026-01-03	190	1	3.15
2026-01-03	11	0.889	3.95
2026-01-03	127	1	2.49
2026-01-03	101	0.92	3
2026-01-03	165	1.53	5
2026-01-03	40	1	1.99
2026-01-03	33	1.635	1.59
2026-01-03	46	0.457	3
2026-01-03	76	7	0.79
2026-01-03	190	1	3.15
2026-01-03	78	10	1.09
2026-01-03	89	8.658	0.79
2026-01-03	112	1.351	2.59
2026-01-03	121	6.93	1.29
2026-01-03	194	3.767	2.75
2026-01-03	121	10.023	1.29
2026-01-03	92	9.202	0.89
2026-01-03	52	5.131	0.99
2026-01-03	95	2.983	2.39
2026-01-03	137	0.261	18.75
2026-01-03	79	5	1.55
2026-01-03	194	3.924	2.75
2026-01-03	148	0.29	5.99
2026-01-03	124	2.29	1.55
2026-01-05	18	3.963	1.35
2026-01-05	18	4.148	1.35
2026-01-05	83	2.188	2.39
2026-01-05	140	0.297	12.95
2026-01-05	121	4.093	1.29
2026-01-05	44	5.263	1.75
2026-01-05	127	2	2.49
2026-01-05	124	6.923	1.55
2026-01-05	121	3.806	1.29
2026-01-05	93	2	3
2026-01-05	138	1.49	4.59
2026-01-05	118	0.138	4
2026-01-05	187	1.229	5.45
2026-01-05	141	0.128	11.89
2026-01-05	39	0.311	3.99
2026-01-05	113	0.019	4.25
2026-01-05	56	1	3.49
2026-01-05	146	0.769	14.39
2026-01-05	130	3	1.89
2026-01-05	227	1	1.69
2026-01-05	162	1	1.19
2026-01-05	11	2.038	3.95
2026-01-05	94	3.947	2.85
2026-01-05	66	2	1.59
2026-01-05	95	1.46	2.39
2026-01-05	52	1.798	0.99
2026-01-05	39	1.865	3.99
2026-01-05	108	0.17	2.35
2026-01-05	137	0.334	18.75
2026-01-05	144	0.293	5.39
2026-01-05	224	1	0.99
2026-01-05	23	1	1.25
2026-01-05	49	1	3
2026-01-05	109	0.417	2.59
2026-01-05	125	3	2.35
2026-01-05	91	13.275	0.69
2026-01-05	209	1	1.19
2026-01-05	16	1.144	1.25
2026-01-05	88	1.461	2.19
2026-01-05	89	8.899	0.79
2026-01-05	209	1	1.19
2026-01-05	124	2.69	1.55
2026-01-05	57	1	1.35
2026-01-05	41	4.611	1.85
2026-01-05	194	3.367	2.75
2026-01-05	165	1.07	5
2026-01-05	76	1	0.79
2026-01-05	165	0.99	5
2026-01-05	193	3	2.5
2026-01-05	93	2	3
2026-01-05	158	1	2.29
2026-01-05	75	3	1.59
2026-01-05	166	4	2.45
2026-01-05	185	2	1.99
2026-01-05	121	9.101	1.29
2026-01-05	114	2.576	4.5
2026-01-05	226	1	1.35
2026-01-05	52	2.636	0.99
2026-01-05	199	1.356	2.19
2026-01-05	23	2	1.25
2026-01-05	167	2	1.59
2026-01-05	47	0.243	3
2026-01-05	111	2.2	1.75
2026-01-05	52	12.354	0.99
2026-01-05	82	4	0.99
2026-01-05	207	1	1.29
2026-01-05	68	1	1.99
2026-01-05	193	1	2.5
2026-01-05	199	1.082	2.19
2026-01-05	42	5.237	1.39
2026-01-05	142	0.294	6.95
2026-01-05	145	0.141	22.95
2026-01-05	9	4	0.85
2026-01-05	77	1	2.35
2026-01-05	100	0.346	2.69
2026-01-05	38	5.058	1.89
2026-01-05	197	1.587	2.25
2026-01-05	189	3	3.15
2026-01-05	87	3	1.39
2026-01-05	93	4	3
2026-01-05	134	0.463	14.75
2026-01-05	77	1	2.35
2026-01-05	214	1	2.79
2026-01-05	73	2	1.49
2026-01-05	89	2.962	0.79
2026-01-05	30	3	1.89
2026-01-05	54	2	2.59
2026-01-05	136	0.209	12.95
2026-01-05	178	0.502	3.29
2026-01-05	127	1	2.49
2026-01-05	102	0.212	1.75
2026-01-05	93	1	3
2026-01-05	44	1.789	1.75
2026-01-05	93	1	3
2026-01-05	93	2	3
2026-01-05	139	0.22	14.95
2026-01-05	33	4.44	1.59
2026-01-05	81	4	1.25
2026-01-05	211	2	1.15
2026-01-05	91	4.377	0.69
2026-01-05	97	0.206	1.75
2026-01-05	95	2.385	2.39
2026-01-05	72	1	0.95
2026-01-05	28	1	2.85
2026-01-05	56	1	3.49
2026-01-05	44	1.811	1.75
2026-01-05	106	2.905	1.99
2026-01-05	122	0.05	2.99
2026-01-05	58	1.169	2.49
2026-01-05	12	2.596	2.25
2026-01-05	31	0.381	5.69
2026-01-05	250	0.234	2.39
2026-01-05	76	10	0.79
2026-01-05	101	1.82	3
2026-01-05	103	1.082	2.19
2026-01-05	85	1	1.49
2026-01-05	40	2	1.99
2026-01-05	96	0.9	2.5
2026-01-05	43	3.034	1.79
2026-01-05	4	2	1.05
2026-01-05	28	4	2.85
2026-01-05	201	0.6	1.95
2026-01-05	71	1	1.99
2026-01-05	71	1	1.99
2026-01-05	190	3	3.15
2026-01-05	140	0.078	12.95
2026-01-05	208	3	0.95
2026-01-05	187	1.02	5.45
2026-01-05	195	4	2.25
2026-01-05	135	0.334	12.95
2026-01-05	248	0.007	10.95
2026-01-05	127	1	2.49
2026-01-05	26	0.235	1.19
2026-01-05	61	1	1.89
2026-01-05	121	3.147	1.29
2026-01-05	105	1.451	1.75
2026-01-05	98	0.904	2.3
2026-01-05	89	11.203	0.79
2026-01-05	155	1	0.85
2026-01-05	213	2	2.85
2026-01-05	149	0.307	4.99
2026-01-05	43	2.034	1.79
2026-01-05	46	0.27	3
2026-01-05	59	0.078	4
2026-01-05	114	3.078	4.5
2026-01-05	99	1.08	2.99
2026-01-05	4	2	1.05
2026-01-05	117	0.448	2.5
2026-01-05	190	3	3.15
2026-01-05	153	1	1.99
2026-01-05	226	1	1.35
2026-01-05	219	1	0.99
2026-01-05	48	1	1.99
2026-01-05	56	1	3.49
2026-01-05	21	1	0.99
2026-01-05	218	4	1.39
2026-01-05	121	4.357	1.29
2026-01-05	78	6	1.09
2026-01-05	53	1	2.59
2026-01-05	195	1	2.25
2026-01-05	198	6.05	1.19
2026-01-05	43	3.285	1.79
2026-01-05	167	1	1.59
2026-01-05	93	1	3
2026-01-05	84	1	1.59
2026-01-05	65	2	1.45
2026-01-05	55	2	2.99
2026-01-05	27	1	2.59
2026-01-05	24	1.025	1.19
2026-01-05	70	2	1.49
2026-01-05	92	4.315	0.89
2026-01-05	55	1	2.99
2026-01-05	197	3.244	2.25
2026-01-05	148	0.172	5.99
2026-01-05	48	1	1.99
2026-01-05	106	1.925	1.99
2026-01-05	196	1	3.15
2026-01-05	101	2.52	3
2026-01-05	69	5	1.25
2026-01-05	8	1	2.25
2026-01-05	27	1	2.59
2026-01-05	84	4	1.59
2026-01-05	158	1	2.29
2026-01-05	196	2	3.15
2026-01-05	107	2.256	1.99
2026-01-05	79	4	1.55
2026-01-05	92	1.135	0.89
2026-01-05	35	1	1.35
2026-01-05	194	2.953	2.75
2026-01-05	112	1.691	2.59
2026-01-06	47	0.257	3
2026-01-06	165	1.294	5
2026-01-06	23	3	1.25
2026-01-06	214	1	2.79
2026-01-06	149	0.327	4.99
2026-01-06	78	6	1.09
2026-01-06	113	0.021	4.25
2026-01-06	82	5	0.99
2026-01-06	107	0.683	1.99
2026-01-06	89	5.582	0.79
2026-01-06	38	0.995	1.89
2026-01-06	125	2	2.35
2026-01-06	12	2.76	2.25
2026-01-06	44	1.234	1.75
2026-01-06	195	1	2.25
2026-01-06	224	1	0.99
2026-01-06	114	2.413	4.5
2026-01-06	112	1.795	2.59
2026-01-06	95	1.54	2.39
2026-01-06	65	2	1.45
2026-01-06	93	1	3
2026-01-06	109	0.444	2.59
2026-01-06	162	1	1.19
2026-01-06	108	0.183	2.35
2026-01-06	31	0.404	5.69
2026-01-06	165	0.428	5
2026-01-06	140	0.398	12.95
2026-01-06	69	1	1.25
2026-01-06	24	1.084	1.19
2026-01-06	76	10	0.79
2026-01-06	141	0.135	11.89
2026-01-06	49	1	3
2026-01-06	196	3	3.15
2026-01-06	107	1.709	1.99
2026-01-06	199	1.183	2.19
2026-01-06	56	1	3.49
2026-01-06	93	1	3
2026-01-06	52	11.939	0.99
2026-01-06	195	4	2.25
2026-01-06	88	1.553	2.19
2026-01-06	44	2.737	1.75
2026-01-06	155	1	0.85
2026-01-06	114	1.078	4.5
2026-01-06	16	1.216	1.25
2026-01-06	121	11.101	1.29
2026-01-06	58	1.241	2.49
2026-01-06	167	3	1.59
2026-01-06	96	0.96	2.5
2026-01-06	48	1	1.99
2026-01-06	53	1	2.59
2026-01-06	166	1	2.45
2026-01-06	11	0.914	3.95
2026-01-06	28	3	2.85
2026-01-06	27	1	2.59
2026-01-06	106	2.121	1.99
2026-01-06	218	1	1.39
2026-01-06	190	2	3.15
2026-01-06	127	1	2.49
2026-01-06	118	0.148	4
2026-01-06	18	5.096	1.35
2026-01-06	209	1	1.19
2026-01-06	46	0.29	3
2026-01-06	57	1	1.35
2026-01-06	138	1.582	4.59
2026-01-06	50	1	3
2026-01-06	130	3	1.89
2026-01-06	193	4	2.5
2026-01-06	134	0.492	14.75
2026-01-06	35	1	1.35
2026-01-06	194	4.058	2.75
2026-01-06	190	1	3.15
2026-01-06	61	1	1.89
2026-01-06	213	1	2.85
2026-01-06	187	0.378	5.45
2026-01-06	4	4	1.05
2026-01-06	44	5.583	1.75
2026-01-06	26	0.252	1.19
2026-01-06	81	4	1.25
2026-01-06	226	2	1.35
2026-01-06	27	1	2.59
2026-01-06	77	1	2.35
2026-01-06	199	1.406	2.19
2026-01-06	18	3.519	1.35
2026-01-06	187	0.675	5.45
2026-01-06	137	0.356	18.75
2026-01-06	38	1.81	1.89
2026-01-06	71	1	1.99
2026-01-06	48	1	1.99
2026-01-06	190	1	3.15
2026-01-06	21	1	0.99
2026-01-06	9	4	0.85
2026-01-06	165	0.466	5
2026-01-06	83	2.326	2.39
2026-01-06	66	1	1.59
2026-01-06	89	18.937	0.79
2026-01-06	93	2	3
2026-01-06	139	0.234	14.95
2026-01-06	189	3	3.15
2026-01-06	85	1	1.49
2026-01-06	11	1.101	3.95
2026-01-06	124	4.284	1.55
2026-01-06	185	2	1.99
2026-01-06	103	1.146	2.19
2026-01-06	124	4.11	1.55
2026-01-06	146	0.518	14.39
2026-01-06	125	1	2.35
2026-01-06	145	0.149	22.95
2026-01-06	158	1	2.29
2026-01-06	102	0.225	1.75
2026-01-06	59	0.083	4
2026-01-06	198	1.487	1.19
2026-01-06	11	0.149	3.95
2026-01-06	40	2	1.99
2026-01-06	158	1	2.29
2026-01-06	153	1	1.99
2026-01-06	227	1	1.69
2026-01-06	121	2.101	1.29
2026-01-06	56	2	3.49
2026-01-06	94	4.298	2.85
2026-01-06	84	5	1.59
2026-01-06	30	3	1.89
2026-01-06	248	0.007	10.95
2026-01-06	42	5.561	1.39
2026-01-06	218	4	1.39
2026-01-06	73	2	1.49
2026-01-06	97	0.217	1.75
2026-01-06	250	0.251	2.39
2026-01-06	127	3	2.49
2026-01-06	207	1	1.29
2026-01-06	87	3	1.39
2026-01-06	54	2	2.59
2026-01-06	101	0.273	3
2026-01-06	122	0.054	2.99
2026-01-06	117	0.476	2.5
2026-01-06	43	2.553	1.79
2026-01-06	166	3	2.45
2026-01-06	201	0.641	1.95
2026-01-06	68	1	1.99
2026-01-06	121	10.008	1.29
2026-01-06	194	2.655	2.75
2026-01-06	146	0.298	14.39
2026-01-06	111	2.337	1.75
2026-01-06	106	0.286	1.99
2026-01-06	98	0.961	2.3
2026-01-06	95	2.623	2.39
2026-01-06	211	2	1.15
2026-01-06	135	0.354	12.95
2026-01-06	105	1.543	1.75
2026-01-06	101	4.337	3
2026-01-06	213	1	2.85
2026-01-06	144	0.312	5.39
2026-01-06	197	5.129	2.25
2026-01-06	75	3	1.59
2026-01-06	187	1.328	5.45
2026-01-06	28	2	2.85
2026-01-06	93	3	3
2026-01-06	38	2.566	1.89
2026-01-06	79	4	1.55
2026-01-06	72	3	0.95
2026-01-06	91	11.348	0.69
2026-01-06	92	5.787	0.89
2026-01-06	207	1	1.29
2026-01-06	198	4.941	1.19
2026-01-06	69	4	1.25
2026-01-06	52	5.899	0.99
2026-01-06	100	0.364	2.69
2026-01-06	219	2	0.99
2026-01-06	8	1	2.25
2026-01-06	33	4.717	1.59
2026-01-06	99	1.151	2.99
2026-01-06	71	1	1.99
2026-01-06	39	2.311	3.99
2026-01-06	66	1	1.59
2026-01-06	121	2.822	1.29
2026-01-06	55	3	2.99
2026-01-06	124	1.826	1.55
2026-01-06	41	4.903	1.85
2026-01-06	142	0.312	6.95
2026-01-06	106	2.719	1.99
2026-01-06	57	1	1.35
2026-01-06	43	3.67	1.79
2026-01-06	136	0.222	12.95
2026-01-06	70	2	1.49
2026-01-06	91	7.435	0.69
2026-01-06	114	2.404	4.5
2026-01-06	208	3	0.95
2026-01-06	154	1	1.99
2026-01-06	43	2.642	1.79
2026-01-06	148	0.182	5.99
2026-01-06	178	0.532	3.29
2026-01-07	38	1.19	1.89
2026-01-07	166	2	2.45
2026-01-07	146	0.208	14.39
2026-01-07	141	0.144	11.89
2026-01-07	85	1	1.49
2026-01-07	138	0.355	4.59
2026-01-07	121	11.271	1.29
2026-01-07	91	3.232	0.69
2026-01-07	48	1	1.99
2026-01-07	154	1	1.99
2026-01-07	218	2	1.39
2026-01-07	144	0.33	5.39
2026-01-07	68	1	1.99
2026-01-07	106	4.191	1.99
2026-01-07	79	4	1.55
2026-01-07	91	13.391	0.69
2026-01-07	124	2.69	1.55
2026-01-07	93	4	3
2026-01-07	193	2	2.5
2026-01-07	250	0.264	2.39
2026-01-07	106	1.241	1.99
2026-01-07	75	3	1.59
2026-01-07	65	2	1.45
2026-01-07	195	2	2.25
2026-01-07	39	0.291	3.99
2026-01-07	196	2	3.15
2026-01-07	83	1.285	2.39
2026-01-07	127	2	2.49
2026-01-07	102	0.238	1.75
2026-01-07	95	0.795	2.39
2026-01-07	48	1	1.99
2026-01-07	9	1	0.85
2026-01-07	113	0.021	4.25
2026-01-07	46	0.307	3
2026-01-07	96	1.016	2.5
2026-01-07	66	2	1.59
2026-01-07	39	2.155	3.99
2026-01-07	47	0.273	3
2026-01-07	16	1.288	1.25
2026-01-07	52	4.848	0.99
2026-01-07	207	1	1.29
2026-01-07	229	1	1.89
2026-01-07	136	0.155	12.95
2026-01-07	155	1	0.85
2026-01-07	93	1	3
2026-01-07	44	2.4	1.75
2026-01-07	54	1	2.59
2026-01-07	28	3	2.85
2026-01-07	18	1.37	1.35
2026-01-07	135	0.376	12.95
2026-01-07	83	1.176	2.39
2026-01-07	190	1	3.15
2026-01-07	122	0.057	2.99
2026-01-07	118	0.155	4
2026-01-07	114	0.578	4.5
2026-01-07	166	2	2.45
2026-01-07	35	1	1.35
2026-01-07	130	1	1.89
2026-01-07	137	0.185	18.75
2026-01-07	109	0.467	2.59
2026-01-07	58	1.313	2.49
2026-01-07	82	5	0.99
2026-01-07	139	0.248	14.95
2026-01-07	189	3	3.15
2026-01-07	158	1	2.29
2026-01-07	57	2	1.35
2026-01-07	101	3.453	3
2026-01-07	137	0.191	18.75
2026-01-07	101	1.43	3
2026-01-07	92	6.135	0.89
2026-01-07	105	1.634	1.75
2026-01-07	114	2.724	4.5
2026-01-07	199	1.411	2.19
2026-01-07	121	5.031	1.29
2026-01-07	44	5.394	1.75
2026-01-07	50	1	3
2026-01-07	209	1	1.19
2026-01-07	4	1	1.05
2026-01-07	166	1	2.45
2026-01-07	49	1	3
2026-01-07	226	2	1.35
2026-01-07	95	3.753	2.39
2026-01-07	52	14.04	0.99
2026-01-07	11	1.089	3.95
2026-01-07	108	0.191	2.35
2026-01-07	93	1	3
2026-01-07	167	3	1.59
2026-01-07	201	0.677	1.95
2026-01-07	44	2.32	1.75
2026-01-07	27	1	2.59
2026-01-07	153	1	1.99
2026-01-07	185	1	1.99
2026-01-07	190	3	3.15
2026-01-07	100	0.387	2.69
2026-01-07	218	3	1.39
2026-01-07	55	1	2.99
2026-01-07	158	1	2.29
2026-01-07	197	0.947	2.25
2026-01-07	33	4.994	1.59
2026-01-07	18	7.756	1.35
2026-01-07	43	2.358	1.79
2026-01-07	194	2.087	2.75
2026-01-07	93	5	3
2026-01-07	219	1	0.99
2026-01-07	54	2	2.59
2026-01-07	4	3	1.05
2026-01-07	124	4.316	1.55
2026-01-07	94	4.551	2.85
2026-01-07	197	4.489	2.25
2026-01-07	224	1	0.99
2026-01-07	93	3	3
2026-01-07	8	1	2.25
2026-01-07	40	2	1.99
2026-01-07	72	6	0.95
2026-01-07	178	0.562	3.29
2026-01-07	11	1.205	3.95
2026-01-07	30	2	1.89
2026-01-07	195	3	2.25
2026-01-07	26	0.269	1.19
2026-01-07	70	2	1.49
2026-01-07	190	2	3.15
2026-01-07	213	2	2.85
2026-01-07	76	8	0.79
2026-01-07	81	4	1.25
2026-01-07	56	3	3.49
2026-01-07	41	5.189	1.85
2026-01-07	84	1	1.59
2026-01-07	190	1	3.15
2026-01-07	138	1.32	4.59
2026-01-07	42	5.892	1.39
2026-01-07	117	0.504	2.5
2026-01-07	124	3.813	1.55
2026-01-07	130	3	1.89
2026-01-07	77	1	2.35
2026-01-07	31	0.431	5.69
2026-01-07	193	2	2.5
2026-01-07	248	0.008	10.95
2026-01-07	70	1	1.49
2026-01-07	121	11.264	1.29
2026-01-07	167	1	1.59
2026-01-07	103	1.215	2.19
2026-01-07	162	1	1.19
2026-01-07	111	0.754	1.75
2026-01-07	97	0.229	1.75
2026-01-07	125	3	2.35
2026-01-07	87	3	1.39
2026-01-07	53	1	2.59
2026-01-07	27	1	2.59
2026-01-07	24	1.151	1.19
2026-01-07	38	2.952	1.89
2026-01-07	99	1.217	2.99
2026-01-07	211	2	1.15
2026-01-07	185	1	1.99
2026-01-07	142	0.331	6.95
2026-01-07	194	2.498	2.75
2026-01-07	165	1.178	5
2026-01-07	208	2	0.95
2026-01-07	140	0.422	12.95
2026-01-07	21	1	0.99
2026-01-07	114	3.056	4.5
2026-01-07	89	15.987	0.79
2026-01-07	214	1	2.79
2026-01-07	61	1	1.89
2026-01-07	194	2.524	2.75
2026-01-07	30	1	1.89
2026-01-07	185	1	1.99
2026-01-07	73	2	1.49
2026-01-07	56	1	3.49
2026-01-07	136	0.08	12.95
2026-01-07	61	1	1.89
2026-01-07	227	1	1.69
2026-01-07	66	1	1.59
2026-01-07	49	1	3
2026-01-07	196	1	3.15
2026-01-07	207	1	1.29
2026-01-07	89	9.975	0.79
2026-01-07	55	3	2.99
2026-01-07	38	1.55	1.89
2026-01-07	134	0.521	14.75
2026-01-07	76	8	0.79
2026-01-07	145	0.158	22.95
2026-01-07	88	1.639	2.19
2026-01-07	107	2.538	1.99
2026-01-07	71	1	1.99
2026-01-07	23	3	1.25
2026-01-07	111	1.726	1.75
2026-01-07	187	2.532	5.45
2026-01-07	165	1.14	5
2026-01-07	43	7.034	1.79
2026-01-07	28	2	2.85
2026-01-07	146	0.341	14.39
2026-01-07	149	0.347	4.99
2026-01-07	98	1.017	2.3
2026-01-07	12	2.92	2.25
2026-01-07	69	6	1.25
2026-01-07	146	0.316	14.39
2026-01-07	198	6.807	1.19
2026-01-07	199	1.333	2.19
2026-01-07	91	3.275	0.69
2026-01-07	78	7	1.09
2026-01-07	148	0.194	5.99
2026-01-07	127	2	2.49
2026-01-07	8	1	2.25
2026-01-07	59	0.088	4
2026-01-07	84	4	1.59
2026-01-07	112	1.876	2.59
2026-01-08	130	4	1.89
2026-01-08	250	0.28	2.39
2026-01-08	189	3	3.15
2026-01-08	125	1	2.35
2026-01-08	103	1.288	2.19
2026-01-08	124	3.206	1.55
2026-01-08	124	8.206	1.55
2026-01-08	40	2	1.99
2026-01-08	108	0.2	2.35
2026-01-08	68	1	1.99
2026-01-08	27	1	2.59
2026-01-08	98	1.074	2.3
2026-01-08	41	5.443	1.85
2026-01-08	201	0.713	1.95
2026-01-08	44	3.194	1.75
2026-01-08	52	5.364	0.99
2026-01-08	46	0.323	3
2026-01-08	190	1	3.15
2026-01-08	42	6.216	1.39
2026-01-08	84	2	1.59
2026-01-08	99	0.221	2.99
2026-01-08	81	4	1.25
2026-01-08	70	3	1.49
2026-01-08	96	1.072	2.5
2026-01-08	84	1	1.59
2026-01-08	48	1	1.99
2026-01-08	81	1	1.25
2026-01-08	106	0.683	1.99
2026-01-08	12	3.084	2.25
2026-01-08	85	1	1.49
2026-01-08	73	2	1.49
2026-01-08	114	1.391	4.5
2026-01-08	49	1	3
2026-01-08	18	9.63	1.35
2026-01-08	112	2.008	2.59
2026-01-08	154	1	1.99
2026-01-08	91	8.638	0.69
2026-01-08	33	2.736	1.59
2026-01-08	195	2	2.25
2026-01-08	193	4	2.5
2026-01-08	78	4	1.09
2026-01-08	49	1	3
2026-01-08	137	0.129	18.75
2026-01-08	55	1	2.99
2026-01-08	137	0.116	18.75
2026-01-08	31	0.453	5.69
2026-01-08	190	1	3.15
2026-01-08	53	1	2.59
2026-01-08	194	2.364	2.75
2026-01-08	106	5.05	1.99
2026-01-08	93	3	3
2026-01-08	48	1	1.99
2026-01-08	102	0.252	1.75
2026-01-08	178	0.593	3.29
2026-01-08	93	4	3
2026-01-08	94	3.218	2.85
2026-01-08	75	3	1.59
2026-01-08	125	2	2.35
2026-01-08	28	2	2.85
2026-01-08	57	2	1.35
2026-01-08	114	1.329	4.5
2026-01-08	26	0.277	1.19
2026-01-08	91	12.362	0.69
2026-01-08	95	4.799	2.39
2026-01-08	187	1.851	5.45
2026-01-08	162	1	1.19
2026-01-08	114	0.827	4.5
2026-01-08	165	1.074	5
2026-01-08	38	2.106	1.89
2026-01-08	77	1	2.35
2026-01-08	211	2	1.15
2026-01-08	197	1.636	2.25
2026-01-08	121	5.845	1.29
2026-01-08	59	0.093	4
2026-01-08	111	0.56	1.75
2026-01-08	50	1	3
2026-01-08	122	0.06	2.99
2026-01-08	30	1	1.89
2026-01-08	8	1	2.25
2026-01-08	66	3	1.59
2026-01-08	207	1	1.29
2026-01-08	28	1	2.85
2026-01-08	38	3.894	1.89
2026-01-08	11	2.42	3.95
2026-01-08	155	1	0.85
2026-01-08	76	12	0.79
2026-01-08	47	0.287	3
2026-01-08	197	1.587	2.25
2026-01-08	87	3	1.39
2026-01-08	43	3.223	1.79
2026-01-08	135	0.396	12.95
2026-01-08	213	2	2.85
2026-01-08	149	0.365	4.99
2026-01-08	113	0.021	4.25
2026-01-08	194	4.215	2.75
2026-01-08	146	0.25	14.39
2026-01-08	195	1	2.25
2026-01-08	55	3	2.99
2026-01-08	58	1.386	2.49
2026-01-08	165	1.372	5
2026-01-08	101	4.777	3
2026-01-08	121	7.605	1.29
2026-01-08	139	0.262	14.95
2026-01-08	69	6	1.25
2026-01-08	54	2	2.59
2026-01-08	79	2	1.55
2026-01-08	109	0.494	2.59
2026-01-08	214	1	2.79
2026-01-08	197	2.516	2.25
2026-01-08	21	1	0.99
2026-01-08	134	0.174	14.75
2026-01-08	107	2.663	1.99
2026-01-08	218	5	1.39
2026-01-08	166	2	2.45
2026-01-08	92	6.472	0.89
2026-01-08	56	1	3.49
2026-01-08	82	5	0.99
2026-01-08	196	2	3.15
2026-01-08	8	1	2.25
2026-01-08	121	5.55	1.29
2026-01-08	194	0.927	2.75
2026-01-08	65	2	1.45
2026-01-08	190	3	3.15
2026-01-08	208	4	0.95
2026-01-08	141	0.151	11.89
2026-01-08	52	14.141	0.99
2026-01-08	43	4.352	1.79
2026-01-08	136	0.248	12.95
2026-01-08	74	1	2.35
2026-01-08	24	1.21	1.19
2026-01-08	111	2.057	1.75
2026-01-08	89	11.456	0.79
2026-01-08	167	1	1.59
2026-01-08	209	1	1.19
2026-01-08	114	1.98	4.5
2026-01-08	23	3	1.25
2026-01-08	84	3	1.59
2026-01-08	211	1	1.15
2026-01-08	142	0.35	6.95
2026-01-08	146	0.662	14.39
2026-01-08	71	1	1.99
2026-01-08	226	2	1.35
2026-01-08	198	7.185	1.19
2026-01-08	121	7.519	1.29
2026-01-08	72	3	0.95
2026-01-08	144	0.349	5.39
2026-01-08	99	1.064	2.99
2026-01-08	196	1	3.15
2026-01-08	43	2.341	1.79
2026-01-08	93	3	3
2026-01-08	195	3	2.25
2026-01-08	134	0.376	14.75
2026-01-08	105	1.726	1.75
2026-01-08	78	3	1.09
2026-01-08	88	1.731	2.19
2026-01-08	219	2	0.99
2026-01-08	138	1.769	4.59
2026-01-08	148	0.204	5.99
2026-01-08	248	0.008	10.95
2026-01-08	61	1	1.89
2026-01-08	185	2	1.99
2026-01-08	75	1	1.59
2026-01-08	56	3	3.49
2026-01-08	140	0.445	12.95
2026-01-08	153	1	1.99
2026-01-08	61	1	1.89
2026-01-08	44	3.663	1.75
2026-01-08	4	2	1.05
2026-01-08	4	3	1.05
2026-01-08	117	0.532	2.5
2026-01-08	39	2.581	3.99
2026-01-08	114	1.189	4.5
2026-01-08	167	3	1.59
2026-01-08	185	1	1.99
2026-01-08	101	0.377	3
2026-01-08	190	1	3.15
2026-01-08	93	5	3
2026-01-08	79	2	1.55
2026-01-08	199	2.895	2.19
2026-01-08	54	1	2.59
2026-01-08	94	1.589	2.85
2026-01-08	35	1	1.35
2026-01-08	30	3	1.89
2026-01-08	97	0.24	1.75
2026-01-08	9	4	0.85
2026-01-08	16	1.36	1.25
2026-01-08	89	13.532	0.79
2026-01-08	118	0.165	4
2026-01-08	33	2.541	1.59
2026-01-08	224	1	0.99
2026-01-08	44	3.823	1.75
2026-01-08	187	0.822	5.45
2026-01-08	89	2.418	0.79
2026-01-08	190	2	3.15
2026-01-08	137	0.153	18.75
2026-01-08	100	0.409	2.69
2026-01-08	158	1	2.29
2026-01-08	28	3	2.85
2026-01-08	121	2.574	1.29
2026-01-08	127	4	2.49
2026-01-08	227	1	1.69
2026-01-08	83	2.598	2.39
2026-01-08	145	0.167	22.95
2026-01-09	108	0.247	2.35
2026-01-09	101	3.02	3
2026-01-09	56	1	3.49
2026-01-09	87	4	1.39
2026-01-09	39	2.123	3.99
2026-01-09	187	1.772	5.45
2026-01-09	250	0.339	2.39
2026-01-09	55	3	2.99
2026-01-09	38	4.36	1.89
2026-01-09	114	2.771	4.5
2026-01-09	214	1	2.79
2026-01-09	165	2.554	5
2026-01-09	46	0.39	3
2026-01-09	28	1	2.85
2026-01-09	194	1.793	2.75
2026-01-09	53	1	2.59
2026-01-09	49	1	3
2026-01-09	35	1	1.35
2026-01-09	93	3	3
2026-01-09	193	1	2.5
2026-01-09	111	3.166	1.75
2026-01-09	66	3	1.59
2026-01-09	81	1	1.25
2026-01-09	9	2	0.85
2026-01-09	101	1.407	3
2026-01-09	207	2	1.29
2026-01-09	89	4.532	0.79
2026-01-09	61	1	1.89
2026-01-09	124	5.252	1.55
2026-01-09	146	0.946	14.39
2026-01-09	121	10.535	1.29
2026-01-09	199	3.507	2.19
2026-01-09	219	2	0.99
2026-01-09	81	5	1.25
2026-01-09	185	1	1.99
2026-01-09	226	2	1.35
2026-01-09	130	3	1.89
2026-01-09	93	4	3
2026-01-09	44	2.154	1.75
2026-01-09	42	3	1.39
2026-01-09	39	0.677	3.99
2026-01-09	153	1	1.99
2026-01-09	58	1.679	2.49
2026-01-09	101	1.057	3
2026-01-09	89	5.392	0.79
2026-01-09	91	9.739	0.69
2026-01-09	103	1.557	2.19
2026-01-09	8	1	2.25
2026-01-09	74	1	2.35
2026-01-09	128	1	2.25
2026-01-09	193	2	2.5
2026-01-09	98	1.3	2.3
2026-01-09	57	2	1.35
2026-01-09	4	6	1.05
2026-01-09	194	2.007	2.75
2026-01-09	142	0.423	6.95
2026-01-09	42	4.525	1.39
2026-01-09	105	1.269	1.75
2026-01-09	76	15	0.79
2026-01-09	101	0.753	3
2026-01-09	94	1.614	2.85
2026-01-09	190	2	3.15
2026-01-09	166	5	2.45
2026-01-09	121	8.217	1.29
2026-01-09	95	3.833	2.39
2026-01-09	141	0.183	11.89
2026-01-09	18	3	1.35
2026-01-09	94	3.186	2.85
2026-01-09	71	1	1.99
2026-01-09	154	1	1.99
2026-01-09	31	0.548	5.69
2026-01-09	178	0.72	3.29
2026-01-09	89	6.43	0.79
2026-01-09	41	1.935	1.85
2026-01-09	114	0.462	4.5
2026-01-09	190	3	3.15
2026-01-09	44	1.937	1.75
2026-01-09	44	0.811	1.75
2026-01-09	78	9	1.09
2026-01-09	248	0.01	10.95
2026-01-09	94	1.018	2.85
2026-01-09	213	2	2.85
2026-01-09	189	1	3.15
2026-01-09	47	0.35	3
2026-01-09	149	0.441	4.99
2026-01-09	216	1	2.79
2026-01-09	39	0.326	3.99
2026-01-09	12	2.373	2.25
2026-01-09	166	1	2.45
2026-01-09	138	2.139	4.59
2026-01-09	134	0.24	14.75
2026-01-09	52	7	0.99
2026-01-09	38	2.91	1.89
2026-01-09	12	1.36	2.25
2026-01-09	18	3.2	1.35
2026-01-09	195	4	2.25
2026-01-09	121	1.674	1.29
2026-01-09	40	2	1.99
2026-01-09	33	1.484	1.59
2026-01-09	187	1.112	5.45
2026-01-09	102	0.303	1.75
2026-01-09	73	3	1.49
2026-01-09	193	1	2.5
2026-01-09	197	3.538	2.25
2026-01-09	187	0.352	5.45
2026-01-09	55	1	2.99
2026-01-09	194	1.858	2.75
2026-01-09	137	0.089	18.75
2026-01-09	84	7	1.59
2026-01-09	89	11.646	0.79
2026-01-09	118	0.198	4
2026-01-09	82	4	0.99
2026-01-09	50	1	3
2026-01-09	59	0.113	4
2026-01-09	167	4	1.59
2026-01-09	158	1	2.29
2026-01-09	198	5.513	1.19
2026-01-09	69	7	1.25
2026-01-09	227	1	1.69
2026-01-09	195	1	2.25
2026-01-09	53	1	2.59
2026-01-09	52	2.535	0.99
2026-01-09	146	0.158	14.39
2026-01-09	76	1	0.79
2026-01-09	121	1.977	1.29
2026-01-09	44	4.411	1.75
2026-01-09	167	1	1.59
2026-01-09	112	2.429	2.59
2026-01-09	40	1	1.99
2026-01-09	91	15.681	0.69
2026-01-09	211	3	1.15
2026-01-09	125	2	2.35
2026-01-09	165	0.408	5
2026-01-09	93	5	3
2026-01-09	218	2	1.39
2026-01-09	16	1.64	1.25
2026-01-09	24	1.471	1.19
2026-01-09	114	1.504	4.5
2026-01-09	197	0.502	2.25
2026-01-09	122	0.07	2.99
2026-01-09	28	3	2.85
2026-01-09	109	0.598	2.59
2026-01-09	11	2.734	3.95
2026-01-09	48	1	1.99
2026-01-09	124	2.794	1.55
2026-01-09	82	1	0.99
2026-01-09	218	4	1.39
2026-01-09	52	9.061	0.99
2026-01-09	70	1	1.49
2026-01-09	89	4.671	0.79
2026-01-09	162	1	1.19
2026-01-09	56	1	3.49
2026-01-09	65	2	1.45
2026-01-09	224	1	0.99
2026-01-09	79	5	1.55
2026-01-09	194	2.051	2.75
2026-01-09	83	0.958	2.39
2026-01-09	214	1	2.79
2026-01-09	70	2	1.49
2026-01-09	11	0.195	3.95
2026-01-09	135	0.48	12.95
2026-01-09	130	1	1.89
2026-01-09	134	0.425	14.75
2026-01-09	117	0.644	2.5
2026-01-09	197	2.902	2.25
2026-01-09	68	1	1.99
2026-01-09	155	3	0.85
2026-01-09	83	2.188	2.39
2026-01-09	88	2.096	2.19
2026-01-09	43	2.039	1.79
2026-01-09	196	1	3.15
2026-01-09	127	2	2.49
2026-01-09	139	0.317	14.95
2026-01-09	209	1	1.19
2026-01-09	140	0.539	12.95
2026-01-09	213	1	2.85
2026-01-09	93	5	3
2026-01-09	28	1	2.85
2026-01-09	130	1	1.89
2026-01-09	44	3.611	1.75
2026-01-09	27	1	2.59
2026-01-09	100	0.494	2.69
2026-01-09	85	1	1.49
2026-01-09	41	4.697	1.85
2026-01-09	21	1	0.99
2026-01-09	92	7.843	0.89
2026-01-09	145	0.202	22.95
2026-01-09	43	2.101	1.79
2026-01-09	95	1.979	2.39
2026-01-09	193	1	2.5
2026-01-09	127	3	2.49
2026-01-09	144	0.421	5.39
2026-01-09	99	1.555	2.99
2026-01-09	96	1.296	2.5
2026-01-09	18	5.459	1.35
2026-01-09	72	4	0.95
2026-01-09	208	3	0.95
2026-01-09	97	0.291	1.75
2026-01-09	137	0.393	18.75
2026-01-09	198	3.193	1.19
2026-01-09	75	4	1.59
2026-01-09	190	4	3.15
2026-01-09	30	4	1.89
2026-01-09	54	1	2.59
2026-01-09	85	1	1.49
2026-01-09	107	3.241	1.99
2026-01-09	26	0.336	1.19
2026-01-09	121	4.271	1.29
2026-01-09	93	1	3
2026-01-09	113	0.026	4.25
2026-01-09	148	0.247	5.99
2026-01-09	114	2.538	4.5
2026-01-09	201	0.862	1.95
2026-01-09	105	0.817	1.75
2026-01-09	136	0.3	12.95
2026-01-09	194	1.375	2.75
2026-01-09	23	4	1.25
2026-01-09	52	5.545	0.99
2026-01-09	33	4.893	1.59
2026-01-09	77	1	2.35
2026-01-09	17	1	1.69
2026-01-09	121	2.612	1.29
2026-01-09	121	5.938	1.29
2026-01-09	43	7.793	1.79
2026-01-09	124	5.774	1.55
2026-01-09	106	6.94	1.99
2026-01-09	114	0.851	4.5
2026-01-09	125	2	2.35
2026-01-09	195	2	2.25
2026-01-09	76	3	0.79
2026-01-10	218	2	1.39
2026-01-10	94	2.87	2.85
2026-01-10	193	1	2.5
2026-01-10	98	1.53	2.3
2026-01-10	114	0.758	4.5
2026-01-10	140	0.266	12.95
2026-01-10	149	0.519	4.99
2026-01-10	124	2.426	1.55
2026-01-10	138	1.113	4.59
2026-01-10	38	3.36	1.89
2026-01-10	103	0.95	2.19
2026-01-10	114	2.609	4.5
2026-01-10	41	2.314	1.85
2026-01-10	9	5	0.85
2026-01-10	31	0.643	5.69
2026-01-10	124	8.981	1.55
2026-01-10	95	3.816	2.39
2026-01-10	11	1.635	3.95
2026-01-10	134	0.142	14.75
2026-01-10	111	2.411	1.75
2026-01-10	43	3.106	1.79
2026-01-10	197	4.796	2.25
2026-01-10	213	1	2.85
2026-01-10	91	10.043	0.69
2026-01-10	11	1.803	3.95
2026-01-10	73	3	1.49
2026-01-10	84	2	1.59
2026-01-10	201	1.015	1.95
2026-01-10	89	4.43	0.79
2026-01-10	136	0.351	12.95
2026-01-10	187	1.791	5.45
2026-01-10	48	1	1.99
2026-01-10	18	8.933	1.35
2026-01-10	190	1	3.15
2026-01-10	101	0.923	3
2026-01-10	207	2	1.29
2026-01-10	61	1	1.89
2026-01-10	216	1	2.79
2026-01-10	140	0.366	12.95
2026-01-10	76	3	0.79
2026-01-10	117	0.756	2.5
2026-01-10	178	0.845	3.29
2026-01-10	27	1	2.59
2026-01-10	54	1	2.59
2026-01-10	248	0.012	10.95
2026-01-10	134	0.14	14.75
2026-01-10	105	2.446	1.75
2026-01-10	106	4.206	1.99
2026-01-10	83	3.69	2.39
2026-01-10	107	3.312	1.99
2026-01-10	112	2.216	2.59
2026-01-10	107	0.492	1.99
2026-01-10	128	1	2.25
2026-01-10	52	14.596	0.99
2026-01-10	78	3	1.09
2026-01-10	68	1	1.99
2026-01-10	93	1	3
2026-01-10	16	1.928	1.25
2026-01-10	211	2	1.15
2026-01-10	39	1.952	3.99
2026-01-10	138	1.401	4.59
2026-01-10	196	3	3.15
2026-01-10	94	1.228	2.85
2026-01-10	196	1	3.15
2026-01-10	43	2.179	1.79
2026-01-10	209	1	1.19
2026-01-10	227	1	1.69
2026-01-10	208	2	0.95
2026-01-10	195	1	2.25
2026-01-10	121	6.465	1.29
2026-01-10	87	4	1.39
2026-01-10	66	3	1.59
2026-01-10	218	5	1.39
2026-01-10	53	1	2.59
2026-01-10	197	0.578	2.25
2026-01-10	165	0.976	5
2026-01-10	195	2	2.25
2026-01-10	58	1.968	2.49
2026-01-10	145	0.077	22.95
2026-01-10	194	1.367	2.75
2026-01-10	216	1	2.79
2026-01-10	91	2.942	0.69
2026-01-10	54	1	2.59
2026-01-10	28	5	2.85
2026-01-10	77	1	2.35
2026-01-10	167	2	1.59
2026-01-10	28	3	2.85
2026-01-10	101	2.147	3
2026-01-10	185	1	1.99
2026-01-10	144	0.495	5.39
2026-01-10	127	2	2.49
2026-01-10	190	3	3.15
2026-01-10	40	1	1.99
2026-01-10	250	0.397	2.39
2026-01-10	135	0.563	12.95
2026-01-10	38	1.899	1.89
2026-01-10	100	0.58	2.69
2026-01-10	146	0.495	14.39
2026-01-10	42	0.77	1.39
2026-01-10	41	4.351	1.85
2026-01-10	30	4	1.89
2026-01-10	99	1.278	2.99
2026-01-10	12	0.964	2.25
2026-01-10	23	4	1.25
2026-01-10	59	0.13	4
2026-01-10	49	1	3
2026-01-10	190	1	3.15
2026-01-10	56	1	3.49
2026-01-10	101	0.227	3
2026-01-10	35	2	1.35
2026-01-10	187	0.822	5.45
2026-01-10	8	1	2.25
2026-01-10	121	1.736	1.29
2026-01-10	127	4	2.49
2026-01-10	124	4.813	1.55
2026-01-10	82	7	0.99
2026-01-10	68	1	1.99
2026-01-10	69	1	1.25
2026-01-10	33	7.491	1.59
2026-01-10	84	3	1.59
2026-01-10	55	2	2.99
2026-01-10	27	1	2.59
2026-01-10	142	0.496	6.95
2026-01-10	189	1	3.15
2026-01-10	69	2	1.25
2026-01-10	189	1	3.15
2026-01-10	209	1	1.19
2026-01-10	121	4.364	1.29
2026-01-10	146	0.801	14.39
2026-01-10	84	3	1.59
2026-01-10	12	1.307	2.25
2026-01-10	93	4	3
2026-01-10	194	5.349	2.75
2026-01-10	26	0.395	1.19
2026-01-10	52	8.97	0.99
2026-01-10	47	0.41	3
2026-01-10	79	6	1.55
2026-01-10	72	5	0.95
2026-01-10	93	5	3
2026-01-10	196	1	3.15
2026-01-10	75	4	1.59
2026-01-10	44	8.343	1.75
2026-01-10	92	3.348	0.89
2026-01-10	46	0.457	3
2026-01-10	102	0.36	1.75
2026-01-10	77	1	2.35
2026-01-10	224	1	0.99
2026-01-10	121	10.419	1.29
2026-01-10	89	3.747	0.79
2026-01-10	198	9.756	1.19
2026-01-10	122	0.084	2.99
2026-01-10	93	5	3
2026-01-10	94	2.214	2.85
2026-01-10	158	1	2.29
2026-01-10	71	1	1.99
2026-01-10	166	2	2.45
2026-01-10	199	0.256	2.19
2026-01-10	194	3.949	2.75
2026-01-10	78	2	1.09
2026-01-10	50	1	3
2026-01-10	93	2	3
2026-01-10	154	1	1.99
2026-01-10	162	1	1.19
2026-01-10	12	2.018	2.25
2026-01-10	88	2.461	2.19
2026-01-10	153	1	1.99
2026-01-10	99	0.548	2.99
2026-01-10	211	2	1.15
2026-01-10	199	1.068	2.19
2026-01-10	121	4.256	1.29
2026-01-10	214	1	2.79
2026-01-10	38	3.275	1.89
2026-01-10	56	1	3.49
2026-01-10	103	0.872	2.19
2026-01-10	227	1	1.69
2026-01-10	145	0.16	22.95
2026-01-10	41	1.119	1.85
2026-01-10	190	4	3.15
2026-01-10	69	1	1.25
2026-01-10	121	1.837	1.29
2026-01-10	57	2	1.35
2026-01-10	24	1.723	1.19
2026-01-10	97	0.343	1.75
2026-01-10	91	5.043	0.69
2026-01-10	130	1	1.89
2026-01-10	18	4.756	1.35
2026-01-10	65	1	1.45
2026-01-10	21	1	0.99
2026-01-10	197	2.778	2.25
2026-01-10	106	3.94	1.99
2026-01-10	111	1.303	1.75
2026-01-10	55	2	2.99
2026-01-10	70	4	1.49
2026-01-10	165	2.5	5
2026-01-10	148	0.29	5.99
2026-01-10	54	2	2.59
2026-01-10	69	5	1.25
2026-01-10	52	4.768	0.99
2026-01-10	114	2.236	4.5
2026-01-10	44	6.84	1.75
2026-01-10	96	1.52	2.5
2026-01-10	4	7	1.05
2026-01-10	85	1	1.49
2026-01-10	121	7.295	1.29
2026-01-10	108	0.289	2.35
2026-01-10	113	0.031	4.25
2026-01-10	187	1.185	5.45
2026-01-10	198	0.462	1.19
2026-01-10	78	4	1.09
2026-01-10	78	1	1.09
2026-01-10	101	4.027	3
2026-01-10	114	1.547	4.5
2026-01-10	199	2.79	2.19
2026-01-10	65	2	1.45
2026-01-10	81	6	1.25
2026-01-10	118	0.233	4
2026-01-10	208	2	0.95
2026-01-10	91	11.812	0.69
2026-01-10	76	18	0.79
2026-01-10	89	7.62	0.79
2026-01-10	112	0.637	2.59
2026-01-10	166	5	2.45
2026-01-10	95	3.008	2.39
2026-01-10	39	1.075	3.99
2026-01-10	43	6.654	1.79
2026-01-10	139	0.372	14.95
2026-01-10	42	8.065	1.39
2026-01-10	226	1	1.35
2026-01-10	55	1	2.99
2026-01-10	93	4	3
2026-01-10	141	0.215	11.89
2026-01-10	39	0.642	3.99
2026-01-10	125	2	2.35
2026-01-10	109	0.703	2.59
2026-01-10	89	8.203	0.79
2026-01-10	74	1	2.35
2026-01-10	158	1	2.29
2026-01-10	71	1	1.99
2026-01-10	137	0.565	18.75
2026-01-10	89	11.177	0.79
2026-01-10	50	1	3
2026-01-10	167	3	1.59
2026-01-10	114	2.391	4.5
2026-01-10	155	1	0.85
2026-01-10	219	4	0.99
2026-01-10	49	1	3
2026-01-10	193	5	2.5
2026-01-10	92	5.753	0.89
2026-01-10	94	0.512	2.85
2026-01-10	43	2.151	1.79
2026-01-10	17	1	1.69
2026-01-10	89	3.747	0.79
2026-01-10	190	2	3.15
2026-01-10	185	1	1.99
2026-01-10	121	4.977	1.29
2026-01-10	134	0.5	14.75
2026-01-12	42	0.669	1.39
2026-01-12	93	2	3
2026-01-12	35	1	1.35
2026-01-12	201	0.6	1.95
2026-01-12	196	3	3.15
2026-01-12	194	3.811	2.75
2026-01-12	187	0.771	5.45
2026-01-12	178	0.502	3.29
2026-01-12	114	2.322	4.5
2026-01-12	30	3	1.89
2026-01-12	54	1	2.59
2026-01-12	226	1	1.35
2026-01-12	136	0.209	12.95
2026-01-12	28	2	2.85
2026-01-12	199	2.438	2.19
2026-01-12	68	1	1.99
2026-01-12	76	11	0.79
2026-01-12	41	4.611	1.85
2026-01-12	33	1.698	1.59
2026-01-12	109	0.417	2.59
2026-01-12	93	3	3
2026-01-12	187	0.413	5.45
2026-01-12	83	0.322	2.39
2026-01-12	100	0.346	2.69
2026-01-12	91	3.768	0.69
2026-01-12	193	1	2.5
2026-01-12	158	1	2.29
2026-01-12	211	2	1.15
2026-01-12	113	0.019	4.25
2026-01-12	71	1	1.99
2026-01-12	46	0.27	3
2026-01-12	61	1	1.89
2026-01-12	23	1	1.25
2026-01-12	155	1	0.85
2026-01-12	194	0.262	2.75
2026-01-12	214	1	2.79
2026-01-12	78	2	1.09
2026-01-12	77	1	2.35
2026-01-12	42	4.568	1.39
2026-01-12	59	0.078	4
2026-01-12	93	1	3
2026-01-12	121	9.543	1.29
2026-01-12	139	0.22	14.95
2026-01-12	56	1	3.49
2026-01-12	140	0.209	12.95
2026-01-12	78	4	1.09
2026-01-12	128	1	2.25
2026-01-12	54	1	2.59
2026-01-12	66	2	1.59
2026-01-12	118	0.138	4
2026-01-12	38	1.476	1.89
2026-01-12	125	3	2.35
2026-01-12	114	2.282	4.5
2026-01-12	89	13.43	0.79
2026-01-12	189	1	3.15
2026-01-12	209	1	1.19
2026-01-12	92	3.685	0.89
2026-01-12	158	1	2.29
2026-01-12	94	1.818	2.85
2026-01-12	101	3.21	3
2026-01-12	95	1.469	2.39
2026-01-12	39	2.175	3.99
2026-01-12	58	1.169	2.49
2026-01-12	190	1	3.15
2026-01-12	98	0.904	2.3
2026-01-12	218	4	1.39
2026-01-12	18	2.326	1.35
2026-01-12	87	3	1.39
2026-01-12	99	1.08	2.99
2026-01-12	213	2	2.85
2026-01-12	107	2.256	1.99
2026-01-12	93	2	3
2026-01-12	127	3	2.49
2026-01-12	97	0.206	1.75
2026-01-12	73	2	1.49
2026-01-12	190	4	3.15
2026-01-12	226	1	1.35
2026-01-12	28	2	2.85
2026-01-12	167	2	1.59
2026-01-12	50	1	3
2026-01-12	166	4	2.45
2026-01-12	197	1.209	2.25
2026-01-12	117	0.448	2.5
2026-01-12	198	6.05	1.19
2026-01-12	189	2	3.15
2026-01-12	101	1.13	3
2026-01-12	84	5	1.59
2026-01-12	48	1	1.99
2026-01-12	165	0.586	5
2026-01-12	130	2	1.89
2026-01-12	124	6.819	1.55
2026-01-12	65	2	1.45
2026-01-12	8	1	2.25
2026-01-12	216	1	2.79
2026-01-12	75	3	1.59
2026-01-12	43	4.302	1.79
2026-01-12	114	1.049	4.5
2026-01-12	102	0.212	1.75
2026-01-12	187	0.872	5.45
2026-01-12	208	2	0.95
2026-01-12	31	0.381	5.69
2026-01-12	33	2.742	1.59
2026-01-12	71	1	1.99
2026-01-12	74	1	2.35
2026-01-12	153	1	1.99
2026-01-12	44	1.2	1.75
2026-01-12	24	1.025	1.19
2026-01-12	162	1	1.19
2026-01-12	85	1	1.49
2026-01-12	121	2.14	1.29
2026-01-12	185	2	1.99
2026-01-12	219	2	0.99
2026-01-12	122	0.05	2.99
2026-01-12	55	2	2.99
2026-01-12	70	2	1.49
2026-01-12	195	1	2.25
2026-01-12	77	1	2.35
2026-01-12	40	2	1.99
2026-01-12	103	1.082	2.19
2026-01-12	124	2.794	1.55
2026-01-12	142	0.294	6.95
2026-01-12	89	9.646	0.79
2026-01-12	9	1	0.85
2026-01-12	134	0.463	14.75
2026-01-12	82	4	0.99
2026-01-12	190	1	3.15
2026-01-12	194	2.247	2.75
2026-01-12	92	1.764	0.89
2026-01-12	16	1.144	1.25
2026-01-12	195	2	2.25
2026-01-12	27	1	2.59
2026-01-12	94	2.228	2.85
2026-01-12	146	0.176	14.39
2026-01-12	57	1	1.35
2026-01-12	21	1	0.99
2026-01-12	167	1	1.59
2026-01-12	18	5.785	1.35
2026-01-12	95	2.577	2.39
2026-01-12	165	1.474	5
2026-01-12	69	5	1.25
2026-01-12	193	2	2.5
2026-01-12	105	1.451	1.75
2026-01-12	224	1	0.99
2026-01-12	44	3.857	1.75
2026-01-12	209	1	1.19
2026-01-12	127	1	2.49
2026-01-12	81	4	1.25
2026-01-12	149	0.307	4.99
2026-01-12	130	1	1.89
2026-01-12	207	1	1.29
2026-01-12	79	4	1.55
2026-01-12	72	4	0.95
2026-01-12	48	1	1.99
2026-01-12	27	1	2.59
2026-01-12	106	4.829	1.99
2026-01-12	38	3.582	1.89
2026-01-12	248	0.007	10.95
2026-01-12	197	3.622	2.25
2026-01-12	28	1	2.85
2026-01-12	111	1.589	1.75
2026-01-12	111	0.611	1.75
2026-01-12	137	0.108	18.75
2026-01-12	44	3.937	1.75
2026-01-12	12	2.596	2.25
2026-01-12	154	1	1.99
2026-01-12	91	13.913	0.69
2026-01-12	88	1.461	2.19
2026-01-12	26	0.235	1.19
2026-01-12	145	0.141	22.95
2026-01-12	144	0.293	5.39
2026-01-12	121	6.349	1.29
2026-01-12	250	0.234	2.39
2026-01-12	11	2.02	3.95
2026-01-12	53	1	2.59
2026-01-12	135	0.334	12.95
2026-01-12	148	0.172	5.99
2026-01-12	47	0.243	3
2026-01-12	187	0.194	5.45
2026-01-12	52	2.747	0.99
2026-01-12	56	2	3.49
2026-01-12	96	0.9	2.5
2026-01-12	4	4	1.05
2026-01-12	17	1	1.69
2026-01-12	193	1	2.5
2026-01-12	108	0.17	2.35
2026-01-12	137	0.227	18.75
2026-01-12	146	0.593	14.39
2026-01-12	49	1	3
2026-01-12	138	1.49	4.59
2026-01-12	83	1.862	2.39
2026-01-12	141	0.128	11.89
2026-01-12	23	2	1.25
2026-01-12	195	1	2.25
2026-01-12	195	1	2.25
2026-01-12	55	1	2.99
2026-01-12	140	0.165	12.95
2026-01-12	227	1	1.69
2026-01-12	93	5	3
2026-01-12	121	6.473	1.29
2026-01-12	112	1.691	2.59
2026-01-12	43	4.05	1.79
2026-01-12	52	14.04	0.99
2026-01-13	124	1.652	1.55
2026-01-13	27	1	2.59
2026-01-13	158	1	2.29
2026-01-13	219	1	0.99
2026-01-13	196	1	3.15
2026-01-13	38	5.37	1.89
2026-01-13	178	0.532	3.29
2026-01-13	11	0.165	3.95
2026-01-13	69	5	1.25
2026-01-13	185	2	1.99
2026-01-13	187	1.855	5.45
2026-01-13	165	0.182	5
2026-01-13	198	6.429	1.19
2026-01-13	4	4	1.05
2026-01-13	79	4	1.55
2026-01-13	23	3	1.25
2026-01-13	44	4.4	1.75
2026-01-13	112	1.795	2.59
2026-01-13	43	3.497	1.79
2026-01-13	248	0.007	10.95
2026-01-13	93	4	3
2026-01-13	226	2	1.35
2026-01-13	73	2	1.49
2026-01-13	56	3	3.49
2026-01-13	82	5	0.99
2026-01-13	50	1	3
2026-01-13	135	0.354	12.95
2026-01-13	28	4	2.85
2026-01-13	102	0.225	1.75
2026-01-13	127	1	2.49
2026-01-13	92	5.787	0.89
2026-01-13	49	1	3
2026-01-13	216	1	2.79
2026-01-13	211	2	1.15
2026-01-13	121	4.085	1.29
2026-01-13	83	2.326	2.39
2026-01-13	26	0.252	1.19
2026-01-13	54	2	2.59
2026-01-13	201	0.641	1.95
2026-01-13	89	5.241	0.79
2026-01-13	39	0.444	3.99
2026-01-13	140	0.398	12.95
2026-01-13	87	3	1.39
2026-01-13	52	9.04	0.99
2026-01-13	42	1.827	1.39
2026-01-13	199	2.589	2.19
2026-01-13	94	2.467	2.85
2026-01-13	55	1	2.99
2026-01-13	33	4.717	1.59
2026-01-13	194	1.571	2.75
2026-01-13	75	3	1.59
2026-01-13	121	5.093	1.29
2026-01-13	190	1	3.15
2026-01-13	195	2	2.25
2026-01-13	70	2	1.49
2026-01-13	117	0.476	2.5
2026-01-13	208	2	0.95
2026-01-13	96	0.96	2.5
2026-01-13	81	4	1.25
2026-01-13	155	1	0.85
2026-01-13	122	0.054	2.99
2026-01-13	27	1	2.59
2026-01-13	72	4	0.95
2026-01-13	218	4	1.39
2026-01-13	121	5.271	1.29
2026-01-13	145	0.149	22.95
2026-01-13	158	1	2.29
2026-01-13	66	2	1.59
2026-01-13	40	2	1.99
2026-01-13	43	5.374	1.79
2026-01-13	94	0.814	2.85
2026-01-13	30	3	1.89
2026-01-13	111	2.337	1.75
2026-01-13	207	1	1.29
2026-01-13	141	0.135	11.89
2026-01-13	194	5.142	2.75
2026-01-13	197	4.951	2.25
2026-01-13	125	2	2.35
2026-01-13	24	1.084	1.19
2026-01-13	93	1	3
2026-01-13	9	1	0.85
2026-01-13	152	1	1.75
2026-01-13	99	1.151	2.99
2026-01-13	190	2	3.15
2026-01-13	47	0.257	3
2026-01-13	55	2	2.99
2026-01-13	21	1	0.99
2026-01-13	108	0.183	2.35
2026-01-13	138	1.582	4.59
2026-01-13	59	0.083	4
2026-01-13	130	3	1.89
2026-01-13	52	6.242	0.99
2026-01-13	224	1	0.99
2026-01-13	93	3	3
2026-01-13	103	1.146	2.19
2026-01-13	215	1	2.79
2026-01-13	121	1.016	1.29
2026-01-13	93	1	3
2026-01-13	94	1.018	2.85
2026-01-13	12	2.76	2.25
2026-01-13	165	2.006	5
2026-01-13	189	2	3.15
2026-01-13	193	3	2.5
2026-01-13	46	0.29	3
2026-01-13	48	1	1.99
2026-01-13	166	4	2.45
2026-01-13	114	0.78	4.5
2026-01-13	114	0.836	4.5
2026-01-13	48	1	1.99
2026-01-13	104	0.13	2.15
2026-01-13	57	1	1.35
2026-01-13	89	11.038	0.79
2026-01-13	78	6	1.09
2026-01-13	77	1	2.35
2026-01-13	127	1	2.49
2026-01-13	146	0.542	14.39
2026-01-13	84	5	1.59
2026-01-13	93	2	3
2026-01-13	16	1.216	1.25
2026-01-13	153	1	1.99
2026-01-13	162	1	1.19
2026-01-13	95	2.523	2.39
2026-01-13	187	0.538	5.45
2026-01-13	100	0.364	2.69
2026-01-13	148	0.182	5.99
2026-01-13	93	1	3
2026-01-13	95	0.339	2.39
2026-01-13	213	2	2.85
2026-01-13	207	1	1.29
2026-01-13	76	16	0.79
2026-01-13	127	2	2.49
2026-01-13	154	1	1.99
2026-01-13	107	2.397	1.99
2026-01-13	128	1	2.25
2026-01-13	71	1	1.99
2026-01-13	114	1.658	4.5
2026-01-13	91	4.913	0.69
2026-01-13	57	1	1.35
2026-01-13	44	1.343	1.75
2026-01-13	91	5.174	0.69
2026-01-13	61	1	1.89
2026-01-13	17	1	1.69
2026-01-13	71	1	1.99
2026-01-13	85	1	1.49
2026-01-13	227	1	1.69
2026-01-13	250	0.251	2.39
2026-01-13	89	8.228	0.79
2026-01-13	136	0.222	12.95
2026-01-13	124	8.561	1.55
2026-01-13	39	1.867	3.99
2026-01-13	93	2	3
2026-01-13	121	5.837	1.29
2026-01-13	91	8.696	0.69
2026-01-13	42	3.734	1.39
2026-01-13	97	0.217	1.75
2026-01-13	218	1	1.39
2026-01-13	53	1	2.59
2026-01-13	95	1.435	2.39
2026-01-13	88	1.553	2.19
2026-01-13	209	1	1.19
2026-01-13	98	0.961	2.3
2026-01-13	28	1	2.85
2026-01-13	109	0.444	2.59
2026-01-13	44	3.811	1.75
2026-01-13	35	1	1.35
2026-01-13	118	0.148	4
2026-01-13	149	0.327	4.99
2026-01-13	3	1	1.45
2026-01-13	214	1	2.79
2026-01-13	142	0.312	6.95
2026-01-13	167	3	1.59
2026-01-13	52	2.556	0.99
2026-01-13	146	0.274	14.39
2026-01-13	189	1	3.15
2026-01-13	114	2.733	4.5
2026-01-13	65	2	1.45
2026-01-13	193	1	2.5
2026-01-13	195	3	2.25
2026-01-13	139	0.234	14.95
2026-01-13	74	1	2.35
2026-01-13	68	1	1.99
2026-01-13	101	0.51	3
2026-01-13	144	0.312	5.39
2026-01-13	41	4.903	1.85
2026-01-13	58	1.241	2.49
2026-01-13	8	1	2.25
2026-01-13	106	5.126	1.99
2026-01-13	11	2	3.95
2026-01-13	113	0.021	4.25
2026-01-13	101	4.1	3
2026-01-13	125	1	2.35
2026-01-13	196	2	3.15
2026-01-13	105	1.543	1.75
2026-01-13	134	0.492	14.75
2026-01-13	190	4	3.15
2026-01-13	18	8.615	1.35
2026-01-13	121	4.729	1.29
2026-01-13	137	0.356	18.75
2026-01-13	31	0.404	5.69
2026-01-14	18	8.289	1.35
2026-01-14	48	1	1.99
2026-01-14	187	0.774	5.45
2026-01-14	127	1	2.49
2026-01-14	70	1	1.49
2026-01-14	226	2	1.35
2026-01-14	130	2	1.89
2026-01-14	82	3	0.99
2026-01-14	111	2.48	1.75
2026-01-14	218	5	1.39
2026-01-14	21	1	0.99
2026-01-14	138	1.675	4.59
2026-01-14	69	2	1.25
2026-01-14	215	1	2.79
2026-01-14	209	2	1.19
2026-01-14	195	4	2.25
2026-01-14	33	2.44	1.59
2026-01-14	140	0.422	12.95
2026-01-14	94	2.165	2.85
2026-01-14	162	1	1.19
2026-01-14	77	2	2.35
2026-01-14	99	1.217	2.99
2026-01-14	165	2.318	5
2026-01-14	56	1	3.49
2026-01-14	93	2	3
2026-01-14	12	0.253	2.25
2026-01-14	130	1	1.89
2026-01-14	190	1	3.15
2026-01-14	197	2.516	2.25
2026-01-14	61	1	1.89
2026-01-14	214	1	2.79
2026-01-14	144	0.33	5.39
2026-01-14	89	11.316	0.79
2026-01-14	89	7.582	0.79
2026-01-14	101	1.207	3
2026-01-14	78	5	1.09
2026-01-14	250	0.264	2.39
2026-01-14	216	1	2.79
2026-01-14	28	1	2.85
2026-01-14	52	12.03	0.99
2026-01-14	4	1	1.05
2026-01-14	125	2	2.35
2026-01-14	27	1	2.59
2026-01-14	227	1	1.69
2026-01-14	43	2.095	1.79
2026-01-14	198	6.328	1.19
2026-01-14	49	1	3
2026-01-14	199	0.963	2.19
2026-01-14	232	1	1.49
2026-01-14	23	3	1.25
2026-01-14	136	0.235	12.95
2026-01-14	9	2	0.85
2026-01-14	185	1	1.99
2026-01-14	208	3	0.95
2026-01-14	75	3	1.59
2026-01-14	30	3	1.89
2026-01-14	211	2	1.15
2026-01-14	88	1.333	2.19
2026-01-14	121	1.69	1.29
2026-01-14	92	6.135	0.89
2026-01-14	65	2	1.45
2026-01-14	121	2.008	1.29
2026-01-14	40	2	1.99
2026-01-14	121	4.535	1.29
2026-01-14	44	6.143	1.75
2026-01-14	124	4.394	1.55
2026-01-14	72	4	0.95
2026-01-14	137	0.199	18.75
2026-01-14	107	1.462	1.99
2026-01-14	8	1	2.25
2026-01-14	152	1	1.75
2026-01-14	84	5	1.59
2026-01-14	105	1.634	1.75
2026-01-14	54	2	2.59
2026-01-14	16	1.288	1.25
2026-01-14	148	0.194	5.99
2026-01-14	108	0.191	2.35
2026-01-14	48	1	1.99
2026-01-14	59	0.088	4
2026-01-14	114	1.731	4.5
2026-01-14	124	6.426	1.55
2026-01-14	127	2	2.49
2026-01-14	68	1	1.99
2026-01-14	24	1.151	1.19
2026-01-14	134	0.521	14.75
2026-01-14	98	1.017	2.3
2026-01-14	109	0.467	2.59
2026-01-14	81	4	1.25
2026-01-14	55	1	2.99
2026-01-14	114	0.54	4.5
2026-01-14	187	0.483	5.45
2026-01-14	55	1	2.99
2026-01-14	87	3	1.39
2026-01-14	55	2	2.99
2026-01-14	93	2	3
2026-01-14	248	0.008	10.95
2026-01-14	28	3	2.85
2026-01-14	112	1.61	2.59
2026-01-14	56	3	3.49
2026-01-14	195	1	2.25
2026-01-14	93	1	3
2026-01-14	57	2	1.35
2026-01-14	122	0.057	2.99
2026-01-14	39	1.627	3.99
2026-01-14	187	1.273	5.45
2026-01-14	112	0.293	2.59
2026-01-14	185	1	1.99
2026-01-14	207	1	1.29
2026-01-14	190	1	3.15
2026-01-14	146	0.864	14.39
2026-01-14	121	7.434	1.29
2026-01-14	158	1	2.29
2026-01-14	106	5.432	1.99
2026-01-14	61	1	1.89
2026-01-14	66	1	1.59
2026-01-14	219	2	0.99
2026-01-14	76	12	0.79
2026-01-14	4	3	1.05
2026-01-14	207	1	1.29
2026-01-14	141	0.144	11.89
2026-01-14	118	0.155	4
2026-01-14	121	4.333	1.29
2026-01-14	190	3	3.15
2026-01-14	198	0.479	1.19
2026-01-14	42	0.971	1.39
2026-01-14	8	1	2.25
2026-01-14	96	1.016	2.5
2026-01-14	76	2	0.79
2026-01-14	85	1	1.49
2026-01-14	135	0.376	12.95
2026-01-14	52	3.545	0.99
2026-01-14	113	0.021	4.25
2026-01-14	194	4.873	2.75
2026-01-14	117	0.504	2.5
2026-01-14	17	1	1.69
2026-01-14	166	2	2.45
2026-01-14	193	4	2.5
2026-01-14	70	2	1.49
2026-01-14	91	4.928	0.69
2026-01-14	44	1.029	1.75
2026-01-14	88	0.301	2.19
2026-01-14	50	1	3
2026-01-14	83	2.464	2.39
2026-01-14	95	3.209	2.39
2026-01-14	78	2	1.09
2026-01-14	196	3	3.15
2026-01-14	58	1.313	2.49
2026-01-14	153	1	1.99
2026-01-14	93	3	3
2026-01-14	114	1.133	4.5
2026-01-14	73	2	1.49
2026-01-14	137	0.177	18.75
2026-01-14	12	2.667	2.25
2026-01-14	139	0.248	14.95
2026-01-14	47	0.273	3
2026-01-14	167	1	1.59
2026-01-14	93	1	3
2026-01-14	190	1	3.15
2026-01-14	197	2.92	2.25
2026-01-14	91	9.754	0.69
2026-01-14	49	1	3
2026-01-14	125	1	2.35
2026-01-14	213	2	2.85
2026-01-14	190	1	3.15
2026-01-14	35	1	1.35
2026-01-14	3	1	1.45
2026-01-14	121	7.566	1.29
2026-01-14	94	0.902	2.85
2026-01-14	178	0.562	3.29
2026-01-14	39	0.82	3.99
2026-01-14	31	0.431	5.69
2026-01-14	66	2	1.59
2026-01-14	41	5.189	1.85
2026-01-14	201	0.677	1.95
2026-01-14	185	1	1.99
2026-01-14	142	0.331	6.95
2026-01-14	69	4	1.25
2026-01-14	199	1.781	2.19
2026-01-14	114	2.224	4.5
2026-01-14	103	1.215	2.19
2026-01-14	128	1	2.25
2026-01-14	38	5.688	1.89
2026-01-14	166	2	2.45
2026-01-14	11	2.294	3.95
2026-01-14	54	1	2.59
2026-01-14	74	1	2.35
2026-01-14	107	1.07	1.99
2026-01-14	194	2.236	2.75
2026-01-14	166	1	2.45
2026-01-14	101	3.677	3
2026-01-14	42	4.921	1.39
2026-01-14	46	0.307	3
2026-01-14	43	7.296	1.79
2026-01-14	44	2.943	1.75
2026-01-14	71	1	1.99
2026-01-14	93	2	3
2026-01-14	154	1	1.99
2026-01-14	91	5.217	0.69
2026-01-14	155	1	0.85
2026-01-14	52	3.313	0.99
2026-01-14	18	0.837	1.35
2026-01-14	224	1	0.99
2026-01-14	100	0.387	2.69
2026-01-14	97	0.229	1.75
2026-01-14	94	1.47	2.85
2026-01-14	79	4	1.55
2026-01-14	114	0.731	4.5
2026-01-14	27	1	2.59
2026-01-14	28	1	2.85
2026-01-14	189	3	3.15
2026-01-14	130	1	1.89
2026-01-14	95	1.335	2.39
2026-01-14	145	0.158	22.95
2026-01-14	127	1	2.49
2026-01-14	89	7.051	0.79
2026-01-14	167	3	1.59
2026-01-14	149	0.347	4.99
2026-01-14	53	1	2.59
2026-01-14	93	3	3
2026-01-14	33	2.522	1.59
2026-01-14	102	0.238	1.75
2026-01-14	26	0.269	1.19
2026-01-15	49	1	3
2026-01-15	196	3	3.15
2026-01-15	88	1.731	2.19
2026-01-15	166	1	2.45
2026-01-15	89	5.937	0.79
2026-01-15	91	21	0.69
2026-01-15	70	3	1.49
2026-01-15	65	2	1.45
2026-01-15	18	9.63	1.35
2026-01-15	41	2.141	1.85
2026-01-15	185	1	1.99
2026-01-15	138	1.769	4.59
2026-01-15	152	1	1.75
2026-01-15	92	6.472	0.89
2026-01-15	139	0.262	14.95
2026-01-15	24	1.21	1.19
2026-01-15	78	7	1.09
2026-01-15	47	0.287	3
2026-01-15	114	1.598	4.5
2026-01-15	199	2.895	2.19
2026-01-15	81	1	1.25
2026-01-15	162	1	1.19
2026-01-15	197	0.667	2.25
2026-01-15	175	1	1.59
2026-01-15	213	2	2.85
2026-01-15	209	2	1.19
2026-01-15	165	1.312	5
2026-01-15	189	3	3.15
2026-01-15	27	1	2.59
2026-01-15	48	1	1.99
2026-01-15	99	1.284	2.99
2026-01-15	17	1	1.69
2026-01-15	167	2	1.59
2026-01-15	141	0.151	11.89
2026-01-15	122	0.06	2.99
2026-01-15	134	0.55	14.75
2026-01-15	190	3	3.15
2026-01-15	72	4	0.95
2026-01-15	121	6.279	1.29
2026-01-15	226	2	1.35
2026-01-15	68	1	1.99
2026-01-15	117	0.532	2.5
2026-01-15	194	2.225	2.75
2026-01-15	193	4	2.5
2026-01-15	12	3.084	2.25
2026-01-15	52	1.121	0.99
2026-01-15	124	6.258	1.55
2026-01-15	28	1	2.85
2026-01-15	87	2	1.39
2026-01-15	93	1	3
2026-01-15	3	1	1.45
2026-01-15	83	0.669	2.39
2026-01-15	146	0.348	14.39
2026-01-15	137	0.057	18.75
2026-01-15	103	1.288	2.19
2026-01-15	124	5.161	1.55
2026-01-15	31	0.453	5.69
2026-01-15	30	1	1.89
2026-01-15	112	2.008	2.59
2026-01-15	121	2.581	1.29
2026-01-15	43	4.715	1.79
2026-01-15	211	1	1.15
2026-01-15	135	0.396	12.95
2026-01-15	84	1	1.59
2026-01-15	57	2	1.35
2026-01-15	55	1	2.99
2026-01-15	128	1	2.25
2026-01-15	207	2	1.29
2026-01-15	26	0.277	1.19
2026-01-15	195	1	2.25
2026-01-15	145	0.064	22.95
2026-01-15	111	2.617	1.75
2026-01-15	82	5	0.99
2026-01-15	56	1	3.49
2026-01-15	40	2	1.99
2026-01-15	146	0.178	14.39
2026-01-15	190	1	3.15
2026-01-15	106	5.734	1.99
2026-01-15	107	2.678	1.99
2026-01-15	105	1.726	1.75
2026-01-15	166	1	2.45
2026-01-15	198	6.092	1.19
2026-01-15	56	1	3.49
2026-01-15	71	1	1.99
2026-01-15	87	1	1.39
2026-01-15	198	1.092	1.19
2026-01-15	42	5.381	1.39
2026-01-15	77	2	2.35
2026-01-15	208	3	0.95
2026-01-15	9	4	0.85
2026-01-15	39	2.409	3.99
2026-01-15	165	1.134	5
2026-01-15	8	1	2.25
2026-01-15	127	4	2.49
2026-01-15	42	0.835	1.39
2026-01-15	121	11.279	1.29
2026-01-15	58	1.386	2.49
2026-01-15	144	0.349	5.39
2026-01-15	121	2.698	1.29
2026-01-15	98	1.074	2.3
2026-01-15	75	1	1.59
2026-01-15	4	5	1.05
2026-01-15	44	4.703	1.75
2026-01-15	66	3	1.59
2026-01-15	102	0.252	1.75
2026-01-15	166	3	2.45
2026-01-15	158	1	2.29
2026-01-15	148	0.204	5.99
2026-01-15	61	1	1.89
2026-01-15	125	3	2.35
2026-01-15	121	0.884	1.29
2026-01-15	43	3.575	1.79
2026-01-15	101	1.623	3
2026-01-15	214	1	2.79
2026-01-15	108	0.2	2.35
2026-01-15	55	1	2.99
2026-01-15	28	1	2.85
2026-01-15	201	0.713	1.95
2026-01-15	61	1	1.89
2026-01-15	54	1	2.59
2026-01-15	248	0.008	10.95
2026-01-15	93	1	3
2026-01-15	227	1	1.69
2026-01-15	109	0.494	2.59
2026-01-15	52	13.374	0.99
2026-01-15	195	1	2.25
2026-01-15	79	3	1.55
2026-01-15	89	8.089	0.79
2026-01-15	195	4	2.25
2026-01-15	146	0.386	14.39
2026-01-15	121	2.295	1.29
2026-01-15	49	1	3
2026-01-15	59	0.093	4
2026-01-15	113	0.021	4.25
2026-01-15	48	1	1.99
2026-01-15	81	2	1.25
2026-01-15	85	1	1.49
2026-01-15	114	3.189	4.5
2026-01-15	218	5	1.39
2026-01-15	153	1	1.99
2026-01-15	155	1	0.85
2026-01-15	30	3	1.89
2026-01-15	23	3	1.25
2026-01-15	154	1	1.99
2026-01-15	140	0.445	12.95
2026-01-15	194	3.207	2.75
2026-01-15	224	1	0.99
2026-01-15	76	5	0.79
2026-01-15	81	2	1.25
2026-01-15	93	4	3
2026-01-15	190	4	3.15
2026-01-15	145	0.102	22.95
2026-01-15	97	0.24	1.75
2026-01-15	167	2	1.59
2026-01-15	96	1.072	2.5
2026-01-15	118	0.165	4
2026-01-15	75	3	1.59
2026-01-15	94	3.14	2.85
2026-01-15	69	6	1.25
2026-01-15	93	5	3
2026-01-15	93	2	3
2026-01-15	93	2	3
2026-01-15	142	0.35	6.95
2026-01-15	215	1	2.79
2026-01-15	101	2.31	3
2026-01-15	33	2.629	1.59
2026-01-15	73	2	1.49
2026-01-15	121	3.078	1.29
2026-01-15	136	0.248	12.95
2026-01-15	33	2.648	1.59
2026-01-15	76	10	0.79
2026-01-15	83	1.925	2.39
2026-01-15	185	2	1.99
2026-01-15	219	3	0.99
2026-01-15	44	5.977	1.75
2026-01-15	74	1	2.35
2026-01-15	55	2	2.99
2026-01-15	84	1	1.59
2026-01-15	95	4.799	2.39
2026-01-15	39	0.173	3.99
2026-01-15	100	0.409	2.69
2026-01-15	46	0.323	3
2026-01-15	178	0.593	3.29
2026-01-15	130	4	1.89
2026-01-15	41	3.335	1.85
2026-01-15	28	2	2.85
2026-01-15	35	1	1.35
2026-01-15	21	1	0.99
2026-01-15	79	1	1.55
2026-01-15	56	2	3.49
2026-01-15	194	2.073	2.75
2026-01-15	54	1	2.59
2026-01-15	197	5.067	2.25
2026-01-15	16	1.36	1.25
2026-01-15	11	2.42	3.95
2026-01-15	52	5.444	0.99
2026-01-15	84	4	1.59
2026-01-15	137	0.341	18.75
2026-01-15	216	1	2.79
2026-01-15	53	1	2.59
2026-01-15	114	1.927	4.5
2026-01-15	89	13.38	0.79
2026-01-15	250	0.28	2.39
2026-01-15	54	1	2.59
2026-01-15	50	1	3
2026-01-15	38	5.862	1.89
2026-01-15	8	1	2.25
2026-01-15	187	1.084	5.45
2026-01-15	149	0.365	4.99
2026-01-15	43	1.626	1.79
2026-01-15	28	2	2.85
2026-01-15	94	1.667	2.85
2026-01-15	211	2	1.15
2026-01-15	101	1.22	3
2026-01-15	187	1.589	5.45
2026-01-16	59	0.113	4
2026-01-16	135	0.063	12.95
2026-01-16	124	3.245	1.55
2026-01-16	112	2.429	2.59
2026-01-16	24	1.471	1.19
2026-01-16	99	1.555	2.99
2026-01-16	166	4	2.45
2026-01-16	185	1	1.99
2026-01-16	144	0.421	5.39
2026-01-16	46	0.39	3
2026-01-16	76	2	0.79
2026-01-16	140	0.539	12.95
2026-01-16	93	4	3
2026-01-16	121	11.442	1.29
2026-01-16	83	2.046	2.39
2026-01-16	77	1	2.35
2026-01-16	65	2	1.45
2026-01-16	101	2.173	3
2026-01-16	28	1	2.85
2026-01-16	40	1	1.99
2026-01-16	16	1.64	1.25
2026-01-16	207	2	1.29
2026-01-16	186	1	2.25
2026-01-16	106	1.367	1.99
2026-01-16	33	1.925	1.59
2026-01-16	211	3	1.15
2026-01-16	96	1.296	2.5
2026-01-16	76	7	0.79
2026-01-16	108	0.247	2.35
2026-01-16	102	0.303	1.75
2026-01-16	61	1	1.89
2026-01-16	28	3	2.85
2026-01-16	106	2.568	1.99
2026-01-16	68	1	1.99
2026-01-16	70	1	1.49
2026-01-16	91	12	0.69
2026-01-16	97	0.291	1.75
2026-01-16	93	4	3
2026-01-16	38	1.46	1.89
2026-01-16	74	1	2.35
2026-01-16	148	0.247	5.99
2026-01-16	187	0.639	5.45
2026-01-16	130	1	1.89
2026-01-16	167	4	1.59
2026-01-16	75	2	1.59
2026-01-16	107	2.864	1.99
2026-01-16	127	5	2.49
2026-01-16	82	5	0.99
2026-01-16	27	1	2.59
2026-01-16	114	1.042	4.5
2026-01-16	53	1	2.59
2026-01-16	128	1	2.25
2026-01-16	52	6.354	0.99
2026-01-16	44	1.389	1.75
2026-01-16	98	1.3	2.3
2026-01-16	195	1	2.25
2026-01-16	219	3	0.99
2026-01-16	146	0.775	14.39
2026-01-16	35	1	1.35
2026-01-16	87	2	1.39
2026-01-16	214	1	2.79
2026-01-16	195	3	2.25
2026-01-16	166	2	2.45
2026-01-16	4	2	1.05
2026-01-16	93	4	3
2026-01-16	66	3	1.59
2026-01-16	95	2.067	2.39
2026-01-16	56	1	3.49
2026-01-16	114	3.251	4.5
2026-01-16	57	2	1.35
2026-01-16	189	1	3.15
2026-01-16	162	1	1.19
2026-01-16	87	2	1.39
2026-01-16	42	7.525	1.39
2026-01-16	185	2	1.99
2026-01-16	122	0.07	2.99
2026-01-16	124	8.013	1.55
2026-01-16	40	2	1.99
2026-01-16	9	1	0.85
2026-01-16	113	0.026	4.25
2026-01-16	18	1.844	1.35
2026-01-16	33	4.453	1.59
2026-01-16	21	1	0.99
2026-01-16	165	0.438	5
2026-01-16	213	1	2.85
2026-01-16	8	1	2.25
2026-01-16	43	4.106	1.79
2026-01-16	56	1	3.49
2026-01-16	214	1	2.79
2026-01-16	38	5.81	1.89
2026-01-16	138	2.139	4.59
2026-01-16	190	3	3.15
2026-01-16	216	1	2.79
2026-01-16	76	10	0.79
2026-01-16	227	1	1.69
2026-01-16	121	3.822	1.29
2026-01-16	135	0.22	12.95
2026-01-16	78	6	1.09
2026-01-16	142	0.423	6.95
2026-01-16	194	4.549	2.75
2026-01-16	39	1.08	3.99
2026-01-16	208	3	0.95
2026-01-16	43	6.659	1.79
2026-01-16	23	4	1.25
2026-01-16	190	2	3.15
2026-01-16	106	0.613	1.99
2026-01-16	75	2	1.59
2026-01-16	189	3	3.15
2026-01-16	101	1.623	3
2026-01-16	197	1.418	2.25
2026-01-16	41	3.703	1.85
2026-01-16	49	1	3
2026-01-16	93	1	3
2026-01-16	72	4	0.95
2026-01-16	84	2	1.59
2026-01-16	41	2.93	1.85
2026-01-16	94	2.639	2.85
2026-01-16	193	5	2.5
2026-01-16	109	0.598	2.59
2026-01-16	146	0.155	14.39
2026-01-16	89	1.772	0.79
2026-01-16	117	0.644	2.5
2026-01-16	85	1	1.49
2026-01-16	69	7	1.25
2026-01-16	31	0.548	5.69
2026-01-16	114	1.151	4.5
2026-01-16	248	0.01	10.95
2026-01-16	190	1	3.15
2026-01-16	95	3.745	2.39
2026-01-16	85	1	1.49
2026-01-16	153	1	1.99
2026-01-16	91	13.319	0.69
2026-01-16	79	5	1.55
2026-01-16	121	10.705	1.29
2026-01-16	152	1	1.75
2026-01-16	135	0.196	12.95
2026-01-16	114	1.396	4.5
2026-01-16	18	5.8	1.35
2026-01-16	145	0.202	22.95
2026-01-16	48	1	1.99
2026-01-16	26	0.336	1.19
2026-01-16	18	4.015	1.35
2026-01-16	107	0.377	1.99
2026-01-16	209	2	1.19
2026-01-16	178	0.72	3.29
2026-01-16	134	0.665	14.75
2026-01-16	194	3.793	2.75
2026-01-16	137	0.457	18.75
2026-01-16	124	2.555	1.55
2026-01-16	195	1	2.25
2026-01-16	130	3	1.89
2026-01-16	88	2.096	2.19
2026-01-16	50	1	3
2026-01-16	226	2	1.35
2026-01-16	11	1.438	3.95
2026-01-16	118	0.198	4
2026-01-16	11	0.559	3.95
2026-01-16	199	1.548	2.19
2026-01-16	53	1	2.59
2026-01-16	187	0.694	5.45
2026-01-16	146	0.175	14.39
2026-01-16	158	1	2.29
2026-01-16	218	5	1.39
2026-01-16	114	0.249	4.5
2026-01-16	224	1	0.99
2026-01-16	43	1.235	1.79
2026-01-16	139	0.317	14.95
2026-01-16	154	1	1.99
2026-01-16	149	0.441	4.99
2026-01-16	54	1	2.59
2026-01-16	81	1	1.25
2026-01-16	130	1	1.89
2026-01-16	101	1.277	3
2026-01-16	100	0.494	2.69
2026-01-16	47	0.35	3
2026-01-16	92	4.876	0.89
2026-01-16	89	18.152	0.79
2026-01-16	39	2.045	3.99
2026-01-16	250	0.339	2.39
2026-01-16	187	1.589	5.45
2026-01-16	105	1.92	1.75
2026-01-16	83	1.1	2.39
2026-01-16	199	1.954	2.19
2026-01-16	196	1	3.15
2026-01-16	215	1	2.79
2026-01-16	17	1	1.69
2026-01-16	155	2	0.85
2026-01-16	165	1.314	5
2026-01-16	175	1	1.59
2026-01-16	101	0.357	3
2026-01-16	55	3	2.99
2026-01-16	111	3.166	1.75
2026-01-16	3	1	1.45
2026-01-16	106	2.392	1.99
2026-01-16	103	1.557	2.19
2026-01-16	12	3.738	2.25
2026-01-16	81	5	1.25
2026-01-16	44	5.183	1.75
2026-01-16	165	1.21	5
2026-01-16	55	1	2.99
2026-01-16	77	1	2.35
2026-01-16	218	1	1.39
2026-01-16	196	3	3.15
2026-01-16	89	13.253	0.79
2026-01-16	71	1	1.99
2026-01-16	49	1	3
2026-01-16	94	3.175	2.85
2026-01-16	92	2.966	0.89
2026-01-16	190	3	3.15
2026-01-16	125	4	2.35
2026-01-16	28	3	2.85
2026-01-16	197	5.524	2.25
2026-01-16	213	2	2.85
2026-01-16	52	6.455	0.99
2026-01-16	52	2.737	0.99
2026-01-16	198	8.706	1.19
2026-01-16	195	2	2.25
2026-01-16	70	2	1.49
2026-01-16	187	0.316	5.45
2026-01-16	201	0.862	1.95
2026-01-16	114	1.038	4.5
2026-01-16	93	3	3
2026-01-16	194	0.742	2.75
2026-01-16	30	3	1.89
2026-01-16	167	1	1.59
2026-01-16	93	2	3
2026-01-16	58	1.679	2.49
2026-01-16	141	0.183	11.89
2026-01-16	44	6.354	1.75
2026-01-16	101	0.807	3
2026-01-16	121	9.256	1.29
2026-01-16	4	4	1.05
2026-01-16	11	0.932	3.95
2026-01-16	30	1	1.89
2026-01-16	73	3	1.49
2026-01-16	78	3	1.09
2026-01-16	136	0.3	12.95
2026-01-16	84	5	1.59
2026-01-16	52	8.586	0.99
2026-01-17	98	1.326	2.3
2026-01-17	44	1.72	1.75
2026-01-17	42	8.835	1.39
2026-01-17	134	0.527	14.75
2026-01-17	68	1	1.99
2026-01-17	208	3	0.95
2026-01-17	88	2.461	2.19
2026-01-17	83	2.255	2.39
2026-01-17	117	0.756	2.5
2026-01-17	50	1	3
2026-01-17	89	7.43	0.79
2026-01-17	189	4	3.15
2026-01-17	41	1.935	1.85
2026-01-17	72	6	0.95
2026-01-17	121	3.132	1.29
2026-01-17	52	11.576	0.99
2026-01-17	71	1	1.99
2026-01-17	93	2	3
2026-01-17	121	7.853	1.29
2026-01-17	43	1.793	1.79
2026-01-17	213	2	2.85
2026-01-17	35	2	1.35
2026-01-17	194	1.975	2.75
2026-01-17	66	4	1.59
2026-01-17	69	3	1.25
2026-01-17	114	1.471	4.5
2026-01-17	101	3.673	3
2026-01-17	158	1	2.29
2026-01-17	166	2	2.45
2026-01-17	149	0.519	4.99
2026-01-17	46	0.457	3
2026-01-17	92	9.202	0.89
2026-01-17	91	15.928	0.69
2026-01-17	127	1	2.49
2026-01-17	71	1	1.99
2026-01-17	124	4.787	1.55
2026-01-17	78	6	1.09
2026-01-17	65	1	1.45
2026-01-17	214	1	2.79
2026-01-17	11	0.818	3.95
2026-01-17	158	1	2.29
2026-01-17	28	2	2.85
2026-01-17	198	9.689	1.19
2026-01-17	59	0.13	4
2026-01-17	114	3.3	4.5
2026-01-17	80	1	2.99
2026-01-17	94	0.874	2.85
2026-01-17	130	2	1.89
2026-01-17	93	5	3
2026-01-17	55	2	2.99
2026-01-17	125	3	2.35
2026-01-17	134	0.245	14.75
2026-01-17	96	1.52	2.5
2026-01-17	82	1	0.99
2026-01-17	139	0.372	14.95
2026-01-17	70	4	1.49
2026-01-17	154	1	1.99
2026-01-17	18	7.644	1.35
2026-01-17	93	1	3
2026-01-17	31	0.236	5.69
2026-01-17	146	0.174	14.39
2026-01-17	219	4	0.99
2026-01-17	141	0.215	11.89
2026-01-17	93	1	3
2026-01-17	166	2	2.45
2026-01-17	56	2	3.49
2026-01-17	81	5	1.25
2026-01-17	101	2.607	3
2026-01-17	27	1	2.59
2026-01-17	165	1.812	5
2026-01-17	76	14	0.79
2026-01-17	152	1	1.75
2026-01-17	54	1	2.59
2026-01-17	121	2.271	1.29
2026-01-17	114	2.149	4.5
2026-01-17	127	5	2.49
2026-01-17	136	0.353	12.95
2026-01-17	55	1	2.99
2026-01-17	209	2	1.19
2026-01-17	43	7.531	1.79
2026-01-17	16	1.928	1.25
2026-01-17	190	4	3.15
2026-01-17	121	6.287	1.29
2026-01-17	41	5.849	1.85
2026-01-17	77	1	2.35
2026-01-17	93	2	3
2026-01-17	93	2	3
2026-01-17	75	3	1.59
2026-01-17	94	1.407	2.85
2026-01-17	39	1.812	3.99
2026-01-17	58	1.968	2.49
2026-01-17	89	6.608	0.79
2026-01-17	83	1.435	2.39
2026-01-17	50	1	3
2026-01-17	167	2	1.59
2026-01-17	189	1	3.15
2026-01-17	12	3.836	2.25
2026-01-17	24	1.723	1.19
2026-01-17	87	4	1.39
2026-01-17	27	1	2.59
2026-01-17	142	0.496	6.95
2026-01-17	146	0.654	14.39
2026-01-17	26	0.395	1.19
2026-01-17	91	9.058	0.69
2026-01-17	162	1	1.19
2026-01-17	49	1	3
2026-01-17	11	1.82	3.95
2026-01-17	21	1	0.99
2026-01-17	77	2	2.35
2026-01-17	85	1	1.49
2026-01-17	187	2.69	5.45
2026-01-17	227	1	1.69
2026-01-17	190	4	3.15
2026-01-17	113	0.031	4.25
2026-01-17	106	2.613	1.99
2026-01-17	78	4	1.09
2026-01-17	215	1	2.79
2026-01-17	101	1.043	3
2026-01-17	114	0.773	4.5
2026-01-17	38	2.862	1.89
2026-01-17	102	0.36	1.75
2026-01-17	198	0.529	1.19
2026-01-17	40	1	1.99
2026-01-17	224	1	0.99
2026-01-17	89	5.139	0.79
2026-01-17	39	0.697	3.99
2026-01-17	140	0.258	12.95
2026-01-17	73	3	1.49
2026-01-17	190	1	3.15
2026-01-17	8	1	2.25
2026-01-17	40	2	1.99
2026-01-17	187	1.072	5.45
2026-01-17	76	4	0.79
2026-01-17	33	5.805	1.59
2026-01-17	69	1	1.25
2026-01-17	186	1	2.25
2026-01-17	250	0.397	2.39
2026-01-17	93	2	3
2026-01-17	218	2	1.39
2026-01-17	38	4.434	1.89
2026-01-17	56	1	3.49
2026-01-17	100	0.58	2.69
2026-01-17	140	0.375	12.95
2026-01-17	197	2.596	2.25
2026-01-17	55	2	2.99
2026-01-17	39	1.16	3.99
2026-01-17	94	0.884	2.85
2026-01-17	54	1	2.59
2026-01-17	3	1	1.45
2026-01-17	75	2	1.59
2026-01-17	121	3.124	1.29
2026-01-17	33	1.679	1.59
2026-01-17	216	1	2.79
2026-01-17	144	0.495	5.39
2026-01-17	194	3.916	2.75
2026-01-17	44	6.029	1.75
2026-01-17	178	0.845	3.29
2026-01-17	135	0.563	12.95
2026-01-17	23	4	1.25
2026-01-17	175	1	1.59
2026-01-17	214	1	2.79
2026-01-17	201	1.015	1.95
2026-01-17	153	1	1.99
2026-01-17	93	3	3
2026-01-17	165	0.546	5
2026-01-17	118	0.233	4
2026-01-17	146	0.469	14.39
2026-01-17	95	1.841	2.39
2026-01-17	196	4	3.15
2026-01-17	124	8.419	1.55
2026-01-17	216	1	2.79
2026-01-17	165	0.51	5
2026-01-17	137	0.269	18.75
2026-01-17	227	1	1.69
2026-01-17	114	0.762	4.5
2026-01-17	43	2.587	1.79
2026-01-17	128	1	2.25
2026-01-17	196	1	3.15
2026-01-17	165	0.608	5
2026-01-17	11	0.8	3.95
2026-01-17	248	0.012	10.95
2026-01-17	43	2.173	1.79
2026-01-17	109	0.703	2.59
2026-01-17	18	2.037	1.35
2026-01-17	185	1	1.99
2026-01-17	48	1	1.99
2026-01-17	148	0.29	5.99
2026-01-17	211	4	1.15
2026-01-17	121	7.698	1.29
2026-01-17	28	5	2.85
2026-01-17	193	1	2.5
2026-01-17	195	1	2.25
2026-01-17	9	1	0.85
2026-01-17	84	1	1.59
2026-01-17	138	0.71	4.59
2026-01-17	114	0.487	4.5
2026-01-17	38	1.238	1.89
2026-01-17	137	0.296	18.75
2026-01-17	218	4	1.39
2026-01-17	207	2	1.29
2026-01-17	199	4.059	2.19
2026-01-17	166	3	2.45
2026-01-17	89	5.886	0.79
2026-01-17	105	2.446	1.75
2026-01-17	44	5.949	1.75
2026-01-17	52	8.081	0.99
2026-01-17	61	2	1.89
2026-01-17	9	2	0.85
2026-01-17	81	1	1.25
2026-01-17	185	1	1.99
2026-01-17	122	0.084	2.99
2026-01-17	106	2.543	1.99
2026-01-17	68	1	1.99
2026-01-17	138	0.586	4.59
2026-01-17	158	1	2.29
2026-01-17	89	6.557	0.79
2026-01-17	69	5	1.25
2026-01-17	125	2	2.35
2026-01-17	124	3.013	1.55
2026-01-17	12	0.551	2.25
2026-01-17	226	1	1.35
2026-01-17	74	1	2.35
2026-01-17	194	4.775	2.75
2026-01-17	138	0.593	4.59
2026-01-17	95	2.506	2.39
2026-01-17	209	1	1.19
2026-01-17	121	8.674	1.29
2026-01-17	30	5	1.89
2026-01-17	193	5	2.5
2026-01-17	103	1.826	2.19
2026-01-17	89	7.304	0.79
2026-01-17	17	1	1.69
2026-01-17	197	3.884	2.25
2026-01-17	4	7	1.05
2026-01-17	97	0.343	1.75
2026-01-17	52	4.242	0.99
2026-01-17	57	2	1.35
2026-01-17	18	4.007	1.35
2026-01-17	155	3	0.85
2026-01-17	114	0.596	4.5
2026-01-17	106	2.99	1.99
2026-01-17	138	0.625	4.59
2026-01-17	93	1	3
2026-01-17	93	2	3
2026-01-17	112	2.853	2.59
2026-01-17	111	3.714	1.75
2026-01-17	99	1.829	2.99
2026-01-17	47	0.41	3
2026-01-17	190	2	3.15
2026-01-17	53	1	2.59
2026-01-17	91	4.855	0.69
2026-01-17	197	1.671	2.25
2026-01-17	52	4.434	0.99
2026-01-17	145	0.237	22.95
2026-01-17	79	6	1.55
2026-01-17	108	0.289	2.35
2026-01-17	195	2	2.25
2026-01-17	218	1	1.39
2026-01-17	121	2.31	1.29
2026-01-17	107	3.804	1.99
2026-01-17	44	1.474	1.75
2026-01-17	28	1	2.85
2026-01-17	95	2.481	2.39
2026-01-17	82	4	0.99
2026-01-17	94	3.66	2.85
2026-01-17	31	0.409	5.69
2026-01-19	70	2	1.49
2026-01-19	27	1	2.59
2026-01-19	166	1	2.45
2026-01-19	114	1.953	4.5
2026-01-19	12	2.596	2.25
2026-01-19	53	1	2.59
2026-01-19	105	1.451	1.75
2026-01-19	145	0.141	22.95
2026-01-19	215	1	2.79
2026-01-19	33	4.415	1.59
2026-01-19	24	1.025	1.19
2026-01-19	4	4	1.05
2026-01-19	42	5.237	1.39
2026-01-19	43	6.609	1.79
2026-01-19	155	1	0.85
2026-01-19	190	4	3.15
2026-01-19	121	9.651	1.29
2026-01-19	190	2	3.15
2026-01-19	125	1	2.35
2026-01-19	118	0.138	4
2026-01-19	68	1	1.99
2026-01-19	39	1.218	3.99
2026-01-19	59	0.078	4
2026-01-19	197	1.169	2.25
2026-01-19	121	7.814	1.29
2026-01-19	41	0.562	1.85
2026-01-19	127	1	2.49
2026-01-19	218	4	1.39
2026-01-19	65	2	1.45
2026-01-19	26	0.235	1.19
2026-01-19	78	6	1.09
2026-01-19	166	3	2.45
2026-01-19	144	0.293	5.39
2026-01-19	47	0.243	3
2026-01-19	50	1	3
2026-01-19	127	3	2.49
2026-01-19	158	1	2.29
2026-01-19	248	0.007	10.95
2026-01-19	124	7.265	1.55
2026-01-19	153	1	1.99
2026-01-19	89	4.481	0.79
2026-01-19	73	1	1.49
2026-01-19	96	0.9	2.5
2026-01-19	219	3	0.99
2026-01-19	57	1	1.35
2026-01-19	227	1	1.69
2026-01-19	135	0.205	12.95
2026-01-19	58	1.169	2.49
2026-01-19	35	1	1.35
2026-01-19	71	1	1.99
2026-01-19	107	0.759	1.99
2026-01-19	158	1	2.29
2026-01-19	83	1.824	2.39
2026-01-19	209	1	1.19
2026-01-19	194	1.6	2.75
2026-01-19	61	1	1.89
2026-01-19	154	1	1.99
2026-01-19	214	1	2.79
2026-01-19	197	2.422	2.25
2026-01-19	38	5.058	1.89
2026-01-19	91	6.899	0.69
2026-01-19	146	0.605	14.39
2026-01-19	93	3	3
2026-01-19	193	1	2.5
2026-01-19	92	5.449	0.89
2026-01-19	216	1	2.79
2026-01-19	89	18.595	0.79
2026-01-19	124	2.348	1.55
2026-01-19	137	0.334	18.75
2026-01-19	194	4.72	2.75
2026-01-19	213	2	2.85
2026-01-19	226	1	1.35
2026-01-19	209	1	1.19
2026-01-19	99	1.08	2.99
2026-01-19	114	0.62	4.5
2026-01-19	48	1	1.99
2026-01-19	85	1	1.49
2026-01-19	84	5	1.59
2026-01-19	136	0.209	12.95
2026-01-19	102	0.212	1.75
2026-01-19	11	0.904	3.95
2026-01-19	111	2.2	1.75
2026-01-19	193	3	2.5
2026-01-19	114	0.758	4.5
2026-01-19	56	3	3.49
2026-01-19	75	3	1.59
2026-01-19	113	0.019	4.25
2026-01-19	69	2	1.25
2026-01-19	198	2.958	1.19
2026-01-19	49	1	3
2026-01-19	76	1	0.79
2026-01-19	82	3	0.99
2026-01-19	55	3	2.99
2026-01-19	76	12	0.79
2026-01-19	211	2	1.15
2026-01-19	167	2	1.59
2026-01-19	196	2	3.15
2026-01-19	27	1	2.59
2026-01-19	44	1.874	1.75
2026-01-19	207	1	1.29
2026-01-19	40	2	1.99
2026-01-19	106	3.518	1.99
2026-01-19	103	1.082	2.19
2026-01-19	93	2	3
2026-01-19	101	0.497	3
2026-01-19	142	0.294	6.95
2026-01-19	125	2	2.35
2026-01-19	135	0.128	12.95
2026-01-19	8	1	2.25
2026-01-19	60	1	2.75
2026-01-19	195	1	2.25
2026-01-19	117	0.448	2.5
2026-01-19	196	1	3.15
2026-01-19	80	1	2.99
2026-01-19	186	1	2.25
2026-01-19	44	1.834	1.75
2026-01-19	18	4.237	1.35
2026-01-19	79	2	1.55
2026-01-19	108	0.17	2.35
2026-01-19	146	0.163	14.39
2026-01-19	54	1	2.59
2026-01-19	83	0.36	2.39
2026-01-19	178	0.502	3.29
2026-01-19	114	1.753	4.5
2026-01-19	9	2	0.85
2026-01-19	201	0.6	1.95
2026-01-19	52	14.444	0.99
2026-01-19	98	0.904	2.3
2026-01-19	226	1	1.35
2026-01-19	189	2	3.15
2026-01-19	139	0.22	14.95
2026-01-19	77	1	2.35
2026-01-19	199	2.438	2.19
2026-01-19	30	3	1.89
2026-01-19	41	2.405	1.85
2026-01-19	72	3	0.95
2026-01-19	48	1	1.99
2026-01-19	100	0.346	2.69
2026-01-19	31	0.381	5.69
2026-01-19	224	1	0.99
2026-01-19	69	3	1.25
2026-01-19	162	1	1.19
2026-01-19	44	5.286	1.75
2026-01-19	28	1	2.85
2026-01-19	52	2.343	0.99
2026-01-19	16	1.144	1.25
2026-01-19	152	1	1.75
2026-01-19	121	7.039	1.29
2026-01-19	81	4	1.25
2026-01-19	148	0.172	5.99
2026-01-19	41	1.643	1.85
2026-01-19	130	3	1.89
2026-01-19	66	2	1.59
2026-01-19	109	0.417	2.59
2026-01-19	77	1	2.35
2026-01-19	97	0.206	1.75
2026-01-19	134	0.463	14.75
2026-01-19	23	1	1.25
2026-01-19	93	4	3
2026-01-19	189	1	3.15
2026-01-19	54	1	2.59
2026-01-19	165	2.06	5
2026-01-19	149	0.307	4.99
2026-01-19	17	1	1.69
2026-01-19	140	0.375	12.95
2026-01-19	94	4.046	2.85
2026-01-19	101	3.843	3
2026-01-19	107	1.492	1.99
2026-01-19	106	1.085	1.99
2026-01-19	112	0.776	2.59
2026-01-19	197	1.24	2.25
2026-01-19	187	2.251	5.45
2026-01-19	21	1	0.99
2026-01-19	141	0.128	11.89
2026-01-19	167	1	1.59
2026-01-19	95	4.025	2.39
2026-01-19	88	1.461	2.19
2026-01-19	28	2	2.85
2026-01-19	250	0.234	2.39
2026-01-19	195	2	2.25
2026-01-19	23	2	1.25
2026-01-19	198	3.101	1.19
2026-01-19	128	1	2.25
2026-01-19	3	1	1.45
2026-01-19	93	1	3
2026-01-19	185	2	1.99
2026-01-19	112	0.915	2.59
2026-01-19	46	0.27	3
2026-01-19	74	1	2.35
2026-01-19	71	1	1.99
2026-01-19	39	0.957	3.99
2026-01-19	18	3.874	1.35
2026-01-19	138	1.49	4.59
2026-01-19	87	3	1.39
2026-01-19	208	2	0.95
2026-01-19	195	2	2.25
2026-01-19	28	1	2.85
2026-01-19	73	1	1.49
2026-01-19	93	3	3
2026-01-19	114	0.569	4.5
2026-01-19	79	2	1.55
2026-01-19	28	1	2.85
2026-01-19	11	1.134	3.95
2026-01-19	122	0.05	2.99
2026-01-19	91	10.783	0.69
2026-01-19	43	1.492	1.79
2026-01-19	175	1	1.59
2026-01-20	144	0.312	5.39
2026-01-20	96	0.96	2.5
2026-01-20	197	2.733	2.25
2026-01-20	41	1.881	1.85
2026-01-20	81	2	1.25
2026-01-20	44	6.274	1.75
2026-01-20	12	2.76	2.25
2026-01-20	165	2.188	5
2026-01-20	56	2	3.49
2026-01-20	136	0.222	12.95
2026-01-20	42	3.331	1.39
2026-01-20	66	2	1.59
2026-01-20	211	2	1.15
2026-01-20	35	1	1.35
2026-01-20	46	0.29	3
2026-01-20	218	2	1.39
2026-01-20	153	1	1.99
2026-01-20	93	3	3
2026-01-20	85	1	1.49
2026-01-20	155	1	0.85
2026-01-20	33	3.868	1.59
2026-01-20	58	1.241	2.49
2026-01-20	206	1	1.95
2026-01-20	108	0.183	2.35
2026-01-20	162	1	1.19
2026-01-20	44	3.28	1.75
2026-01-20	187	1.156	5.45
2026-01-20	11	2.165	3.95
2026-01-20	83	0.937	2.39
2026-01-20	23	3	1.25
2026-01-20	219	2	0.99
2026-01-20	81	2	1.25
2026-01-20	4	2	1.05
2026-01-20	69	5	1.25
2026-01-20	94	1.825	2.85
2026-01-20	70	2	1.49
2026-01-20	88	1.553	2.19
2026-01-20	93	1	3
2026-01-20	92	5.787	0.89
2026-01-20	91	18.783	0.69
2026-01-20	127	3	2.49
2026-01-20	227	1	1.69
2026-01-20	27	1	2.59
2026-01-20	89	9.456	0.79
2026-01-20	71	1	1.99
2026-01-20	42	2.23	1.39
2026-01-20	3	1	1.45
2026-01-20	24	1.084	1.19
2026-01-20	195	3	2.25
2026-01-20	93	1	3
2026-01-20	47	0.257	3
2026-01-20	52	2.909	0.99
2026-01-20	112	1.795	2.59
2026-01-20	33	0.849	1.59
2026-01-20	190	1	3.15
2026-01-20	194	1.964	2.75
2026-01-20	18	3.111	1.35
2026-01-20	189	2	3.15
2026-01-20	78	2	1.09
2026-01-20	215	1	2.79
2026-01-20	89	10.203	0.79
2026-01-20	27	1	2.59
2026-01-20	128	1	2.25
2026-01-20	93	4	3
2026-01-20	84	5	1.59
2026-01-20	135	0.312	12.95
2026-01-20	105	1.543	1.75
2026-01-20	93	1	3
2026-01-20	146	0.288	14.39
2026-01-20	103	1.146	2.19
2026-01-20	87	2	1.39
2026-01-20	124	1.065	1.55
2026-01-20	95	3.046	2.39
2026-01-20	208	2	0.95
2026-01-20	194	0.753	2.75
2026-01-20	50	1	3
2026-01-20	141	0.135	11.89
2026-01-20	102	0.225	1.75
2026-01-20	40	2	1.99
2026-01-20	207	1	1.29
2026-01-20	207	1	1.29
2026-01-20	145	0.149	22.95
2026-01-20	57	1	1.35
2026-01-20	43	0.95	1.79
2026-01-20	142	0.312	6.95
2026-01-20	189	1	3.15
2026-01-20	146	0.33	14.39
2026-01-20	140	0.398	12.95
2026-01-20	78	4	1.09
2026-01-20	99	1.151	2.99
2026-01-20	97	0.217	1.75
2026-01-20	137	0.356	18.75
2026-01-20	89	4.848	0.79
2026-01-20	124	2.09	1.55
2026-01-20	109	0.444	2.59
2026-01-20	31	0.404	5.69
2026-01-20	117	0.476	2.5
2026-01-20	17	1	1.69
2026-01-20	9	2	0.85
2026-01-20	154	1	1.99
2026-01-20	167	3	1.59
2026-01-20	71	1	1.99
2026-01-20	138	0.468	4.59
2026-01-20	124	1.916	1.55
2026-01-20	190	2	3.15
2026-01-20	185	2	1.99
2026-01-20	79	4	1.55
2026-01-20	100	0.364	2.69
2026-01-20	55	2	2.99
2026-01-20	121	10.837	1.29
2026-01-20	48	1	1.99
2026-01-20	43	6.235	1.79
2026-01-20	213	2	2.85
2026-01-20	83	1.385	2.39
2026-01-20	107	2.307	1.99
2026-01-20	8	1	2.25
2026-01-20	26	0.252	1.19
2026-01-20	193	4	2.5
2026-01-20	178	0.532	3.29
2026-01-20	43	1.682	1.79
2026-01-20	56	1	3.49
2026-01-20	73	2	1.49
2026-01-20	38	3.857	1.89
2026-01-20	139	0.234	14.95
2026-01-20	216	1	2.79
2026-01-20	106	5.126	1.99
2026-01-20	72	3	0.95
2026-01-20	21	1	0.99
2026-01-20	149	0.327	4.99
2026-01-20	76	2	0.79
2026-01-20	152	1	1.75
2026-01-20	39	2.311	3.99
2026-01-20	197	2.396	2.25
2026-01-20	198	2.034	1.19
2026-01-20	121	9.535	1.29
2026-01-20	114	0.873	4.5
2026-01-20	226	2	1.35
2026-01-20	114	2.031	4.5
2026-01-20	76	11	0.79
2026-01-20	74	1	2.35
2026-01-20	114	1.98	4.5
2026-01-20	114	0.658	4.5
2026-01-20	68	1	1.99
2026-01-20	118	0.148	4
2026-01-20	122	0.054	2.99
2026-01-20	148	0.182	5.99
2026-01-20	52	8.667	0.99
2026-01-20	194	2.156	2.75
2026-01-20	52	6.263	0.99
2026-01-20	87	1	1.39
2026-01-20	38	1.45	1.89
2026-01-20	95	1.18	2.39
2026-01-20	111	2.337	1.75
2026-01-20	59	0.083	4
2026-01-20	65	2	1.45
2026-01-20	18	5.504	1.35
2026-01-20	75	3	1.59
2026-01-20	114	0.464	4.5
2026-01-20	4	2	1.05
2026-01-20	60	1	2.75
2026-01-20	93	2	3
2026-01-20	61	1	1.89
2026-01-20	186	1	2.25
2026-01-20	166	4	2.45
2026-01-20	130	3	1.89
2026-01-20	101	2.317	3
2026-01-20	16	1.216	1.25
2026-01-20	214	1	2.79
2026-01-20	54	2	2.59
2026-01-20	134	0.187	14.75
2026-01-20	127	1	2.49
2026-01-20	113	0.021	4.25
2026-01-20	196	3	3.15
2026-01-20	57	1	1.35
2026-01-20	121	5.659	1.29
2026-01-20	190	2	3.15
2026-01-20	28	3	2.85
2026-01-20	98	0.961	2.3
2026-01-20	28	2	2.85
2026-01-20	49	1	3
2026-01-20	218	1	1.39
2026-01-20	194	1.84	2.75
2026-01-20	30	3	1.89
2026-01-20	138	1.113	4.59
2026-01-20	209	2	1.19
2026-01-20	208	1	0.95
2026-01-20	199	1.927	2.19
2026-01-20	48	1	1.99
2026-01-20	218	1	1.39
2026-01-20	190	1	3.15
2026-01-20	94	2.474	2.85
2026-01-20	135	0.042	12.95
2026-01-20	77	1	2.35
2026-01-20	146	0.145	14.39
2026-01-20	77	1	2.35
2026-01-20	190	1	3.15
2026-01-20	250	0.251	2.39
2026-01-20	53	1	2.59
2026-01-20	41	3.022	1.85
2026-01-20	125	3	2.35
2026-01-20	175	1	1.59
2026-01-20	82	1	0.99
2026-01-20	93	2	3
2026-01-20	101	2.297	3
2026-01-20	124	5.142	1.55
2026-01-20	55	1	2.99
2026-01-20	195	2	2.25
2026-01-20	198	4.395	1.19
2026-01-20	134	0.304	14.75
2026-01-20	80	1	2.99
2026-01-20	158	1	2.29
2026-01-20	146	0.053	14.39
2026-01-20	201	0.641	1.95
2026-01-20	158	1	2.29
2026-01-20	187	1.235	5.45
2026-01-20	248	0.007	10.95
2026-01-20	224	1	0.99
2026-01-20	218	1	1.39
2026-01-20	199	0.662	2.19
2026-01-20	249	1	2.29
2026-01-20	82	3	0.99
2026-01-21	47	0.273	3
2026-01-21	93	3	3
2026-01-21	248	0.008	10.95
2026-01-21	52	2.111	0.99
2026-01-21	95	1.444	2.39
2026-01-21	190	2	3.15
2026-01-21	8	1	2.25
2026-01-21	141	0.144	11.89
2026-01-21	155	1	0.85
2026-01-21	38	1.466	1.89
2026-01-21	121	6.597	1.29
2026-01-21	70	2	1.49
2026-01-21	117	0.504	2.5
2026-01-21	44	4.377	1.75
2026-01-21	48	1	1.99
2026-01-21	166	2	2.45
2026-01-21	40	2	1.99
2026-01-21	101	1.943	3
2026-01-21	140	0.422	12.95
2026-01-21	72	4	0.95
2026-01-21	70	1	1.49
2026-01-21	93	2	3
2026-01-21	79	4	1.55
2026-01-21	77	2	2.35
2026-01-21	193	1	2.5
2026-01-21	112	1.903	2.59
2026-01-21	145	0.158	22.95
2026-01-21	185	2	1.99
2026-01-21	81	1	1.25
2026-01-21	185	1	1.99
2026-01-21	102	0.238	1.75
2026-01-21	195	5	2.25
2026-01-21	44	3.731	1.75
2026-01-21	146	0.518	14.39
2026-01-21	105	0.291	1.75
2026-01-21	100	0.387	2.69
2026-01-21	135	0.376	12.95
2026-01-21	66	1	1.59
2026-01-21	105	1.343	1.75
2026-01-21	17	1	1.69
2026-01-21	190	2	3.15
2026-01-21	121	7.636	1.29
2026-01-21	43	2.335	1.79
2026-01-21	211	2	1.15
2026-01-21	227	1	1.69
2026-01-21	46	0.307	3
2026-01-21	27	1	2.59
2026-01-21	23	3	1.25
2026-01-21	68	1	1.99
2026-01-21	193	1	2.5
2026-01-21	111	2.48	1.75
2026-01-21	187	0.439	5.45
2026-01-21	96	1.016	2.5
2026-01-21	16	1.288	1.25
2026-01-21	28	2	2.85
2026-01-21	61	1	1.89
2026-01-21	193	2	2.5
2026-01-21	92	6.135	0.89
2026-01-21	87	2	1.39
2026-01-21	56	2	3.49
2026-01-21	137	0.127	18.75
2026-01-21	213	2	2.85
2026-01-21	130	3	1.89
2026-01-21	28	3	2.85
2026-01-21	76	2	0.79
2026-01-21	130	1	1.89
2026-01-21	30	3	1.89
2026-01-21	214	1	2.79
2026-01-21	95	0.845	2.39
2026-01-21	60	1	2.75
2026-01-21	75	3	1.59
2026-01-21	21	1	0.99
2026-01-21	93	5	3
2026-01-21	198	6.807	1.19
2026-01-21	142	0.331	6.95
2026-01-21	101	0.313	3
2026-01-21	209	2	1.19
2026-01-21	108	0.191	2.35
2026-01-21	74	1	2.35
2026-01-21	103	1.215	2.19
2026-01-21	158	1	2.29
2026-01-21	124	3.477	1.55
2026-01-21	54	2	2.59
2026-01-21	53	1	2.59
2026-01-21	99	1.217	2.99
2026-01-21	224	1	0.99
2026-01-21	219	3	0.99
2026-01-21	250	0.264	2.39
2026-01-21	41	2.049	1.85
2026-01-21	149	0.347	4.99
2026-01-21	52	14.535	0.99
2026-01-21	48	1	1.99
2026-01-21	54	1	2.59
2026-01-21	93	3	3
2026-01-21	114	2.529	4.5
2026-01-21	114	0.918	4.5
2026-01-21	69	6	1.25
2026-01-21	84	5	1.59
2026-01-21	11	2.294	3.95
2026-01-21	94	0.414	2.85
2026-01-21	206	1	1.95
2026-01-21	89	5.658	0.79
2026-01-21	3	1	1.45
2026-01-21	207	1	1.29
2026-01-21	39	2.446	3.99
2026-01-21	197	2.044	2.25
2026-01-21	216	1	2.79
2026-01-21	57	2	1.35
2026-01-21	33	4.994	1.59
2026-01-21	201	0.677	1.95
2026-01-21	85	1	1.49
2026-01-21	199	2.744	2.19
2026-01-21	51	0.135	2
2026-01-21	137	0.25	18.75
2026-01-21	196	3	3.15
2026-01-21	197	3.276	2.25
2026-01-21	194	1.258	2.75
2026-01-21	82	3	0.99
2026-01-21	56	1	3.49
2026-01-21	109	0.467	2.59
2026-01-21	138	1.675	4.59
2026-01-21	162	1	1.19
2026-01-21	101	2.627	3
2026-01-21	134	0.521	14.75
2026-01-21	73	2	1.49
2026-01-21	94	0.989	2.85
2026-01-21	118	0.155	4
2026-01-21	153	1	1.99
2026-01-21	154	1	1.99
2026-01-21	215	1	2.79
2026-01-21	165	0.918	5
2026-01-21	146	0.347	14.39
2026-01-21	167	1	1.59
2026-01-21	81	3	1.25
2026-01-21	83	2.464	2.39
2026-01-21	44	2.006	1.75
2026-01-21	55	2	2.99
2026-01-21	98	1.017	2.3
2026-01-21	9	4	0.85
2026-01-21	113	0.021	4.25
2026-01-21	76	6	0.79
2026-01-21	49	1	3
2026-01-21	61	1	1.89
2026-01-21	80	1	2.99
2026-01-21	186	1	2.25
2026-01-21	65	2	1.45
2026-01-21	66	2	1.59
2026-01-21	71	1	1.99
2026-01-21	187	0.547	5.45
2026-01-21	12	2.92	2.25
2026-01-21	208	3	0.95
2026-01-21	49	1	3
2026-01-21	55	1	2.99
2026-01-21	189	1	3.15
2026-01-21	89	15.937	0.79
2026-01-21	91	8.536	0.69
2026-01-21	122	0.057	2.99
2026-01-21	124	7.174	1.55
2026-01-21	121	7.574	1.29
2026-01-21	76	1	0.79
2026-01-21	125	3	2.35
2026-01-21	35	1	1.35
2026-01-21	218	5	1.39
2026-01-21	18	9.126	1.35
2026-01-21	97	0.229	1.75
2026-01-21	127	4	2.49
2026-01-21	27	1	2.59
2026-01-21	128	1	2.25
2026-01-21	95	2.126	2.39
2026-01-21	58	1.313	2.49
2026-01-21	107	2.538	1.99
2026-01-21	43	7.056	1.79
2026-01-21	167	3	1.59
2026-01-21	106	5.191	1.99
2026-01-21	175	1	1.59
2026-01-21	4	4	1.05
2026-01-21	24	1.151	1.19
2026-01-21	148	0.194	5.99
2026-01-21	165	1.4	5
2026-01-21	50	1	3
2026-01-21	249	1	2.29
2026-01-21	207	1	1.29
2026-01-21	31	0.397	5.69
2026-01-21	89	4.367	0.79
2026-01-21	187	1.547	5.45
2026-01-21	87	1	1.39
2026-01-21	91	5.507	0.69
2026-01-21	166	2	2.45
2026-01-21	52	2.242	0.99
2026-01-21	38	4.222	1.89
2026-01-21	41	3.141	1.85
2026-01-21	139	0.248	14.95
2026-01-21	114	2.911	4.5
2026-01-21	121	5.76	1.29
2026-01-21	42	5.892	1.39
2026-01-21	88	1.539	2.19
2026-01-21	26	0.269	1.19
2026-01-21	78	7	1.09
2026-01-21	189	2	3.15
2026-01-21	226	2	1.35
2026-01-21	144	0.33	5.39
2026-01-21	94	3.147	2.85
2026-01-21	91	5.855	0.69
2026-01-21	136	0.235	12.95
2026-01-21	55	1	2.99
2026-01-21	194	4.367	2.75
2026-01-21	190	1	3.15
2026-01-21	59	0.088	4
2026-01-21	1	1	1.5
2026-01-21	76	4	0.79
2026-01-21	166	1	2.45
2026-01-21	8	1	2.25
2026-01-21	93	1	3
2026-01-21	56	1	3.49
2026-01-21	178	0.562	3.29
2026-01-21	190	2	3.15
2026-01-21	152	1	1.75
2026-01-21	194	1.484	2.75
2026-01-22	39	0.486	3.99
2026-01-22	38	1.317	1.89
2026-01-22	105	1.726	1.75
2026-01-22	21	1	0.99
2026-01-22	226	2	1.35
2026-01-22	166	5	2.45
2026-01-22	93	1	3
2026-01-22	137	0.201	18.75
2026-01-22	14	0.411	0.95
2026-01-22	19	1	2.5
2026-01-22	117	0.532	2.5
2026-01-22	162	1	1.19
2026-01-22	222	1	2.75
2026-01-22	175	1	1.59
2026-01-22	75	1	1.59
2026-01-22	81	1	1.25
2026-01-22	190	2	3.15
2026-01-22	211	2	1.15
2026-01-22	70	3	1.49
2026-01-22	101	1.363	3
2026-01-22	185	2	1.99
2026-01-22	106	0.719	1.99
2026-01-22	81	1	1.25
2026-01-22	44	1.309	1.75
2026-01-22	68	1	1.99
2026-01-22	102	0.252	1.75
2026-01-22	44	1.64	1.75
2026-01-22	139	0.262	14.95
2026-01-22	61	1	1.89
2026-01-22	59	0.093	4
2026-01-22	195	1	2.25
2026-01-22	190	1	3.15
2026-01-22	78	4	1.09
2026-01-22	66	3	1.59
2026-01-22	198	7.185	1.19
2026-01-22	93	4	3
2026-01-22	93	1	3
2026-01-22	101	1.657	3
2026-01-22	24	1.21	1.19
2026-01-22	88	1.731	2.19
2026-01-22	95	0.544	2.39
2026-01-22	8	1	2.25
2026-01-22	187	0.996	5.45
2026-01-22	54	1	2.59
2026-01-22	136	0.202	12.95
2026-01-22	48	1	1.99
2026-01-22	57	2	1.35
2026-01-22	98	1.074	2.3
2026-01-22	138	1.725	4.59
2026-01-22	82	5	0.99
2026-01-22	30	1	1.89
2026-01-22	18	7.933	1.35
2026-01-22	124	5.097	1.55
2026-01-22	209	2	1.19
2026-01-22	41	1.276	1.85
2026-01-22	52	7.333	0.99
2026-01-22	44	3.331	1.75
2026-01-22	55	2	2.99
2026-01-22	74	1	2.35
2026-01-22	93	5	3
2026-01-22	121	7.465	1.29
2026-01-22	11	1.972	3.95
2026-01-22	216	1	2.79
2026-01-22	78	3	1.09
2026-01-22	28	1	2.85
2026-01-22	197	1.058	2.25
2026-01-22	91	7	0.69
2026-01-22	142	0.35	6.95
2026-01-22	165	0.222	5
2026-01-22	43	1.866	1.79
2026-01-22	50	1	3
2026-01-22	61	1	1.89
2026-01-22	193	4	2.5
2026-01-22	219	2	0.99
2026-01-22	140	0.259	12.95
2026-01-22	112	2.008	2.59
2026-01-22	178	0.593	3.29
2026-01-22	153	1	1.99
2026-01-22	48	1	1.99
2026-01-22	30	3	1.89
2026-01-22	124	1.29	1.55
2026-01-22	118	0.165	4
2026-01-22	55	1	2.99
2026-01-22	81	3	1.25
2026-01-22	62	1	1.85
2026-01-22	28	1	2.85
2026-01-22	167	4	1.59
2026-01-22	249	1	2.29
2026-01-22	148	0.204	5.99
2026-01-22	134	0.167	14.75
2026-01-22	125	2	2.35
2026-01-22	121	4.597	1.29
2026-01-22	76	14	0.79
2026-01-22	71	1	1.99
2026-01-22	189	2	3.15
2026-01-22	11	0.448	3.95
2026-01-22	94	3.477	2.85
2026-01-22	197	2.778	2.25
2026-01-22	109	0.494	2.59
2026-01-22	122	0.06	2.99
2026-01-22	158	1	2.29
2026-01-22	124	2.594	1.55
2026-01-22	145	0.167	22.95
2026-01-22	144	0.349	5.39
2026-01-22	121	3.38	1.29
2026-01-22	89	8.342	0.79
2026-01-22	80	1	2.99
2026-01-22	9	4	0.85
2026-01-22	72	4	0.95
2026-01-22	27	1	2.59
2026-01-22	146	0.081	14.39
2026-01-22	75	3	1.59
2026-01-22	208	3	0.95
2026-01-22	195	5	2.25
2026-01-22	130	4	1.89
2026-01-22	215	1	2.79
2026-01-22	189	1	3.15
2026-01-22	213	1	2.85
2026-01-22	23	3	1.25
2026-01-22	140	0.182	12.95
2026-01-22	69	6	1.25
2026-01-22	207	2	1.29
2026-01-22	201	0.713	1.95
2026-01-22	46	0.323	3
2026-01-22	3	1	1.45
2026-01-22	93	4	3
2026-01-22	141	0.151	11.89
2026-01-22	146	0.159	14.39
2026-01-22	107	0.889	1.99
2026-01-22	89	10.051	0.79
2026-01-22	8	1	2.25
2026-01-22	199	2.895	2.19
2026-01-22	107	1.784	1.99
2026-01-22	155	1	0.85
2026-01-22	185	1	1.99
2026-01-22	38	0.37	1.89
2026-01-22	84	3	1.59
2026-01-22	85	1	1.49
2026-01-22	224	1	0.99
2026-01-22	108	0.2	2.35
2026-01-22	38	4.312	1.89
2026-01-22	47	0.287	3
2026-01-22	43	2.028	1.79
2026-01-22	18	1.696	1.35
2026-01-22	40	2	1.99
2026-01-22	127	4	2.49
2026-01-22	79	4	1.55
2026-01-22	114	0.233	4.5
2026-01-22	54	2	2.59
2026-01-22	43	3.905	1.79
2026-01-22	52	12.616	0.99
2026-01-22	124	2.432	1.55
2026-01-22	91	14	0.69
2026-01-22	43	2.112	1.79
2026-01-22	12	3.084	2.25
2026-01-22	1	1	1.5
2026-01-22	56	1	3.49
2026-01-22	121	7.357	1.29
2026-01-22	26	0.277	1.19
2026-01-22	100	0.409	2.69
2026-01-22	113	0.021	4.25
2026-01-22	194	1.789	2.75
2026-01-22	87	3	1.39
2026-01-22	16	1.36	1.25
2026-01-22	99	1.284	2.99
2026-01-22	196	2	3.15
2026-01-22	136	0.046	12.95
2026-01-22	211	1	1.15
2026-01-22	213	1	2.85
2026-01-22	33	5.27	1.59
2026-01-22	135	0.188	12.95
2026-01-22	49	1	3
2026-01-22	106	5.015	1.99
2026-01-22	152	1	1.75
2026-01-22	121	6.295	1.29
2026-01-22	41	4.2	1.85
2026-01-22	125	1	2.35
2026-01-22	4	5	1.05
2026-01-22	248	0.008	10.95
2026-01-22	94	1.189	2.85
2026-01-22	114	1.598	4.5
2026-01-22	44	4.4	1.75
2026-01-22	165	1.412	5
2026-01-22	196	1	3.15
2026-01-22	197	1.902	2.25
2026-01-22	187	1.677	5.45
2026-01-22	83	2.598	2.39
2026-01-22	103	1.288	2.19
2026-01-22	114	1.68	4.5
2026-01-22	128	1	2.25
2026-01-22	28	4	2.85
2026-01-22	95	4.259	2.39
2026-01-22	146	0.673	14.39
2026-01-22	31	0.409	5.69
2026-01-22	42	4.237	1.39
2026-01-22	96	0.94	2.5
2026-01-22	135	0.208	12.95
2026-01-22	35	1	1.35
2026-01-22	53	1	2.59
2026-01-22	227	1	1.69
2026-01-22	186	1	2.25
2026-01-22	206	1	1.95
2026-01-22	111	2.617	1.75
2026-01-22	190	4	3.15
2026-01-22	194	2.495	2.75
2026-01-22	84	1	1.59
2026-01-22	114	3.202	4.5
2026-01-22	218	5	1.39
2026-01-22	194	1.771	2.75
2026-01-22	149	0.365	4.99
2026-01-22	101	2.133	3
2026-01-22	55	1	2.99
2026-01-22	89	2.911	0.79
2026-01-22	92	6.472	0.89
2026-01-22	154	1	1.99
2026-01-22	56	3	3.49
2026-01-22	60	1	2.75
2026-01-22	190	1	3.15
2026-01-22	250	0.28	2.39
2026-01-22	165	0.812	5
2026-01-22	49	1	3
2026-01-22	214	1	2.79
2026-01-22	77	2	2.35
2026-01-22	58	1.386	2.49
2026-01-22	39	2.095	3.99
2026-01-22	65	2	1.45
2026-01-22	194	1.451	2.75
2026-01-22	84	2	1.59
2026-01-22	137	0.196	18.75
2026-01-22	97	0.24	1.75
2026-01-22	42	1.978	1.39
2026-01-22	73	2	1.49
2026-01-22	89	6.089	0.79
2026-01-22	17	1	1.69
2026-01-22	134	0.383	14.75
2026-01-23	140	0.261	12.95
2026-01-23	70	3	1.49
2026-01-23	189	1	3.15
2026-01-23	9	2	0.85
2026-01-23	125	3	2.35
2026-01-23	166	1	2.45
2026-01-23	102	0.303	1.75
2026-01-23	198	0.731	1.19
2026-01-23	101	3.303	3
2026-01-23	146	0.174	14.39
2026-01-23	28	2	2.85
2026-01-23	152	1	1.75
2026-01-23	138	0.743	4.59
2026-01-23	207	2	1.29
2026-01-23	166	2	2.45
2026-01-23	58	1.679	2.49
2026-01-23	206	1	1.95
2026-01-23	12	1.373	2.25
2026-01-23	130	1	1.89
2026-01-23	196	4	3.15
2026-01-23	89	10.278	0.79
2026-01-23	205	1	3.65
2026-01-23	249	1	2.29
2026-01-23	187	2.281	5.45
2026-01-23	195	1	2.25
2026-01-23	55	1	2.99
2026-01-23	114	3.211	4.5
2026-01-23	215	1	2.79
2026-01-23	94	2.867	2.85
2026-01-23	198	5	1.19
2026-01-23	211	3	1.15
2026-01-23	26	0.336	1.19
2026-01-23	96	1.216	2.5
2026-01-23	87	4	1.39
2026-01-23	50	1	3
2026-01-23	30	2	1.89
2026-01-23	56	1	3.49
2026-01-23	195	5	2.25
2026-01-23	162	1	1.19
2026-01-23	54	1	2.59
2026-01-23	43	4.978	1.79
2026-01-23	187	0.363	5.45
2026-01-23	175	1	1.59
2026-01-23	54	2	2.59
2026-01-23	122	0.07	2.99
2026-01-23	101	1.107	3
2026-01-23	130	4	1.89
2026-01-23	16	1.64	1.25
2026-01-23	127	4	2.49
2026-01-23	19	1	2.5
2026-01-23	56	1	3.49
2026-01-23	84	4	1.59
2026-01-23	39	0.246	3.99
2026-01-23	213	2	2.85
2026-01-23	28	1	2.85
2026-01-23	118	0.198	4
2026-01-23	52	14.051	0.99
2026-01-23	93	4	3
2026-01-23	209	2	1.19
2026-01-23	117	0.644	2.5
2026-01-23	121	1.922	1.29
2026-01-23	226	2	1.35
2026-01-23	40	1	1.99
2026-01-23	55	3	2.99
2026-01-23	149	0.441	4.99
2026-01-23	153	1	1.99
2026-01-23	62	1	1.85
2026-01-23	139	0.317	14.95
2026-01-23	18	1.326	1.35
2026-01-23	165	1.08	5
2026-01-23	76	19	0.79
2026-01-23	65	2	1.45
2026-01-23	28	2	2.85
2026-01-23	56	2	3.49
2026-01-23	103	1.557	2.19
2026-01-23	124	9.387	1.55
2026-01-23	38	2.249	1.89
2026-01-23	75	4	1.59
2026-01-23	81	1	1.25
2026-01-23	127	1	2.49
2026-01-23	28	2	2.85
2026-01-23	3	1	1.45
2026-01-23	44	4.977	1.75
2026-01-23	125	1	2.35
2026-01-23	1	1	1.5
2026-01-23	41	6.632	1.85
2026-01-23	61	2	1.89
2026-01-23	21	1	0.99
2026-01-23	71	2	1.99
2026-01-23	52	4.545	0.99
2026-01-23	52	5.535	0.99
2026-01-23	198	2.975	1.19
2026-01-23	46	0.39	3
2026-01-23	95	3.435	2.39
2026-01-23	80	1	2.99
2026-01-23	89	13.266	0.79
2026-01-23	186	1	2.25
2026-01-23	95	2.381	2.39
2026-01-23	190	2	3.15
2026-01-23	213	1	2.85
2026-01-23	165	0.966	5
2026-01-23	49	1	3
2026-01-23	167	1	1.59
2026-01-23	105	2.086	1.75
2026-01-23	193	2	2.5
2026-01-23	194	4.756	2.75
2026-01-23	193	3	2.5
2026-01-23	106	2.683	1.99
2026-01-23	227	1	1.69
2026-01-23	93	2	3
2026-01-23	219	2	0.99
2026-01-23	57	2	1.35
2026-01-23	66	3	1.59
2026-01-23	134	0.233	14.75
2026-01-23	17	1	1.69
2026-01-23	47	0.35	3
2026-01-23	199	1.671	2.19
2026-01-23	145	0.095	22.95
2026-01-23	108	0.247	2.35
2026-01-23	214	1	2.79
2026-01-23	101	1.827	3
2026-01-23	167	3	1.59
2026-01-23	85	1	1.49
2026-01-23	185	3	1.99
2026-01-23	121	8.225	1.29
2026-01-23	140	0.278	12.95
2026-01-23	18	10.333	1.35
2026-01-23	85	1	1.49
2026-01-23	146	0.641	14.39
2026-01-23	134	0.432	14.75
2026-01-23	53	1	2.59
2026-01-23	136	0.3	12.95
2026-01-23	24	1.471	1.19
2026-01-23	107	1.146	1.99
2026-01-23	56	1	3.49
2026-01-23	114	2.791	4.5
2026-01-23	31	0.548	5.69
2026-01-23	83	3.146	2.39
2026-01-23	68	1	1.99
2026-01-23	38	5.021	1.89
2026-01-23	121	10.264	1.29
2026-01-23	30	2	1.89
2026-01-23	94	2.446	2.85
2026-01-23	79	5	1.55
2026-01-23	187	0.593	5.45
2026-01-23	35	1	1.35
2026-01-23	23	4	1.25
2026-01-23	190	3	3.15
2026-01-23	216	1	2.79
2026-01-23	77	2	2.35
2026-01-23	59	0.113	4
2026-01-23	124	4.432	1.55
2026-01-23	218	6	1.39
2026-01-23	167	1	1.59
2026-01-23	93	2	3
2026-01-23	33	6.384	1.59
2026-01-23	199	1.831	2.19
2026-01-23	88	2.096	2.19
2026-01-23	195	1	2.25
2026-01-23	97	0.291	1.75
2026-01-23	158	2	2.29
2026-01-23	73	3	1.49
2026-01-23	121	4.907	1.29
2026-01-23	197	3.578	2.25
2026-01-23	91	21.391	0.69
2026-01-23	44	2.646	1.75
2026-01-23	144	0.421	5.39
2026-01-23	214	1	2.79
2026-01-23	81	5	1.25
2026-01-23	93	2	3
2026-01-23	137	0.482	18.75
2026-01-23	44	5.303	1.75
2026-01-23	190	2	3.15
2026-01-23	4	6	1.05
2026-01-23	82	6	0.99
2026-01-23	39	2.88	3.99
2026-01-23	225	1	1.65
2026-01-23	135	0.48	12.95
2026-01-23	189	3	3.15
2026-01-23	107	2.095	1.99
2026-01-23	121	4.876	1.29
2026-01-23	40	2	1.99
2026-01-23	42	2.324	1.39
2026-01-23	91	4.029	0.69
2026-01-23	100	0.494	2.69
2026-01-23	53	1	2.59
2026-01-23	93	1	3
2026-01-23	48	1	1.99
2026-01-23	74	1	2.35
2026-01-23	89	9.62	0.79
2026-01-23	114	1.693	4.5
2026-01-23	98	1.3	2.3
2026-01-23	141	0.183	11.89
2026-01-23	128	1	2.25
2026-01-23	250	0.339	2.39
2026-01-23	154	1	1.99
2026-01-23	60	1	2.75
2026-01-23	121	4.806	1.29
2026-01-23	201	0.862	1.95
2026-01-23	109	0.598	2.59
2026-01-23	208	3	0.95
2026-01-23	93	5	3
2026-01-23	27	1	2.59
2026-01-23	197	3.364	2.25
2026-01-23	145	0.107	22.95
2026-01-23	114	0.431	4.5
2026-01-23	222	1	2.75
2026-01-23	11	2.929	3.95
2026-01-23	69	7	1.25
2026-01-23	224	1	0.99
2026-01-23	178	0.72	3.29
2026-01-23	93	2	3
2026-01-23	155	1	0.85
2026-01-23	72	5	0.95
2026-01-23	142	0.423	6.95
2026-01-23	113	0.026	4.25
2026-01-23	99	1.555	2.99
2026-01-23	146	0.289	14.39
2026-01-23	111	3.166	1.75
2026-01-23	166	3	2.45
2026-01-23	8	1	2.25
2026-01-23	94	0.498	2.85
2026-01-23	112	2.429	2.59
2026-01-23	42	5.201	1.39
2026-01-23	138	1.399	4.59
2026-01-23	190	1	3.15
2026-01-23	148	0.247	5.99
2026-01-23	248	0.01	10.95
2026-01-23	78	9	1.09
2026-01-23	190	1	3.15
2026-01-23	194	4.327	2.75
2026-01-23	84	3	1.59
2026-01-23	43	2.709	1.79
2026-01-23	43	4.318	1.79
2026-01-23	12	2.36	2.25
2026-01-23	165	0.916	5
2026-01-23	106	4.256	1.99
2026-01-23	92	7.843	0.89
2026-01-24	141	0.215	11.89
2026-01-24	193	2	2.5
2026-01-24	121	8.705	1.29
2026-01-24	95	1.527	2.39
2026-01-24	98	1.317	2.3
2026-01-24	205	1	3.65
2026-01-24	47	0.41	3
2026-01-24	209	1	1.19
2026-01-24	44	5.903	1.75
2026-01-24	99	0.689	2.99
2026-01-24	1	1	1.5
2026-01-24	55	3	2.99
2026-01-24	127	1	2.49
2026-01-24	249	1	2.29
2026-01-24	134	0.053	14.75
2026-01-24	197	4.551	2.25
2026-01-24	54	1	2.59
2026-01-24	52	15.03	0.99
2026-01-24	78	10	1.09
2026-01-24	33	3.755	1.59
2026-01-24	145	0.237	22.95
2026-01-24	165	1.132	5
2026-01-24	66	4	1.59
2026-01-24	69	3	1.25
2026-01-24	75	5	1.59
2026-01-24	38	2.238	1.89
2026-01-24	83	0.828	2.39
2026-01-24	196	1	3.15
2026-01-24	121	2.465	1.29
2026-01-24	194	2.28	2.75
2026-01-24	19	1	2.5
2026-01-24	26	0.395	1.19
2026-01-24	43	7.637	1.79
2026-01-24	35	2	1.35
2026-01-24	225	1	1.65
2026-01-24	28	3	2.85
2026-01-24	33	3.736	1.59
2026-01-24	9	3	0.85
2026-01-24	201	1.015	1.95
2026-01-24	39	3.406	3.99
2026-01-24	148	0.29	5.99
2026-01-24	96	1.52	2.5
2026-01-24	81	6	1.25
2026-01-24	194	1.684	2.75
2026-01-24	135	0.563	12.95
2026-01-24	222	1	2.75
2026-01-24	62	1	1.85
2026-01-24	153	1	1.99
2026-01-24	218	3	1.39
2026-01-24	21	1	0.99
2026-01-24	59	0.13	4
2026-01-24	227	1	1.69
2026-01-24	122	0.084	2.99
2026-01-24	44	2.646	1.75
2026-01-24	11	0.856	3.95
2026-01-24	82	5	0.99
2026-01-24	101	1.817	3
2026-01-24	165	1.92	5
2026-01-24	137	0.565	18.75
2026-01-24	216	1	2.79
2026-01-24	23	4	1.25
2026-01-24	196	1	3.15
2026-01-24	152	1	1.75
2026-01-24	48	1	1.99
2026-01-24	149	0.519	4.99
2026-01-24	93	2	3
2026-01-24	18	10.03	1.35
2026-01-24	197	2.249	2.25
2026-01-24	99	1.137	2.99
2026-01-24	215	1	2.79
2026-01-24	3	1	1.45
2026-01-24	195	3	2.25
2026-01-24	162	1	1.19
2026-01-24	42	8.835	1.39
2026-01-24	198	10.218	1.19
2026-01-24	121	4.24	1.29
2026-01-24	158	2	2.29
2026-01-24	178	0.845	3.29
2026-01-24	206	1	1.95
2026-01-24	79	2	1.55
2026-01-24	124	3.929	1.55
2026-01-24	130	3	1.89
2026-01-24	197	1.351	2.25
2026-01-24	124	7.142	1.55
2026-01-24	41	3.973	1.85
2026-01-24	60	1	2.75
2026-01-24	74	1	2.35
2026-01-24	85	2	1.49
2026-01-24	106	4.869	1.99
2026-01-24	93	1	3
2026-01-24	65	1	1.45
2026-01-24	208	4	0.95
2026-01-24	250	0.397	2.39
2026-01-24	138	0.795	4.59
2026-01-24	216	1	2.79
2026-01-24	101	4.31	3
2026-01-24	175	1	1.59
2026-01-24	89	3.38	0.79
2026-01-24	30	3	1.89
2026-01-24	112	2.066	2.59
2026-01-24	49	1	3
2026-01-24	186	1	2.25
2026-01-24	68	1	1.99
2026-01-24	207	2	1.29
2026-01-24	125	1	2.35
2026-01-24	189	4	3.15
2026-01-24	69	2	1.25
2026-01-24	187	1.64	5.45
2026-01-24	50	1	3
2026-01-24	121	8.178	1.29
2026-01-24	91	11.942	0.69
2026-01-24	79	4	1.55
2026-01-24	190	2	3.15
2026-01-24	43	0.341	1.79
2026-01-24	193	2	2.5
2026-01-24	142	0.496	6.95
2026-01-24	93	1	3
2026-01-24	71	1	1.99
2026-01-24	76	9	0.79
2026-01-24	190	1	3.15
2026-01-24	50	1	3
2026-01-24	165	0.424	5
2026-01-24	193	2	2.5
2026-01-24	114	1.913	4.5
2026-01-24	189	1	3.15
2026-01-24	31	0.438	5.69
2026-01-24	121	2.093	1.29
2026-01-24	89	11.633	0.79
2026-01-24	144	0.495	5.39
2026-01-24	11	2.582	3.95
2026-01-24	73	3	1.49
2026-01-24	190	3	3.15
2026-01-24	185	3	1.99
2026-01-24	68	1	1.99
2026-01-24	224	1	0.99
2026-01-24	117	0.756	2.5
2026-01-24	93	2	3
2026-01-24	103	1.772	2.19
2026-01-24	58	1.968	2.49
2026-01-24	101	1.083	3
2026-01-24	52	2.687	0.99
2026-01-24	114	1.093	4.5
2026-01-24	92	6.326	0.89
2026-01-24	194	3.225	2.75
2026-01-24	105	2.446	1.75
2026-01-24	100	0.58	2.69
2026-01-24	155	1	0.85
2026-01-24	190	1	3.15
2026-01-24	93	5	3
2026-01-24	114	2.182	4.5
2026-01-24	71	1	1.99
2026-01-24	27	1	2.59
2026-01-24	77	2	2.35
2026-01-24	93	4	3
2026-01-24	27	1	2.59
2026-01-24	89	9.937	0.79
2026-01-24	72	5	0.95
2026-01-24	4	7	1.05
2026-01-24	38	1.847	1.89
2026-01-24	69	1	1.25
2026-01-24	55	2	2.99
2026-01-24	248	0.012	10.95
2026-01-24	53	1	2.59
2026-01-24	108	0.289	2.35
2026-01-24	52	10.616	0.99
2026-01-24	107	1.859	1.99
2026-01-24	107	1.94	1.99
2026-01-24	128	1	2.25
2026-01-24	199	3.16	2.19
2026-01-24	8	1	2.25
2026-01-24	196	2	3.15
2026-01-24	92	2.876	0.89
2026-01-24	227	1	1.69
2026-01-24	87	4	1.39
2026-01-24	40	1	1.99
2026-01-24	190	2	3.15
2026-01-24	95	1.987	2.39
2026-01-24	43	6.112	1.79
2026-01-24	56	1	3.49
2026-01-24	166	3	2.45
2026-01-24	167	5	1.59
2026-01-24	121	5.969	1.29
2026-01-24	214	1	2.79
2026-01-24	61	2	1.89
2026-01-24	111	0.64	1.75
2026-01-24	69	3	1.25
2026-01-24	134	0.728	14.75
2026-01-24	136	0.353	12.95
2026-01-24	89	0.823	0.79
2026-01-24	121	7.853	1.29
2026-01-24	83	2.862	2.39
2026-01-24	88	2.461	2.19
2026-01-24	146	0.582	14.39
2026-01-24	70	4	1.49
2026-01-24	213	3	2.85
2026-01-24	30	2	1.89
2026-01-24	236	1	2.95
2026-01-24	121	1.845	1.29
2026-01-24	140	0.357	12.95
2026-01-24	53	1	2.59
2026-01-24	93	1	3
2026-01-24	71	1	1.99
2026-01-24	93	2	3
2026-01-24	114	2.956	4.5
2026-01-24	94	2.049	2.85
2026-01-24	16	1.928	1.25
2026-01-24	112	0.788	2.59
2026-01-24	166	4	2.45
2026-01-24	106	3.276	1.99
2026-01-24	219	2	0.99
2026-01-24	72	1	0.95
2026-01-24	124	2.535	1.55
2026-01-24	102	0.36	1.75
2026-01-24	199	0.954	2.19
2026-01-24	17	1	1.69
2026-01-24	187	1.007	5.45
2026-01-24	139	0.372	14.95
2026-01-24	77	1	2.35
2026-01-24	209	2	1.19
2026-01-24	8	1	2.25
2026-01-24	226	1	1.35
2026-01-24	113	0.031	4.25
2026-01-24	89	4.481	0.79
2026-01-24	12	4.387	2.25
2026-01-24	93	2	3
2026-01-24	154	1	1.99
2026-01-24	195	5	2.25
2026-01-24	39	0.263	3.99
2026-01-24	118	0.233	4
2026-01-24	38	2.582	1.89
2026-01-24	196	1	3.15
2026-01-24	138	1.632	4.59
2026-01-24	97	0.343	1.75
2026-01-24	80	1	2.99
2026-01-24	44	6.629	1.75
2026-01-24	18	3.659	1.35
2026-01-24	46	0.457	3
2026-01-24	158	1	2.29
2026-01-24	84	8	1.59
2026-01-24	111	3.074	1.75
2026-01-24	56	3	3.49
2026-01-24	194	2.218	2.75
2026-01-24	190	2	3.15
2026-01-24	194	1.258	2.75
2026-01-24	133	1	1.49
2026-01-24	109	0.703	2.59
2026-01-24	41	3.811	1.85
2026-01-24	91	1.623	0.69
2026-01-24	93	1	3
2026-01-24	82	3	0.99
2026-01-24	27	1	2.59
2026-01-24	94	0.979	2.85
2026-01-24	89	8.671	0.79
2026-01-24	91	16.275	0.69
2026-01-24	140	0.276	12.95
2026-01-24	114	1.396	4.5
2026-01-24	185	1	1.99
2026-01-24	130	2	1.89
2026-01-24	31	0.207	5.69
2026-01-24	57	2	1.35
2026-01-24	76	12	0.79
2026-01-24	127	5	2.49
2026-01-24	28	5	2.85
2026-01-24	125	4	2.35
2026-01-24	187	1.15	5.45
2026-01-24	24	1.723	1.19
2026-01-24	94	3.796	2.85
2026-01-24	95	1.628	2.39
2026-01-24	146	0.715	14.39
2026-01-24	211	4	1.15
2026-01-24	95	1.686	2.39
2026-01-24	38	1.862	1.89
2026-01-24	54	1	2.59
2026-01-24	56	1	3.49
2026-01-24	124	2.613	1.55
2026-01-26	213	2	2.85
2026-01-26	19	1	2.5
2026-01-26	76	13	0.79
2026-01-26	89	12.443	0.79
2026-01-26	94	4.046	2.85
2026-01-26	138	0.965	4.59
2026-01-26	127	1	2.49
2026-01-26	194	1.156	2.75
2026-01-26	162	1	1.19
2026-01-26	16	1.144	1.25
2026-01-26	209	1	1.19
2026-01-26	190	2	3.15
2026-01-26	198	1.706	1.19
2026-01-26	92	3.09	0.89
2026-01-26	88	1.461	2.19
2026-01-26	206	1	1.95
2026-01-26	101	0.907	3
2026-01-26	193	1	2.5
2026-01-26	52	4.232	0.99
2026-01-26	21	1	0.99
2026-01-26	193	3	2.5
2026-01-26	18	2.178	1.35
2026-01-26	40	2	1.99
2026-01-26	98	0.904	2.3
2026-01-26	195	2	2.25
2026-01-26	55	1	2.99
2026-01-26	130	3	1.89
2026-01-26	142	0.294	6.95
2026-01-26	91	9.391	0.69
2026-01-26	89	7.342	0.79
2026-01-26	121	6.202	1.29
2026-01-26	31	0.381	5.69
2026-01-26	48	1	1.99
2026-01-26	81	3	1.25
2026-01-26	166	3	2.45
2026-01-26	101	2.75	3
2026-01-26	153	1	1.99
2026-01-26	38	1.222	1.89
2026-01-26	70	2	1.49
2026-01-26	137	0.251	18.75
2026-01-26	50	1	3
2026-01-26	65	2	1.45
2026-01-26	30	3	1.89
2026-01-26	118	0.138	4
2026-01-26	111	2.2	1.75
2026-01-26	27	1	2.59
2026-01-26	43	3.408	1.79
2026-01-26	9	1	0.85
2026-01-26	47	0.243	3
2026-01-26	139	0.22	14.95
2026-01-26	93	1	3
2026-01-26	24	1.025	1.19
2026-01-26	99	1.08	2.99
2026-01-26	41	4.611	1.85
2026-01-26	194	2.295	2.75
2026-01-26	93	3	3
2026-01-26	140	0.175	12.95
2026-01-26	71	1	1.99
2026-01-26	71	1	1.99
2026-01-26	125	1	2.35
2026-01-26	93	2	3
2026-01-26	190	1	3.15
2026-01-26	89	3.278	0.79
2026-01-26	165	1.046	5
2026-01-26	26	0.235	1.19
2026-01-26	185	2	1.99
2026-01-26	69	5	1.25
2026-01-26	55	2	2.99
2026-01-26	190	1	3.15
2026-01-26	187	1.321	5.45
2026-01-26	28	1	2.85
2026-01-26	84	2	1.59
2026-01-26	54	2	2.59
2026-01-26	219	2	0.99
2026-01-26	167	2	1.59
2026-01-26	100	0.346	2.69
2026-01-26	187	0.928	5.45
2026-01-26	57	1	1.35
2026-01-26	1	1	1.5
2026-01-26	59	0.078	4
2026-01-26	52	4.273	0.99
2026-01-26	138	0.525	4.59
2026-01-26	197	4.4	2.25
2026-01-26	236	1	2.95
2026-01-26	222	1	2.75
2026-01-26	194	2.869	2.75
2026-01-26	44	0.886	1.75
2026-01-26	117	0.448	2.5
2026-01-26	39	2.175	3.99
2026-01-26	107	2.256	1.99
2026-01-26	248	0.007	10.95
2026-01-26	121	8.659	1.29
2026-01-26	208	2	0.95
2026-01-26	148	0.172	5.99
2026-01-26	105	1.451	1.75
2026-01-26	144	0.293	5.39
2026-01-26	58	1.169	2.49
2026-01-26	175	1	1.59
2026-01-26	125	2	2.35
2026-01-26	108	0.17	2.35
2026-01-26	201	0.6	1.95
2026-01-26	121	3.07	1.29
2026-01-26	249	1	2.29
2026-01-26	18	3.17	1.35
2026-01-26	114	1.098	4.5
2026-01-26	74	1	2.35
2026-01-26	38	3.836	1.89
2026-01-26	56	3	3.49
2026-01-26	20	1	0.99
2026-01-26	205	1	3.65
2026-01-26	77	1	2.35
2026-01-26	152	1	1.75
2026-01-26	122	0.05	2.99
2026-01-26	43	4.944	1.79
2026-01-26	101	0.683	3
2026-01-26	114	1.293	4.5
2026-01-26	199	2.438	2.19
2026-01-26	97	0.206	1.75
2026-01-26	91	8.29	0.69
2026-01-26	82	4	0.99
2026-01-26	124	3.471	1.55
2026-01-26	81	1	1.25
2026-01-26	35	1	1.35
2026-01-26	250	0.234	2.39
2026-01-26	44	2.674	1.75
2026-01-26	61	1	1.89
2026-01-26	106	4.603	1.99
2026-01-26	109	0.417	2.59
2026-01-26	12	2.596	2.25
2026-01-26	141	0.128	11.89
2026-01-26	62	1	1.85
2026-01-26	158	1	2.29
2026-01-26	96	0.9	2.5
2026-01-26	75	2	1.59
2026-01-26	83	1.548	2.39
2026-01-26	216	1	2.79
2026-01-26	93	3	3
2026-01-26	103	1.082	2.19
2026-01-26	227	1	1.69
2026-01-26	196	3	3.15
2026-01-26	42	5.237	1.39
2026-01-26	72	3	0.95
2026-01-26	75	1	1.59
2026-01-26	211	2	1.15
2026-01-26	224	1	0.99
2026-01-26	149	0.307	4.99
2026-01-26	113	0.019	4.25
2026-01-26	66	2	1.59
2026-01-26	137	0.084	18.75
2026-01-26	87	3	1.39
2026-01-26	134	0.248	14.75
2026-01-26	23	1	1.25
2026-01-26	77	1	2.35
2026-01-26	33	4.314	1.59
2026-01-26	79	4	1.55
2026-01-26	134	0.215	14.75
2026-01-26	92	2.36	0.89
2026-01-26	28	4	2.85
2026-01-26	135	0.334	12.95
2026-01-26	214	1	2.79
2026-01-26	189	1	3.15
2026-01-26	225	1	1.65
2026-01-26	49	1	3
2026-01-26	226	1	1.35
2026-01-26	53	1	2.59
2026-01-26	215	1	2.79
2026-01-26	209	1	1.19
2026-01-26	68	1	1.99
2026-01-26	80	1	2.99
2026-01-26	158	1	2.29
2026-01-26	178	0.502	3.29
2026-01-26	95	2.456	2.39
2026-01-26	27	1	2.59
2026-01-26	226	1	1.35
2026-01-26	60	1	2.75
2026-01-26	3	1	1.45
2026-01-26	8	1	2.25
2026-01-26	102	0.212	1.75
2026-01-26	95	1.59	2.39
2026-01-26	127	1	2.49
2026-01-26	146	0.545	14.39
2026-01-26	140	0.199	12.95
2026-01-26	198	4.042	1.19
2026-01-26	17	1	1.69
2026-01-26	11	2.038	3.95
2026-01-26	121	6.574	1.29
2026-01-26	154	1	1.99
2026-01-26	44	5.434	1.75
2026-01-26	18	2.763	1.35
2026-01-26	124	6.142	1.55
2026-01-26	48	1	1.99
2026-01-26	85	1	1.49
2026-01-26	218	4	1.39
2026-01-26	136	0.209	12.95
2026-01-26	197	0.431	2.25
2026-01-26	146	0.224	14.39
2026-01-26	195	2	2.25
2026-01-26	195	1	2.25
2026-01-26	114	3.262	4.5
2026-01-26	78	6	1.09
2026-01-26	4	4	1.05
2026-01-26	167	1	1.59
2026-01-26	190	2	3.15
2026-01-26	165	1.014	5
2026-01-26	207	1	1.29
2026-01-26	166	1	2.45
2026-01-26	83	0.636	2.39
2026-01-26	145	0.141	22.95
2026-01-26	46	0.27	3
2026-01-26	112	1.691	2.59
2026-01-26	133	1	1.49
2026-01-26	189	2	3.15
2026-01-26	93	4	3
2026-01-26	127	2	2.49
2026-01-26	73	2	1.49
2026-01-26	84	3	1.59
2026-01-26	128	1	2.25
2026-01-26	23	2	1.25
2026-01-26	155	1	0.85
2026-01-26	52	8.283	0.99
2026-01-26	186	1	2.25
2026-01-27	93	3	3
2026-01-27	250	0.251	2.39
2026-01-27	194	4.145	2.75
2026-01-27	31	0.404	5.69
2026-01-27	54	1	2.59
2026-01-27	227	1	1.69
2026-01-27	85	1	1.49
2026-01-27	54	1	2.59
2026-01-27	209	2	1.19
2026-01-27	4	3	1.05
2026-01-27	195	2	2.25
2026-01-27	48	1	1.99
2026-01-27	111	0.56	1.75
2026-01-27	148	0.182	5.99
2026-01-27	23	3	1.25
2026-01-27	194	2.567	2.75
2026-01-27	69	2	1.25
2026-01-27	82	4	0.99
2026-01-27	65	2	1.45
2026-01-27	189	1	3.15
2026-01-27	55	1	2.99
2026-01-27	27	1	2.59
2026-01-27	106	1.09	1.99
2026-01-27	57	1	1.35
2026-01-27	44	2.503	1.75
2026-01-27	185	2	1.99
2026-01-27	130	3	1.89
2026-01-27	165	0.556	5
2026-01-27	166	2	2.45
2026-01-27	146	0.548	14.39
2026-01-27	197	3.907	2.25
2026-01-27	215	1	2.79
2026-01-27	78	3	1.09
2026-01-27	8	1	2.25
2026-01-27	114	2.347	4.5
2026-01-27	190	1	3.15
2026-01-27	146	0.268	14.39
2026-01-27	154	1	1.99
2026-01-27	216	1	2.79
2026-01-27	128	1	2.25
2026-01-27	207	1	1.29
2026-01-27	96	0.96	2.5
2026-01-27	135	0.354	12.95
2026-01-27	98	0.961	2.3
2026-01-27	42	5.561	1.39
2026-01-27	94	3.207	2.85
2026-01-27	186	1	2.25
2026-01-27	28	1	2.85
2026-01-27	21	1	0.99
2026-01-27	197	1.222	2.25
2026-01-27	157	1	3.55
2026-01-27	61	1	1.89
2026-01-27	47	0.257	3
2026-01-27	91	3.899	0.69
2026-01-27	140	0.163	12.95
2026-01-27	106	4.035	1.99
2026-01-27	91	14.884	0.69
2026-01-27	149	0.327	4.99
2026-01-27	46	0.29	3
2026-01-27	121	7.039	1.29
2026-01-27	125	3	2.35
2026-01-27	40	2	1.99
2026-01-27	114	0.529	4.5
2026-01-27	178	0.532	3.29
2026-01-27	249	1	2.29
2026-01-27	62	1	1.85
2026-01-27	140	0.236	12.95
2026-01-27	137	0.356	18.75
2026-01-27	89	12.506	0.79
2026-01-27	38	5.37	1.89
2026-01-27	190	1	3.15
2026-01-27	9	3	0.85
2026-01-27	80	1	2.99
2026-01-27	81	3	1.25
2026-01-27	143	1	2.99
2026-01-27	175	1	1.59
2026-01-27	76	3	0.79
2026-01-27	127	2	2.49
2026-01-27	16	1.216	1.25
2026-01-27	93	3	3
2026-01-27	127	1	2.49
2026-01-27	89	12	0.79
2026-01-27	207	1	1.29
2026-01-27	101	2.723	3
2026-01-27	103	1.146	2.19
2026-01-27	201	0.641	1.95
2026-01-27	248	0.007	10.95
2026-01-27	12	2.76	2.25
2026-01-27	95	4.247	2.39
2026-01-27	39	2.311	3.99
2026-01-27	57	1	1.35
2026-01-27	118	0.148	4
2026-01-27	30	1	1.89
2026-01-27	199	2.589	2.19
2026-01-27	30	2	1.89
2026-01-27	166	2	2.45
2026-01-27	93	1	3
2026-01-27	18	8.615	1.35
2026-01-27	167	3	1.59
2026-01-27	83	2.326	2.39
2026-01-27	53	1	2.59
2026-01-27	208	3	0.95
2026-01-27	190	1	3.15
2026-01-27	124	7.574	1.55
2026-01-27	190	4	3.15
2026-01-27	142	0.312	6.95
2026-01-27	84	5	1.59
2026-01-27	93	1	3
2026-01-27	219	2	0.99
2026-01-27	113	0.021	4.25
2026-01-27	204	1	3.09
2026-01-27	78	3	1.09
2026-01-27	117	0.476	2.5
2026-01-27	141	0.135	11.89
2026-01-27	97	0.217	1.75
2026-01-27	75	3	1.59
2026-01-27	94	0.726	2.85
2026-01-27	111	1.777	1.75
2026-01-27	33	4.717	1.59
2026-01-27	66	1	1.59
2026-01-27	49	1	3
2026-01-27	77	2	2.35
2026-01-27	74	1	2.35
2026-01-27	109	0.444	2.59
2026-01-27	28	4	2.85
2026-01-27	133	1	1.49
2026-01-27	198	6.429	1.19
2026-01-27	27	1	2.59
2026-01-27	93	2	3
2026-01-27	193	1	2.5
2026-01-27	121	3.008	1.29
2026-01-27	139	0.234	14.95
2026-01-27	236	1	2.95
2026-01-27	145	0.149	22.95
2026-01-27	48	1	1.99
2026-01-27	226	2	1.35
2026-01-27	218	4	1.39
2026-01-27	66	1	1.59
2026-01-27	127	1	2.49
2026-01-27	211	2	1.15
2026-01-27	1	1	1.5
2026-01-27	35	1	1.35
2026-01-27	102	0.225	1.75
2026-01-27	121	6.674	1.29
2026-01-27	108	0.183	2.35
2026-01-27	11	2.165	3.95
2026-01-27	162	1	1.19
2026-01-27	187	1.917	5.45
2026-01-27	73	2	1.49
2026-01-27	124	2.142	1.55
2026-01-27	165	1.632	5
2026-01-27	58	1.241	2.49
2026-01-27	50	1	3
2026-01-27	187	0.475	5.45
2026-01-27	72	3	0.95
2026-01-27	193	3	2.5
2026-01-27	43	2.073	1.79
2026-01-27	70	2	1.49
2026-01-27	224	1	0.99
2026-01-27	124	0.497	1.55
2026-01-27	52	13.778	0.99
2026-01-27	88	1.553	2.19
2026-01-27	101	1.887	3
2026-01-27	121	4.977	1.29
2026-01-27	114	3.131	4.5
2026-01-27	3	1	1.45
2026-01-27	71	1	1.99
2026-01-27	43	1.313	1.79
2026-01-27	218	1	1.39
2026-01-27	107	1.628	1.99
2026-01-27	41	4.903	1.85
2026-01-27	196	2	3.15
2026-01-27	56	2	3.49
2026-01-27	20	1	0.99
2026-01-27	94	0.365	2.85
2026-01-27	26	0.252	1.19
2026-01-27	55	2	2.99
2026-01-27	138	1.582	4.59
2026-01-27	213	2	2.85
2026-01-27	189	2	3.15
2026-01-27	155	1	0.85
2026-01-27	19	1	2.5
2026-01-27	105	1.543	1.75
2026-01-27	107	0.764	1.99
2026-01-27	121	4.333	1.29
2026-01-27	56	1	3.49
2026-01-27	122	0.054	2.99
2026-01-27	76	10	0.79
2026-01-27	100	0.364	2.69
2026-01-27	136	0.222	12.95
2026-01-27	195	3	2.25
2026-01-27	44	1.989	1.75
2026-01-27	152	1	1.75
2026-01-27	158	1	2.29
2026-01-27	205	1	3.65
2026-01-27	79	4	1.55
2026-01-27	99	1.151	2.99
2026-01-27	68	1	1.99
2026-01-27	81	1	1.25
2026-01-27	225	1	1.65
2026-01-27	17	1	1.69
2026-01-27	52	4.061	0.99
2026-01-27	60	1	2.75
2026-01-27	44	5.063	1.75
2026-01-27	112	1.795	2.59
2026-01-27	71	1	1.99
2026-01-27	24	1.084	1.19
2026-01-27	196	1	3.15
2026-01-27	144	0.312	5.39
2026-01-27	93	4	3
2026-01-27	158	1	2.29
2026-01-27	59	0.083	4
2026-01-27	87	3	1.39
2026-01-27	206	1	1.95
2026-01-27	4	1	1.05
2026-01-27	214	1	2.79
2026-01-27	92	5.517	0.89
2026-01-27	69	3	1.25
2026-01-27	134	0.187	14.75
2026-01-27	43	5.48	1.79
2026-01-27	134	0.304	14.75
2026-01-27	222	1	2.75
2026-01-27	153	1	1.99
2026-01-28	95	0.69	2.39
2026-01-28	49	1	3
2026-01-28	207	1	1.29
2026-01-28	117	0.504	2.5
2026-01-28	81	2	1.25
2026-01-28	154	1	1.99
2026-01-28	50	1	3
2026-01-28	215	1	2.79
2026-01-28	54	1	2.59
2026-01-28	74	1	2.35
2026-01-28	19	1	2.5
2026-01-28	41	2.903	1.85
2026-01-28	43	6.553	1.79
2026-01-28	202	1	3.15
2026-01-28	65	2	1.45
2026-01-28	91	15.768	0.69
2026-01-28	52	8.273	0.99
2026-01-28	124	1.374	1.55
2026-01-28	113	0.021	4.25
2026-01-28	92	2.506	0.89
2026-01-28	106	2.658	1.99
2026-01-28	39	2.231	3.99
2026-01-28	170	1	1.29
2026-01-28	136	0.235	12.95
2026-01-28	57	2	1.35
2026-01-28	87	3	1.39
2026-01-28	185	1	1.99
2026-01-28	44	3.966	1.75
2026-01-28	30	2	1.89
2026-01-28	222	1	2.75
2026-01-28	141	0.144	11.89
2026-01-28	3	1	1.45
2026-01-28	203	1	2.89
2026-01-28	96	1.016	2.5
2026-01-28	38	2.217	1.89
2026-01-28	142	0.331	6.95
2026-01-28	55	1	2.99
2026-01-28	94	1.53	2.85
2026-01-28	82	2	0.99
2026-01-28	101	1.06	3
2026-01-28	122	0.057	2.99
2026-01-28	101	2.277	3
2026-01-28	8	1	2.25
2026-01-28	137	0.141	18.75
2026-01-28	143	1	2.99
2026-01-28	93	4	3
2026-01-28	190	1	3.15
2026-01-28	135	0.376	12.95
2026-01-28	73	2	1.49
2026-01-28	106	1.382	1.99
2026-01-28	186	1	2.25
2026-01-28	175	1	1.59
2026-01-28	118	0.155	4
2026-01-28	167	1	1.59
2026-01-28	56	3	3.49
2026-01-28	61	1	1.89
2026-01-28	155	1	0.85
2026-01-28	18	9.126	1.35
2026-01-28	40	2	1.99
2026-01-28	111	2.48	1.75
2026-01-28	81	2	1.25
2026-01-28	53	1	2.59
2026-01-28	78	1	1.09
2026-01-28	27	1	2.59
2026-01-28	23	3	1.25
2026-01-28	166	1	2.45
2026-01-28	189	3	3.15
2026-01-28	231	1	1.39
2026-01-28	12	1.849	2.25
2026-01-28	159	1	1.8
2026-01-28	248	0.008	10.95
2026-01-28	190	4	3.15
2026-01-28	58	1.313	2.49
2026-01-28	47	0.273	3
2026-01-28	208	4	0.95
2026-01-28	9	2	0.85
2026-01-28	93	4	3
2026-01-28	198	5.076	1.19
2026-01-28	138	0.353	4.59
2026-01-28	66	1	1.59
2026-01-28	166	2	2.45
2026-01-28	95	3.858	2.39
2026-01-28	102	0.238	1.75
2026-01-28	114	1.66	4.5
2026-01-28	219	2	0.99
2026-01-28	48	1	1.99
2026-01-28	114	0.709	4.5
2026-01-28	185	2	1.99
2026-01-28	146	0.072	14.39
2026-01-28	26	0.269	1.19
2026-01-28	66	2	1.59
2026-01-28	12	1.071	2.25
2026-01-28	195	3	2.25
2026-01-28	35	1	1.35
2026-01-28	197	0.702	2.25
2026-01-28	114	2.96	4.5
2026-01-28	158	2	2.29
2026-01-28	38	1.497	1.89
2026-01-28	214	1	2.79
2026-01-28	134	0.521	14.75
2026-01-28	224	1	0.99
2026-01-28	153	1	1.99
2026-01-28	88	1.639	2.19
2026-01-28	103	1.215	2.19
2026-01-28	146	0.793	14.39
2026-01-28	107	1.005	1.99
2026-01-28	178	0.562	3.29
2026-01-28	33	4.956	1.59
2026-01-28	101	1.547	3
2026-01-28	76	15	0.79
2026-01-28	72	4	0.95
2026-01-28	93	1	3
2026-01-28	11	1.463	3.95
2026-01-28	121	10.271	1.29
2026-01-28	41	2.286	1.85
2026-01-28	78	6	1.09
2026-01-28	121	9.992	1.29
2026-01-28	127	4	2.49
2026-01-28	145	0.158	22.95
2026-01-28	89	7.114	0.79
2026-01-28	77	2	2.35
2026-01-28	112	1.903	2.59
2026-01-28	148	0.194	5.99
2026-01-28	16	1.288	1.25
2026-01-28	59	0.088	4
2026-01-28	79	4	1.55
2026-01-28	92	3.629	0.89
2026-01-28	20	1	0.99
2026-01-28	1	1	1.5
2026-01-28	91	4.13	0.69
2026-01-28	121	5.031	1.29
2026-01-28	52	10.626	0.99
2026-01-28	83	2.464	2.39
2026-01-28	4	4	1.05
2026-01-28	216	1	2.79
2026-01-28	149	0.347	4.99
2026-01-28	75	3	1.59
2026-01-28	125	1	2.35
2026-01-28	165	1.668	5
2026-01-28	39	0.216	3.99
2026-01-28	166	2	2.45
2026-01-28	114	0.384	4.5
2026-01-28	207	1	1.29
2026-01-28	130	1	1.89
2026-01-28	109	0.467	2.59
2026-01-28	82	1	0.99
2026-01-28	139	0.248	14.95
2026-01-28	198	1.731	1.19
2026-01-28	152	1	1.75
2026-01-28	206	1	1.95
2026-01-28	71	2	1.99
2026-01-28	94	1.354	2.85
2026-01-28	56	1	3.49
2026-01-28	54	1	2.59
2026-01-28	128	1	2.25
2026-01-28	162	1	1.19
2026-01-28	114	0.644	4.5
2026-01-28	38	1.974	1.89
2026-01-28	144	0.33	5.39
2026-01-28	8	1	2.25
2026-01-28	196	1	3.15
2026-01-28	137	0.235	18.75
2026-01-28	227	1	1.69
2026-01-28	194	4.378	2.75
2026-01-28	205	1	3.65
2026-01-28	124	7.052	1.55
2026-01-28	226	2	1.35
2026-01-28	250	0.264	2.39
2026-01-28	213	2	2.85
2026-01-28	106	1.387	1.99
2026-01-28	85	1	1.49
2026-01-28	140	0.422	12.95
2026-01-28	99	1.217	2.99
2026-01-28	138	1.322	4.59
2026-01-28	93	4	3
2026-01-28	97	0.229	1.75
2026-01-28	70	1	1.49
2026-01-28	187	1.917	5.45
2026-01-28	55	3	2.99
2026-01-28	121	2.271	1.29
2026-01-28	49	1	3
2026-01-28	48	1	1.99
2026-01-28	130	3	1.89
2026-01-28	30	1	1.89
2026-01-28	201	0.677	1.95
2026-01-28	93	1	3
2026-01-28	43	2.844	1.79
2026-01-28	196	2	3.15
2026-01-28	54	1	2.59
2026-01-28	236	1	2.95
2026-01-28	225	1	1.65
2026-01-28	31	0.431	5.69
2026-01-28	21	1	0.99
2026-01-28	89	18.848	0.79
2026-01-28	44	2.423	1.75
2026-01-28	70	2	1.49
2026-01-28	193	1	2.5
2026-01-28	211	2	1.15
2026-01-28	157	1	3.55
2026-01-28	62	1	1.85
2026-01-28	105	1.634	1.75
2026-01-28	124	2.387	1.55
2026-01-28	108	0.191	2.35
2026-01-28	193	2	2.5
2026-01-28	160	1	1.8
2026-01-28	46	0.307	3
2026-01-28	209	2	1.19
2026-01-28	165	0.65	5
2026-01-28	60	1	2.75
2026-01-28	24	1.151	1.19
2026-01-28	218	5	1.39
2026-01-28	195	2	2.25
2026-01-28	28	4	2.85
2026-01-28	133	1	1.49
2026-01-28	187	0.615	5.45
2026-01-28	17	1	1.69
2026-01-28	80	1	2.99
2026-01-28	107	1.528	1.99
2026-01-28	193	1	2.5
2026-01-28	199	2.744	2.19
2026-01-28	28	1	2.85
2026-01-28	94	1.67	2.85
2026-01-28	68	1	1.99
2026-01-28	27	1	2.59
2026-01-28	194	2.731	2.75
2026-01-28	190	2	3.15
2026-01-28	100	0.387	2.69
2026-01-28	125	2	2.35
2026-01-28	44	3.726	1.75
2026-01-28	42	5.892	1.39
2026-01-28	84	5	1.59
2026-01-28	61	1	1.89
2026-01-28	110	1	3
2026-01-28	69	6	1.25
2026-01-28	249	1	2.29
2026-01-28	167	3	1.59
2026-01-28	98	1.017	2.3
2026-01-28	11	0.83	3.95
2026-01-28	204	1	3.09
2026-01-28	197	4.729	2.25
2026-01-29	43	5.201	1.79
2026-01-29	224	1	0.99
2026-01-29	195	1	2.25
2026-01-29	96	1.072	2.5
2026-01-29	121	3.55	1.29
2026-01-29	165	0.14	5
2026-01-29	87	3	1.39
2026-01-29	94	3.768	2.85
2026-01-29	99	1.234	2.99
2026-01-29	57	2	1.35
2026-01-29	211	1	1.15
2026-01-29	155	1	0.85
2026-01-29	23	3	1.25
2026-01-29	159	1	1.8
2026-01-29	216	1	2.79
2026-01-29	125	3	2.35
2026-01-29	157	1	3.55
2026-01-29	74	1	2.35
2026-01-29	178	0.593	3.29
2026-01-29	226	2	1.35
2026-01-29	189	1	3.15
2026-01-29	49	1	3
2026-01-29	75	1	1.59
2026-01-29	54	2	2.59
2026-01-29	204	1	3.09
2026-01-29	231	1	1.39
2026-01-29	167	4	1.59
2026-01-29	113	0.021	4.25
2026-01-29	44	3.469	1.75
2026-01-29	218	3	1.39
2026-01-29	185	2	1.99
2026-01-29	190	2	3.15
2026-01-29	28	2	2.85
2026-01-29	247	1	1.99
2026-01-29	206	1	1.95
2026-01-29	213	1	2.85
2026-01-29	52	2.222	0.99
2026-01-29	142	0.35	6.95
2026-01-29	24	1.21	1.19
2026-01-29	75	2	1.59
2026-01-29	81	4	1.25
2026-01-29	48	1	1.99
2026-01-29	149	0.365	4.99
2026-01-29	62	1	1.85
2026-01-29	41	2.124	1.85
2026-01-29	60	1	2.75
2026-01-29	211	2	1.15
2026-01-29	190	3	3.15
2026-01-29	195	4	2.25
2026-01-29	49	1	3
2026-01-29	84	2	1.59
2026-01-29	110	1	3
2026-01-29	146	0.487	14.39
2026-01-29	221	1	2.35
2026-01-29	76	7	0.79
2026-01-29	81	1	1.25
2026-01-29	214	1	2.79
2026-01-29	227	1	1.69
2026-01-29	152	1	1.75
2026-01-29	209	2	1.19
2026-01-29	218	2	1.39
2026-01-29	158	2	2.29
2026-01-29	1	1	1.5
2026-01-29	20	1	0.99
2026-01-29	88	1.731	2.19
2026-01-29	17	1	1.69
2026-01-29	249	1	2.29
2026-01-29	114	1.849	4.5
2026-01-29	21	1	0.99
2026-01-29	162	1	1.19
2026-01-29	26	0.277	1.19
2026-01-29	194	5.389	2.75
2026-01-29	4	4	1.05
2026-01-29	82	5	0.99
2026-01-29	128	1	2.25
2026-01-29	166	4	2.45
2026-01-29	79	4	1.55
2026-01-29	52	9.434	0.99
2026-01-29	77	2	2.35
2026-01-29	92	1.584	0.89
2026-01-29	89	10.342	0.79
2026-01-29	124	8.084	1.55
2026-01-29	139	0.262	14.95
2026-01-29	61	1	1.89
2026-01-29	75	1	1.59
2026-01-29	28	1	2.85
2026-01-29	71	2	1.99
2026-01-29	114	1.067	4.5
2026-01-29	55	1	2.99
2026-01-29	196	2	3.15
2026-01-29	103	1.288	2.19
2026-01-29	97	0.24	1.75
2026-01-29	105	1.726	1.75
2026-01-29	165	2.306	5
2026-01-29	50	1	3
2026-01-29	121	4.76	1.29
2026-01-29	121	11.434	1.29
2026-01-29	31	0.453	5.69
2026-01-29	161	1	1.25
2026-01-29	197	4.067	2.25
2026-01-29	92	4.888	0.89
2026-01-29	93	4	3
2026-01-29	190	1	3.15
2026-01-29	140	0.445	12.95
2026-01-29	187	0.411	5.45
2026-01-29	112	2.008	2.59
2026-01-29	70	3	1.49
2026-01-29	202	1	3.15
2026-01-29	84	1	1.59
2026-01-29	154	1	1.99
2026-01-29	114	0.68	4.5
2026-01-29	201	0.713	1.95
2026-01-29	248	0.008	10.95
2026-01-29	124	1.471	1.55
2026-01-29	166	1	2.45
2026-01-29	58	1.386	2.49
2026-01-29	59	0.093	4
2026-01-29	198	3.143	1.19
2026-01-29	127	3	2.49
2026-01-29	215	1	2.79
2026-01-29	197	1.489	2.25
2026-01-29	83	2.598	2.39
2026-01-29	30	1	1.89
2026-01-29	145	0.167	22.95
2026-01-29	219	2	0.99
2026-01-29	27	1	2.59
2026-01-29	122	0.06	2.99
2026-01-29	43	4.715	1.79
2026-01-29	102	0.252	1.75
2026-01-29	236	1	2.95
2026-01-29	160	1	1.8
2026-01-29	127	1	2.49
2026-01-29	109	0.494	2.59
2026-01-29	41	3.351	1.85
2026-01-29	48	1	1.99
2026-01-29	44	0.68	1.75
2026-01-29	170	1	1.29
2026-01-29	56	1	3.49
2026-01-29	185	1	1.99
2026-01-29	200	1	2.25
2026-01-29	186	1	2.25
2026-01-29	95	0.803	2.39
2026-01-29	137	0.194	18.75
2026-01-29	213	1	2.85
2026-01-29	141	0.151	11.89
2026-01-29	100	0.409	2.69
2026-01-29	28	2	2.85
2026-01-29	53	1	2.59
2026-01-29	135	0.396	12.95
2026-01-29	108	0.2	2.35
2026-01-29	8	1	2.25
2026-01-29	189	2	3.15
2026-01-29	40	2	1.99
2026-01-29	44	4.029	1.75
2026-01-29	19	1	2.5
2026-01-29	46	0.323	3
2026-01-29	93	2	3
2026-01-29	38	4.021	1.89
2026-01-29	208	3	0.95
2026-01-29	35	1	1.35
2026-01-29	18	0.852	1.35
2026-01-29	30	3	1.89
2026-01-29	121	3.907	1.29
2026-01-29	190	2	3.15
2026-01-29	124	1.858	1.55
2026-01-29	56	3	3.49
2026-01-29	134	0.55	14.75
2026-01-29	138	0.508	4.59
2026-01-29	8	1	2.25
2026-01-29	3	1	1.45
2026-01-29	65	2	1.45
2026-01-29	54	1	2.59
2026-01-29	84	3	1.59
2026-01-29	12	3.084	2.25
2026-01-29	225	1	1.65
2026-01-29	91	3.507	0.69
2026-01-29	69	6	1.25
2026-01-29	93	4	3
2026-01-29	76	3	0.79
2026-01-29	175	1	1.59
2026-01-29	107	2.678	1.99
2026-01-29	187	0.435	5.45
2026-01-29	130	2	1.89
2026-01-29	198	4.05	1.19
2026-01-29	207	2	1.29
2026-01-29	114	2.169	4.5
2026-01-29	66	3	1.59
2026-01-29	93	2	3
2026-01-29	137	0.143	18.75
2026-01-29	195	1	2.25
2026-01-29	101	1.323	3
2026-01-29	199	0.279	2.19
2026-01-29	95	3.996	2.39
2026-01-29	137	0.059	18.75
2026-01-29	205	1	3.65
2026-01-29	73	2	1.49
2026-01-29	72	4	0.95
2026-01-29	76	4	0.79
2026-01-29	61	1	1.89
2026-01-29	89	11.291	0.79
2026-01-29	118	0.165	4
2026-01-29	250	0.28	2.39
2026-01-29	106	1.573	1.99
2026-01-29	80	1	2.99
2026-01-29	133	1	1.49
2026-01-29	222	1	2.75
2026-01-29	52	8.293	0.99
2026-01-29	68	1	1.99
2026-01-29	39	2.581	3.99
2026-01-29	16	1.36	1.25
2026-01-29	93	3	3
2026-01-29	18	8.778	1.35
2026-01-29	9	4	0.85
2026-01-29	98	1.074	2.3
2026-01-29	117	0.532	2.5
2026-01-29	4	1	1.05
2026-01-29	44	2.503	1.75
2026-01-29	203	1	2.89
2026-01-29	136	0.248	12.95
2026-01-29	138	1.261	4.59
2026-01-29	11	2.42	3.95
2026-01-29	199	2.616	2.19
2026-01-29	196	1	3.15
2026-01-29	101	1.087	3
2026-01-29	153	1	1.99
2026-01-29	94	1.039	2.85
2026-01-29	144	0.349	5.39
2026-01-29	28	1	2.85
2026-01-29	91	14.507	0.69
2026-01-29	91	2.986	0.69
2026-01-29	101	1.807	3
2026-01-29	106	4.161	1.99
2026-01-29	193	2	2.5
2026-01-29	89	5.759	0.79
2026-01-29	78	7	1.09
2026-01-29	111	2.617	1.75
2026-01-29	187	1.828	5.45
2026-01-29	143	1	2.99
2026-01-29	38	1.979	1.89
2026-01-29	194	2.116	2.75
2026-01-29	193	2	2.5
2026-01-29	121	5.442	1.29
2026-01-29	42	6.216	1.39
2026-01-29	33	5.27	1.59
2026-01-29	101	0.933	3
2026-01-29	114	0.9	4.5
2026-01-29	130	2	1.89
2026-01-29	85	1	1.49
2026-01-29	148	0.204	5.99
2026-01-29	146	0.425	14.39
2026-01-29	55	3	2.99
2026-01-29	47	0.287	3
2026-01-30	38	7.132	1.89
2026-01-30	102	0.303	1.75
2026-01-30	73	3	1.49
2026-01-30	218	3	1.39
2026-01-30	141	0.183	11.89
2026-01-30	95	3.987	2.39
2026-01-30	250	0.339	2.39
2026-01-30	166	1	2.45
2026-01-30	69	6	1.25
2026-01-30	130	1	1.89
2026-01-30	148	0.247	5.99
2026-01-30	200	1	2.25
2026-01-30	81	2	1.25
2026-01-30	199	0.776	2.19
2026-01-30	81	1	1.25
2026-01-30	146	0.518	14.39
2026-01-30	203	1	2.89
2026-01-30	11	0.757	3.95
2026-01-30	57	2	1.35
2026-01-30	106	6.276	1.99
2026-01-30	1	1	1.5
2026-01-30	17	1	1.69
2026-01-30	205	1	3.65
2026-01-30	93	3	3
2026-01-30	82	5	0.99
2026-01-30	167	3	1.59
2026-01-30	146	0.113	14.39
2026-01-30	186	1	2.25
2026-01-30	213	1	2.85
2026-01-30	44	5.263	1.75
2026-01-30	88	2.096	2.19
2026-01-30	99	1.555	2.99
2026-01-30	206	1	1.95
2026-01-30	55	1	2.99
2026-01-30	124	2.916	1.55
2026-01-30	83	3.146	2.39
2026-01-30	247	1	1.99
2026-01-30	121	8.829	1.29
2026-01-30	142	0.423	6.95
2026-01-30	55	2	2.99
2026-01-30	100	0.494	2.69
2026-01-30	132	1	1.25
2026-01-30	122	0.07	2.99
2026-01-30	75	2	1.59
2026-01-30	135	0.48	12.95
2026-01-30	117	0.644	2.5
2026-01-30	124	2.742	1.55
2026-01-30	136	0.3	12.95
2026-01-30	138	1.028	4.59
2026-01-30	94	3	2.85
2026-01-30	70	3	1.49
2026-01-30	78	9	1.09
2026-01-30	125	4	2.35
2026-01-30	143	1	2.99
2026-01-30	12	2.213	2.25
2026-01-30	207	2	1.29
2026-01-30	114	0.467	4.5
2026-01-30	204	1	3.09
2026-01-30	219	1	0.99
2026-01-30	56	3	3.49
2026-01-30	28	4	2.85
2026-01-30	84	7	1.59
2026-01-30	98	1.3	2.3
2026-01-30	89	12.899	0.79
2026-01-30	46	0.39	3
2026-01-30	220	1	2.75
2026-01-30	133	1	1.49
2026-01-30	127	1	2.49
2026-01-30	222	1	2.75
2026-01-30	197	0.604	2.25
2026-01-30	91	10.232	0.69
2026-01-30	94	2.811	2.85
2026-01-30	185	3	1.99
2026-01-30	128	1	2.25
2026-01-30	211	3	1.15
2026-01-30	165	1.662	5
2026-01-30	39	3.125	3.99
2026-01-30	101	0.687	3
2026-01-30	42	5.223	1.39
2026-01-30	224	1	0.99
2026-01-30	23	4	1.25
2026-01-30	72	3	0.95
2026-01-30	187	1.418	5.45
2026-01-30	127	3	2.49
2026-01-30	93	3	3
2026-01-30	111	1.234	1.75
2026-01-30	58	1.679	2.49
2026-01-30	53	1	2.59
2026-01-30	195	1	2.25
2026-01-30	28	2	2.85
2026-01-30	12	1.52	2.25
2026-01-30	110	1	3
2026-01-30	221	1	2.35
2026-01-30	55	1	2.99
2026-01-30	231	1	1.39
2026-01-30	69	1	1.25
2026-01-30	249	1	2.29
2026-01-30	91	15.188	0.69
2026-01-30	18	6.126	1.35
2026-01-30	8	1	2.25
2026-01-30	52	4.717	0.99
2026-01-30	24	1.471	1.19
2026-01-30	4	6	1.05
2026-01-30	197	2.409	2.25
2026-01-30	42	2.23	1.39
2026-01-30	124	2.697	1.55
2026-01-30	248	0.01	10.95
2026-01-30	21	1	0.99
2026-01-30	134	0.665	14.75
2026-01-30	68	1	1.99
2026-01-30	198	8.706	1.19
2026-01-30	215	1	2.79
2026-01-30	75	2	1.59
2026-01-30	124	5.458	1.55
2026-01-30	166	1	2.45
2026-01-30	114	0.371	4.5
2026-01-30	109	0.598	2.59
2026-01-30	214	1	2.79
2026-01-30	48	1	1.99
2026-01-30	26	0.336	1.19
2026-01-30	28	1	2.85
2026-01-30	11	0.258	3.95
2026-01-30	106	0.663	1.99
2026-01-30	137	0.46	18.75
2026-01-30	101	2.483	3
2026-01-30	33	6.384	1.59
2026-01-30	19	1	2.5
2026-01-30	121	1.078	1.29
2026-01-30	157	1	3.55
2026-01-30	190	2	3.15
2026-01-30	140	0.539	12.95
2026-01-30	93	4	3
2026-01-30	121	2.357	1.29
2026-01-30	82	3	0.99
2026-01-30	118	0.198	4
2026-01-30	11	1.914	3.95
2026-01-30	236	1	2.95
2026-01-30	52	14.232	0.99
2026-01-30	54	2	2.59
2026-01-30	187	1.42	5.45
2026-01-30	59	0.113	4
2026-01-30	165	1.3	5
2026-01-30	47	0.35	3
2026-01-30	9	2	0.85
2026-01-30	152	1	1.75
2026-01-30	114	1.689	4.5
2026-01-30	189	4	3.15
2026-01-30	154	1	1.99
2026-01-30	193	5	2.5
2026-01-30	76	7	0.79
2026-01-30	92	3.202	0.89
2026-01-30	31	0.548	5.69
2026-01-30	159	1	1.8
2026-01-30	149	0.441	4.99
2026-01-30	85	1	1.49
2026-01-30	121	2.558	1.29
2026-01-30	214	1	2.79
2026-01-30	71	2	1.99
2026-01-30	155	1	0.85
2026-01-30	170	1	1.29
2026-01-30	114	1.853	4.5
2026-01-30	114	1.082	4.5
2026-01-30	35	1	1.35
2026-01-30	190	1	3.15
2026-01-30	130	4	1.89
2026-01-30	197	3.924	2.25
2026-01-30	107	3.241	1.99
2026-01-30	208	4	0.95
2026-01-30	162	1	1.19
2026-01-30	95	1.824	2.39
2026-01-30	30	4	1.89
2026-01-30	108	0.247	2.35
2026-01-30	43	8.296	1.79
2026-01-30	139	0.317	14.95
2026-01-30	103	1.557	2.19
2026-01-30	112	2.429	2.59
2026-01-30	77	2	2.35
2026-01-30	178	0.72	3.29
2026-01-30	201	0.862	1.95
2026-01-30	20	1	0.99
2026-01-30	3	1	1.45
2026-01-30	41	3.546	1.85
2026-01-30	44	6.291	1.75
2026-01-30	53	1	2.59
2026-01-30	40	1	1.99
2026-01-30	195	5	2.25
2026-01-30	16	1.64	1.25
2026-01-30	97	0.291	1.75
2026-01-30	202	1	3.15
2026-01-30	105	2.086	1.75
2026-01-30	213	2	2.85
2026-01-30	209	2	1.19
2026-01-30	121	2.302	1.29
2026-01-30	190	2	3.15
2026-01-30	81	3	1.25
2026-01-30	227	1	1.69
2026-01-30	127	1	2.49
2026-01-30	161	1	1.25
2026-01-30	114	2.664	4.5
2026-01-30	66	3	1.59
2026-01-30	199	2.726	2.19
2026-01-30	54	1	2.59
2026-01-30	61	2	1.89
2026-01-30	121	2.822	1.29
2026-01-30	79	5	1.55
2026-01-30	217	1	1.59
2026-01-30	194	1.233	2.75
2026-01-30	190	4	3.15
2026-01-30	52	5.182	0.99
2026-01-30	196	4	3.15
2026-01-30	56	1	3.49
2026-01-30	194	5.353	2.75
2026-01-30	43	3.709	1.79
2026-01-30	145	0.202	22.95
2026-01-30	40	2	1.99
2026-01-30	121	10.318	1.29
2026-01-30	195	1	2.25
2026-01-30	111	1.931	1.75
2026-01-30	194	2.498	2.75
2026-01-30	166	1	2.45
2026-01-30	65	2	1.45
2026-01-30	144	0.421	5.39
2026-01-30	153	1	1.99
2026-01-30	167	1	1.59
2026-01-30	92	4.64	0.89
2026-01-30	146	0.174	14.39
2026-01-30	49	1	3
2026-01-30	60	1	2.75
2026-01-30	101	3.07	3
2026-01-30	87	4	1.39
2026-01-30	187	0.396	5.45
2026-01-30	76	11	0.79
2026-01-30	113	0.026	4.25
2026-01-30	27	1	2.59
2026-01-30	74	1	2.35
2026-01-30	96	1.296	2.5
2026-01-30	138	1.111	4.59
2026-01-30	80	1	2.99
2026-01-30	56	1	3.49
2026-01-30	85	1	1.49
2026-01-30	89	12.671	0.79
2026-01-30	216	1	2.79
2026-01-30	50	1	3
2026-01-30	166	3	2.45
2026-01-30	146	0.3	14.39
2026-01-30	93	5	3
2026-01-30	44	1.371	1.75
2026-01-30	226	2	1.35
2026-01-30	225	1	1.65
2026-01-30	121	4.961	1.29
2026-01-30	218	3	1.39
2026-01-30	160	1	1.8
2026-01-30	93	3	3
2026-01-30	175	1	1.59
2026-01-30	18	5.533	1.35
2026-01-30	158	2	2.29
2026-01-30	89	7.595	0.79
2026-01-30	41	3.086	1.85
2026-01-30	62	1	1.85
2026-01-30	167	1	1.59
2026-01-31	146	0.954	14.39
2026-01-31	44	1.543	1.75
2026-01-31	18	5.43	1.35
2026-01-31	221	1	2.35
2026-01-31	125	3	2.35
2026-01-31	107	1.196	1.99
2026-01-31	91	8.783	0.69
2026-01-31	69	1	1.25
2026-01-31	84	3	1.59
2026-01-31	157	1	3.55
2026-01-31	50	1	3
2026-01-31	207	2	1.29
2026-01-31	134	0.409	14.75
2026-01-31	159	1	1.8
2026-01-31	54	2	2.59
2026-01-31	108	0.281	2.35
2026-01-31	208	4	0.95
2026-01-31	121	10.341	1.29
2026-01-31	59	0.133	4
2026-01-31	52	3.303	0.99
2026-01-31	114	1.707	4.5
2026-01-31	189	2	3.15
2026-01-31	190	3	3.15
2026-01-31	52	11.949	0.99
2026-01-31	107	0.693	1.99
2026-01-31	57	2	1.35
2026-01-31	79	6	1.55
2026-01-31	23	2	1.25
2026-01-31	220	1	2.75
2026-01-31	62	1	1.85
2026-01-31	30	4	1.89
2026-01-31	105	2.463	1.75
2026-01-31	227	1	1.69
2026-01-31	24	1.731	1.19
2026-01-31	139	0.095	14.95
2026-01-31	178	0.833	3.29
2026-01-31	143	1	2.99
2026-01-31	203	1	2.89
2026-01-31	93	4	3
2026-01-31	84	4	1.59
2026-01-31	162	1	1.19
2026-01-31	158	1	2.29
2026-01-31	77	1	2.35
2026-01-31	99	1.86	2.99
2026-01-31	71	1	1.99
2026-01-31	102	0.36	1.75
2026-01-31	211	4	1.15
2026-01-31	209	1	1.19
2026-01-31	166	4	2.45
2026-01-31	186	1	2.25
2026-01-31	142	0.486	6.95
2026-01-31	42	0.676	1.39
2026-01-31	92	4.528	0.89
2026-01-31	74	1	2.35
2026-01-31	43	2.291	1.79
2026-01-31	78	7	1.09
2026-01-31	103	1.831	2.19
2026-01-31	1	1	1.5
2026-01-31	55	1	2.99
2026-01-31	88	1.799	2.19
2026-01-31	118	0.238	4
2026-01-31	97	0.337	1.75
2026-01-31	114	0.951	4.5
2026-01-31	61	2	1.89
2026-01-31	27	1	2.59
2026-01-31	216	1	2.79
2026-01-31	93	4	3
2026-01-31	199	4.155	2.19
2026-01-31	100	0.584	2.69
2026-01-31	11	2.681	3.95
2026-01-31	218	4	1.39
2026-01-31	93	4	3
2026-01-31	145	0.235	22.95
2026-01-31	31	0.645	5.69
2026-01-31	127	1	2.49
2026-01-31	46	0.457	3
2026-01-31	149	0.523	4.99
2026-01-31	224	1	0.99
2026-01-31	93	1	3
2026-01-31	56	2	3.49
2026-01-31	88	0.635	2.19
2026-01-31	81	5	1.25
2026-01-31	121	4.333	1.29
2026-01-31	189	1	3.15
2026-01-31	155	2	0.85
2026-01-31	12	4.418	2.25
2026-01-31	41	2.751	1.85
2026-01-31	133	1	1.49
2026-01-31	94	4.018	2.85
2026-01-31	58	1.968	2.49
2026-01-31	56	3	3.49
2026-01-31	226	1	1.35
2026-01-31	153	1	1.99
2026-01-31	130	2	1.89
2026-01-31	190	1	3.15
2026-01-31	72	5	0.95
2026-01-31	197	4.702	2.25
2026-01-31	185	3	1.99
2026-01-31	122	0.074	2.99
2026-01-31	165	0.658	5
2026-01-31	41	5.049	1.85
2026-01-31	222	1	2.75
2026-01-31	167	5	1.59
2026-01-31	96	1.52	2.5
2026-01-31	154	1	1.99
2026-01-31	89	10.443	0.79
2026-01-31	195	2	2.25
2026-01-31	33	3.497	1.59
2026-01-31	44	4.743	1.75
2026-01-31	124	5.316	1.55
2026-01-31	66	4	1.59
2026-01-31	216	1	2.79
2026-01-31	144	0.486	5.39
2026-01-31	152	1	1.75
2026-01-31	4	7	1.05
2026-01-31	213	2	2.85
2026-01-31	106	2.799	1.99
2026-01-31	16	1.928	1.25
2026-01-31	70	3	1.49
2026-01-31	250	0.372	2.39
2026-01-31	91	11.014	0.69
2026-01-31	190	3	3.15
2026-01-31	44	0.691	1.75
2026-01-31	190	2	3.15
2026-01-31	165	0.816	5
2026-01-31	106	5.347	1.99
2026-01-31	39	2.065	3.99
2026-01-31	111	3.714	1.75
2026-01-31	165	0.886	5
2026-01-31	38	6.238	1.89
2026-01-31	75	5	1.59
2026-01-31	225	1	1.65
2026-01-31	44	8.309	1.75
2026-01-31	11	0.782	3.95
2026-01-31	206	1	1.95
2026-01-31	117	0.792	2.5
2026-01-31	124	2.471	1.55
2026-01-31	197	3.458	2.25
2026-01-31	194	1.571	2.75
2026-01-31	189	2	3.15
2026-01-31	194	0.993	2.75
2026-01-31	54	1	2.59
2026-01-31	223	1	2.15
2026-01-31	92	3.933	0.89
2026-01-31	109	0.699	2.59
2026-01-31	19	1	2.5
2026-01-31	236	1	2.95
2026-01-31	124	6.723	1.55
2026-01-31	83	1.075	2.39
2026-01-31	204	1	3.09
2026-01-31	248	0.009	10.95
2026-01-31	114	2.938	4.5
2026-01-31	170	1	1.29
2026-01-31	87	4	1.39
2026-01-31	112	2.564	2.59
2026-01-31	27	1	2.59
2026-01-31	70	1	1.49
2026-01-31	28	5	2.85
2026-01-31	23	2	1.25
2026-01-31	209	2	1.19
2026-01-31	140	0.636	12.95
2026-01-31	38	2.296	1.89
2026-01-31	249	1	2.29
2026-01-31	92	0.742	0.89
2026-01-31	158	1	2.29
2026-01-31	68	1	1.99
2026-01-31	95	1.18	2.39
2026-01-31	77	1	2.35
2026-01-31	194	1.331	2.75
2026-01-31	43	8.061	1.79
2026-01-31	39	1.281	3.99
2026-01-31	202	1	3.15
2026-01-31	39	0.321	3.99
2026-01-31	21	1	0.99
2026-01-31	89	4.962	0.79
2026-01-31	101	1.01	3
2026-01-31	49	1	3
2026-01-31	73	3	1.49
2026-01-31	114	0.653	4.5
2026-01-31	52	8.606	0.99
2026-01-31	132	1	1.25
2026-01-31	125	2	2.35
2026-01-31	95	4.008	2.39
2026-01-31	65	1	1.45
2026-01-31	35	2	1.35
2026-01-31	54	1	2.59
2026-01-31	71	2	1.99
2026-01-31	194	1.356	2.75
2026-01-31	101	3.477	3
2026-01-31	175	1	1.59
2026-01-31	42	8.223	1.39
2026-01-31	68	1	1.99
2026-01-31	213	1	2.85
2026-01-31	196	1	3.15
2026-01-31	160	1	1.8
2026-01-31	48	1	1.99
2026-01-31	190	2	3.15
2026-01-31	89	11.696	0.79
2026-01-31	85	2	1.49
2026-01-31	94	0.474	2.85
2026-01-31	138	2.51	4.59
2026-01-31	77	1	2.35
2026-01-31	214	2	2.79
2026-01-31	33	3.994	1.59
2026-01-31	247	1	1.99
2026-01-31	94	2.333	2.85
2026-01-31	196	2	3.15
2026-01-31	124	1.581	1.55
2026-01-31	137	0.324	18.75
2026-01-31	141	0.215	11.89
2026-01-31	187	0.594	5.45
2026-01-31	196	1	3.15
2026-01-31	76	4	0.79
2026-01-31	80	1	2.99
2026-01-31	227	1	1.69
2026-01-31	110	1	3
2026-01-31	93	4	3
2026-01-31	95	1.619	2.39
2026-01-31	26	0.445	1.19
2026-01-31	121	3.915	1.29
2026-01-31	76	17	0.79
2026-01-31	185	1	1.99
2026-01-31	219	3	0.99
2026-01-31	3	1	1.45
2026-01-31	114	1.427	4.5
2026-01-31	8	1	2.25
2026-01-31	137	0.242	18.75
2026-01-31	201	1.015	1.95
2026-01-31	53	2	2.59
2026-01-31	187	0.901	5.45
2026-01-31	198	5.916	1.19
2026-01-31	114	1.891	4.5
2026-01-31	82	5	0.99
2026-01-31	205	1	3.65
2026-01-31	112	0.317	2.59
2026-01-31	65	2	1.45
2026-01-31	69	6	1.25
2026-01-31	218	3	1.39
2026-01-31	30	1	1.89
2026-01-31	161	1	1.25
2026-01-31	113	0.038	4.25
2026-01-31	18	8.237	1.35
2026-01-31	217	1	1.59
2026-01-31	93	4	3
2026-01-31	195	4	2.25
2026-01-31	121	11.605	1.29
2026-01-31	81	1	1.25
2026-01-31	135	0.536	12.95
2026-01-31	50	1	3
2026-01-31	198	4.286	1.19
2026-01-31	82	2	0.99
2026-01-31	215	1	2.79
2026-01-31	194	4.302	2.75
2026-01-31	134	0.377	14.75
2026-01-31	43	3.777	1.79
2026-01-31	28	3	2.85
2026-01-31	47	0.4	3
2026-01-31	139	0.277	14.95
2026-01-31	136	0.354	12.95
2026-01-31	20	1	0.99
2026-01-31	84	1	1.59
2026-01-31	193	1	2.5
2026-01-31	128	1	2.25
2026-01-31	166	3	2.45
2026-01-31	194	1.105	2.75
2026-01-31	165	1.116	5
2026-01-31	158	1	2.29
2026-01-31	55	1	2.99
2026-01-31	83	2.611	2.39
2026-01-31	101	2.847	3
2026-01-31	78	3	1.09
2026-01-31	17	1	1.69
2026-01-31	200	1	2.25
2026-01-31	89	12.038	0.79
2026-01-31	52	4.556	0.99
2026-01-31	40	1	1.99
2026-01-31	9	4	0.85
2026-01-31	187	1.607	5.45
2026-01-31	130	3	1.89
2026-01-31	187	0.706	5.45
2026-01-31	196	1	3.15
2026-01-31	146	0.343	14.39
2026-01-31	148	0.294	5.99
2026-01-31	60	1	2.75
2026-01-31	91	10.203	0.69
2026-01-31	231	1	1.39
2026-01-31	107	1.91	1.99
2026-01-31	98	1.539	2.3
2026-01-31	121	11.411	1.29
2026-02-02	18	2.422	1.35
2026-02-02	111	2.331	1.75
2026-02-02	57	1	1.35
2026-02-02	248	0.007	10.95
2026-02-02	124	1.587	1.55
2026-02-02	134	0.25	14.75
2026-02-02	43	0.916	1.79
2026-02-02	130	1	1.89
2026-02-02	23	1	1.25
2026-02-02	195	1	2.25
2026-02-02	42	0.863	1.39
2026-02-02	72	2	0.95
2026-02-02	108	0.183	2.35
2026-02-02	187	1.483	5.45
2026-02-02	227	1	1.69
2026-02-02	44	3.874	1.75
2026-02-02	92	1.685	0.89
2026-02-02	93	4	3
2026-02-02	189	1	3.15
2026-02-02	96	0.948	2.5
2026-02-02	39	1.732	3.99
2026-02-02	127	1	2.49
2026-02-02	65	1	1.45
2026-02-02	219	2	0.99
2026-02-02	201	0.636	1.95
2026-02-02	76	10	0.79
2026-02-02	91	5.797	0.69
2026-02-02	185	2	1.99
2026-02-02	35	1	1.35
2026-02-02	48	1	1.99
2026-02-02	21	1	0.99
2026-02-02	28	1	2.85
2026-02-02	207	1	1.29
2026-02-02	89	12.671	0.79
2026-02-02	81	4	1.25
2026-02-02	140	0.397	12.95
2026-02-02	193	1	2.5
2026-02-02	52	8.03	0.99
2026-02-02	56	1	3.49
2026-02-02	52	9.758	0.99
2026-02-02	26	0.252	1.19
2026-02-02	27	1	2.59
2026-02-02	100	0.364	2.69
2026-02-02	53	1	2.59
2026-02-02	121	7.062	1.29
2026-02-02	209	2	1.19
2026-02-02	122	0.054	2.99
2026-02-02	93	3	3
2026-02-02	38	4.815	1.89
2026-02-02	94	1.186	2.85
2026-02-02	85	1	1.49
2026-02-02	121	2.364	1.29
2026-02-02	84	5	1.59
2026-02-02	145	0.149	22.95
2026-02-02	73	3	1.49
2026-02-02	12	1.289	2.25
2026-02-02	113	0.02	4.25
2026-02-02	83	2.318	2.39
2026-02-02	196	3	3.15
2026-02-02	158	1	2.29
2026-02-02	194	3.12	2.75
2026-02-02	33	4.704	1.59
2026-02-02	146	0.817	14.39
2026-02-02	23	2	1.25
2026-02-02	77	1	2.35
2026-02-02	24	1.084	1.19
2026-02-02	95	2.874	2.39
2026-02-02	213	2	2.85
2026-02-02	93	1	3
2026-02-02	138	0.669	4.59
2026-02-02	197	1.244	2.25
2026-02-02	12	1.267	2.25
2026-02-02	75	2	1.59
2026-02-02	214	1	2.79
2026-02-02	125	2	2.35
2026-02-02	91	9.101	0.69
2026-02-02	165	0.858	5
2026-02-02	42	4.683	1.39
2026-02-02	144	0.31	5.39
2026-02-02	27	1	2.59
2026-02-02	89	11.797	0.79
2026-02-02	127	3	2.49
2026-02-02	79	1	1.55
2026-02-02	4	4	1.05
2026-02-02	11	0.919	3.95
2026-02-02	139	0.235	14.95
2026-02-02	54	2	2.59
2026-02-02	121	1.636	1.29
2026-02-02	71	1	1.99
2026-02-02	148	0.182	5.99
2026-02-02	94	3.095	2.85
2026-02-02	48	1	1.99
2026-02-02	189	2	3.15
2026-02-02	61	1	1.89
2026-02-02	76	3	0.79
2026-02-02	28	1	2.85
2026-02-02	78	6	1.09
2026-02-02	142	0.311	6.95
2026-02-02	107	0.734	1.99
2026-02-02	101	0.907	3
2026-02-02	79	3	1.55
2026-02-02	112	1.795	2.59
2026-02-02	141	0.135	11.89
2026-02-02	114	2.816	4.5
2026-02-02	194	3.585	2.75
2026-02-02	28	1	2.85
2026-02-02	190	3	3.15
2026-02-02	121	3.651	1.29
2026-02-02	193	3	2.5
2026-02-02	155	2	0.85
2026-02-02	55	3	2.99
2026-02-02	69	5	1.25
2026-02-02	58	1.237	2.49
2026-02-02	118	0.148	4
2026-02-02	121	11.256	1.29
2026-02-02	226	2	1.35
2026-02-02	195	3	2.25
2026-02-02	71	1	1.99
2026-02-02	105	1.531	1.75
2026-02-02	91	3.855	0.69
2026-02-02	99	1.147	2.99
2026-02-02	114	1.027	4.5
2026-02-02	59	0.083	4
2026-02-02	38	0.534	1.89
2026-02-02	70	2	1.49
2026-02-02	40	2	1.99
2026-02-02	250	0.247	2.39
2026-02-02	47	0.257	3
2026-02-02	56	2	3.49
2026-02-02	57	1	1.35
2026-02-02	93	4	3
2026-02-02	41	3.449	1.85
2026-02-02	165	1.326	5
2026-02-02	166	1	2.45
2026-02-02	75	1	1.59
2026-02-02	114	2.084	4.5
2026-02-02	44	0.657	1.75
2026-02-02	158	1	2.29
2026-02-02	98	0.948	2.3
2026-02-02	87	3	1.39
2026-02-02	178	0.529	3.29
2026-02-02	109	0.44	2.59
2026-02-02	31	0.402	5.69
2026-02-02	190	1	3.15
2026-02-02	95	1.402	2.39
2026-02-02	207	1	1.29
2026-02-02	135	0.352	12.95
2026-02-02	137	0.355	18.75
2026-02-02	16	1.208	1.25
2026-02-02	103	1.146	2.19
2026-02-02	190	2	3.15
2026-02-02	136	0.222	12.95
2026-02-02	46	0.287	3
2026-02-02	197	1.373	2.25
2026-02-02	224	1	0.99
2026-02-02	117	0.476	2.5
2026-02-02	130	2	1.89
2026-02-02	92	4.079	0.89
2026-02-02	30	3	1.89
2026-02-02	166	3	2.45
2026-02-02	11	1.246	3.95
2026-02-02	211	2	1.15
2026-02-02	107	1.663	1.99
2026-02-02	102	0.223	1.75
2026-02-02	28	1	2.85
2026-02-02	93	1	3
2026-02-02	28	1	2.85
2026-02-02	43	7.927	1.79
2026-02-02	9	3	0.85
2026-02-02	101	1.723	3
2026-02-02	198	6.403	1.19
2026-02-02	149	0.327	4.99
2026-02-02	93	1	3
2026-02-02	66	2	1.59
2026-02-02	88	1.539	2.19
2026-02-02	39	0.571	3.99
2026-02-02	218	1	1.39
2026-02-02	101	1.967	3
2026-02-02	138	0.906	4.59
2026-02-02	106	5.111	1.99
2026-02-02	190	1	3.15
2026-02-02	82	4	0.99
2026-02-02	208	3	0.95
2026-02-02	124	8.606	1.55
2026-02-02	218	4	1.39
2026-02-02	41	1.443	1.85
2026-02-02	199	2.584	2.19
2026-02-02	44	5.006	1.75
2026-02-02	18	6.178	1.35
2026-02-02	97	0.217	1.75
2026-02-02	125	1	2.35
2026-02-02	134	0.24	14.75
2026-02-02	167	3	1.59
2026-02-02	197	2.484	2.25
2026-02-02	187	0.906	5.45
2026-02-03	135	0.374	12.95
2026-02-03	54	1	2.59
2026-02-03	49	1	3
2026-02-03	137	0.057	18.75
2026-02-03	105	1.629	1.75
2026-02-03	55	1	2.99
2026-02-03	96	1.008	2.5
2026-02-03	196	2	3.15
2026-02-03	112	1.907	2.59
2026-02-03	201	0.677	1.95
2026-02-03	78	7	1.09
2026-02-03	12	0.307	2.25
2026-02-03	194	1.531	2.75
2026-02-03	79	2	1.55
2026-02-03	162	1	1.19
2026-02-03	248	0.008	10.95
2026-02-03	197	0.462	2.25
2026-02-03	189	2	3.15
2026-02-03	28	1	2.85
2026-02-03	125	1	2.35
2026-02-03	52	3.162	0.99
2026-02-03	61	1	1.89
2026-02-03	42	5.892	1.39
2026-02-03	57	1	1.35
2026-02-03	21	1	0.99
2026-02-03	130	1	1.89
2026-02-03	48	1	1.99
2026-02-03	66	1	1.59
2026-02-03	58	1.313	2.49
2026-02-03	31	0.427	5.69
2026-02-03	35	1	1.35
2026-02-03	54	1	2.59
2026-02-03	196	1	3.15
2026-02-03	136	0.236	12.95
2026-02-03	93	2	3
2026-02-03	198	6.807	1.19
2026-02-03	178	0.562	3.29
2026-02-03	52	12.434	0.99
2026-02-03	38	5.683	1.89
2026-02-03	27	1	2.59
2026-02-03	18	2.185	1.35
2026-02-03	87	3	1.39
2026-02-03	84	3	1.59
2026-02-03	121	9.155	1.29
2026-02-03	53	1	2.59
2026-02-03	207	1	1.29
2026-02-03	165	2.32	5
2026-02-03	114	0.573	4.5
2026-02-03	108	0.191	2.35
2026-02-03	195	1	2.25
2026-02-03	81	2	1.25
2026-02-03	93	2	3
2026-02-03	166	1	2.45
2026-02-03	209	2	1.19
2026-02-03	97	0.229	1.75
2026-02-03	100	0.387	2.69
2026-02-03	55	1	2.99
2026-02-03	48	1	1.99
2026-02-03	214	1	2.79
2026-02-03	195	3	2.25
2026-02-03	54	1	2.59
2026-02-03	138	1.673	4.59
2026-02-03	185	1	1.99
2026-02-03	149	0.347	4.99
2026-02-03	91	10.464	0.69
2026-02-03	79	2	1.55
2026-02-03	93	4	3
2026-02-03	70	1	1.49
2026-02-03	148	0.194	5.99
2026-02-03	146	0.18	14.39
2026-02-03	190	1	3.15
2026-02-03	94	1.284	2.85
2026-02-03	218	5	1.39
2026-02-03	199	2.744	2.19
2026-02-03	127	4	2.49
2026-02-03	166	4	2.45
2026-02-03	195	1	2.25
2026-02-03	167	3	1.59
2026-02-03	30	3	1.89
2026-02-03	211	2	1.15
2026-02-03	89	17.266	0.79
2026-02-03	44	5.434	1.75
2026-02-03	146	0.602	14.39
2026-02-03	26	0.269	1.19
2026-02-03	158	1	2.29
2026-02-03	9	3	0.85
2026-02-03	121	8.364	1.29
2026-02-03	43	4.425	1.79
2026-02-03	11	2.213	3.95
2026-02-03	92	6.124	0.89
2026-02-03	43	2.598	1.79
2026-02-03	106	2.503	1.99
2026-02-03	84	2	1.59
2026-02-03	66	2	1.59
2026-02-03	76	7	0.79
2026-02-03	40	2	1.99
2026-02-03	224	1	0.99
2026-02-03	56	1	3.49
2026-02-03	197	1.427	2.25
2026-02-03	197	3.533	2.25
2026-02-03	190	1	3.15
2026-02-03	33	5	1.59
2026-02-03	4	4	1.05
2026-02-03	139	0.249	14.95
2026-02-03	101	2.78	3
2026-02-03	124	3.832	1.55
2026-02-03	111	2.48	1.75
2026-02-03	122	0.057	2.99
2026-02-03	145	0.159	22.95
2026-02-03	194	5.429	2.75
2026-02-03	56	2	3.49
2026-02-03	219	2	0.99
2026-02-03	190	1	3.15
2026-02-03	134	0.521	14.75
2026-02-03	167	1	1.59
2026-02-03	101	2.103	3
2026-02-03	190	3	3.15
2026-02-03	41	5.2	1.85
2026-02-03	107	2.543	1.99
2026-02-03	103	1.215	2.19
2026-02-03	43	1.346	1.79
2026-02-03	47	0.273	3
2026-02-03	114	0.853	4.5
2026-02-03	72	4	0.95
2026-02-03	85	1	1.49
2026-02-03	69	6	1.25
2026-02-03	73	3	1.49
2026-02-03	109	0.467	2.59
2026-02-03	46	0.307	3
2026-02-03	106	2.92	1.99
2026-02-03	95	0.594	2.39
2026-02-03	227	1	1.69
2026-02-03	142	0.331	6.95
2026-02-03	44	4.514	1.75
2026-02-03	18	4.733	1.35
2026-02-03	137	0.319	18.75
2026-02-03	82	4	0.99
2026-02-03	146	0.085	14.39
2026-02-03	113	0.021	4.25
2026-02-03	190	1	3.15
2026-02-03	141	0.144	11.89
2026-02-03	68	1	1.99
2026-02-03	250	0.264	2.39
2026-02-03	76	7	0.79
2026-02-03	56	1	3.49
2026-02-03	125	2	2.35
2026-02-03	94	2.421	2.85
2026-02-03	61	1	1.89
2026-02-03	55	2	2.99
2026-02-03	93	1	3
2026-02-03	39	0.857	3.99
2026-02-03	71	1	1.99
2026-02-03	95	3.946	2.39
2026-02-03	83	2.46	2.39
2026-02-03	65	2	1.45
2026-02-03	207	1	1.29
2026-02-03	208	3	0.95
2026-02-03	155	2	0.85
2026-02-03	226	2	1.35
2026-02-03	187	2.538	5.45
2026-02-03	28	4	2.85
2026-02-03	18	2.222	1.35
2026-02-03	75	3	1.59
2026-02-03	27	1	2.59
2026-02-03	121	0.512	1.29
2026-02-03	81	2	1.25
2026-02-03	89	8.747	0.79
2026-02-03	99	1.217	2.99
2026-02-03	91	8.986	0.69
2026-02-03	213	2	2.85
2026-02-03	88	1.635	2.19
2026-02-03	185	2	1.99
2026-02-03	98	1.004	2.3
2026-02-03	189	1	3.15
2026-02-03	124	3.006	1.55
2026-02-03	124	3.994	1.55
2026-02-03	43	1.028	1.79
2026-02-03	94	0.842	2.85
2026-02-03	59	0.088	4
2026-02-03	130	1	1.89
2026-02-03	121	9.558	1.29
2026-02-03	114	2.389	4.5
2026-02-03	23	3	1.25
2026-02-03	39	1.591	3.99
2026-02-03	24	1.151	1.19
2026-02-03	93	1	3
2026-02-03	102	0.24	1.75
2026-02-03	12	2.622	2.25
2026-02-03	52	3.303	0.99
2026-02-03	193	4	2.5
2026-02-03	117	0.504	2.5
2026-02-03	130	2	1.89
2026-02-03	144	0.33	5.39
2026-02-03	114	2.544	4.5
2026-02-03	16	1.288	1.25
2026-02-03	140	0.422	12.95
2026-02-03	8	1	2.25
2026-02-03	118	0.155	4
2026-02-03	77	1	2.35
2026-02-03	70	2	1.49
2026-02-04	94	2.779	2.85
2026-02-04	28	2	2.85
2026-02-04	89	9.405	0.79
2026-02-04	197	5.742	2.25
2026-02-04	43	0.397	1.79
2026-02-04	85	1	1.49
2026-02-04	199	1.397	2.19
2026-02-04	112	2.019	2.59
2026-02-04	100	0.409	2.69
2026-02-04	39	1.243	3.99
2026-02-04	107	1.035	1.99
2026-02-04	190	1	3.15
2026-02-04	98	1.03	2.3
2026-02-04	49	1	3
2026-02-04	28	1	2.85
2026-02-04	109	0.498	2.59
2026-02-04	89	5.949	0.79
2026-02-04	38	2.148	1.89
2026-02-04	144	0.349	5.39
2026-02-04	28	2	2.85
2026-02-04	194	3.545	2.75
2026-02-04	28	1	2.85
2026-02-04	138	0.163	4.59
2026-02-04	167	2	1.59
2026-02-04	94	2.035	2.85
2026-02-04	146	0.473	14.39
2026-02-04	189	1	3.15
2026-02-04	166	1	2.45
2026-02-04	127	1	2.49
2026-02-04	58	1.394	2.49
2026-02-04	101	3.253	3
2026-02-04	52	8.768	0.99
2026-02-04	124	4.516	1.55
2026-02-04	185	1	1.99
2026-02-04	38	2.153	1.89
2026-02-04	211	1	1.15
2026-02-04	211	2	1.15
2026-02-04	124	1.123	1.55
2026-02-04	82	5	0.99
2026-02-04	208	1	0.95
2026-02-04	145	0.168	22.95
2026-02-04	142	0.35	6.95
2026-02-04	165	0.592	5
2026-02-04	93	4	3
2026-02-04	189	2	3.15
2026-02-04	30	3	1.89
2026-02-04	52	11.242	0.99
2026-02-04	158	1	2.29
2026-02-04	122	0.06	2.99
2026-02-04	196	2	3.15
2026-02-04	77	1	2.35
2026-02-04	71	1	1.99
2026-02-04	195	3	2.25
2026-02-04	55	2	2.99
2026-02-04	207	1	1.29
2026-02-04	187	0.101	5.45
2026-02-04	42	6.245	1.39
2026-02-04	134	0.187	14.75
2026-02-04	139	0.076	14.95
2026-02-04	136	0.249	12.95
2026-02-04	137	0.398	18.75
2026-02-04	219	2	0.99
2026-02-04	224	1	0.99
2026-02-04	41	5.454	1.85
2026-02-04	56	1	3.49
2026-02-04	95	1.063	2.39
2026-02-04	91	15.812	0.69
2026-02-04	167	2	1.59
2026-02-04	30	1	1.89
2026-02-04	4	5	1.05
2026-02-04	111	2.623	1.75
2026-02-04	18	9.681	1.35
2026-02-04	76	4	0.79
2026-02-04	201	0.718	1.95
2026-02-04	250	0.28	2.39
2026-02-04	87	2	1.39
2026-02-04	84	1	1.59
2026-02-04	8	1	2.25
2026-02-04	195	1	2.25
2026-02-04	69	6	1.25
2026-02-04	213	2	2.85
2026-02-04	99	1.291	2.99
2026-02-04	26	0.286	1.19
2026-02-04	95	3.745	2.39
2026-02-04	125	2	2.35
2026-02-04	70	1	1.49
2026-02-04	57	1	1.35
2026-02-04	218	5	1.39
2026-02-04	166	1	2.45
2026-02-04	44	3.429	1.75
2026-02-04	227	1	1.69
2026-02-04	190	3	3.15
2026-02-04	79	4	1.55
2026-02-04	54	1	2.59
2026-02-04	165	1.864	5
2026-02-04	113	0.022	4.25
2026-02-04	76	8	0.79
2026-02-04	190	1	3.15
2026-02-04	214	1	2.79
2026-02-04	118	0.165	4
2026-02-04	199	1.511	2.19
2026-02-04	93	3	3
2026-02-04	65	2	1.45
2026-02-04	105	1.726	1.75
2026-02-04	121	7.295	1.29
2026-02-04	96	1.068	2.5
2026-02-04	12	3.102	2.25
2026-02-04	31	0.452	5.69
2026-02-04	141	0.152	11.89
2026-02-04	147	0.115	3.99
2026-02-04	108	0.204	2.35
2026-02-04	134	0.365	14.75
2026-02-04	106	3.407	1.99
2026-02-04	83	2.172	2.39
2026-02-04	66	3	1.59
2026-02-04	24	1.218	1.19
2026-02-04	92	6.483	0.89
2026-02-04	114	1.151	4.5
2026-02-04	46	0.323	3
2026-02-04	33	3.371	1.59
2026-02-04	121	6.543	1.29
2026-02-04	155	1	0.85
2026-02-04	121	7.512	1.29
2026-02-04	121	7.868	1.29
2026-02-04	11	2.435	3.95
2026-02-04	146	0.446	14.39
2026-02-04	93	4	3
2026-02-04	187	2.585	5.45
2026-02-04	93	2	3
2026-02-04	39	0.622	3.99
2026-02-04	130	3	1.89
2026-02-04	198	7.21	1.19
2026-02-04	16	1.36	1.25
2026-02-04	226	2	1.35
2026-02-04	93	1	3
2026-02-04	88	1.731	2.19
2026-02-04	27	1	2.59
2026-02-04	55	1	2.99
2026-02-04	59	0.093	4
2026-02-04	39	0.727	3.99
2026-02-04	49	1	3
2026-02-04	194	3.404	2.75
2026-02-04	148	0.205	5.99
2026-02-04	56	1	3.49
2026-02-04	117	0.536	2.5
2026-02-04	9	3	0.85
2026-02-04	93	1	3
2026-02-04	56	1	3.49
2026-02-04	166	3	2.45
2026-02-04	106	2.342	1.99
2026-02-04	75	3	1.59
2026-02-04	75	1	1.59
2026-02-04	54	2	2.59
2026-02-04	81	5	1.25
2026-02-04	23	3	1.25
2026-02-04	33	1.912	1.59
2026-02-04	102	0.251	1.75
2026-02-04	149	0.367	4.99
2026-02-04	107	1.658	1.99
2026-02-04	43	2.38	1.79
2026-02-04	194	0.593	2.75
2026-02-04	125	1	2.35
2026-02-04	135	0.395	12.95
2026-02-04	185	2	1.99
2026-02-04	43	7.173	1.79
2026-02-04	103	1.288	2.19
2026-02-04	89	2.304	0.79
2026-02-04	125	1	2.35
2026-02-04	48	1	1.99
2026-02-04	61	1	1.89
2026-02-04	68	1	1.99
2026-02-04	55	1	2.99
2026-02-04	44	1.297	1.75
2026-02-04	70	1	1.49
2026-02-04	196	1	3.15
2026-02-04	178	0.596	3.29
2026-02-04	44	5.977	1.75
2026-02-04	114	1.673	4.5
2026-02-04	78	7	1.09
2026-02-04	87	1	1.39
2026-02-04	139	0.189	14.95
2026-02-04	40	2	1.99
2026-02-04	56	1	3.49
2026-02-04	48	1	1.99
2026-02-04	195	2	2.25
2026-02-04	84	1	1.59
2026-02-04	70	1	1.49
2026-02-04	53	1	2.59
2026-02-04	72	4	0.95
2026-02-04	138	1.608	4.59
2026-02-04	127	3	2.49
2026-02-04	114	0.742	4.5
2026-02-04	91	5.29	0.69
2026-02-04	83	0.435	2.39
2026-02-04	209	2	1.19
2026-02-04	101	1.917	3
2026-02-04	248	0.008	10.95
2026-02-04	114	3.169	4.5
2026-02-04	76	3	0.79
2026-02-04	73	2	1.49
2026-02-04	21	1	0.99
2026-02-04	84	4	1.59
2026-02-04	61	1	1.89
2026-02-04	97	0.24	1.75
2026-02-04	47	0.29	3
2026-02-04	193	4	2.5
2026-02-04	124	5.826	1.55
2026-02-04	89	9.873	0.79
2026-02-04	162	1	1.19
2026-02-04	140	0.447	12.95
2026-02-04	8	1	2.25
2026-02-04	35	1	1.35
2026-02-04	38	1.709	1.89
2026-02-04	208	2	0.95
2026-02-05	105	1.823	1.75
2026-02-05	130	4	1.89
2026-02-05	30	4	1.89
2026-02-05	194	4.902	2.75
2026-02-05	48	1	1.99
2026-02-05	194	2.051	2.75
2026-02-05	195	3	2.25
2026-02-05	27	1	2.59
2026-02-05	92	6.843	0.89
2026-02-05	189	1	3.15
2026-02-05	52	0.828	0.99
2026-02-05	111	2.166	1.75
2026-02-05	214	1	2.79
2026-02-05	106	0.467	1.99
2026-02-05	23	3	1.25
2026-02-05	114	1.878	4.5
2026-02-05	55	1	2.99
2026-02-05	197	1.804	2.25
2026-02-05	114	3.198	4.5
2026-02-05	56	1	3.49
2026-02-05	85	1	1.49
2026-02-05	124	2.071	1.55
2026-02-05	70	3	1.49
2026-02-05	127	1	2.49
2026-02-05	75	1	1.59
2026-02-05	82	3	0.99
2026-02-05	49	1	3
2026-02-05	208	3	0.95
2026-02-05	139	0.28	14.95
2026-02-05	72	4	0.95
2026-02-05	33	3.157	1.59
2026-02-05	194	1.007	2.75
2026-02-05	8	1	2.25
2026-02-05	149	0.387	4.99
2026-02-05	91	1.522	0.69
2026-02-05	75	3	1.59
2026-02-05	101	1.153	3
2026-02-05	96	1.128	2.5
2026-02-05	59	0.098	4
2026-02-05	121	9.155	1.29
2026-02-05	114	0.787	4.5
2026-02-05	44	3.651	1.75
2026-02-05	122	0.064	2.99
2026-02-05	125	1	2.35
2026-02-05	125	1	2.35
2026-02-05	46	0.343	3
2026-02-05	38	5.751	1.89
2026-02-05	154	1	1.99
2026-02-05	76	14	0.79
2026-02-05	42	6.59	1.39
2026-02-05	71	1	1.99
2026-02-05	61	1	1.89
2026-02-05	93	1	3
2026-02-05	69	2	1.25
2026-02-05	193	1	2.5
2026-02-05	187	1.134	5.45
2026-02-05	11	1.934	3.95
2026-02-05	78	6	1.09
2026-02-05	113	0.023	4.25
2026-02-05	146	0.136	14.39
2026-02-05	68	1	1.99
2026-02-05	124	1.755	1.55
2026-02-05	226	2	1.35
2026-02-05	52	7.404	0.99
2026-02-05	190	1	3.15
2026-02-05	91	20.754	0.69
2026-02-05	198	1.109	1.19
2026-02-05	201	0.754	1.95
2026-02-05	224	1	0.99
2026-02-05	134	0.582	14.75
2026-02-05	83	2.749	2.39
2026-02-05	165	0.672	5
2026-02-05	187	1.703	5.45
2026-02-05	195	3	2.25
2026-02-05	190	1	3.15
2026-02-05	141	0.161	11.89
2026-02-05	250	0.297	2.39
2026-02-05	89	5.975	0.79
2026-02-05	61	1	1.89
2026-02-05	213	2	2.85
2026-02-05	11	0.638	3.95
2026-02-05	49	1	3
2026-02-05	33	2.421	1.59
2026-02-05	127	3	2.49
2026-02-05	95	5.075	2.39
2026-02-05	193	2	2.5
2026-02-05	78	2	1.09
2026-02-05	114	1.247	4.5
2026-02-05	28	3	2.85
2026-02-05	197	4.258	2.25
2026-02-05	189	2	3.15
2026-02-05	77	1	2.35
2026-02-05	88	1.826	2.19
2026-02-05	107	1.266	1.99
2026-02-05	31	0.478	5.69
2026-02-05	9	3	0.85
2026-02-05	79	1	1.55
2026-02-05	108	0.213	2.35
2026-02-05	124	8.277	1.55
2026-02-05	38	0.598	1.89
2026-02-05	121	5.07	1.29
2026-02-05	117	0.564	2.5
2026-02-05	165	1.362	5
2026-02-05	69	4	1.25
2026-02-05	189	1	3.15
2026-02-05	53	1	2.59
2026-02-05	144	0.369	5.39
2026-02-05	89	12.481	0.79
2026-02-05	94	0.951	2.85
2026-02-05	218	5	1.39
2026-02-05	185	2	1.99
2026-02-05	99	1.361	2.99
2026-02-05	158	1	2.29
2026-02-05	8	1	2.25
2026-02-05	196	3	3.15
2026-02-05	39	0.94	3.99
2026-02-05	199	3.068	2.19
2026-02-05	43	4.447	1.79
2026-02-05	52	12.889	0.99
2026-02-05	94	2.453	2.85
2026-02-05	18	0.659	1.35
2026-02-05	93	2	3
2026-02-05	166	3	2.45
2026-02-05	57	1	1.35
2026-02-05	148	0.217	5.99
2026-02-05	76	1	0.79
2026-02-05	166	2	2.45
2026-02-05	185	1	1.99
2026-02-05	209	2	1.19
2026-02-05	118	0.175	4
2026-02-05	103	1.361	2.19
2026-02-05	44	4.206	1.75
2026-02-05	219	2	0.99
2026-02-05	53	1	2.59
2026-02-05	138	1.869	4.59
2026-02-05	137	0.41	18.75
2026-02-05	107	1.578	1.99
2026-02-05	65	2	1.45
2026-02-05	24	1.286	1.19
2026-02-05	93	1	3
2026-02-05	47	0.307	3
2026-02-05	93	2	3
2026-02-05	207	1	1.29
2026-02-05	162	1	1.19
2026-02-05	178	0.629	3.29
2026-02-05	43	6.061	1.79
2026-02-05	54	1	2.59
2026-02-05	227	1	1.69
2026-02-05	211	3	1.15
2026-02-05	196	1	3.15
2026-02-05	73	2	1.49
2026-02-05	136	0.263	12.95
2026-02-05	12	1.92	2.25
2026-02-05	145	0.171	22.95
2026-02-05	54	2	2.59
2026-02-05	98	1.126	2.3
2026-02-05	155	1	0.85
2026-02-05	102	0.269	1.75
2026-02-05	28	3	2.85
2026-02-05	121	6.682	1.29
2026-02-05	4	5	1.05
2026-02-05	21	1	0.99
2026-02-05	77	1	2.35
2026-02-05	89	10.38	0.79
2026-02-05	93	3	3
2026-02-05	79	4	1.55
2026-02-05	93	1	3
2026-02-05	18	9.563	1.35
2026-02-05	82	2	0.99
2026-02-05	93	3	3
2026-02-05	165	0.558	5
2026-02-05	41	5.816	1.85
2026-02-05	87	3	1.39
2026-02-05	93	3	3
2026-02-05	198	4.529	1.19
2026-02-05	97	0.257	1.75
2026-02-05	39	1.797	3.99
2026-02-05	140	0.472	12.95
2026-02-05	81	5	1.25
2026-02-05	111	0.606	1.75
2026-02-05	106	3.503	1.99
2026-02-05	198	1.966	1.19
2026-02-05	121	9.93	1.29
2026-02-05	193	2	2.5
2026-02-05	106	2.095	1.99
2026-02-05	16	1.44	1.25
2026-02-05	35	1	1.35
2026-02-05	125	2	2.35
2026-02-05	135	0.418	12.95
2026-02-05	44	3.469	1.75
2026-02-05	167	4	1.59
2026-02-05	26	0.294	1.19
2026-02-05	58	1.47	2.49
2026-02-05	109	0.525	2.59
2026-02-05	101	4.303	3
2026-02-05	112	2.135	2.59
2026-02-05	84	6	1.59
2026-02-05	66	3	1.59
2026-02-05	248	0.009	10.95
2026-02-05	146	0.833	14.39
2026-02-05	12	1.356	2.25
2026-02-05	214	1	2.79
2026-02-05	94	1.677	2.85
2026-02-05	142	0.37	6.95
2026-02-05	40	2	1.99
2026-02-05	100	0.431	2.69
2026-02-06	43	1.76	1.79
2026-02-06	91	7.71	0.69
2026-02-06	41	2.968	1.85
2026-02-06	89	12.544	0.79
2026-02-06	146	0.737	14.39
2026-02-06	193	2	2.5
2026-02-06	97	0.309	1.75
2026-02-06	187	0.692	5.45
2026-02-06	52	8.283	0.99
2026-02-06	197	3.48	2.25
2026-02-06	56	2	3.49
2026-02-06	40	1	1.99
2026-02-06	92	2.056	0.89
2026-02-06	52	2.263	0.99
2026-02-06	35	1	1.35
2026-02-06	99	1.649	2.99
2026-02-06	112	2.448	2.59
2026-02-06	108	0.26	2.35
2026-02-06	101	4.18	3
2026-02-06	43	4.196	1.79
2026-02-06	135	0.171	12.95
2026-02-06	55	3	2.99
2026-02-06	218	6	1.39
2026-02-06	44	1.309	1.75
2026-02-06	33	4.78	1.59
2026-02-06	18	8.422	1.35
2026-02-06	72	3	0.95
2026-02-06	27	1	2.59
2026-02-06	250	0.356	2.39
2026-02-06	114	2.451	4.5
2026-02-06	138	1.867	4.59
2026-02-06	83	2.741	2.39
2026-02-06	101	1.01	3
2026-02-06	79	1	1.55
2026-02-06	74	1	2.35
2026-02-06	52	7.444	0.99
2026-02-06	88	2.21	2.19
2026-02-06	73	3	1.49
2026-02-06	211	3	1.15
2026-02-06	42	0.424	1.39
2026-02-06	28	3	2.85
2026-02-06	44	2.737	1.75
2026-02-06	155	2	0.85
2026-02-06	121	2.791	1.29
2026-02-06	52	4.899	0.99
2026-02-06	81	6	1.25
2026-02-06	38	5.222	1.89
2026-02-06	194	2.378	2.75
2026-02-06	8	1	2.25
2026-02-06	111	3.354	1.75
2026-02-06	44	4.737	1.75
2026-02-06	127	3	2.49
2026-02-06	195	1	2.25
2026-02-06	109	0.633	2.59
2026-02-06	162	1	1.19
2026-02-06	4	6	1.05
2026-02-06	189	2	3.15
2026-02-06	54	1	2.59
2026-02-06	28	2	2.85
2026-02-06	83	0.59	2.39
2026-02-06	48	1	1.99
2026-02-06	114	0.878	4.5
2026-02-06	72	2	0.95
2026-02-06	138	0.397	4.59
2026-02-06	136	0.318	12.95
2026-02-06	43	5.782	1.79
2026-02-06	106	1.764	1.99
2026-02-06	70	3	1.49
2026-02-06	93	1	3
2026-02-06	94	1.239	2.85
2026-02-06	35	1	1.35
2026-02-06	76	3	0.79
2026-02-06	92	6.236	0.89
2026-02-06	187	0.772	5.45
2026-02-06	93	3	3
2026-02-06	158	1	2.29
2026-02-06	100	0.524	2.69
2026-02-06	122	0.077	2.99
2026-02-06	106	5.578	1.99
2026-02-06	145	0.039	22.95
2026-02-06	101	1.417	3
2026-02-06	103	1.644	2.19
2026-02-06	196	1	3.15
2026-02-06	140	0.571	12.95
2026-02-06	190	1	3.15
2026-02-06	130	2	1.89
2026-02-06	107	2.221	1.99
2026-02-06	114	2.358	4.5
2026-02-06	54	2	2.59
2026-02-06	194	2.422	2.75
2026-02-06	166	4	2.45
2026-02-06	57	1	1.35
2026-02-06	21	1	0.99
2026-02-06	127	2	2.49
2026-02-06	199	2.717	2.19
2026-02-06	125	2	2.35
2026-02-06	199	0.941	2.19
2026-02-06	44	4.931	1.75
2026-02-06	124	6.516	1.55
2026-02-06	193	3	2.5
2026-02-06	65	1	1.45
2026-02-06	49	1	3
2026-02-06	41	4.07	1.85
2026-02-06	79	5	1.55
2026-02-06	55	1	2.99
2026-02-06	149	0.469	4.99
2026-02-06	165	2.168	5
2026-02-06	95	2.979	2.39
2026-02-06	12	3.964	2.25
2026-02-06	219	1	0.99
2026-02-06	91	3.029	0.69
2026-02-06	227	1	1.69
2026-02-06	77	1	2.35
2026-02-06	113	0.028	4.25
2026-02-06	16	1.744	1.25
2026-02-06	130	1	1.89
2026-02-06	105	2.206	1.75
2026-02-06	89	9.646	0.79
2026-02-06	18	3.948	1.35
2026-02-06	93	3	3
2026-02-06	198	2.958	1.19
2026-02-06	141	0.194	11.89
2026-02-06	89	12.987	0.79
2026-02-06	197	3.858	2.25
2026-02-06	47	0.37	3
2026-02-06	23	1	1.25
2026-02-06	85	2	1.49
2026-02-06	39	3.313	3.99
2026-02-06	78	4	1.09
2026-02-06	139	0.338	14.95
2026-02-06	28	2	2.85
2026-02-06	71	1	1.99
2026-02-06	208	3	0.95
2026-02-06	190	2	3.15
2026-02-06	165	0.97	5
2026-02-06	166	1	2.45
2026-02-06	142	0.447	6.95
2026-02-06	24	1.555	1.19
2026-02-06	167	3	1.59
2026-02-06	11	1.167	3.95
2026-02-06	134	0.705	14.75
2026-02-06	98	1.361	2.3
2026-02-06	189	2	3.15
2026-02-06	93	5	3
2026-02-06	30	4	1.89
2026-02-06	198	6.252	1.19
2026-02-06	68	1	1.99
2026-02-06	148	0.262	5.99
2026-02-06	121	9.364	1.29
2026-02-06	124	5.787	1.55
2026-02-06	137	0.509	18.75
2026-02-06	58	0.526	2.49
2026-02-06	208	1	0.95
2026-02-06	227	1	1.69
2026-02-06	33	1.981	1.59
2026-02-06	190	3	3.15
2026-02-06	114	0.282	4.5
2026-02-06	77	1	2.35
2026-02-06	94	4.916	2.85
2026-02-06	121	11.225	1.29
2026-02-06	117	0.684	2.5
2026-02-06	102	0.32	1.75
2026-02-06	201	0.918	1.95
2026-02-06	248	0.011	10.95
2026-02-06	40	2	1.99
2026-02-06	93	1	3
2026-02-06	26	0.361	1.19
2026-02-06	87	2	1.39
2026-02-06	96	1.364	2.5
2026-02-06	224	1	0.99
2026-02-06	58	1.253	2.49
2026-02-06	213	2	2.85
2026-02-06	194	1.545	2.75
2026-02-06	107	1.221	1.99
2026-02-06	121	9.186	1.29
2026-02-06	91	6.957	0.69
2026-02-06	42	7.554	1.39
2026-02-06	187	1.897	5.45
2026-02-06	93	2	3
2026-02-06	84	6	1.59
2026-02-06	114	2.638	4.5
2026-02-06	66	3	1.59
2026-02-06	214	1	2.79
2026-02-06	78	5	1.09
2026-02-06	87	2	1.39
2026-02-06	59	0.118	4
2026-02-06	38	1.101	1.89
2026-02-06	194	3.295	2.75
2026-02-06	135	0.335	12.95
2026-02-06	11	1.944	3.95
2026-02-06	55	1	2.99
2026-02-06	95	3.163	2.39
2026-02-06	166	1	2.45
2026-02-06	43	0.983	1.79
2026-02-06	82	6	0.99
2026-02-06	178	0.763	3.29
2026-02-06	91	9.275	0.69
2026-02-06	76	15	0.79
2026-02-06	125	2	2.35
2026-02-06	31	0.578	5.69
2026-02-06	46	0.413	3
2026-02-06	38	1.365	1.89
2026-02-06	53	1	2.59
2026-02-06	69	8	1.25
2026-02-06	56	1	3.49
2026-02-06	145	0.175	22.95
2026-02-06	118	0.21	4
2026-02-06	144	0.447	5.39
2026-02-06	167	2	1.59
2026-02-06	185	3	1.99
2026-02-06	84	1	1.59
2026-02-06	124	2.342	1.55
2026-02-06	56	2	3.49
2026-02-06	121	1.767	1.29
2026-02-06	226	2	1.35
2026-02-06	75	4	1.59
2026-02-06	52	2.677	0.99
2026-02-06	121	3	1.29
2026-02-06	9	3	0.85
2026-02-06	68	1	1.99
2026-02-06	190	2	3.15
2026-02-06	154	1	1.99
2026-02-06	195	1	2.25
2026-02-06	130	2	1.89
2026-02-06	209	2	1.19
2026-02-06	61	1	1.89
2026-02-06	146	0.438	14.39
2026-02-06	207	1	1.29
2026-02-06	65	2	1.45
2026-02-07	124	4.677	1.55
2026-02-07	46	0.487	3
2026-02-07	52	14.495	0.99
2026-02-07	121	9.907	1.29
2026-02-07	117	0.804	2.5
2026-02-07	107	2.362	1.99
2026-02-07	121	4.411	1.29
2026-02-07	43	1.358	1.79
2026-02-07	12	1.249	2.25
2026-02-07	49	1	3
2026-02-07	52	9.586	0.99
2026-02-07	148	0.307	5.99
2026-02-07	130	1	1.89
2026-02-07	144	0.525	5.39
2026-02-07	57	1	1.35
2026-02-07	194	5.407	2.75
2026-02-07	16	2.048	1.25
2026-02-07	112	1.606	2.59
2026-02-07	105	1.371	1.75
2026-02-07	43	2.14	1.79
2026-02-07	68	1	1.99
2026-02-07	189	1	3.15
2026-02-07	59	0.14	4
2026-02-07	112	1.425	2.59
2026-02-07	35	1	1.35
2026-02-07	121	6.628	1.29
2026-02-07	197	0.68	2.25
2026-02-07	153	1	1.99
2026-02-07	248	0.012	10.95
2026-02-07	137	0.3	18.75
2026-02-07	189	1	3.15
2026-02-07	108	0.306	2.35
2026-02-07	71	1	1.99
2026-02-07	52	5.929	0.99
2026-02-07	93	1	3
2026-02-07	28	4	2.85
2026-02-07	198	6.294	1.19
2026-02-07	93	2	3
2026-02-07	91	10.116	0.69
2026-02-07	154	1	1.99
2026-02-07	24	1.84	1.19
2026-02-07	190	2	3.15
2026-02-07	227	1	1.69
2026-02-07	4	7	1.05
2026-02-07	82	7	0.99
2026-02-07	114	2.938	4.5
2026-02-07	88	2.594	2.19
2026-02-07	111	3.937	1.75
2026-02-07	81	4	1.25
2026-02-07	145	0.252	22.95
2026-02-07	107	1.678	1.99
2026-02-07	21	2	0.99
2026-02-07	140	0.405	12.95
2026-02-07	193	1	2.5
2026-02-07	55	1	2.99
2026-02-07	95	1.188	2.39
2026-02-07	201	1.077	1.95
2026-02-07	250	0.418	2.39
2026-02-07	103	1.932	2.19
2026-02-07	9	4	0.85
2026-02-07	197	6.467	2.25
2026-02-07	39	0.396	3.99
2026-02-07	199	1.945	2.19
2026-02-07	128	1	2.25
2026-02-07	190	1	3.15
2026-02-07	194	4.767	2.75
2026-02-07	93	2	3
2026-02-07	89	18.911	0.79
2026-02-07	165	1.262	5
2026-02-07	27	1	2.59
2026-02-07	114	1.493	4.5
2026-02-07	218	3	1.39
2026-02-07	18	6.652	1.35
2026-02-07	167	2	1.59
2026-02-07	113	0.033	4.25
2026-02-07	56	3	3.49
2026-02-07	40	1	1.99
2026-02-07	85	2	1.49
2026-02-07	74	1	2.35
2026-02-07	114	2.169	4.5
2026-02-07	136	0.374	12.95
2026-02-07	162	1	1.19
2026-02-07	122	0.09	2.99
2026-02-07	185	1	1.99
2026-02-07	65	1	1.45
2026-02-07	101	2.95	3
2026-02-07	79	4	1.55
2026-02-07	83	3.908	2.39
2026-02-07	58	1.285	2.49
2026-02-07	134	0.085	14.75
2026-02-07	196	2	3.15
2026-02-07	39	3.494	3.99
2026-02-07	12	3.409	2.25
2026-02-07	149	0.549	4.99
2026-02-07	75	2	1.59
2026-02-07	95	6.029	2.39
2026-02-07	89	15.354	0.79
2026-02-07	33	7.937	1.59
2026-02-07	219	2	0.99
2026-02-07	130	1	1.89
2026-02-07	166	2	2.45
2026-02-07	106	1.779	1.99
2026-02-07	38	1.598	1.89
2026-02-07	155	2	0.85
2026-02-07	139	0.246	14.95
2026-02-07	76	14	0.79
2026-02-07	31	0.678	5.69
2026-02-07	48	1	1.99
2026-02-07	167	3	1.59
2026-02-07	196	1	3.15
2026-02-07	101	3.097	3
2026-02-07	56	2	3.49
2026-02-07	121	3.791	1.29
2026-02-07	42	6.23	1.39
2026-02-07	91	15.783	0.69
2026-02-07	94	2.965	2.85
2026-02-07	11	1.987	3.95
2026-02-07	70	2	1.49
2026-02-07	118	0.248	4
2026-02-07	224	2	0.99
2026-02-07	93	2	3
2026-02-07	70	2	1.49
2026-02-07	114	1.247	4.5
2026-02-07	211	2	1.15
2026-02-07	28	2	2.85
2026-02-07	121	6.659	1.29
2026-02-07	93	3	3
2026-02-07	43	7.358	1.79
2026-02-07	93	3	3
2026-02-07	187	2.106	5.45
2026-02-07	127	3	2.49
2026-02-07	73	3	1.49
2026-02-07	142	0.525	6.95
2026-02-07	194	1.135	2.75
2026-02-07	167	1	1.59
2026-02-07	79	2	1.55
2026-02-07	58	0.803	2.49
2026-02-07	54	1	2.59
2026-02-07	23	1	1.25
2026-02-07	72	1	0.95
2026-02-07	114	0.882	4.5
2026-02-07	23	1	1.25
2026-02-07	43	4.073	1.79
2026-02-07	81	3	1.25
2026-02-07	125	1	2.35
2026-02-07	11	0.82	3.95
2026-02-07	134	0.743	14.75
2026-02-07	79	1	1.55
2026-02-07	17	1	1.69
2026-02-07	56	1	3.49
2026-02-07	78	11	1.09
2026-02-07	99	1.933	2.99
2026-02-07	55	1	2.99
2026-02-07	76	8	0.79
2026-02-07	11	0.848	3.95
2026-02-07	193	3	2.5
2026-02-07	216	1	2.79
2026-02-07	18	0.681	1.35
2026-02-07	84	5	1.59
2026-02-07	57	1	1.35
2026-02-07	26	0.42	1.19
2026-02-07	190	4	3.15
2026-02-07	44	7.92	1.75
2026-02-07	124	5.774	1.55
2026-02-07	121	6.411	1.29
2026-02-07	101	1.71	3
2026-02-07	18	7.185	1.35
2026-02-07	207	1	1.29
2026-02-07	92	6.337	0.89
2026-02-07	41	4.681	1.85
2026-02-07	93	1	3
2026-02-07	100	0.617	2.69
2026-02-07	140	0.266	12.95
2026-02-07	195	5	2.25
2026-02-07	209	1	1.19
2026-02-07	139	0.15	14.95
2026-02-07	193	2	2.5
2026-02-07	137	0.298	18.75
2026-02-07	146	0.573	14.39
2026-02-07	38	5.138	1.89
2026-02-07	77	1	2.35
2026-02-07	198	4.513	1.19
2026-02-07	28	2	2.85
2026-02-07	49	1	3
2026-02-07	208	1	0.95
2026-02-07	146	0.342	14.39
2026-02-07	178	0.894	3.29
2026-02-07	93	4	3
2026-02-07	97	0.366	1.75
2026-02-07	91	5.754	0.69
2026-02-07	138	2.656	4.59
2026-02-07	61	1	1.89
2026-02-07	93	3	3
2026-02-07	94	4.26	2.85
2026-02-07	89	5.443	0.79
2026-02-07	92	3.393	0.89
2026-02-07	30	2	1.89
2026-02-07	158	1	2.29
2026-02-07	93	1	3
2026-02-07	165	2.422	5
2026-02-07	27	1	2.59
2026-02-07	124	6.742	1.55
2026-02-07	41	3.578	1.85
2026-02-07	38	2.286	1.89
2026-02-07	187	1.013	5.45
2026-02-07	153	1	1.99
2026-02-07	214	1	2.79
2026-02-07	190	3	3.15
2026-02-07	44	3.897	1.75
2026-02-07	8	1	2.25
2026-02-07	44	4.274	1.75
2026-02-07	71	1	1.99
2026-02-07	197	1.467	2.25
2026-02-07	96	1.6	2.5
2026-02-07	69	8	1.25
2026-02-07	187	0.912	5.45
2026-02-07	195	1	2.25
2026-02-07	121	6.016	1.29
2026-02-07	195	2	2.25
2026-02-07	102	0.377	1.75
2026-02-07	53	1	2.59
2026-02-07	146	0.464	14.39
2026-02-07	158	1	2.29
2026-02-07	98	1.596	2.3
2026-02-07	50	1	3
2026-02-07	190	1	3.15
2026-02-07	226	1	1.35
2026-02-07	105	1.217	1.75
2026-02-07	93	1	3
2026-02-07	106	6.839	1.99
2026-02-07	89	1.608	0.79
2026-02-07	84	3	1.59
2026-02-07	47	0.433	3
2026-02-07	114	1.373	4.5
2026-02-07	199	2.416	2.19
2026-02-07	218	1	1.39
2026-02-07	213	3	2.85
2026-02-07	135	0.594	12.95
2026-02-07	66	1	1.59
2026-02-07	42	3.137	1.39
2026-02-07	109	0.745	2.59
2026-02-07	87	2	1.39
2026-02-07	166	5	2.45
2026-02-07	141	0.228	11.89
2026-02-09	166	3	2.45
2026-02-09	53	1	2.59
2026-02-09	218	4	1.39
2026-02-09	94	3.547	2.85
2026-02-09	56	3	3.49
2026-02-09	83	2.318	2.39
2026-02-09	92	5.764	0.89
2026-02-09	187	0.367	5.45
2026-02-09	54	2	2.59
2026-02-09	106	5.111	1.99
2026-02-09	190	3	3.15
2026-02-09	57	1	1.35
2026-02-09	105	1.531	1.75
2026-02-09	82	4	0.99
2026-02-09	146	0.439	14.39
2026-02-09	24	1.084	1.19
2026-02-09	227	1	1.69
2026-02-09	65	2	1.45
2026-02-09	59	0.083	4
2026-02-09	250	0.247	2.39
2026-02-09	124	5.058	1.55
2026-02-09	134	0.49	14.75
2026-02-09	121	3.426	1.29
2026-02-09	190	3	3.15
2026-02-09	187	0.767	5.45
2026-02-09	127	1	2.49
2026-02-09	166	1	2.45
2026-02-09	70	2	1.49
2026-02-09	93	3	3
2026-02-09	79	3	1.55
2026-02-09	122	0.054	2.99
2026-02-09	194	2.131	2.75
2026-02-09	138	1.575	4.59
2026-02-09	219	2	0.99
2026-02-09	11	2.165	3.95
2026-02-09	208	3	0.95
2026-02-09	137	0.355	18.75
2026-02-09	185	2	1.99
2026-02-09	140	0.397	12.95
2026-02-09	16	1.208	1.25
2026-02-09	226	2	1.35
2026-02-09	165	0.176	5
2026-02-09	21	1	0.99
2026-02-09	113	0.02	4.25
2026-02-09	199	2.333	2.19
2026-02-09	97	0.217	1.75
2026-02-09	195	1	2.25
2026-02-09	9	2	0.85
2026-02-09	52	3.535	0.99
2026-02-09	81	4	1.25
2026-02-09	127	1	2.49
2026-02-09	96	0.948	2.5
2026-02-09	93	1	3
2026-02-09	118	0.148	4
2026-02-09	89	9.215	0.79
2026-02-09	141	0.135	11.89
2026-02-09	44	4.926	1.75
2026-02-09	189	2	3.15
2026-02-09	79	1	1.55
2026-02-09	76	4	0.79
2026-02-09	77	1	2.35
2026-02-09	124	5.135	1.55
2026-02-09	74	1	2.35
2026-02-09	100	0.364	2.69
2026-02-09	136	0.222	12.95
2026-02-09	78	3	1.09
2026-02-09	71	1	1.99
2026-02-09	18	8.6	1.35
2026-02-09	167	3	1.59
2026-02-09	144	0.31	5.39
2026-02-09	61	1	1.89
2026-02-09	39	0.634	3.99
2026-02-09	199	0.251	2.19
2026-02-09	165	1.278	5
2026-02-09	88	1.539	2.19
2026-02-09	190	1	3.15
2026-02-09	30	3	1.89
2026-02-09	107	2.397	1.99
2026-02-09	47	0.257	3
2026-02-09	27	1	2.59
2026-02-09	76	9	0.79
2026-02-09	68	1	1.99
2026-02-09	135	0.352	12.95
2026-02-09	28	3	2.85
2026-02-09	209	2	1.19
2026-02-09	69	3	1.25
2026-02-09	145	0.149	22.95
2026-02-09	52	14.253	0.99
2026-02-09	55	3	2.99
2026-02-09	158	1	2.29
2026-02-09	17	1	1.69
2026-02-09	146	0.377	14.39
2026-02-09	125	3	2.35
2026-02-09	121	11.047	1.29
2026-02-09	48	1	1.99
2026-02-09	112	1.795	2.59
2026-02-09	207	1	1.29
2026-02-09	197	2.333	2.25
2026-02-09	23	3	1.25
2026-02-09	31	0.402	5.69
2026-02-09	127	2	2.49
2026-02-09	93	3	3
2026-02-09	58	1.237	2.49
2026-02-09	41	4.741	1.85
2026-02-09	213	1	2.85
2026-02-09	89	15.266	0.79
2026-02-09	248	0.007	10.95
2026-02-09	46	0.287	3
2026-02-09	218	1	1.39
2026-02-09	43	0.575	1.79
2026-02-09	162	1	1.19
2026-02-09	40	2	1.99
2026-02-09	12	2.756	2.25
2026-02-09	26	0.252	1.19
2026-02-09	78	3	1.09
2026-02-09	153	1	1.99
2026-02-09	91	10.957	0.69
2026-02-09	195	3	2.25
2026-02-09	197	2.769	2.25
2026-02-09	201	0.636	1.95
2026-02-09	114	0.842	4.5
2026-02-09	154	1	1.99
2026-02-09	121	9.876	1.29
2026-02-09	207	1	1.29
2026-02-09	121	1.62	1.29
2026-02-09	196	1	3.15
2026-02-09	28	1	2.85
2026-02-09	57	1	1.35
2026-02-09	4	4	1.05
2026-02-09	93	1	3
2026-02-09	114	2.36	4.5
2026-02-09	38	5.349	1.89
2026-02-09	142	0.311	6.95
2026-02-09	33	4.704	1.59
2026-02-09	198	6.403	1.19
2026-02-09	211	2	1.15
2026-02-09	85	1	1.49
2026-02-09	72	3	0.95
2026-02-09	214	1	2.79
2026-02-09	196	2	3.15
2026-02-09	75	3	1.59
2026-02-09	94	0.737	2.85
2026-02-09	42	5.547	1.39
2026-02-09	95	2.042	2.39
2026-02-09	49	1	3
2026-02-09	43	2.531	1.79
2026-02-09	213	1	2.85
2026-02-09	48	1	1.99
2026-02-09	66	2	1.59
2026-02-09	69	2	1.25
2026-02-09	194	4.575	2.75
2026-02-09	103	1.146	2.19
2026-02-09	109	0.44	2.59
2026-02-09	27	1	2.59
2026-02-09	130	3	1.89
2026-02-09	35	1	1.35
2026-02-09	111	2.331	1.75
2026-02-09	71	1	1.99
2026-02-09	117	0.476	2.5
2026-02-09	44	1.851	1.75
2026-02-09	139	0.235	14.95
2026-02-09	195	1	2.25
2026-02-09	98	0.948	2.3
2026-02-09	43	5.737	1.79
2026-02-09	187	1.255	5.45
2026-02-09	77	1	2.35
2026-02-09	193	4	2.5
2026-02-09	84	5	1.59
2026-02-09	108	0.183	2.35
2026-02-09	128	1	2.25
2026-02-09	155	1	0.85
2026-02-09	99	1.147	2.99
2026-02-09	158	1	2.29
2026-02-09	114	2.784	4.5
2026-02-09	189	1	3.15
2026-02-09	73	2	1.49
2026-02-09	149	0.327	4.99
2026-02-09	93	2	3
2026-02-09	87	3	1.39
2026-02-09	93	4	3
2026-02-09	165	0.73	5
2026-02-09	91	7.812	0.69
2026-02-09	39	1.669	3.99
2026-02-09	102	0.223	1.75
2026-02-09	8	1	2.25
2026-02-09	224	1	0.99
2026-02-09	28	1	2.85
2026-02-09	216	1	2.79
2026-02-09	148	0.182	5.99
2026-02-09	101	4.597	3
2026-02-09	95	2.234	2.39
2026-02-09	44	2.76	1.75
2026-02-09	178	0.529	3.29
2026-02-09	50	1	3
2026-02-10	118	0.155	4
2026-02-10	43	2.547	1.79
2026-02-10	71	1	1.99
2026-02-10	158	1	2.29
2026-02-10	76	14	0.79
2026-02-10	50	1	3
2026-02-10	55	2	2.99
2026-02-10	35	1	1.35
2026-02-10	27	1	2.59
2026-02-10	93	2	3
2026-02-10	70	1	1.49
2026-02-10	196	1	3.15
2026-02-10	78	4	1.09
2026-02-10	70	2	1.49
2026-02-10	59	0.088	4
2026-02-10	121	10.24	1.29
2026-02-10	17	1	1.69
2026-02-10	26	0.269	1.19
2026-02-10	218	5	1.39
2026-02-10	55	1	2.99
2026-02-10	42	3.849	1.39
2026-02-10	145	0.159	22.95
2026-02-10	77	2	2.35
2026-02-10	107	1.291	1.99
2026-02-10	96	1.008	2.5
2026-02-10	53	1	2.59
2026-02-10	107	1.251	1.99
2026-02-10	162	1	1.19
2026-02-10	104	0.121	2.15
2026-02-10	56	1	3.49
2026-02-10	194	4.302	2.75
2026-02-10	194	2.124	2.75
2026-02-10	121	10.86	1.29
2026-02-10	140	0.422	12.95
2026-02-10	148	0.194	5.99
2026-02-10	28	2	2.85
2026-02-10	134	0.521	14.75
2026-02-10	189	2	3.15
2026-02-10	54	1	2.59
2026-02-10	91	7.623	0.69
2026-02-10	38	2.423	1.89
2026-02-10	72	4	0.95
2026-02-10	124	1.316	1.55
2026-02-10	201	0.677	1.95
2026-02-10	39	2.04	3.99
2026-02-10	89	12.354	0.79
2026-02-10	41	3.216	1.85
2026-02-10	106	1.754	1.99
2026-02-10	141	0.144	11.89
2026-02-10	193	2	2.5
2026-02-10	40	1	1.99
2026-02-10	124	9.51	1.55
2026-02-10	40	1	1.99
2026-02-10	165	1.52	5
2026-02-10	28	3	2.85
2026-02-10	135	0.371	12.95
2026-02-10	93	4	3
2026-02-10	101	4.883	3
2026-02-10	82	4	0.99
2026-02-10	89	13.658	0.79
2026-02-10	31	0.427	5.69
2026-02-10	155	1	0.85
2026-02-10	166	2	2.45
2026-02-10	227	1	1.69
2026-02-10	24	1.151	1.19
2026-02-10	214	1	2.79
2026-02-10	9	3	0.85
2026-02-10	190	4	3.15
2026-02-10	166	1	2.45
2026-02-10	165	0.8	5
2026-02-10	114	1.52	4.5
2026-02-10	97	0.229	1.75
2026-02-10	187	1.583	5.45
2026-02-10	93	4	3
2026-02-10	197	1.724	2.25
2026-02-10	30	2	1.89
2026-02-10	136	0.236	12.95
2026-02-10	185	2	1.99
2026-02-10	44	4.646	1.75
2026-02-10	105	1.629	1.75
2026-02-10	79	4	1.55
2026-02-10	12	0.516	2.25
2026-02-10	52	11.626	0.99
2026-02-10	185	1	1.99
2026-02-10	93	2	3
2026-02-10	153	1	1.99
2026-02-10	85	1	1.49
2026-02-10	250	0.264	2.39
2026-02-10	146	0.422	14.39
2026-02-10	93	1	3
2026-02-10	122	0.057	2.99
2026-02-10	178	0.562	3.29
2026-02-10	47	0.273	3
2026-02-10	94	3.239	2.85
2026-02-10	187	0.954	5.45
2026-02-10	46	0.307	3
2026-02-10	219	2	0.99
2026-02-10	190	1	3.15
2026-02-10	137	0.377	18.75
2026-02-10	209	2	1.19
2026-02-10	56	2	3.49
2026-02-10	207	1	1.29
2026-02-10	91	6.696	0.69
2026-02-10	194	0.698	2.75
2026-02-10	197	3.698	2.25
2026-02-10	87	3	1.39
2026-02-10	49	1	3
2026-02-10	48	1	1.99
2026-02-10	112	1.907	2.59
2026-02-10	73	2	1.49
2026-02-10	30	1	1.89
2026-02-10	103	1.215	2.19
2026-02-10	190	1	3.15
2026-02-10	144	0.33	5.39
2026-02-10	8	1	2.25
2026-02-10	113	0.021	4.25
2026-02-10	128	1	2.25
2026-02-10	81	4	1.25
2026-02-10	111	2.48	1.75
2026-02-10	139	0.225	14.95
2026-02-10	167	1	1.59
2026-02-10	207	1	1.29
2026-02-10	130	1	1.89
2026-02-10	92	6.124	0.89
2026-02-10	106	3.673	1.99
2026-02-10	195	5	2.25
2026-02-10	78	3	1.09
2026-02-10	226	2	1.35
2026-02-10	74	1	2.35
2026-02-10	100	0.387	2.69
2026-02-10	109	0.467	2.59
2026-02-10	8	1	2.25
2026-02-10	166	2	2.45
2026-02-10	55	1	2.99
2026-02-10	193	2	2.5
2026-02-10	224	1	0.99
2026-02-10	190	1	3.15
2026-02-10	44	2.663	1.75
2026-02-10	66	1	1.59
2026-02-10	49	1	3
2026-02-10	84	5	1.59
2026-02-10	248	0.008	10.95
2026-02-10	91	5.609	0.69
2026-02-10	12	2.413	2.25
2026-02-10	65	2	1.45
2026-02-10	94	1.312	2.85
2026-02-10	16	1.288	1.25
2026-02-10	27	1	2.59
2026-02-10	68	1	1.99
2026-02-10	117	0.504	2.5
2026-02-10	95	1.565	2.39
2026-02-10	211	2	1.15
2026-02-10	114	1.736	4.5
2026-02-10	127	2	2.49
2026-02-10	127	2	2.49
2026-02-10	149	0.347	4.99
2026-02-10	54	2	2.59
2026-02-10	216	1	2.79
2026-02-10	41	1.989	1.85
2026-02-10	125	3	2.35
2026-02-10	167	2	1.59
2026-02-10	121	6.488	1.29
2026-02-10	23	3	1.25
2026-02-10	38	3.265	1.89
2026-02-10	198	3.916	1.19
2026-02-10	48	1	1.99
2026-02-10	42	2.043	1.39
2026-02-10	95	2.975	2.39
2026-02-10	57	1	1.35
2026-02-10	21	1	0.99
2026-02-10	33	5	1.59
2026-02-10	61	1	1.89
2026-02-10	61	1	1.89
2026-02-10	4	4	1.05
2026-02-10	56	1	3.49
2026-02-10	130	2	1.89
2026-02-10	52	7.273	0.99
2026-02-10	83	2.46	2.39
2026-02-10	198	2.891	1.19
2026-02-10	199	2.744	2.19
2026-02-10	142	0.331	6.95
2026-02-10	75	3	1.59
2026-02-10	66	2	1.59
2026-02-10	196	2	3.15
2026-02-10	108	0.191	2.35
2026-02-10	208	3	0.95
2026-02-10	44	2.823	1.75
2026-02-10	39	0.409	3.99
2026-02-10	114	3.104	4.5
2026-02-10	99	1.217	2.99
2026-02-10	98	1.004	2.3
2026-02-10	93	1	3
2026-02-10	138	1.673	4.59
2026-02-10	18	9.148	1.35
2026-02-10	69	6	1.25
2026-02-10	58	1.313	2.49
2026-02-10	11	2.241	3.95
2026-02-10	130	1	1.89
2026-02-10	154	1	1.99
2026-02-10	102	0.24	1.75
2026-02-10	43	3.894	1.79
2026-02-10	213	2	2.85
2026-02-10	167	1	1.59
2026-02-10	189	1	3.15
2026-02-10	43	2.961	1.79
2026-02-10	146	0.446	14.39
2026-02-10	88	1.635	2.19
2026-02-11	195	4	2.25
2026-02-11	55	3	2.99
2026-02-11	190	1	3.15
2026-02-11	49	1	3
2026-02-11	47	0.29	3
2026-02-11	74	1	2.35
2026-02-11	55	1	2.99
2026-02-11	148	0.205	5.99
2026-02-11	35	1	1.35
2026-02-11	121	9.186	1.29
2026-02-11	81	5	1.25
2026-02-11	145	0.168	22.95
2026-02-11	84	1	1.59
2026-02-11	158	1	2.29
2026-02-11	111	1.28	1.75
2026-02-11	41	5.503	1.85
2026-02-11	138	1.468	4.59
2026-02-11	190	2	3.15
2026-02-11	65	2	1.45
2026-02-11	28	3	2.85
2026-02-11	194	5.564	2.75
2026-02-11	219	2	0.99
2026-02-11	93	3	3
2026-02-11	94	4.818	2.85
2026-02-11	4	5	1.05
2026-02-11	165	0.668	5
2026-02-11	89	7.443	0.79
2026-02-11	195	1	2.25
2026-02-11	189	3	3.15
2026-02-11	18	8.481	1.35
2026-02-11	185	2	1.99
2026-02-11	38	1.09	1.89
2026-02-11	93	1	3
2026-02-11	69	1	1.25
2026-02-11	144	0.349	5.39
2026-02-11	85	1	1.49
2026-02-11	125	1	2.35
2026-02-11	142	0.35	6.95
2026-02-11	52	13.444	0.99
2026-02-11	127	2	2.49
2026-02-11	227	1	1.69
2026-02-11	124	2.303	1.55
2026-02-11	190	3	3.15
2026-02-11	146	0.232	14.39
2026-02-11	96	1.068	2.5
2026-02-11	136	0.249	12.95
2026-02-11	73	2	1.49
2026-02-11	91	2.435	0.69
2026-02-11	124	7.968	1.55
2026-02-11	121	6.085	1.29
2026-02-11	54	1	2.59
2026-02-11	101	0.697	3
2026-02-11	134	0.552	14.75
2026-02-11	107	2.693	1.99
2026-02-11	128	1	2.25
2026-02-11	198	7.21	1.19
2026-02-11	199	2.909	2.19
2026-02-11	23	3	1.25
2026-02-11	27	1	2.59
2026-02-11	43	1.709	1.79
2026-02-11	53	1	2.59
2026-02-11	197	4.533	2.25
2026-02-11	111	1.343	1.75
2026-02-11	118	0.165	4
2026-02-11	149	0.367	4.99
2026-02-11	109	0.498	2.59
2026-02-11	44	3.96	1.75
2026-02-11	28	2	2.85
2026-02-11	114	3.007	4.5
2026-02-11	69	5	1.25
2026-02-11	102	0.251	1.75
2026-02-11	113	0.022	4.25
2026-02-11	66	3	1.59
2026-02-11	40	2	1.99
2026-02-11	208	3	0.95
2026-02-11	114	2.878	4.5
2026-02-11	48	1	1.99
2026-02-11	75	1	1.59
2026-02-11	58	1.394	2.49
2026-02-11	93	2	3
2026-02-11	166	1	2.45
2026-02-11	127	2	2.49
2026-02-11	21	1	0.99
2026-02-11	141	0.152	11.89
2026-02-11	167	4	1.59
2026-02-11	30	2	1.89
2026-02-11	162	1	1.19
2026-02-11	214	1	2.79
2026-02-11	30	1	1.89
2026-02-11	76	4	0.79
2026-02-11	87	3	1.39
2026-02-11	187	0.209	5.45
2026-02-11	84	1	1.59
2026-02-11	70	1	1.49
2026-02-11	209	2	1.19
2026-02-11	89	9.316	0.79
2026-02-11	97	0.24	1.75
2026-02-11	101	2.24	3
2026-02-11	93	2	3
2026-02-11	9	3	0.85
2026-02-11	49	1	3
2026-02-11	114	0.851	4.5
2026-02-11	195	1	2.25
2026-02-11	54	1	2.59
2026-02-11	207	1	1.29
2026-02-11	155	1	0.85
2026-02-11	130	2	1.89
2026-02-11	216	1	2.79
2026-02-11	166	4	2.45
2026-02-11	194	0.855	2.75
2026-02-11	33	3.264	1.59
2026-02-11	56	3	3.49
2026-02-11	77	1	2.35
2026-02-11	28	1	2.85
2026-02-11	38	4.926	1.89
2026-02-11	211	2	1.15
2026-02-11	121	5.271	1.29
2026-02-11	93	1	3
2026-02-11	8	1	2.25
2026-02-11	140	0.298	12.95
2026-02-11	95	1.088	2.39
2026-02-11	24	1.218	1.19
2026-02-11	215	1	2.79
2026-02-11	46	0.323	3
2026-02-11	213	2	2.85
2026-02-11	76	2	0.79
2026-02-11	95	3.724	2.39
2026-02-11	99	1.291	2.99
2026-02-11	121	8.674	1.29
2026-02-11	93	3	3
2026-02-11	79	4	1.55
2026-02-11	33	2.019	1.59
2026-02-11	190	1	3.15
2026-02-11	44	6.766	1.75
2026-02-11	100	0.409	2.69
2026-02-11	42	5.518	1.39
2026-02-11	91	18.667	0.69
2026-02-11	108	0.204	2.35
2026-02-11	146	0.687	14.39
2026-02-11	178	0.596	3.29
2026-02-11	197	1.209	2.25
2026-02-11	11	2.435	3.95
2026-02-11	101	0.587	3
2026-02-11	140	0.149	12.95
2026-02-11	16	1.36	1.25
2026-02-11	71	1	1.99
2026-02-11	56	1	3.49
2026-02-11	84	4	1.59
2026-02-11	12	3.102	2.25
2026-02-11	130	2	1.89
2026-02-11	50	1	3
2026-02-11	153	1	1.99
2026-02-11	43	7.011	1.79
2026-02-11	135	0.395	12.95
2026-02-11	72	4	0.95
2026-02-11	122	0.06	2.99
2026-02-11	226	2	1.35
2026-02-11	250	0.28	2.39
2026-02-11	17	1	1.69
2026-02-11	196	3	3.15
2026-02-11	68	1	1.99
2026-02-11	194	1.225	2.75
2026-02-11	117	0.536	2.5
2026-02-11	59	0.093	4
2026-02-11	93	2	3
2026-02-11	61	1	1.89
2026-02-11	75	3	1.59
2026-02-11	138	0.303	4.59
2026-02-11	92	6.483	0.89
2026-02-11	154	1	1.99
2026-02-11	52	6.566	0.99
2026-02-11	77	1	2.35
2026-02-11	42	0.727	1.39
2026-02-11	43	1.229	1.79
2026-02-11	106	5.749	1.99
2026-02-11	78	5	1.09
2026-02-11	26	0.286	1.19
2026-02-11	39	2.591	3.99
2026-02-11	61	1	1.89
2026-02-11	187	2.477	5.45
2026-02-11	18	1.193	1.35
2026-02-11	76	9	0.79
2026-02-11	211	1	1.15
2026-02-11	105	1.726	1.75
2026-02-11	30	1	1.89
2026-02-11	83	2.607	2.39
2026-02-11	31	0.452	5.69
2026-02-11	88	1.731	2.19
2026-02-11	54	1	2.59
2026-02-11	93	1	3
2026-02-11	139	0.265	14.95
2026-02-11	224	1	0.99
2026-02-11	98	1.065	2.3
2026-02-11	201	0.718	1.95
2026-02-11	124	1.187	1.55
2026-02-11	137	0.385	18.75
2026-02-11	89	10.772	0.79
2026-02-11	103	1.288	2.19
2026-02-11	190	1	3.15
2026-02-11	82	5	0.99
2026-02-11	70	2	1.49
2026-02-11	48	1	1.99
2026-02-11	112	2.019	2.59
2026-02-11	185	1	1.99
2026-02-11	248	0.008	10.95
2026-02-11	125	3	2.35
2026-02-11	8	1	2.25
2026-02-11	193	4	2.5
2026-02-11	218	4	1.39
2026-02-11	101	1.647	3
2026-02-11	78	2	1.09
2026-02-11	218	1	1.39
2026-02-11	165	1.788	5
2026-02-11	57	1	1.35
2026-02-12	197	3.24	2.25
2026-02-12	12	0.436	2.25
2026-02-12	28	3	2.85
2026-02-12	38	6.349	1.89
2026-02-12	142	0.37	6.95
2026-02-12	100	0.431	2.69
2026-02-12	214	1	2.79
2026-02-12	248	0.009	10.95
2026-02-12	55	3	2.99
2026-02-12	89	9.722	0.79
2026-02-12	84	3	1.59
2026-02-12	17	1	1.69
2026-02-12	162	1	1.19
2026-02-12	93	5	3
2026-02-12	77	2	2.35
2026-02-12	148	0.217	5.99
2026-02-12	194	1.382	2.75
2026-02-12	4	5	1.05
2026-02-12	139	0.124	14.95
2026-02-12	81	2	1.25
2026-02-12	78	8	1.09
2026-02-12	197	1.107	2.25
2026-02-12	102	0.269	1.75
2026-02-12	93	1	3
2026-02-12	149	0.387	4.99
2026-02-12	134	0.093	14.75
2026-02-12	196	3	3.15
2026-02-12	127	1	2.49
2026-02-12	211	3	1.15
2026-02-12	127	2	2.49
2026-02-12	53	1	2.59
2026-02-12	65	2	1.45
2026-02-12	57	1	1.35
2026-02-12	54	1	2.59
2026-02-12	52	3.949	0.99
2026-02-12	154	1	1.99
2026-02-12	44	3.389	1.75
2026-02-12	95	2.406	2.39
2026-02-12	130	2	1.89
2026-02-12	54	1	2.59
2026-02-12	98	1.126	2.3
2026-02-12	95	0.954	2.39
2026-02-12	195	2	2.25
2026-02-12	135	0.418	12.95
2026-02-12	118	0.175	4
2026-02-12	167	4	1.59
2026-02-12	153	1	1.99
2026-02-12	93	3	3
2026-02-12	70	1	1.49
2026-02-12	83	2.749	2.39
2026-02-12	43	4.453	1.79
2026-02-12	28	2	2.85
2026-02-12	93	4	3
2026-02-12	30	4	1.89
2026-02-12	108	0.213	2.35
2026-02-12	11	0.77	3.95
2026-02-12	89	4.962	0.79
2026-02-12	91	11.681	0.69
2026-02-12	99	1.361	2.99
2026-02-12	187	0.868	5.45
2026-02-12	92	6.843	0.89
2026-02-12	52	2.152	0.99
2026-02-12	82	5	0.99
2026-02-12	189	3	3.15
2026-02-12	79	2	1.55
2026-02-12	199	0.822	2.19
2026-02-12	73	2	1.49
2026-02-12	121	3.721	1.29
2026-02-12	103	1.361	2.19
2026-02-12	26	0.294	1.19
2026-02-12	42	6.59	1.39
2026-02-12	79	2	1.55
2026-02-12	190	1	3.15
2026-02-12	137	0.18	18.75
2026-02-12	87	3	1.39
2026-02-12	71	1	1.99
2026-02-12	75	4	1.59
2026-02-12	195	2	2.25
2026-02-12	144	0.369	5.39
2026-02-12	24	1.286	1.19
2026-02-12	72	4	0.95
2026-02-12	81	3	1.25
2026-02-12	114	3.32	4.5
2026-02-12	91	10.609	0.69
2026-02-12	134	0.489	14.75
2026-02-12	114	2.284	4.5
2026-02-12	195	1	2.25
2026-02-12	219	2	0.99
2026-02-12	218	1	1.39
2026-02-12	69	2	1.25
2026-02-12	152	1	1.75
2026-02-12	93	1	3
2026-02-12	195	1	2.25
2026-02-12	76	15	0.79
2026-02-12	178	0.629	3.29
2026-02-12	117	0.564	2.5
2026-02-12	53	1	2.59
2026-02-12	224	1	0.99
2026-02-12	61	1	1.89
2026-02-12	23	3	1.25
2026-02-12	124	6.839	1.55
2026-02-12	61	1	1.89
2026-02-12	227	1	1.69
2026-02-12	193	1	2.5
2026-02-12	52	8.101	0.99
2026-02-12	113	0.023	4.25
2026-02-12	146	0.319	14.39
2026-02-12	43	1.603	1.79
2026-02-12	66	3	1.59
2026-02-12	216	1	2.79
2026-02-12	121	3	1.29
2026-02-12	84	3	1.59
2026-02-12	49	1	3
2026-02-12	54	1	2.59
2026-02-12	250	0.297	2.39
2026-02-12	124	2.103	1.55
2026-02-12	97	0.257	1.75
2026-02-12	155	1	0.85
2026-02-12	109	0.525	2.59
2026-02-12	190	4	3.15
2026-02-12	112	2.135	2.59
2026-02-12	8	1	2.25
2026-02-12	106	3.216	1.99
2026-02-12	209	2	1.19
2026-02-12	41	1.335	1.85
2026-02-12	189	1	3.15
2026-02-12	218	4	1.39
2026-02-12	70	2	1.49
2026-02-12	44	0.486	1.75
2026-02-12	12	2.84	2.25
2026-02-12	59	0.098	4
2026-02-12	79	1	1.55
2026-02-12	96	1.128	2.5
2026-02-12	35	1	1.35
2026-02-12	94	4.737	2.85
2026-02-12	58	1.47	2.49
2026-02-12	198	2.387	1.19
2026-02-12	226	2	1.35
2026-02-12	197	1.716	2.25
2026-02-12	43	2.676	1.79
2026-02-12	187	1.006	5.45
2026-02-12	199	2.247	2.19
2026-02-12	46	0.343	3
2026-02-12	85	1	1.49
2026-02-12	194	2.833	2.75
2026-02-12	18	5.119	1.35
2026-02-12	33	5.585	1.59
2026-02-12	106	1.337	1.99
2026-02-12	27	1	2.59
2026-02-12	194	1.156	2.75
2026-02-12	138	1.869	4.59
2026-02-12	31	0.478	5.69
2026-02-12	121	10.016	1.29
2026-02-12	40	2	1.99
2026-02-12	124	3.161	1.55
2026-02-12	8	1	2.25
2026-02-12	136	0.263	12.95
2026-02-12	47	0.307	3
2026-02-12	127	1	2.49
2026-02-12	166	3	2.45
2026-02-12	111	2.771	1.75
2026-02-12	89	7.873	0.79
2026-02-12	125	1	2.35
2026-02-12	121	2.543	1.29
2026-02-12	185	2	1.99
2026-02-12	201	0.754	1.95
2026-02-12	11	1.803	3.95
2026-02-12	130	2	1.89
2026-02-12	158	1	2.29
2026-02-12	215	1	2.79
2026-02-12	52	3.717	0.99
2026-02-12	101	1.047	3
2026-02-12	50	1	3
2026-02-12	43	1.771	1.79
2026-02-12	105	1.823	1.75
2026-02-12	39	2.737	3.99
2026-02-12	193	4	2.5
2026-02-12	166	2	2.45
2026-02-12	41	4.476	1.85
2026-02-12	56	1	3.49
2026-02-12	121	1.907	1.29
2026-02-12	208	3	0.95
2026-02-12	89	6.519	0.79
2026-02-12	106	1.518	1.99
2026-02-12	121	7.814	1.29
2026-02-12	141	0.161	11.89
2026-02-12	139	0.156	14.95
2026-02-12	21	1	0.99
2026-02-12	114	0.907	4.5
2026-02-12	55	1	2.99
2026-02-12	137	0.241	18.75
2026-02-12	9	3	0.85
2026-02-12	190	3	3.15
2026-02-12	146	0.243	14.39
2026-02-12	48	1	1.99
2026-02-12	214	1	2.79
2026-02-12	140	0.472	12.95
2026-02-12	18	5.104	1.35
2026-02-12	125	3	2.35
2026-02-12	94	0.347	2.85
2026-02-12	68	1	1.99
2026-02-12	3	1	1.45
2026-02-12	185	1	1.99
2026-02-12	128	1	2.25
2026-02-12	145	0.177	22.95
2026-02-12	207	1	1.29
2026-02-12	196	1	3.15
2026-02-12	121	1.837	1.29
2026-02-12	114	0.598	4.5
2026-02-12	187	0.963	5.45
2026-02-12	95	1.715	2.39
2026-02-12	107	2.844	1.99
2026-02-12	16	1.44	1.25
2026-02-12	93	2	3
2026-02-12	69	4	1.25
2026-02-12	122	0.064	2.99
2026-02-12	146	0.408	14.39
2026-02-12	194	2.589	2.75
2026-02-12	165	2.592	5
2026-02-12	213	2	2.85
2026-02-12	44	7.451	1.75
2026-02-12	198	5.218	1.19
2026-02-12	88	1.826	2.19
2026-02-12	74	1	2.35
2026-02-12	52	3.202	0.99
2026-02-12	101	4.41	3
2026-02-12	28	1	2.85
2026-02-12	49	1	3
2026-02-13	28	3	2.85
2026-02-13	211	3	1.15
2026-02-13	112	2.042	2.59
2026-02-13	114	1.507	4.5
2026-02-13	227	1	1.69
2026-02-13	152	1	1.75
2026-02-13	122	0.077	2.99
2026-02-13	81	6	1.25
2026-02-13	167	4	1.59
2026-02-13	105	2.206	1.75
2026-02-13	195	1	2.25
2026-02-13	162	1	1.19
2026-02-13	124	6.006	1.55
2026-02-13	54	1	2.59
2026-02-13	89	10.038	0.79
2026-02-13	93	3	3
2026-02-13	185	2	1.99
2026-02-13	88	1.068	2.19
2026-02-13	250	0.356	2.39
2026-02-13	196	3	3.15
2026-02-13	31	0.578	5.69
2026-02-13	89	10.481	0.79
2026-02-13	138	2.264	4.59
2026-02-13	83	1.753	2.39
2026-02-13	11	2.628	3.95
2026-02-13	102	0.32	1.75
2026-02-13	109	0.633	2.59
2026-02-13	28	3	2.85
2026-02-13	125	4	2.35
2026-02-13	83	0.51	2.39
2026-02-13	224	1	0.99
2026-02-13	112	0.537	2.59
2026-02-13	208	4	0.95
2026-02-13	213	1	2.85
2026-02-13	193	1	2.5
2026-02-13	42	7.978	1.39
2026-02-13	190	3	3.15
2026-02-13	136	0.318	12.95
2026-02-13	18	5.681	1.35
2026-02-13	89	14.177	0.79
2026-02-13	98	1.361	2.3
2026-02-13	24	1.555	1.19
2026-02-13	56	1	3.49
2026-02-13	194	2.193	2.75
2026-02-13	209	2	1.19
2026-02-13	70	2	1.49
2026-02-13	8	1	2.25
2026-02-13	248	0.011	10.95
2026-02-13	91	12.58	0.69
2026-02-13	194	1.036	2.75
2026-02-13	197	0.96	2.25
2026-02-13	190	2	3.15
2026-02-13	44	1.366	1.75
2026-02-13	28	1	2.85
2026-02-13	11	0.481	3.95
2026-02-13	121	5.876	1.29
2026-02-13	197	3.04	2.25
2026-02-13	117	0.684	2.5
2026-02-13	56	2	3.49
2026-02-13	121	10.271	1.29
2026-02-13	3	1	1.45
2026-02-13	39	3.148	3.99
2026-02-13	55	3	2.99
2026-02-13	121	4.465	1.29
2026-02-13	218	6	1.39
2026-02-13	58	0.414	2.49
2026-02-13	46	0.413	3
2026-02-13	55	1	2.99
2026-02-13	127	3	2.49
2026-02-13	26	0.361	1.19
2026-02-13	40	1	1.99
2026-02-13	201	0.918	1.95
2026-02-13	92	8.292	0.89
2026-02-13	52	12.343	0.99
2026-02-13	165	1.822	5
2026-02-13	101	2.137	3
2026-02-13	85	2	1.49
2026-02-13	76	6	0.79
2026-02-13	71	1	1.99
2026-02-13	213	1	2.85
2026-02-13	52	1.525	0.99
2026-02-13	178	0.763	3.29
2026-02-13	43	6.648	1.79
2026-02-13	195	5	2.25
2026-02-13	93	2	3
2026-02-13	74	1	2.35
2026-02-13	43	0.464	1.79
2026-02-13	95	1.544	2.39
2026-02-13	114	3.191	4.5
2026-02-13	197	1.32	2.25
2026-02-13	79	1	1.55
2026-02-13	198	9.21	1.19
2026-02-13	77	2	2.35
2026-02-13	70	1	1.49
2026-02-13	193	2	2.5
2026-02-13	108	0.26	2.35
2026-02-13	213	1	2.85
2026-02-13	21	1	0.99
2026-02-13	130	3	1.89
2026-02-13	137	0.277	18.75
2026-02-13	61	1	1.89
2026-02-13	148	0.262	5.99
2026-02-13	141	0.194	11.89
2026-02-13	40	2	1.99
2026-02-13	100	0.524	2.69
2026-02-13	127	1	2.49
2026-02-13	88	1.142	2.19
2026-02-13	114	0.753	4.5
2026-02-13	111	1.257	1.75
2026-02-13	165	0.364	5
2026-02-13	52	5.737	0.99
2026-02-13	146	0.207	14.39
2026-02-13	44	5.2	1.75
2026-02-13	94	0.442	2.85
2026-02-13	146	0.935	14.39
2026-02-13	229	1	1.89
2026-02-13	23	4	1.25
2026-02-13	227	1	1.69
2026-02-13	194	2.629	2.75
2026-02-13	158	2	2.29
2026-02-13	226	2	1.35
2026-02-13	216	1	2.79
2026-02-13	93	4	3
2026-02-13	140	0.348	12.95
2026-02-13	121	3.395	1.29
2026-02-13	33	5.258	1.59
2026-02-13	194	1.284	2.75
2026-02-13	197	2.018	2.25
2026-02-13	189	3	3.15
2026-02-13	68	1	1.99
2026-02-13	73	3	1.49
2026-02-13	153	1	1.99
2026-02-13	154	1	1.99
2026-02-13	127	1	2.49
2026-02-13	121	3.287	1.29
2026-02-13	145	0.214	22.95
2026-02-13	94	2.144	2.85
2026-02-13	50	1	3
2026-02-13	16	1.744	1.25
2026-02-13	94	3.568	2.85
2026-02-13	93	2	3
2026-02-13	135	0.506	12.95
2026-02-13	101	2.36	3
2026-02-13	124	3.187	1.55
2026-02-13	58	1.365	2.49
2026-02-13	103	1.644	2.19
2026-02-13	12	3.964	2.25
2026-02-13	84	7	1.59
2026-02-13	65	2	1.45
2026-02-13	55	1	2.99
2026-02-13	118	0.21	4
2026-02-13	93	1	3
2026-02-13	91	3.754	0.69
2026-02-13	49	1	3
2026-02-13	35	1	1.35
2026-02-13	124	5.458	1.55
2026-02-13	44	4.286	1.75
2026-02-13	215	1	2.79
2026-02-13	52	5.96	0.99
2026-02-13	196	1	3.15
2026-02-13	166	2	2.45
2026-02-13	66	3	1.59
2026-02-13	95	2.925	2.39
2026-02-13	83	1.067	2.39
2026-02-13	57	1	1.35
2026-02-13	38	2.228	1.89
2026-02-13	130	2	1.89
2026-02-13	4	6	1.05
2026-02-13	77	1	2.35
2026-02-13	121	10.039	1.29
2026-02-13	144	0.447	5.39
2026-02-13	111	2.097	1.75
2026-02-13	93	2	3
2026-02-13	106	1.402	1.99
2026-02-13	91	10.638	0.69
2026-02-13	38	5.46	1.89
2026-02-13	72	3	0.95
2026-02-13	18	6.689	1.35
2026-02-13	53	1	2.59
2026-02-13	47	0.37	3
2026-02-13	139	0.316	14.95
2026-02-13	9	3	0.85
2026-02-13	68	1	1.99
2026-02-13	134	0.119	14.75
2026-02-13	101	1.013	3
2026-02-13	193	2	2.5
2026-02-13	87	4	1.39
2026-02-13	140	0.222	12.95
2026-02-13	27	1	2.59
2026-02-13	56	2	3.49
2026-02-13	166	4	2.45
2026-02-13	35	1	1.35
2026-02-13	142	0.447	6.95
2026-02-13	175	1	1.59
2026-02-13	190	3	3.15
2026-02-13	75	4	1.59
2026-02-13	149	0.469	4.99
2026-02-13	101	1.097	3
2026-02-13	190	1	3.15
2026-02-13	76	7	0.79
2026-02-13	214	1	2.79
2026-02-13	44	2.863	1.75
2026-02-13	50	1	3
2026-02-13	137	0.096	18.75
2026-02-13	134	0.586	14.75
2026-02-13	30	4	1.89
2026-02-13	65	1	1.45
2026-02-13	165	0.952	5
2026-02-13	107	3.437	1.99
2026-02-13	95	1.619	2.39
2026-02-13	219	3	0.99
2026-02-13	199	3.712	2.19
2026-02-13	59	0.118	4
2026-02-13	93	5	3
2026-02-13	137	0.135	18.75
2026-02-13	167	1	1.59
2026-02-13	39	0.165	3.99
2026-02-13	41	1.141	1.85
2026-02-13	99	1.649	2.99
2026-02-13	96	1.364	2.5
2026-02-13	97	0.309	1.75
2026-02-13	187	1.991	5.45
2026-02-13	190	1	3.15
2026-02-13	82	6	0.99
2026-02-13	72	2	0.95
2026-02-13	207	2	1.29
2026-02-13	187	1.442	5.45
2026-02-13	48	1	1.99
2026-02-13	33	1.503	1.59
2026-02-13	76	6	0.79
2026-02-13	41	5.897	1.85
2026-02-13	114	3.156	4.5
2026-02-13	194	2.498	2.75
2026-02-13	106	5.693	1.99
2026-02-13	79	5	1.55
2026-02-13	128	1	2.25
2026-02-13	43	1.542	1.79
2026-02-13	113	0.028	4.25
2026-02-13	189	1	3.15
2026-02-13	185	1	1.99
2026-02-13	17	1	1.69
2026-02-13	155	2	0.85
2026-02-13	78	9	1.09
2026-02-13	69	8	1.25
2026-02-13	43	4.067	1.79
2026-02-14	145	0.246	22.95
2026-02-14	76	15	0.79
2026-02-14	44	6.817	1.75
2026-02-14	96	1.22	2.5
2026-02-14	43	5.531	1.79
2026-02-14	158	1	2.29
2026-02-14	218	1	1.39
2026-02-14	42	2.741	1.39
2026-02-14	100	0.617	2.69
2026-02-14	18	4.074	1.35
2026-02-14	27	1	2.59
2026-02-14	17	1	1.69
2026-02-14	99	1.933	2.99
2026-02-14	4	7	1.05
2026-02-14	47	0.433	3
2026-02-14	79	1	1.55
2026-02-14	196	2	3.15
2026-02-14	69	1	1.25
2026-02-14	112	2.131	2.59
2026-02-14	114	1.676	4.5
2026-02-14	85	2	1.49
2026-02-14	121	4.628	1.29
2026-02-14	93	1	3
2026-02-14	102	0.377	1.75
2026-02-14	21	2	0.99
2026-02-14	89	17.152	0.79
2026-02-14	224	2	0.99
2026-02-14	111	1.223	1.75
2026-02-14	84	7	1.59
2026-02-14	35	1	1.35
2026-02-14	137	0.547	18.75
2026-02-14	114	0.813	4.5
2026-02-14	28	3	2.85
2026-02-14	189	2	3.15
2026-02-14	189	1	3.15
2026-02-14	130	3	1.89
2026-02-14	196	1	3.15
2026-02-14	121	8.55	1.29
2026-02-14	24	1.748	1.19
2026-02-14	89	7.848	0.79
2026-02-14	114	1.769	4.5
2026-02-14	216	1	2.79
2026-02-14	118	0.248	4
2026-02-14	124	1.626	1.55
2026-02-14	193	1	2.5
2026-02-14	71	2	1.99
2026-02-14	218	1	1.39
2026-02-14	55	3	2.99
2026-02-14	124	6.31	1.55
2026-02-14	56	1	3.49
2026-02-14	137	0.051	18.75
2026-02-14	57	1	1.35
2026-02-14	103	1.932	2.19
2026-02-14	199	4.365	2.19
2026-02-14	101	1.32	3
2026-02-14	95	2.201	2.39
2026-02-14	54	2	2.59
2026-02-14	33	3.484	1.59
2026-02-14	113	0.033	4.25
2026-02-14	127	2	2.49
2026-02-14	66	3	1.59
2026-02-14	114	2.182	4.5
2026-02-14	198	5.076	1.19
2026-02-14	175	1	1.59
2026-02-14	73	3	1.49
2026-02-14	187	0.389	5.45
2026-02-14	88	2.594	2.19
2026-02-14	197	2.467	2.25
2026-02-14	146	0.381	14.39
2026-02-14	148	0.307	5.99
2026-02-14	53	1	2.59
2026-02-14	93	3	3
2026-02-14	187	1.387	5.45
2026-02-14	74	1	2.35
2026-02-14	197	6.147	2.25
2026-02-14	121	9.403	1.29
2026-02-14	93	3	3
2026-02-14	87	5	1.39
2026-02-14	8	1	2.25
2026-02-14	82	2	0.99
2026-02-14	97	0.366	1.75
2026-02-14	121	1.682	1.29
2026-02-14	53	1	2.59
2026-02-14	43	4.994	1.79
2026-02-14	195	3	2.25
2026-02-14	93	3	3
2026-02-14	77	2	2.35
2026-02-14	93	1	3
2026-02-14	77	1	2.35
2026-02-14	215	1	2.79
2026-02-14	213	2	2.85
2026-02-14	158	1	2.29
2026-02-14	23	1	1.25
2026-02-14	52	4.364	0.99
2026-02-14	9	4	0.85
2026-02-14	107	1.553	1.99
2026-02-14	216	1	2.79
2026-02-14	211	4	1.15
2026-02-14	93	5	3
2026-02-14	190	2	3.15
2026-02-14	209	1	1.19
2026-02-14	218	6	1.39
2026-02-14	12	4.653	2.25
2026-02-14	101	4.99	3
2026-02-14	165	1.04	5
2026-02-14	121	9.403	1.29
2026-02-14	52	8.889	0.99
2026-02-14	227	1	1.69
2026-02-14	43	1.425	1.79
2026-02-14	166	1	2.45
2026-02-14	190	3	3.15
2026-02-14	139	0.397	14.95
2026-02-14	190	3	3.15
2026-02-14	194	3.502	2.75
2026-02-14	121	1.674	1.29
2026-02-14	194	1.167	2.75
2026-02-14	42	6.626	1.39
2026-02-14	155	2	0.85
2026-02-14	195	5	2.25
2026-02-14	112	0.903	2.59
2026-02-14	98	1.596	2.3
2026-02-14	69	8	1.25
2026-02-14	124	5.619	1.55
2026-02-14	23	4	1.25
2026-02-14	114	0.776	4.5
2026-02-14	40	1	1.99
2026-02-14	30	2	1.89
2026-02-14	121	8.481	1.29
2026-02-14	56	1	3.49
2026-02-14	194	1.087	2.75
2026-02-14	128	1	2.25
2026-02-14	127	1	2.49
2026-02-14	226	1	1.35
2026-02-14	130	2	1.89
2026-02-14	48	1	1.99
2026-02-14	94	3.565	2.85
2026-02-14	61	1	1.89
2026-02-14	76	7	0.79
2026-02-14	75	5	1.59
2026-02-14	108	0.306	2.35
2026-02-14	187	2.253	5.45
2026-02-14	39	1.133	3.99
2026-02-14	94	0.309	2.85
2026-02-14	111	2.714	1.75
2026-02-14	57	2	1.35
2026-02-14	185	2	1.99
2026-02-14	165	2.44	5
2026-02-14	59	0.14	4
2026-02-14	196	1	3.15
2026-02-14	54	1	2.59
2026-02-14	152	1	1.75
2026-02-14	167	3	1.59
2026-02-14	58	1.807	2.49
2026-02-14	127	3	2.49
2026-02-14	149	0.549	4.99
2026-02-14	68	1	1.99
2026-02-14	3	1	1.45
2026-02-14	190	3	3.15
2026-02-14	101	1.447	3
2026-02-14	91	16.986	0.69
2026-02-14	8	1	2.25
2026-02-14	124	2.523	1.55
2026-02-14	93	1	3
2026-02-14	136	0.066	12.95
2026-02-14	153	1	1.99
2026-02-14	165	0.204	5
2026-02-14	49	1	3
2026-02-14	154	1	1.99
2026-02-14	55	2	2.99
2026-02-14	72	6	0.95
2026-02-14	50	1	3
2026-02-14	18	4.163	1.35
2026-02-14	117	0.804	2.5
2026-02-14	106	1.382	1.99
2026-02-14	81	3	1.25
2026-02-14	27	1	2.59
2026-02-14	140	0.266	12.95
2026-02-14	94	3.354	2.85
2026-02-14	16	2.048	1.25
2026-02-14	41	4.627	1.85
2026-02-14	58	0.281	2.49
2026-02-14	194	2.345	2.75
2026-02-14	38	1.423	1.89
2026-02-14	11	3.132	3.95
2026-02-14	194	2.491	2.75
2026-02-14	18	2.778	1.35
2026-02-14	208	1	0.95
2026-02-14	93	2	3
2026-02-14	213	1	2.85
2026-02-14	214	1	2.79
2026-02-14	146	0.626	14.39
2026-02-14	207	2	1.29
2026-02-14	78	11	1.09
2026-02-14	46	0.487	3
2026-02-14	158	1	2.29
2026-02-14	196	1	3.15
2026-02-14	208	3	0.95
2026-02-14	93	2	3
2026-02-14	125	3	2.35
2026-02-14	109	0.745	2.59
2026-02-14	144	0.525	5.39
2026-02-14	18	2.77	1.35
2026-02-14	136	0.307	12.95
2026-02-14	70	1	1.49
2026-02-14	201	1.077	1.95
2026-02-14	84	1	1.59
2026-02-14	219	3	0.99
2026-02-14	194	0.72	2.75
2026-02-14	91	3.478	0.69
2026-02-14	107	2.487	1.99
2026-02-14	248	0.012	10.95
2026-02-14	167	2	1.59
2026-02-14	26	0.42	1.19
2026-02-14	41	3.632	1.85
2026-02-14	130	1	1.89
2026-02-14	250	0.418	2.39
2026-02-14	124	1.11	1.55
2026-02-14	83	3.908	2.39
2026-02-14	140	0.405	12.95
2026-02-14	33	4.453	1.59
2026-02-14	178	0.894	3.29
2026-02-14	162	1	1.19
2026-02-14	141	0.228	11.89
2026-02-14	135	0.594	12.95
2026-02-14	134	0.057	14.75
2026-02-14	31	0.678	5.69
2026-02-14	114	1.273	4.5
2026-02-14	189	2	3.15
2026-02-14	185	2	1.99
2026-02-14	39	2.757	3.99
2026-02-14	71	1	1.99
2026-02-14	134	0.771	14.75
2026-02-14	95	5.013	2.39
2026-02-14	52	13.212	0.99
2026-02-14	114	0.589	4.5
2026-02-14	28	1	2.85
2026-02-14	142	0.525	6.95
2026-02-14	198	5.731	1.19
2026-02-14	18	0.733	1.35
2026-02-14	30	3	1.89
2026-02-14	186	1	2.25
2026-02-14	52	3.545	0.99
2026-02-14	167	1	1.59
2026-02-14	38	7.603	1.89
2026-02-14	28	4	2.85
2026-02-14	56	1	3.49
2026-02-14	82	5	0.99
2026-02-14	122	0.09	2.99
2026-02-14	153	1	1.99
2026-02-14	93	2	3
2026-02-14	166	3	2.45
2026-02-14	44	4.606	1.75
2026-02-14	105	2.589	1.75
2026-02-14	50	1	3
2026-02-14	138	2.656	4.59
2026-02-14	114	1.024	4.5
2026-02-14	96	0.38	2.5
2026-02-14	91	3.899	0.69
2026-02-14	106	7.241	1.99
2026-02-14	44	4.674	1.75
2026-02-14	91	4.145	0.69
2026-02-14	92	9.73	0.89
2026-02-14	146	0.35	14.39
2026-02-14	91	3.13	0.69
2026-02-14	89	16.316	0.79
2026-02-14	11	0.522	3.95
2026-02-14	43	2.983	1.79
2026-02-14	65	1	1.45
2026-02-14	79	1	1.55
2026-02-16	21	1	0.99
2026-02-16	167	3	1.59
2026-02-16	80	1	2.99
2026-02-16	75	3	1.59
2026-02-16	114	0.642	4.5
2026-02-16	218	2	1.39
2026-02-16	175	1	1.59
2026-02-16	52	4.495	0.99
2026-02-16	11	0.253	3.95
2026-02-16	227	1	1.69
2026-02-16	106	2.226	1.99
2026-02-16	77	1	2.35
2026-02-16	27	1	2.59
2026-02-16	100	0.364	2.69
2026-02-16	93	1	3
2026-02-16	82	1	0.99
2026-02-16	72	3	0.95
2026-02-16	149	0.327	4.99
2026-02-16	121	7.643	1.29
2026-02-16	165	0.122	5
2026-02-16	218	2	1.39
2026-02-16	207	1	1.29
2026-02-16	190	1	3.15
2026-02-16	195	5	2.25
2026-02-16	78	6	1.09
2026-02-16	136	0.222	12.95
2026-02-16	107	2.397	1.99
2026-02-16	197	5.102	2.25
2026-02-16	213	1	2.85
2026-02-16	71	1	1.99
2026-02-16	162	1	1.19
2026-02-16	97	0.217	1.75
2026-02-16	248	0.007	10.95
2026-02-16	33	2.39	1.59
2026-02-16	196	1	3.15
2026-02-16	59	0.083	4
2026-02-16	193	4	2.5
2026-02-16	146	0.439	14.39
2026-02-16	41	2.07	1.85
2026-02-16	84	3	1.59
2026-02-16	140	0.397	12.95
2026-02-16	52	13.293	0.99
2026-02-16	33	2.308	1.59
2026-02-16	114	0.498	4.5
2026-02-16	48	1	1.99
2026-02-16	55	1	2.99
2026-02-16	99	1.147	2.99
2026-02-16	91	18.754	0.69
2026-02-16	125	3	2.35
2026-02-16	89	17.089	0.79
2026-02-16	155	1	0.85
2026-02-16	40	1	1.99
2026-02-16	103	1.146	2.19
2026-02-16	39	0.965	3.99
2026-02-16	92	5.764	0.89
2026-02-16	148	0.182	5.99
2026-02-16	93	1	3
2026-02-16	46	0.287	3
2026-02-16	122	0.054	2.99
2026-02-16	48	1	1.99
2026-02-16	41	2.827	1.85
2026-02-16	23	3	1.25
2026-02-16	79	2	1.55
2026-02-16	16	1.208	1.25
2026-02-16	194	3.705	2.75
2026-02-16	101	4.597	3
2026-02-16	218	1	1.39
2026-02-16	141	0.135	11.89
2026-02-16	196	2	3.15
2026-02-16	57	1	1.35
2026-02-16	79	2	1.55
2026-02-16	18	8.6	1.35
2026-02-16	199	1.963	2.19
2026-02-16	114	2.511	4.5
2026-02-16	58	1.237	2.49
2026-02-16	178	0.529	3.29
2026-02-16	152	1	1.75
2026-02-16	187	0.596	5.45
2026-02-16	201	0.636	1.95
2026-02-16	24	1.084	1.19
2026-02-16	145	0.149	22.95
2026-02-16	121	6.388	1.29
2026-02-16	214	1	2.79
2026-02-16	166	3	2.45
2026-02-16	250	0.247	2.39
2026-02-16	121	1.868	1.29
2026-02-16	38	2.021	1.89
2026-02-16	50	1	3
2026-02-16	128	1	2.25
2026-02-16	144	0.31	5.39
2026-02-16	85	1	1.49
2026-02-16	194	2.967	2.75
2026-02-16	66	2	1.59
2026-02-16	53	1	2.59
2026-02-16	138	1.575	4.59
2026-02-16	69	5	1.25
2026-02-16	26	0.252	1.19
2026-02-16	93	3	3
2026-02-16	114	2.336	4.5
2026-02-16	124	3.606	1.55
2026-02-16	81	4	1.25
2026-02-16	127	3	2.49
2026-02-16	42	5.547	1.39
2026-02-16	226	2	1.35
2026-02-16	121	6.535	1.29
2026-02-16	54	2	2.59
2026-02-16	44	7.383	1.75
2026-02-16	89	3.911	0.79
2026-02-16	215	1	2.79
2026-02-16	9	2	0.85
2026-02-16	105	1.531	1.75
2026-02-16	213	1	2.85
2026-02-16	134	0.49	14.75
2026-02-16	40	1	1.99
2026-02-16	89	3.468	0.79
2026-02-16	127	1	2.49
2026-02-16	109	0.44	2.59
2026-02-16	70	2	1.49
2026-02-16	142	0.311	6.95
2026-02-16	113	0.02	4.25
2026-02-16	30	2	1.89
2026-02-16	106	2.879	1.99
2026-02-16	208	3	0.95
2026-02-16	166	1	2.45
2026-02-16	47	0.257	3
2026-02-16	35	1	1.35
2026-02-16	56	3	3.49
2026-02-16	65	2	1.45
2026-02-16	31	0.402	5.69
2026-02-16	17	1	1.69
2026-02-16	93	4	3
2026-02-16	4	4	1.05
2026-02-16	139	0.235	14.95
2026-02-16	158	1	2.29
2026-02-16	190	2	3.15
2026-02-16	82	3	0.99
2026-02-16	49	1	3
2026-02-16	96	0.948	2.5
2026-02-16	39	1.338	3.99
2026-02-16	118	0.148	4
2026-02-16	76	2	0.79
2026-02-16	185	2	1.99
2026-02-16	111	2.331	1.75
2026-02-16	74	1	2.35
2026-02-16	216	1	2.79
2026-02-16	38	1.434	1.89
2026-02-16	77	1	2.35
2026-02-16	28	2	2.85
2026-02-16	187	1.794	5.45
2026-02-16	83	2.318	2.39
2026-02-16	224	1	0.99
2026-02-16	112	1.795	2.59
2026-02-16	84	2	1.59
2026-02-16	88	1.539	2.19
2026-02-16	189	3	3.15
2026-02-16	76	11	0.79
2026-02-16	11	1.149	3.95
2026-02-16	135	0.352	12.95
2026-02-16	27	1	2.59
2026-02-16	73	2	1.49
2026-02-16	57	1	1.35
2026-02-16	28	3	2.85
2026-02-16	38	1.889	1.89
2026-02-16	61	1	1.89
2026-02-16	137	0.355	18.75
2026-02-16	12	2.756	2.25
2026-02-16	130	3	1.89
2026-02-16	102	0.223	1.75
2026-02-16	117	0.476	2.5
2026-02-16	30	1	1.89
2026-02-16	190	4	3.15
2026-02-16	219	2	0.99
2026-02-16	108	0.183	2.35
2026-02-16	211	2	1.15
2026-02-16	198	3.933	1.19
2026-02-16	94	3.168	2.85
2026-02-16	199	0.621	2.19
2026-02-16	158	1	2.29
2026-02-16	44	2.154	1.75
2026-02-16	124	6.406	1.55
2026-02-16	232	1	1.49
2026-02-16	186	1	2.25
2026-02-16	153	1	1.99
2026-02-16	43	0.67	1.79
2026-02-16	71	1	1.99
2026-02-16	98	0.948	2.3
2026-02-16	11	0.762	3.95
2026-02-16	198	2.471	1.19
2026-02-16	3	1	1.45
2026-02-16	94	1.056	2.85
2026-02-16	165	2.062	5
2026-02-16	209	2	1.19
2026-02-16	146	0.377	14.39
2026-02-16	121	3.535	1.29
2026-02-16	68	1	1.99
2026-02-16	87	3	1.39
2026-02-16	95	4.276	2.39
2026-02-16	154	1	1.99
2026-02-16	207	1	1.29
2026-02-16	55	2	2.99
2026-02-16	8	1	2.25
2026-02-16	93	5	3
2026-02-16	43	8.173	1.79
2026-02-17	144	0.33	5.39
2026-02-17	124	1.123	1.55
2026-02-17	190	2	3.15
2026-02-17	101	0.987	3
2026-02-17	197	2.889	2.25
2026-02-17	167	3	1.59
2026-02-17	195	5	2.25
2026-02-17	76	6	0.79
2026-02-17	40	2	1.99
2026-02-17	197	1.049	2.25
2026-02-17	121	7	1.29
2026-02-17	24	1.151	1.19
2026-02-17	56	1	3.49
2026-02-17	94	4.123	2.85
2026-02-17	21	1	0.99
2026-02-17	38	4.106	1.89
2026-02-17	121	4.45	1.29
2026-02-17	162	1	1.19
2026-02-17	213	2	2.85
2026-02-17	73	2	1.49
2026-02-17	50	1	3
2026-02-17	76	7	0.79
2026-02-17	39	2.449	3.99
2026-02-17	61	1	1.89
2026-02-17	134	0.15	14.75
2026-02-17	108	0.191	2.35
2026-02-17	194	1.458	2.75
2026-02-17	95	1.301	2.39
2026-02-17	154	1	1.99
2026-02-17	207	1	1.29
2026-02-17	109	0.467	2.59
2026-02-17	28	3	2.85
2026-02-17	100	0.387	2.69
2026-02-17	35	1	1.35
2026-02-17	89	11.646	0.79
2026-02-17	68	1	1.99
2026-02-17	121	3.729	1.29
2026-02-17	102	0.24	1.75
2026-02-17	121	3.279	1.29
2026-02-17	117	0.504	2.5
2026-02-17	130	1	1.89
2026-02-17	82	3	0.99
2026-02-17	48	1	1.99
2026-02-17	187	1.077	5.45
2026-02-17	216	1	2.79
2026-02-17	124	4.787	1.55
2026-02-17	224	1	0.99
2026-02-17	193	1	2.5
2026-02-17	186	1	2.25
2026-02-17	91	9.261	0.69
2026-02-17	54	2	2.59
2026-02-17	130	3	1.89
2026-02-17	38	0.513	1.89
2026-02-17	155	1	0.85
2026-02-17	55	1	2.99
2026-02-17	93	2	3
2026-02-17	114	1.656	4.5
2026-02-17	18	0.563	1.35
2026-02-17	112	1.907	2.59
2026-02-17	226	2	1.35
2026-02-17	84	3	1.59
2026-02-17	91	5.71	0.69
2026-02-17	214	1	2.79
2026-02-17	197	1.484	2.25
2026-02-17	17	1	1.69
2026-02-17	97	0.229	1.75
2026-02-17	44	2.034	1.75
2026-02-17	8	1	2.25
2026-02-17	141	0.144	11.89
2026-02-17	75	3	1.59
2026-02-17	12	2.933	2.25
2026-02-17	61	1	1.89
2026-02-17	46	0.307	3
2026-02-17	208	3	0.95
2026-02-17	189	2	3.15
2026-02-17	187	1.461	5.45
2026-02-17	101	2.667	3
2026-02-17	79	4	1.55
2026-02-17	27	1	2.59
2026-02-17	142	0.331	6.95
2026-02-17	167	1	1.59
2026-02-17	166	1	2.45
2026-02-17	175	1	1.59
2026-02-17	30	2	1.89
2026-02-17	146	0.867	14.39
2026-02-17	149	0.347	4.99
2026-02-17	93	3	3
2026-02-17	125	3	2.35
2026-02-17	248	0.008	10.95
2026-02-17	121	9.132	1.29
2026-02-17	128	1	2.25
2026-02-17	209	2	1.19
2026-02-17	96	1.008	2.5
2026-02-17	3	1	1.45
2026-02-17	189	1	3.15
2026-02-17	227	1	1.69
2026-02-17	135	0.374	12.95
2026-02-17	127	1	2.49
2026-02-17	250	0.264	2.39
2026-02-17	85	1	1.49
2026-02-17	215	1	2.79
2026-02-17	94	0.428	2.85
2026-02-17	81	4	1.25
2026-02-17	165	1.322	5
2026-02-17	78	7	1.09
2026-02-17	106	3.291	1.99
2026-02-17	103	1.215	2.19
2026-02-17	49	1	3
2026-02-17	165	0.616	5
2026-02-17	43	4.307	1.79
2026-02-17	16	1.288	1.25
2026-02-17	48	1	1.99
2026-02-17	93	3	3
2026-02-17	190	1	3.15
2026-02-17	49	1	3
2026-02-17	8	1	2.25
2026-02-17	194	0.749	2.75
2026-02-17	124	4.916	1.55
2026-02-17	158	2	2.29
2026-02-17	84	2	1.59
2026-02-17	107	0.482	1.99
2026-02-17	145	0.159	22.95
2026-02-17	101	1.23	3
2026-02-17	28	2	2.85
2026-02-17	43	5.095	1.79
2026-02-17	55	3	2.99
2026-02-17	77	2	2.35
2026-02-17	99	1.217	2.99
2026-02-17	137	0.377	18.75
2026-02-17	134	0.372	14.75
2026-02-17	91	4.957	0.69
2026-02-17	93	4	3
2026-02-17	38	1.063	1.89
2026-02-17	18	6.193	1.35
2026-02-17	194	2.851	2.75
2026-02-17	30	1	1.89
2026-02-17	80	1	2.99
2026-02-17	11	1.532	3.95
2026-02-17	140	0.143	12.95
2026-02-17	52	12.768	0.99
2026-02-17	9	3	0.85
2026-02-17	4	4	1.05
2026-02-17	165	0.382	5
2026-02-17	87	3	1.39
2026-02-17	52	6.131	0.99
2026-02-17	56	1	3.49
2026-02-17	41	5.2	1.85
2026-02-17	153	1	1.99
2026-02-17	114	1.02	4.5
2026-02-17	138	1.673	4.59
2026-02-17	194	0.847	2.75
2026-02-17	219	2	0.99
2026-02-17	198	3.042	1.19
2026-02-17	31	0.427	5.69
2026-02-17	193	3	2.5
2026-02-17	190	4	3.15
2026-02-17	211	2	1.15
2026-02-17	166	1	2.45
2026-02-17	69	6	1.25
2026-02-17	70	2	1.49
2026-02-17	207	1	1.29
2026-02-17	122	0.057	2.99
2026-02-17	127	3	2.49
2026-02-17	44	8.097	1.75
2026-02-17	33	5	1.59
2026-02-17	74	1	2.35
2026-02-17	26	0.269	1.19
2026-02-17	95	3.243	2.39
2026-02-17	218	5	1.39
2026-02-17	152	1	1.75
2026-02-17	114	1.347	4.5
2026-02-17	60	1	2.75
2026-02-17	47	0.273	3
2026-02-17	92	6.124	0.89
2026-02-17	106	2.136	1.99
2026-02-17	66	2	1.59
2026-02-17	53	1	2.59
2026-02-17	76	1	0.79
2026-02-17	88	1.635	2.19
2026-02-17	72	4	0.95
2026-02-17	70	1	1.49
2026-02-17	118	0.155	4
2026-02-17	57	2	1.35
2026-02-17	178	0.562	3.29
2026-02-17	105	1.629	1.75
2026-02-17	114	2.338	4.5
2026-02-17	136	0.236	12.95
2026-02-17	82	1	0.99
2026-02-17	148	0.194	5.99
2026-02-17	185	2	1.99
2026-02-17	201	0.677	1.95
2026-02-17	54	1	2.59
2026-02-17	58	1.313	2.49
2026-02-17	56	1	3.49
2026-02-17	199	2.744	2.19
2026-02-17	93	2	3
2026-02-17	113	0.021	4.25
2026-02-17	139	0.249	14.95
2026-02-17	65	2	1.45
2026-02-17	27	1	2.59
2026-02-17	66	1	1.59
2026-02-17	89	14.367	0.79
2026-02-17	98	1.004	2.3
2026-02-17	11	0.77	3.95
2026-02-17	140	0.28	12.95
2026-02-17	59	0.088	4
2026-02-17	18	2.385	1.35
2026-02-17	42	5.892	1.39
2026-02-17	185	1	1.99
2026-02-17	196	3	3.15
2026-02-17	111	2.48	1.75
2026-02-17	166	3	2.45
2026-02-17	83	2.46	2.39
2026-02-17	23	3	1.25
2026-02-17	198	3.765	1.19
2026-02-17	71	2	1.99
2026-02-17	107	2.055	1.99
2026-02-17	194	1.215	2.75
2026-02-17	56	1	3.49
2026-02-18	114	2.242	4.5
2026-02-18	44	4.594	1.75
2026-02-18	196	2	3.15
2026-02-18	152	1	1.75
2026-02-18	125	1	2.35
2026-02-18	214	1	2.79
2026-02-18	84	1	1.59
2026-02-18	39	1.446	3.99
2026-02-18	31	0.452	5.69
2026-02-18	48	1	1.99
2026-02-18	102	0.251	1.75
2026-02-18	101	2.907	3
2026-02-18	12	3.102	2.25
2026-02-18	213	2	2.85
2026-02-18	134	0.552	14.75
2026-02-18	121	2.667	1.29
2026-02-18	166	1	2.45
2026-02-18	58	1.084	2.49
2026-02-18	107	2.693	1.99
2026-02-18	127	3	2.49
2026-02-18	78	7	1.09
2026-02-18	52	8.737	0.99
2026-02-18	196	1	3.15
2026-02-18	138	0.268	4.59
2026-02-18	117	0.536	2.5
2026-02-18	187	0.31	5.45
2026-02-18	194	2.011	2.75
2026-02-18	73	2	1.49
2026-02-18	93	1	3
2026-02-18	190	2	3.15
2026-02-18	69	6	1.25
2026-02-18	85	1	1.49
2026-02-18	128	1	2.25
2026-02-18	201	0.718	1.95
2026-02-18	93	4	3
2026-02-18	250	0.28	2.39
2026-02-18	87	3	1.39
2026-02-18	30	1	1.89
2026-02-18	89	2.658	0.79
2026-02-18	138	1.503	4.59
2026-02-18	127	1	2.49
2026-02-18	46	0.323	3
2026-02-18	121	8.155	1.29
2026-02-18	108	0.204	2.35
2026-02-18	95	0.351	2.39
2026-02-18	61	1	1.89
2026-02-18	165	0.476	5
2026-02-18	58	0.309	2.49
2026-02-18	77	2	2.35
2026-02-18	194	0.378	2.75
2026-02-18	74	1	2.35
2026-02-18	121	1.853	1.29
2026-02-18	99	1.291	2.99
2026-02-18	194	2.407	2.75
2026-02-18	18	4.148	1.35
2026-02-18	79	4	1.55
2026-02-18	88	1.731	2.19
2026-02-18	186	1	2.25
2026-02-18	219	2	0.99
2026-02-18	38	2.026	1.89
2026-02-18	190	1	3.15
2026-02-18	8	1	2.25
2026-02-18	40	2	1.99
2026-02-18	94	3.453	2.85
2026-02-18	95	1.238	2.39
2026-02-18	24	1.218	1.19
2026-02-18	227	1	1.69
2026-02-18	76	4	0.79
2026-02-18	75	3	1.59
2026-02-18	124	7.097	1.55
2026-02-18	48	1	1.99
2026-02-18	11	0.752	3.95
2026-02-18	199	2.909	2.19
2026-02-18	1	1	1.5
2026-02-18	142	0.348	6.95
2026-02-18	91	20.145	0.69
2026-02-18	140	0.447	12.95
2026-02-18	54	1	2.59
2026-02-18	68	1	1.99
2026-02-18	49	1	3
2026-02-18	47	0.29	3
2026-02-18	101	2.263	3
2026-02-18	49	1	3
2026-02-18	43	2.045	1.79
2026-02-18	4	5	1.05
2026-02-18	215	1	2.79
2026-02-18	26	0.286	1.19
2026-02-18	218	5	1.39
2026-02-18	109	0.498	2.59
2026-02-18	100	0.409	2.69
2026-02-18	105	1.726	1.75
2026-02-18	211	2	1.15
2026-02-18	135	0.395	12.95
2026-02-18	56	2	3.49
2026-02-18	82	3	0.99
2026-02-18	165	1.632	5
2026-02-18	148	0.205	5.99
2026-02-18	28	1	2.85
2026-02-18	41	3.935	1.85
2026-02-18	155	1	0.85
2026-02-18	91	0.957	0.69
2026-02-18	198	7.21	1.19
2026-02-18	208	3	0.95
2026-02-18	41	1.568	1.85
2026-02-18	23	3	1.25
2026-02-18	53	1	2.59
2026-02-18	106	0.683	1.99
2026-02-18	216	1	2.79
2026-02-18	11	1.686	3.95
2026-02-18	197	4.302	2.25
2026-02-18	83	1.054	2.39
2026-02-18	93	3	3
2026-02-18	56	1	3.49
2026-02-18	81	5	1.25
2026-02-18	187	0.611	5.45
2026-02-18	27	1	2.59
2026-02-18	84	3	1.59
2026-02-18	33	5.157	1.59
2026-02-18	65	2	1.45
2026-02-18	21	1	0.99
2026-02-18	211	1	1.15
2026-02-18	125	3	2.35
2026-02-18	44	1.023	1.75
2026-02-18	209	2	1.19
2026-02-18	54	2	2.59
2026-02-18	226	2	1.35
2026-02-18	153	1	1.99
2026-02-18	66	3	1.59
2026-02-18	185	1	1.99
2026-02-18	52	11.273	0.99
2026-02-18	165	0.348	5
2026-02-18	56	1	3.49
2026-02-18	112	2.019	2.59
2026-02-18	8	1	2.25
2026-02-18	38	3.989	1.89
2026-02-18	71	2	1.99
2026-02-18	146	0.919	14.39
2026-02-18	18	1.215	1.35
2026-02-18	189	3	3.15
2026-02-18	50	1	3
2026-02-18	124	1.929	1.55
2026-02-18	55	1	2.99
2026-02-18	194	1.72	2.75
2026-02-18	106	2.256	1.99
2026-02-18	122	0.06	2.99
2026-02-18	130	2	1.89
2026-02-18	60	1	2.75
2026-02-18	43	4.106	1.79
2026-02-18	141	0.152	11.89
2026-02-18	61	1	1.89
2026-02-18	118	0.165	4
2026-02-18	75	1	1.59
2026-02-18	190	4	3.15
2026-02-18	185	2	1.99
2026-02-18	145	0.168	22.95
2026-02-18	158	2	2.29
2026-02-18	149	0.367	4.99
2026-02-18	98	1.065	2.3
2026-02-18	18	4.319	1.35
2026-02-18	80	1	2.99
2026-02-18	9	3	0.85
2026-02-18	57	2	1.35
2026-02-18	121	2.76	1.29
2026-02-18	121	4.736	1.29
2026-02-18	84	2	1.59
2026-02-18	16	1.36	1.25
2026-02-18	44	5.114	1.75
2026-02-18	114	2.991	4.5
2026-02-18	195	5	2.25
2026-02-18	130	2	1.89
2026-02-18	55	3	2.99
2026-02-18	3	1	1.45
2026-02-18	93	4	3
2026-02-18	194	1.025	2.75
2026-02-18	111	2.623	1.75
2026-02-18	137	0.398	18.75
2026-02-18	162	1	1.19
2026-02-18	72	4	0.95
2026-02-18	93	1	3
2026-02-18	95	3.222	2.39
2026-02-18	59	0.093	4
2026-02-18	136	0.249	12.95
2026-02-18	92	6.483	0.89
2026-02-18	43	3.804	1.79
2026-02-18	89	5.62	0.79
2026-02-18	197	1.44	2.25
2026-02-18	82	2	0.99
2026-02-18	113	0.022	4.25
2026-02-18	96	1.068	2.5
2026-02-18	207	2	1.29
2026-02-18	195	1	2.25
2026-02-18	28	4	2.85
2026-02-18	93	1	3
2026-02-18	249	1	2.29
2026-02-18	70	3	1.49
2026-02-18	106	2.804	1.99
2026-02-18	42	6.245	1.39
2026-02-18	35	1	1.35
2026-02-18	121	9.047	1.29
2026-02-18	167	4	1.59
2026-02-18	187	1.767	5.45
2026-02-18	144	0.349	5.39
2026-02-18	89	18.924	0.79
2026-02-18	83	1.552	2.39
2026-02-18	17	1	1.69
2026-02-18	190	1	3.15
2026-02-18	76	4	0.79
2026-02-18	224	1	0.99
2026-02-18	154	1	1.99
2026-02-18	248	0.008	10.95
2026-02-18	27	1	2.59
2026-02-18	76	7	0.79
2026-02-18	97	0.24	1.75
2026-02-18	175	1	1.59
2026-02-18	193	4	2.5
2026-02-18	166	4	2.45
2026-02-18	114	1.502	4.5
2026-02-18	94	1.365	2.85
2026-02-18	28	1	2.85
2026-02-18	30	3	1.89
2026-02-18	39	1.145	3.99
2026-02-18	93	1	3
2026-02-18	178	0.596	3.29
2026-02-18	206	1	1.95
2026-02-18	103	1.288	2.19
2026-02-18	139	0.265	14.95
2026-02-18	124	2.432	1.55
2026-02-19	49	1	3
2026-02-19	249	1	2.29
2026-02-19	190	3	3.15
2026-02-19	106	1.337	1.99
2026-02-19	91	8.551	0.69
2026-02-19	94	0.937	2.85
2026-02-19	153	1	1.99
2026-02-19	137	0.03	18.75
2026-02-19	199	1.466	2.19
2026-02-19	3	1	1.45
2026-02-19	145	0.044	22.95
2026-02-19	39	0.962	3.99
2026-02-19	113	0.023	4.25
2026-02-19	198	1.252	1.19
2026-02-19	187	0.912	5.45
2026-02-19	112	2.135	2.59
2026-02-19	139	0.28	14.95
2026-02-19	135	0.418	12.95
2026-02-19	93	5	3
2026-02-19	121	1.039	1.29
2026-02-19	31	0.478	5.69
2026-02-19	114	0.916	4.5
2026-02-19	209	2	1.19
2026-02-19	60	1	2.75
2026-02-19	208	3	0.95
2026-02-19	162	1	1.19
2026-02-19	197	1.702	2.25
2026-02-19	194	3.025	2.75
2026-02-19	121	4.636	1.29
2026-02-19	99	1.361	2.99
2026-02-19	33	5.151	1.59
2026-02-19	149	0.387	4.99
2026-02-19	82	5	0.99
2026-02-19	187	0.771	5.45
2026-02-19	114	1.864	4.5
2026-02-19	73	2	1.49
2026-02-19	144	0.369	5.39
2026-02-19	134	0.203	14.75
2026-02-19	26	0.294	1.19
2026-02-19	52	9.434	0.99
2026-02-19	98	1.126	2.3
2026-02-19	124	1.394	1.55
2026-02-19	4	3	1.05
2026-02-19	189	1	3.15
2026-02-19	142	0.37	6.95
2026-02-19	215	1	2.79
2026-02-19	21	1	0.99
2026-02-19	121	1.705	1.29
2026-02-19	41	1.362	1.85
2026-02-19	1	1	1.5
2026-02-19	52	3.04	0.99
2026-02-19	91	13.71	0.69
2026-02-19	248	0.009	10.95
2026-02-19	134	0.379	14.75
2026-02-19	114	1.864	4.5
2026-02-19	44	2.886	1.75
2026-02-19	46	0.343	3
2026-02-19	9	3	0.85
2026-02-19	102	0.269	1.75
2026-02-19	125	2	2.35
2026-02-19	189	1	3.15
2026-02-19	52	4.899	0.99
2026-02-19	155	1	0.85
2026-02-19	16	1.44	1.25
2026-02-19	8	1	2.25
2026-02-19	185	3	1.99
2026-02-19	117	0.564	2.5
2026-02-19	106	1.683	1.99
2026-02-19	197	2.493	2.25
2026-02-19	128	1	2.25
2026-02-19	61	1	1.89
2026-02-19	154	1	1.99
2026-02-19	125	1	2.35
2026-02-19	97	0.257	1.75
2026-02-19	12	3.276	2.25
2026-02-19	70	3	1.49
2026-02-19	52	1.182	0.99
2026-02-19	28	1	2.85
2026-02-19	187	1.154	5.45
2026-02-19	124	2.684	1.55
2026-02-19	85	1	1.49
2026-02-19	65	2	1.45
2026-02-19	108	0.213	2.35
2026-02-19	50	1	3
2026-02-19	227	1	1.69
2026-02-19	84	3	1.59
2026-02-19	136	0.263	12.95
2026-02-19	74	1	2.35
2026-02-19	18	4.326	1.35
2026-02-19	198	6.353	1.19
2026-02-19	81	5	1.25
2026-02-19	158	2	2.29
2026-02-19	47	0.307	3
2026-02-19	166	1	2.45
2026-02-19	61	1	1.89
2026-02-19	121	3.403	1.29
2026-02-19	79	1	1.55
2026-02-19	78	8	1.09
2026-02-19	214	1	2.79
2026-02-19	190	2	3.15
2026-02-19	66	3	1.59
2026-02-19	111	2.771	1.75
2026-02-19	87	3	1.39
2026-02-19	216	1	2.79
2026-02-19	40	2	1.99
2026-02-19	194	3.88	2.75
2026-02-19	114	1.009	4.5
2026-02-19	145	0.133	22.95
2026-02-19	107	2.613	1.99
2026-02-19	89	2.949	0.79
2026-02-19	211	3	1.15
2026-02-19	48	1	1.99
2026-02-19	178	0.629	3.29
2026-02-19	106	3.05	1.99
2026-02-19	89	5.582	0.79
2026-02-19	146	0.429	14.39
2026-02-19	76	15	0.79
2026-02-19	24	1.286	1.19
2026-02-19	94	1.66	2.85
2026-02-19	92	6.843	0.89
2026-02-19	35	1	1.35
2026-02-19	218	5	1.39
2026-02-19	186	1	2.25
2026-02-19	195	6	2.25
2026-02-19	8	1	2.25
2026-02-19	56	1	3.49
2026-02-19	199	1.603	2.19
2026-02-19	89	16.19	0.79
2026-02-19	166	4	2.45
2026-02-19	94	2.484	2.85
2026-02-19	95	2.435	2.39
2026-02-19	71	2	1.99
2026-02-19	226	2	1.35
2026-02-19	52	2.566	0.99
2026-02-19	72	4	0.95
2026-02-19	125	1	2.35
2026-02-19	167	4	1.59
2026-02-19	23	3	1.25
2026-02-19	138	1.869	4.59
2026-02-19	140	0.472	12.95
2026-02-19	109	0.525	2.59
2026-02-19	43	3.525	1.79
2026-02-19	39	0.992	3.99
2026-02-19	44	3.314	1.75
2026-02-19	189	1	3.15
2026-02-19	127	4	2.49
2026-02-19	54	1	2.59
2026-02-19	93	2	3
2026-02-19	103	1.361	2.19
2026-02-19	165	2.592	5
2026-02-19	189	1	3.15
2026-02-19	30	1	1.89
2026-02-19	190	3	3.15
2026-02-19	27	1	2.59
2026-02-19	175	1	1.59
2026-02-19	214	1	2.79
2026-02-19	54	2	2.59
2026-02-19	49	1	3
2026-02-19	114	1.456	4.5
2026-02-19	84	2	1.59
2026-02-19	58	1.47	2.49
2026-02-19	38	2.894	1.89
2026-02-19	193	1	2.5
2026-02-19	77	1	2.35
2026-02-19	194	1.055	2.75
2026-02-19	41	4.449	1.85
2026-02-19	121	10.186	1.29
2026-02-19	197	1.867	2.25
2026-02-19	57	2	1.35
2026-02-19	93	4	3
2026-02-19	118	0.175	4
2026-02-19	213	2	2.85
2026-02-19	122	0.064	2.99
2026-02-19	28	1	2.85
2026-02-19	105	1.823	1.75
2026-02-19	193	4	2.5
2026-02-19	250	0.297	2.39
2026-02-19	89	1.582	0.79
2026-02-19	44	5.126	1.75
2026-02-19	11	2.57	3.95
2026-02-19	30	3	1.89
2026-02-19	196	3	3.15
2026-02-19	42	6.59	1.39
2026-02-19	79	3	1.55
2026-02-19	219	2	0.99
2026-02-19	93	2	3
2026-02-19	88	1.826	2.19
2026-02-19	89	2.759	0.79
2026-02-19	101	1.047	3
2026-02-19	152	1	1.75
2026-02-19	206	1	1.95
2026-02-19	56	3	3.49
2026-02-19	53	1	2.59
2026-02-19	121	9.868	1.29
2026-02-19	55	4	2.99
2026-02-19	59	0.098	4
2026-02-19	79	1	1.55
2026-02-19	68	1	1.99
2026-02-19	124	5.974	1.55
2026-02-19	18	5.896	1.35
2026-02-19	96	1.128	2.5
2026-02-19	100	0.431	2.69
2026-02-19	101	1.7	3
2026-02-19	39	0.782	3.99
2026-02-19	33	0.434	1.59
2026-02-19	84	1	1.59
2026-02-19	196	1	3.15
2026-02-19	75	4	1.59
2026-02-19	27	1	2.59
2026-02-19	141	0.161	11.89
2026-02-19	77	1	2.35
2026-02-19	53	1	2.59
2026-02-19	93	3	3
2026-02-19	101	1.853	3
2026-02-19	207	2	1.29
2026-02-19	224	1	0.99
2026-02-19	146	0.531	14.39
2026-02-19	69	6	1.25
2026-02-19	43	6.983	1.79
2026-02-19	4	2	1.05
2026-02-19	17	1	1.69
2026-02-19	101	0.857	3
2026-02-19	201	0.754	1.95
2026-02-19	80	1	2.99
2026-02-19	124	2.045	1.55
2026-02-19	137	0.391	18.75
2026-02-19	148	0.217	5.99
2026-02-19	130	4	1.89
2026-02-19	38	3.46	1.89
2026-02-19	95	2.64	2.39
2026-02-19	83	2.749	2.39
2026-02-20	124	5.2	1.55
2026-02-20	79	5	1.55
2026-02-20	52	9.535	0.99
2026-02-20	140	0.191	12.95
2026-02-20	121	10.45	1.29
2026-02-20	101	0.79	3
2026-02-20	152	1	1.75
2026-02-20	1	1	1.5
2026-02-20	73	3	1.49
2026-02-20	219	3	0.99
2026-02-20	227	1	1.69
2026-02-20	74	1	2.35
2026-02-20	50	1	3
2026-02-20	76	7	0.79
2026-02-20	208	4	0.95
2026-02-20	124	9.452	1.55
2026-02-20	56	1	3.49
2026-02-20	128	1	2.25
2026-02-20	4	6	1.05
2026-02-20	33	1.679	1.59
2026-02-20	28	3	2.85
2026-02-20	39	1.18	3.99
2026-02-20	213	3	2.85
2026-02-20	146	0.598	14.39
2026-02-20	195	3	2.25
2026-02-20	125	2	2.35
2026-02-20	43	1.257	1.79
2026-02-20	121	2.318	1.29
2026-02-20	175	1	1.59
2026-02-20	72	2	0.95
2026-02-20	100	0.524	2.69
2026-02-20	62	1	1.85
2026-02-20	165	1.636	5
2026-02-20	145	0.214	22.95
2026-02-20	78	5	1.09
2026-02-20	190	2	3.15
2026-02-20	166	2	2.45
2026-02-20	82	6	0.99
2026-02-20	40	1	1.99
2026-02-20	76	12	0.79
2026-02-20	222	1	2.75
2026-02-20	101	0.857	3
2026-02-20	193	4	2.5
2026-02-20	43	5.24	1.79
2026-02-20	93	5	3
2026-02-20	43	2.469	1.79
2026-02-20	89	15.823	0.79
2026-02-20	101	2.85	3
2026-02-20	81	3	1.25
2026-02-20	68	1	1.99
2026-02-20	103	1.644	2.19
2026-02-20	107	1.513	1.99
2026-02-20	88	2.21	2.19
2026-02-20	21	1	0.99
2026-02-20	12	3.964	2.25
2026-02-20	140	0.38	12.95
2026-02-20	94	1.519	2.85
2026-02-20	28	4	2.85
2026-02-20	198	0.655	1.19
2026-02-20	185	3	1.99
2026-02-20	141	0.194	11.89
2026-02-20	43	2.095	1.79
2026-02-20	106	6.513	1.99
2026-02-20	224	1	0.99
2026-02-20	92	8.292	0.89
2026-02-20	30	4	1.89
2026-02-20	96	1.364	2.5
2026-02-20	71	2	1.99
2026-02-20	59	0.118	4
2026-02-20	214	1	2.79
2026-02-20	121	8.915	1.29
2026-02-20	196	4	3.15
2026-02-20	43	1.654	1.79
2026-02-20	61	1	1.89
2026-02-20	153	1	1.99
2026-02-20	42	1.216	1.39
2026-02-20	69	8	1.25
2026-02-20	46	0.413	3
2026-02-20	23	4	1.25
2026-02-20	114	2.478	4.5
2026-02-20	121	3.651	1.29
2026-02-20	193	1	2.5
2026-02-20	137	0.226	18.75
2026-02-20	44	5.451	1.75
2026-02-20	218	2	1.39
2026-02-20	197	1.951	2.25
2026-02-20	139	0.338	14.95
2026-02-20	18	9.333	1.35
2026-02-20	52	12.475	0.99
2026-02-20	93	4	3
2026-02-20	24	1.555	1.19
2026-02-20	114	3.296	4.5
2026-02-20	134	0.642	14.75
2026-02-20	112	2.583	2.59
2026-02-20	166	4	2.45
2026-02-20	27	1	2.59
2026-02-20	114	2.376	4.5
2026-02-20	121	9.023	1.29
2026-02-20	105	2.206	1.75
2026-02-20	72	3	0.95
2026-02-20	11	0.359	3.95
2026-02-20	102	0.32	1.75
2026-02-20	56	1	3.49
2026-02-20	40	2	1.99
2026-02-20	60	1	2.75
2026-02-20	55	2	2.99
2026-02-20	93	4	3
2026-02-20	154	1	1.99
2026-02-20	194	3.84	2.75
2026-02-20	50	1	3
2026-02-20	41	3.962	1.85
2026-02-20	87	4	1.39
2026-02-20	226	2	1.35
2026-02-20	194	1.451	2.75
2026-02-20	190	3	3.15
2026-02-20	165	1.502	5
2026-02-20	111	3.354	1.75
2026-02-20	53	1	2.59
2026-02-20	79	1	1.55
2026-02-20	57	2	1.35
2026-02-20	8	1	2.25
2026-02-20	155	2	0.85
2026-02-20	249	1	2.29
2026-02-20	187	0.697	5.45
2026-02-20	65	2	1.45
2026-02-20	33	5.082	1.59
2026-02-20	127	4	2.49
2026-02-20	44	8.263	1.75
2026-02-20	54	3	2.59
2026-02-20	80	1	2.99
2026-02-20	190	1	3.15
2026-02-20	225	1	1.65
2026-02-20	195	4	2.25
2026-02-20	109	0.633	2.59
2026-02-20	49	1	3
2026-02-20	162	1	1.19
2026-02-20	138	0.695	4.59
2026-02-20	197	2.316	2.25
2026-02-20	125	2	2.35
2026-02-20	48	1	1.99
2026-02-20	68	1	1.99
2026-02-20	39	1.554	3.99
2026-02-20	144	0.447	5.39
2026-02-20	189	2	3.15
2026-02-20	197	3.071	2.25
2026-02-20	99	1.649	2.99
2026-02-20	107	1.925	1.99
2026-02-20	194	2.502	2.75
2026-02-20	17	1	1.69
2026-02-20	248	0.011	10.95
2026-02-20	158	2	2.29
2026-02-20	16	1.744	1.25
2026-02-20	114	0.458	4.5
2026-02-20	189	2	3.15
2026-02-20	118	0.21	4
2026-02-20	83	2.079	2.39
2026-02-20	19	1	2.5
2026-02-20	108	0.26	2.35
2026-02-20	167	1	1.59
2026-02-20	142	0.447	6.95
2026-02-20	93	1	3
2026-02-20	215	1	2.79
2026-02-20	97	0.309	1.75
2026-02-20	31	0.578	5.69
2026-02-20	198	8.555	1.19
2026-02-20	81	3	1.25
2026-02-20	209	2	1.19
2026-02-20	98	1.361	2.3
2026-02-20	93	5	3
2026-02-20	135	0.506	12.95
2026-02-20	39	0.579	3.99
2026-02-20	95	4.481	2.39
2026-02-20	89	9.494	0.79
2026-02-20	85	2	1.49
2026-02-20	187	2.69	5.45
2026-02-20	83	1.251	2.39
2026-02-20	250	0.356	2.39
2026-02-20	134	0.063	14.75
2026-02-20	56	2	3.49
2026-02-20	113	0.028	4.25
2026-02-20	65	1	1.45
2026-02-20	206	1	1.95
2026-02-20	91	13.71	0.69
2026-02-20	89	9.873	0.79
2026-02-20	122	0.077	2.99
2026-02-20	167	4	1.59
2026-02-20	41	3.076	1.85
2026-02-20	216	1	2.79
2026-02-20	146	0.461	14.39
2026-02-20	190	1	3.15
2026-02-20	18	3.044	1.35
2026-02-20	218	4	1.39
2026-02-20	190	3	3.15
2026-02-20	84	5	1.59
2026-02-20	178	0.763	3.29
2026-02-20	70	3	1.49
2026-02-20	38	6.275	1.89
2026-02-20	84	2	1.59
2026-02-20	117	0.684	2.5
2026-02-20	56	1	3.49
2026-02-20	35	1	1.35
2026-02-20	199	3.712	2.19
2026-02-20	51	0.095	2
2026-02-20	66	3	1.59
2026-02-20	75	4	1.59
2026-02-20	47	0.37	3
2026-02-20	58	1.779	2.49
2026-02-20	127	1	2.49
2026-02-20	207	2	1.29
2026-02-20	35	1	1.35
2026-02-20	138	1.569	4.59
2026-02-20	52	3.556	0.99
2026-02-20	55	1	2.99
2026-02-20	91	13.261	0.69
2026-02-20	11	2.752	3.95
2026-02-20	95	1.665	2.39
2026-02-20	77	2	2.35
2026-02-20	77	1	2.35
2026-02-20	136	0.318	12.95
2026-02-20	38	1.413	1.89
2026-02-20	149	0.469	4.99
2026-02-20	3	1	1.45
2026-02-20	101	1.19	3
2026-02-20	55	2	2.99
2026-02-20	148	0.262	5.99
2026-02-20	146	0.115	14.39
2026-02-20	42	6.763	1.39
2026-02-20	106	0.824	1.99
2026-02-20	78	4	1.09
2026-02-20	194	1.844	2.75
2026-02-20	211	3	1.15
2026-02-20	26	0.361	1.19
2026-02-20	101	0.92	3
2026-02-20	9	3	0.85
2026-02-20	137	0.283	18.75
2026-02-20	201	0.918	1.95
2026-02-20	121	2.977	1.29
2026-02-20	186	1	2.25
2026-02-20	94	4.635	2.85
2026-02-20	227	1	1.69
2026-02-20	130	1	1.89
2026-02-21	194	4.473	2.75
2026-02-21	158	1	2.29
2026-02-21	82	5	0.99
2026-02-21	190	1	3.15
2026-02-21	58	2.088	2.49
2026-02-21	48	1	1.99
2026-02-21	167	1	1.59
2026-02-21	195	3	2.25
2026-02-21	87	5	1.39
2026-02-21	95	1.473	2.39
2026-02-21	99	1.09	2.99
2026-02-21	99	0.843	2.99
2026-02-21	43	1.196	1.79
2026-02-21	24	1.84	1.19
2026-02-21	92	1.506	0.89
2026-02-21	205	1	3.65
2026-02-21	114	2.918	4.5
2026-02-21	124	4.187	1.55
2026-02-21	56	3	3.49
2026-02-21	93	4	3
2026-02-21	80	1	2.99
2026-02-21	23	1	1.25
2026-02-21	154	1	1.99
2026-02-21	113	0.033	4.25
2026-02-21	249	1	2.29
2026-02-21	93	1	3
2026-02-21	19	1	2.5
2026-02-21	89	8.747	0.79
2026-02-21	199	4.365	2.19
2026-02-21	100	0.617	2.69
2026-02-21	196	1	3.15
2026-02-21	52	6.879	0.99
2026-02-21	166	3	2.45
2026-02-21	53	2	2.59
2026-02-21	107	4.04	1.99
2026-02-21	27	1	2.59
2026-02-21	190	2	3.15
2026-02-21	134	0.447	14.75
2026-02-21	18	2.356	1.35
2026-02-21	127	1	2.49
2026-02-21	138	1.063	4.59
2026-02-21	187	2.611	5.45
2026-02-21	28	3	2.85
2026-02-21	197	0.444	2.25
2026-02-21	76	3	0.79
2026-02-21	213	3	2.85
2026-02-21	165	0.136	5
2026-02-21	196	3	3.15
2026-02-21	101	0.633	3
2026-02-21	206	1	1.95
2026-02-21	42	0.748	1.39
2026-02-21	16	2.048	1.25
2026-02-21	194	3.756	2.75
2026-02-21	197	5.8	2.25
2026-02-21	165	1.406	5
2026-02-21	28	3	2.85
2026-02-21	75	5	1.59
2026-02-21	26	0.42	1.19
2026-02-21	197	2.369	2.25
2026-02-21	134	0.381	14.75
2026-02-21	137	0.598	18.75
2026-02-21	222	1	2.75
2026-02-21	82	2	0.99
2026-02-21	44	2.211	1.75
2026-02-21	127	2	2.49
2026-02-21	158	1	2.29
2026-02-21	73	1	1.49
2026-02-21	124	5.594	1.55
2026-02-21	78	2	1.09
2026-02-21	79	1	1.55
2026-02-21	142	0.525	6.95
2026-02-21	89	16.304	0.79
2026-02-21	52	7.505	0.99
2026-02-21	60	1	2.75
2026-02-21	155	2	0.85
2026-02-21	219	2	0.99
2026-02-21	31	0.318	5.69
2026-02-21	165	1.436	5
2026-02-21	73	2	1.49
2026-02-21	11	0.339	3.95
2026-02-21	133	1	1.49
2026-02-21	57	2	1.35
2026-02-21	93	4	3
2026-02-21	43	5.358	1.79
2026-02-21	140	0.238	12.95
2026-02-21	40	2	1.99
2026-02-21	128	1	2.25
2026-02-21	18	3.593	1.35
2026-02-21	121	4.271	1.29
2026-02-21	69	5	1.25
2026-02-21	38	5.402	1.89
2026-02-21	216	1	2.79
2026-02-21	9	4	0.85
2026-02-21	93	1	3
2026-02-21	101	3.993	3
2026-02-21	121	7.442	1.29
2026-02-21	194	0.924	2.75
2026-02-21	138	0.621	4.59
2026-02-21	146	0.415	14.39
2026-02-21	38	3.624	1.89
2026-02-21	214	2	2.79
2026-02-21	71	2	1.99
2026-02-21	89	12.139	0.79
2026-02-21	141	0.228	11.89
2026-02-21	39	0.524	3.99
2026-02-21	111	2.571	1.75
2026-02-21	201	1.077	1.95
2026-02-21	186	1	2.25
2026-02-21	92	8.225	0.89
2026-02-21	211	4	1.15
2026-02-21	93	3	3
2026-02-21	193	3	2.5
2026-02-21	59	0.14	4
2026-02-21	125	5	2.35
2026-02-21	122	0.09	2.99
2026-02-21	130	3	1.89
2026-02-21	42	5.223	1.39
2026-02-21	193	3	2.5
2026-02-21	227	1	1.69
2026-02-21	148	0.307	5.99
2026-02-21	121	6.287	1.29
2026-02-21	54	2	2.59
2026-02-21	21	2	0.99
2026-02-21	189	3	3.15
2026-02-21	226	2	1.35
2026-02-21	194	2.16	2.75
2026-02-21	66	4	1.59
2026-02-21	187	0.237	5.45
2026-02-21	52	11.061	0.99
2026-02-21	121	8.279	1.29
2026-02-21	175	1	1.59
2026-02-21	166	2	2.45
2026-02-21	27	1	2.59
2026-02-21	248	0.012	10.95
2026-02-21	127	2	2.49
2026-02-21	114	2.998	4.5
2026-02-21	152	1	1.75
2026-02-21	190	4	3.15
2026-02-21	130	1	1.89
2026-02-21	4	7	1.05
2026-02-21	215	1	2.79
2026-02-21	108	0.306	2.35
2026-02-21	121	7.62	1.29
2026-02-21	198	9.966	1.19
2026-02-21	89	4.114	0.79
2026-02-21	153	1	1.99
2026-02-21	78	1	1.09
2026-02-21	224	2	0.99
2026-02-21	121	1.922	1.29
2026-02-21	84	6	1.59
2026-02-21	46	0.487	3
2026-02-21	83	3.908	2.39
2026-02-21	189	1	3.15
2026-02-21	33	6.057	1.59
2026-02-21	138	0.972	4.59
2026-02-21	95	2.377	2.39
2026-02-21	178	0.894	3.29
2026-02-21	8	1	2.25
2026-02-21	31	0.36	5.69
2026-02-21	93	3	3
2026-02-21	30	4	1.89
2026-02-21	65	1	1.45
2026-02-21	14	0.379	0.95
2026-02-21	91	8	0.69
2026-02-21	225	1	1.65
2026-02-21	81	7	1.25
2026-02-21	52	4.566	0.99
2026-02-21	28	2	2.85
2026-02-21	78	8	1.09
2026-02-21	50	1	3
2026-02-21	196	1	3.15
2026-02-21	139	0.397	14.95
2026-02-21	77	1	2.35
2026-02-21	96	1.6	2.5
2026-02-21	68	1	1.99
2026-02-21	121	1.791	1.29
2026-02-21	72	6	0.95
2026-02-21	41	7.005	1.85
2026-02-21	88	0.452	2.19
2026-02-21	153	1	1.99
2026-02-21	121	6.209	1.29
2026-02-21	94	3.414	2.85
2026-02-21	56	2	3.49
2026-02-21	39	3.366	3.99
2026-02-21	198	0.84	1.19
2026-02-21	106	5.553	1.99
2026-02-21	62	1	1.85
2026-02-21	33	1.881	1.59
2026-02-21	11	3.314	3.95
2026-02-21	76	6	0.79
2026-02-21	71	1	1.99
2026-02-21	91	2.913	0.69
2026-02-21	167	1	1.59
2026-02-21	12	4.653	2.25
2026-02-21	105	2.589	1.75
2026-02-21	114	0.98	4.5
2026-02-21	35	1	1.35
2026-02-21	190	4	3.15
2026-02-21	112	3.031	2.59
2026-02-21	166	2	2.45
2026-02-21	74	1	2.35
2026-02-21	165	0.706	5
2026-02-21	56	1	3.49
2026-02-21	54	2	2.59
2026-02-21	118	0.248	4
2026-02-21	17	1	1.69
2026-02-21	48	1	1.99
2026-02-21	124	7.413	1.55
2026-02-21	189	1	3.15
2026-02-21	94	2.586	2.85
2026-02-21	76	13	0.79
2026-02-21	91	16.986	0.69
2026-02-21	69	4	1.25
2026-02-21	103	1.932	2.19
2026-02-21	47	0.433	3
2026-02-21	195	5	2.25
2026-02-21	55	1	2.99
2026-02-21	85	2	1.49
2026-02-21	101	3.13	3
2026-02-21	207	2	1.29
2026-02-21	95	3.368	2.39
2026-02-21	30	1	1.89
2026-02-21	41	1.254	1.85
2026-02-21	49	1	3
2026-02-21	1	1	1.5
2026-02-21	111	1.366	1.75
2026-02-21	44	6.909	1.75
2026-02-21	145	0.252	22.95
2026-02-21	185	1	1.99
2026-02-21	91	3.754	0.69
2026-02-21	3	1	1.45
2026-02-21	98	1.596	2.3
2026-02-21	114	3.207	4.5
2026-02-21	209	2	1.19
2026-02-21	70	4	1.49
2026-02-21	136	0.374	12.95
2026-02-21	61	1	1.89
2026-02-21	42	3.396	1.39
2026-02-21	135	0.594	12.95
2026-02-21	158	1	2.29
2026-02-21	93	3	3
2026-02-21	187	1.182	5.45
2026-02-21	106	1.683	1.99
2026-02-21	144	0.525	5.39
2026-02-21	109	0.745	2.59
2026-02-21	44	2.48	1.75
2026-02-21	79	4	1.55
2026-02-21	149	0.549	4.99
2026-02-21	236	1	2.95
2026-02-21	43	8.14	1.79
2026-02-21	93	4	3
2026-02-21	57	1	1.35
2026-02-21	50	1	3
2026-02-21	218	1	1.39
2026-02-21	44	4.491	1.75
2026-02-21	219	1	0.99
2026-02-21	117	0.804	2.5
2026-02-21	250	0.418	2.39
2026-02-21	18	8.57	1.35
2026-02-21	216	1	2.79
2026-02-21	102	0.377	1.75
2026-02-21	88	2.142	2.19
2026-02-21	106	1.251	1.99
2026-02-21	146	0.964	14.39
2026-02-21	94	1.225	2.85
2026-02-21	218	7	1.39
2026-02-21	208	4	0.95
2026-02-21	140	0.432	12.95
2026-02-21	162	1	1.19
2026-02-21	127	1	2.49
2026-02-21	130	2	1.89
2026-02-21	23	4	1.25
2026-02-21	97	0.366	1.75
2026-02-23	155	1	0.85
2026-02-23	93	1	3
2026-02-23	114	0.418	4.5
2026-02-23	198	5.21	1.19
2026-02-23	93	2	3
2026-02-23	16	1.208	1.25
2026-02-23	139	0.136	14.95
2026-02-23	33	2.962	1.59
2026-02-23	135	0.352	12.95
2026-02-23	141	0.135	11.89
2026-02-23	33	1.736	1.59
2026-02-23	61	1	1.89
2026-02-23	84	1	1.59
2026-02-23	134	0.195	14.75
2026-02-23	28	4	2.85
2026-02-23	198	1.193	1.19
2026-02-23	72	3	0.95
2026-02-23	106	4.176	1.99
2026-02-23	112	1.795	2.59
2026-02-23	236	1	2.95
2026-02-23	53	1	2.59
2026-02-23	1	1	1.5
2026-02-23	69	5	1.25
2026-02-23	197	2.991	2.25
2026-02-23	98	0.948	2.3
2026-02-23	153	1	1.99
2026-02-23	187	2.218	5.45
2026-02-23	85	1	1.49
2026-02-23	186	1	2.25
2026-02-23	165	1.24	5
2026-02-23	70	2	1.49
2026-02-23	162	1	1.19
2026-02-23	12	0.471	2.25
2026-02-23	193	4	2.5
2026-02-23	24	1.084	1.19
2026-02-23	154	1	1.99
2026-02-23	222	1	2.75
2026-02-23	127	2	2.49
2026-02-23	48	1	1.99
2026-02-23	35	1	1.35
2026-02-23	49	1	3
2026-02-23	166	4	2.45
2026-02-23	93	5	3
2026-02-23	89	17.354	0.79
2026-02-23	140	0.33	12.95
2026-02-23	175	1	1.59
2026-02-23	108	0.183	2.35
2026-02-23	89	7.127	0.79
2026-02-23	195	4	2.25
2026-02-23	62	1	1.85
2026-02-23	218	4	1.39
2026-02-23	12	2.284	2.25
2026-02-23	48	1	1.99
2026-02-23	44	8.549	1.75
2026-02-23	27	1	2.59
2026-02-23	71	1	1.99
2026-02-23	81	2	1.25
2026-02-23	38	3.831	1.89
2026-02-23	81	2	1.25
2026-02-23	54	2	2.59
2026-02-23	8	1	2.25
2026-02-23	219	2	0.99
2026-02-23	93	4	3
2026-02-23	100	0.364	2.69
2026-02-23	215	1	2.79
2026-02-23	103	1.146	2.19
2026-02-23	190	1	3.15
2026-02-23	52	7.192	0.99
2026-02-23	189	2	3.15
2026-02-23	158	1	2.29
2026-02-23	84	4	1.59
2026-02-23	194	1.807	2.75
2026-02-23	125	2	2.35
2026-02-23	23	3	1.25
2026-02-23	46	0.287	3
2026-02-23	55	3	2.99
2026-02-23	148	0.182	5.99
2026-02-23	56	3	3.49
2026-02-23	134	0.296	14.75
2026-02-23	106	0.93	1.99
2026-02-23	205	1	3.65
2026-02-23	68	1	1.99
2026-02-23	121	9.667	1.29
2026-02-23	139	0.098	14.95
2026-02-23	93	2	3
2026-02-23	99	1.147	2.99
2026-02-23	83	2.318	2.39
2026-02-23	218	1	1.39
2026-02-23	41	0.573	1.85
2026-02-23	18	7.644	1.35
2026-02-23	73	2	1.49
2026-02-23	105	1.531	1.75
2026-02-23	127	1	2.49
2026-02-23	95	3.728	2.39
2026-02-23	65	2	1.45
2026-02-23	128	1	2.25
2026-02-23	114	2.727	4.5
2026-02-23	57	1	1.35
2026-02-23	214	1	2.79
2026-02-23	206	1	1.95
2026-02-23	42	4.065	1.39
2026-02-23	140	0.067	12.95
2026-02-23	102	0.223	1.75
2026-02-23	167	3	1.59
2026-02-23	101	4.597	3
2026-02-23	187	0.171	5.45
2026-02-23	94	4.074	2.85
2026-02-23	26	0.252	1.19
2026-02-23	71	1	1.99
2026-02-23	178	0.529	3.29
2026-02-23	107	2.397	1.99
2026-02-23	149	0.327	4.99
2026-02-23	113	0.02	4.25
2026-02-23	41	4.319	1.85
2026-02-23	31	0.402	5.69
2026-02-23	197	2.111	2.25
2026-02-23	9	2	0.85
2026-02-23	43	4.989	1.79
2026-02-23	79	4	1.55
2026-02-23	226	2	1.35
2026-02-23	20	1	0.99
2026-02-23	52	10.596	0.99
2026-02-23	196	3	3.15
2026-02-23	195	1	2.25
2026-02-23	59	0.083	4
2026-02-23	117	0.476	2.5
2026-02-23	57	1	1.35
2026-02-23	207	1	1.29
2026-02-23	18	0.956	1.35
2026-02-23	142	0.311	6.95
2026-02-23	130	3	1.89
2026-02-23	40	2	1.99
2026-02-23	11	2.165	3.95
2026-02-23	124	2.871	1.55
2026-02-23	190	3	3.15
2026-02-23	91	18.754	0.69
2026-02-23	95	0.548	2.39
2026-02-23	58	1.237	2.49
2026-02-23	133	1	1.49
2026-02-23	227	1	1.69
2026-02-23	4	4	1.05
2026-02-23	136	0.176	12.95
2026-02-23	146	0.817	14.39
2026-02-23	30	3	1.89
2026-02-23	158	1	2.29
2026-02-23	138	0.847	4.59
2026-02-23	109	0.44	2.59
2026-02-23	224	1	0.99
2026-02-23	121	4.744	1.29
2026-02-23	213	2	2.85
2026-02-23	75	3	1.59
2026-02-23	74	1	2.35
2026-02-23	87	3	1.39
2026-02-23	21	1	0.99
2026-02-23	44	0.989	1.75
2026-02-23	96	0.948	2.5
2026-02-23	201	0.636	1.95
2026-02-23	47	0.257	3
2026-02-23	249	1	2.29
2026-02-23	76	13	0.79
2026-02-23	77	2	2.35
2026-02-23	122	0.054	2.99
2026-02-23	88	1.539	2.19
2026-02-23	138	0.728	4.59
2026-02-23	250	0.247	2.39
2026-02-23	39	2.303	3.99
2026-02-23	199	2.584	2.19
2026-02-23	127	1	2.49
2026-02-23	125	1	2.35
2026-02-23	225	1	1.65
2026-02-23	145	0.149	22.95
2026-02-23	185	2	1.99
2026-02-23	144	0.31	5.39
2026-02-23	137	0.355	18.75
2026-02-23	189	1	3.15
2026-02-23	216	1	2.79
2026-02-23	97	0.217	1.75
2026-02-23	209	2	1.19
2026-02-23	152	1	1.75
2026-02-23	207	1	1.29
2026-02-23	118	0.148	4
2026-02-23	66	2	1.59
2026-02-23	114	2.842	4.5
2026-02-23	19	1	2.5
2026-02-23	190	3	3.15
2026-02-23	17	1	1.69
2026-02-23	194	4.895	2.75
2026-02-23	42	1.482	1.39
2026-02-23	80	1	2.99
2026-02-23	43	3.86	1.79
2026-02-23	136	0.046	12.95
2026-02-23	3	1	1.45
2026-02-23	121	11.558	1.29
2026-02-23	111	2.331	1.75
2026-02-23	211	2	1.15
2026-02-23	82	2	0.99
2026-02-23	50	1	3
2026-02-23	27	1	2.59
2026-02-23	165	0.944	5
2026-02-23	78	5	1.09
2026-02-23	78	1	1.09
2026-02-23	94	0.211	2.85
2026-02-23	208	3	0.95
2026-02-23	92	5.764	0.89
2026-02-23	124	7.323	1.55
2026-02-23	248	0.007	10.95
2026-02-23	38	1.339	1.89
2026-02-23	60	1	2.75
2026-02-23	82	2	0.99
2026-02-24	236	1	2.95
2026-02-24	121	5.372	1.29
2026-02-24	35	1	1.35
2026-02-24	91	9.174	0.69
2026-02-24	38	2.021	1.89
2026-02-24	81	4	1.25
2026-02-24	140	0.253	12.95
2026-02-24	207	1	1.29
2026-02-24	193	4	2.5
2026-02-24	178	0.562	3.29
2026-02-24	44	6.04	1.75
2026-02-24	154	1	1.99
2026-02-24	89	7.696	0.79
2026-02-24	55	2	2.99
2026-02-24	20	1	0.99
2026-02-24	167	3	1.59
2026-02-24	146	0.783	14.39
2026-02-24	190	4	3.15
2026-02-24	122	0.057	2.99
2026-02-24	93	1	3
2026-02-24	103	1.215	2.19
2026-02-24	72	4	0.95
2026-02-24	93	1	3
2026-02-24	78	6	1.09
2026-02-24	137	0.343	18.75
2026-02-24	114	1.84	4.5
2026-02-24	95	4.54	2.39
2026-02-24	54	1	2.59
2026-02-24	26	0.269	1.19
2026-02-24	70	1	1.49
2026-02-24	8	1	2.25
2026-02-24	3	1	1.45
2026-02-24	137	0.033	18.75
2026-02-24	83	0.883	2.39
2026-02-24	165	1.296	5
2026-02-24	80	1	2.99
2026-02-24	78	1	1.09
2026-02-24	18	4.363	1.35
2026-02-24	197	3.067	2.25
2026-02-24	97	0.229	1.75
2026-02-24	121	0.899	1.29
2026-02-24	139	0.078	14.95
2026-02-24	87	3	1.39
2026-02-24	153	1	1.99
2026-02-24	225	1	1.65
2026-02-24	24	1.151	1.19
2026-02-24	52	10.242	0.99
2026-02-24	196	3	3.15
2026-02-24	114	0.807	4.5
2026-02-24	9	3	0.85
2026-02-24	42	5.892	1.39
2026-02-24	52	4.313	0.99
2026-02-24	76	1	0.79
2026-02-24	124	1.794	1.55
2026-02-24	56	1	3.49
2026-02-24	166	4	2.45
2026-02-24	199	1.027	2.19
2026-02-24	195	5	2.25
2026-02-24	146	0.084	14.39
2026-02-24	111	2.48	1.75
2026-02-24	66	1	1.59
2026-02-24	114	0.391	4.5
2026-02-24	134	0.467	14.75
2026-02-24	66	2	1.59
2026-02-24	142	0.331	6.95
2026-02-24	73	2	1.49
2026-02-24	175	1	1.59
2026-02-24	84	5	1.59
2026-02-24	56	1	3.49
2026-02-24	216	1	2.79
2026-02-24	140	0.169	12.95
2026-02-24	152	1	1.75
2026-02-24	33	5	1.59
2026-02-24	218	5	1.39
2026-02-24	112	1.907	2.59
2026-02-24	50	1	3
2026-02-24	136	0.236	12.95
2026-02-24	105	1.629	1.75
2026-02-24	61	1	1.89
2026-02-24	109	0.467	2.59
2026-02-24	4	4	1.05
2026-02-24	227	1	1.69
2026-02-24	187	0.62	5.45
2026-02-24	94	4.305	2.85
2026-02-24	89	18.316	0.79
2026-02-24	60	1	2.75
2026-02-24	93	2	3
2026-02-24	130	3	1.89
2026-02-24	141	0.144	11.89
2026-02-24	145	0.159	22.95
2026-02-24	121	6.589	1.29
2026-02-24	31	0.427	5.69
2026-02-24	121	8.349	1.29
2026-02-24	101	2.53	3
2026-02-24	54	2	2.59
2026-02-24	1	1	1.5
2026-02-24	248	0.008	10.95
2026-02-24	106	1.638	1.99
2026-02-24	83	1.577	2.39
2026-02-24	49	1	3
2026-02-24	93	1	3
2026-02-24	124	9.032	1.55
2026-02-24	167	1	1.59
2026-02-24	211	2	1.15
2026-02-24	117	0.504	2.5
2026-02-24	201	0.677	1.95
2026-02-24	12	2.933	2.25
2026-02-24	194	0.553	2.75
2026-02-24	108	0.191	2.35
2026-02-24	155	1	0.85
2026-02-24	59	0.088	4
2026-02-24	121	6.38	1.29
2026-02-24	215	1	2.79
2026-02-24	149	0.347	4.99
2026-02-24	143	1	2.99
2026-02-24	148	0.194	5.99
2026-02-24	93	1	3
2026-02-24	93	1	3
2026-02-24	48	1	1.99
2026-02-24	57	2	1.35
2026-02-24	194	1.513	2.75
2026-02-24	40	2	1.99
2026-02-24	187	1.919	5.45
2026-02-24	198	6.807	1.19
2026-02-24	134	0.054	14.75
2026-02-24	11	0.349	3.95
2026-02-24	135	0.374	12.95
2026-02-24	139	0.172	14.95
2026-02-24	17	1	1.69
2026-02-24	114	2.773	4.5
2026-02-24	8	1	2.25
2026-02-24	209	2	1.19
2026-02-24	93	1	3
2026-02-24	165	0.196	5
2026-02-24	199	1.717	2.19
2026-02-24	65	2	1.45
2026-02-24	69	6	1.25
2026-02-24	11	1.952	3.95
2026-02-24	68	1	1.99
2026-02-24	28	3	2.85
2026-02-24	30	3	1.89
2026-02-24	70	2	1.49
2026-02-24	62	1	1.85
2026-02-24	74	1	2.35
2026-02-24	194	1.178	2.75
2026-02-24	206	1	1.95
2026-02-24	56	1	3.49
2026-02-24	94	0.246	2.85
2026-02-24	114	0.549	4.5
2026-02-24	190	2	3.15
2026-02-24	185	2	1.99
2026-02-24	56	1	3.49
2026-02-24	107	2.543	1.99
2026-02-24	207	1	1.29
2026-02-24	19	1	2.5
2026-02-24	162	1	1.19
2026-02-24	76	13	0.79
2026-02-24	82	4	0.99
2026-02-24	96	1.008	2.5
2026-02-24	91	10.768	0.69
2026-02-24	118	0.155	4
2026-02-24	46	0.307	3
2026-02-24	93	4	3
2026-02-24	166	1	2.45
2026-02-24	38	3.661	1.89
2026-02-24	41	0.995	1.85
2026-02-24	39	2.449	3.99
2026-02-24	189	3	3.15
2026-02-24	185	1	1.99
2026-02-24	77	2	2.35
2026-02-24	222	1	2.75
2026-02-24	43	6.866	1.79
2026-02-24	27	1	2.59
2026-02-24	58	0.924	2.49
2026-02-24	101	0.177	3
2026-02-24	47	0.273	3
2026-02-24	194	3.876	2.75
2026-02-24	23	3	1.25
2026-02-24	165	0.828	5
2026-02-24	79	1	1.55
2026-02-24	93	2	3
2026-02-24	28	1	2.85
2026-02-24	28	1	2.85
2026-02-24	61	1	1.89
2026-02-24	85	1	1.49
2026-02-24	186	1	2.25
2026-02-24	79	3	1.55
2026-02-24	27	1	2.59
2026-02-24	16	1.288	1.25
2026-02-24	197	2.356	2.25
2026-02-24	144	0.33	5.39
2026-02-24	55	1	2.99
2026-02-24	213	2	2.85
2026-02-24	106	3.789	1.99
2026-02-24	113	0.021	4.25
2026-02-24	92	6.124	0.89
2026-02-24	88	1.635	2.19
2026-02-24	190	1	3.15
2026-02-24	205	1	3.65
2026-02-24	219	2	0.99
2026-02-24	43	2.531	1.79
2026-02-24	127	4	2.49
2026-02-24	226	2	1.35
2026-02-24	249	1	2.29
2026-02-24	101	2.177	3
2026-02-24	224	1	0.99
2026-02-24	41	4.205	1.85
2026-02-24	128	1	2.25
2026-02-24	21	1	0.99
2026-02-24	98	1.004	2.3
2026-02-24	130	1	1.89
2026-02-24	48	1	1.99
2026-02-24	214	1	2.79
2026-02-24	18	4.785	1.35
2026-02-24	55	1	2.99
2026-02-24	53	1	2.59
2026-02-24	125	3	2.35
2026-02-24	138	1.673	4.59
2026-02-24	133	1	1.49
2026-02-24	58	0.39	2.49
2026-02-24	52	4.343	0.99
2026-02-24	100	0.387	2.69
2026-02-24	75	3	1.59
2026-02-24	208	3	0.95
2026-02-24	158	2	2.29
2026-02-24	71	2	1.99
2026-02-24	102	0.24	1.75
2026-02-24	49	1	3
2026-02-24	99	1.217	2.99
2026-02-24	250	0.264	2.39
2026-02-24	44	4.097	1.75
2026-02-25	92	5.719	0.89
2026-02-25	111	1.211	1.75
2026-02-25	75	3	1.59
2026-02-25	152	1	1.75
2026-02-25	124	1.387	1.55
2026-02-25	211	1	1.15
2026-02-25	124	2.271	1.55
2026-02-25	46	0.323	3
2026-02-25	59	0.093	4
2026-02-25	185	2	1.99
2026-02-25	94	3.032	2.85
2026-02-25	226	2	1.35
2026-02-25	121	11.395	1.29
2026-02-25	201	0.718	1.95
2026-02-25	83	0.862	2.39
2026-02-25	121	2.868	1.29
2026-02-25	190	2	3.15
2026-02-25	218	5	1.39
2026-02-25	19	1	2.5
2026-02-25	39	2.591	3.99
2026-02-25	225	1	1.65
2026-02-25	138	1.771	4.59
2026-02-25	54	1	2.59
2026-02-25	52	12.273	0.99
2026-02-25	187	1.615	5.45
2026-02-25	54	2	2.59
2026-02-25	222	1	2.75
2026-02-25	231	1	1.39
2026-02-25	48	1	1.99
2026-02-25	178	0.596	3.29
2026-02-25	89	16.013	0.79
2026-02-25	206	1	1.95
2026-02-25	85	1	1.49
2026-02-25	160	1	1.8
2026-02-25	61	1	1.89
2026-02-25	143	1	2.99
2026-02-25	93	2	3
2026-02-25	166	1	2.45
2026-02-25	236	1	2.95
2026-02-25	38	5.291	1.89
2026-02-25	53	1	2.59
2026-02-25	82	5	0.99
2026-02-25	214	1	2.79
2026-02-25	102	0.251	1.75
2026-02-25	84	1	1.59
2026-02-25	41	1.27	1.85
2026-02-25	40	2	1.99
2026-02-25	136	0.188	12.95
2026-02-25	93	4	3
2026-02-25	66	3	1.59
2026-02-25	99	1.291	2.99
2026-02-25	12	2.844	2.25
2026-02-25	55	1	2.99
2026-02-25	140	0.043	12.95
2026-02-25	135	0.395	12.95
2026-02-25	72	4	0.95
2026-02-25	103	1.288	2.19
2026-02-25	166	1	2.45
2026-02-25	166	3	2.45
2026-02-25	68	1	1.99
2026-02-25	144	0.349	5.39
2026-02-25	56	1	3.49
2026-02-25	111	1.411	1.75
2026-02-25	187	1.072	5.45
2026-02-25	11	2.435	3.95
2026-02-25	60	1	2.75
2026-02-25	16	1.36	1.25
2026-02-25	195	1	2.25
2026-02-25	118	0.165	4
2026-02-25	139	0.265	14.95
2026-02-25	70	2	1.49
2026-02-25	101	0.987	3
2026-02-25	33	5.289	1.59
2026-02-25	197	2.649	2.25
2026-02-25	20	1	0.99
2026-02-25	165	2.456	5
2026-02-25	167	4	1.59
2026-02-25	52	5.455	0.99
2026-02-25	124	7.31	1.55
2026-02-25	97	0.24	1.75
2026-02-25	185	1	1.99
2026-02-25	24	1.218	1.19
2026-02-25	195	1	2.25
2026-02-25	195	2	2.25
2026-02-25	78	3	1.09
2026-02-25	83	1.745	2.39
2026-02-25	30	3	1.89
2026-02-25	158	2	2.29
2026-02-25	122	0.06	2.99
2026-02-25	23	3	1.25
2026-02-25	106	5.749	1.99
2026-02-25	199	2.909	2.19
2026-02-25	190	3	3.15
2026-02-25	91	2	0.69
2026-02-25	211	2	1.15
2026-02-25	49	1	3
2026-02-25	146	0.198	14.39
2026-02-25	125	3	2.35
2026-02-25	41	4.232	1.85
2026-02-25	94	1.782	2.85
2026-02-25	209	2	1.19
2026-02-25	17	1	1.69
2026-02-25	61	1	1.89
2026-02-25	8	1	2.25
2026-02-25	224	1	0.99
2026-02-25	189	3	3.15
2026-02-25	248	0.008	10.95
2026-02-25	93	1	3
2026-02-25	91	3.667	0.69
2026-02-25	28	1	2.85
2026-02-25	197	3.093	2.25
2026-02-25	8	1	2.25
2026-02-25	79	1	1.55
2026-02-25	112	2.019	2.59
2026-02-25	134	0.552	14.75
2026-02-25	108	0.204	2.35
2026-02-25	145	0.168	22.95
2026-02-25	74	1	2.35
2026-02-25	78	4	1.09
2026-02-25	98	1.065	2.3
2026-02-25	80	1	2.99
2026-02-25	44	4.543	1.75
2026-02-25	76	2	0.79
2026-02-25	110	1	3
2026-02-25	58	1.394	2.49
2026-02-25	130	4	1.89
2026-02-25	87	1	1.39
2026-02-25	195	2	2.25
2026-02-25	43	7.408	1.79
2026-02-25	194	4.444	2.75
2026-02-25	175	1	1.59
2026-02-25	121	2.054	1.29
2026-02-25	193	4	2.5
2026-02-25	91	15.435	0.69
2026-02-25	3	1	1.45
2026-02-25	124	0.49	1.55
2026-02-25	155	1	0.85
2026-02-25	148	0.205	5.99
2026-02-25	190	1	3.15
2026-02-25	107	2.693	1.99
2026-02-25	49	1	3
2026-02-25	50	1	3
2026-02-25	56	1	3.49
2026-02-25	35	1	1.35
2026-02-25	105	1.726	1.75
2026-02-25	76	10	0.79
2026-02-25	89	6.418	0.79
2026-02-25	137	0.397	18.75
2026-02-25	75	1	1.59
2026-02-25	43	2.542	1.79
2026-02-25	89	5.114	0.79
2026-02-25	127	3	2.49
2026-02-25	88	0.644	2.19
2026-02-25	69	6	1.25
2026-02-25	213	2	2.85
2026-02-25	190	1	3.15
2026-02-25	196	3	3.15
2026-02-25	93	4	3
2026-02-25	109	0.498	2.59
2026-02-25	73	2	1.49
2026-02-25	26	0.286	1.19
2026-02-25	198	7.21	1.19
2026-02-25	121	5.969	1.29
2026-02-25	186	1	2.25
2026-02-25	219	2	0.99
2026-02-25	28	5	2.85
2026-02-25	38	0.725	1.89
2026-02-25	117	0.536	2.5
2026-02-25	114	2.027	4.5
2026-02-25	21	1	0.99
2026-02-25	62	1	1.85
2026-02-25	133	1	1.49
2026-02-25	56	2	3.49
2026-02-25	55	2	2.99
2026-02-25	208	3	0.95
2026-02-25	121	0.434	1.29
2026-02-25	227	1	1.69
2026-02-25	93	2	3
2026-02-25	18	4.793	1.35
2026-02-25	70	1	1.49
2026-02-25	31	0.452	5.69
2026-02-25	146	0.721	14.39
2026-02-25	141	0.152	11.89
2026-02-25	125	1	2.35
2026-02-25	136	0.062	12.95
2026-02-25	81	5	1.25
2026-02-25	205	1	3.65
2026-02-25	84	4	1.59
2026-02-25	92	0.764	0.89
2026-02-25	71	2	1.99
2026-02-25	157	1	3.55
2026-02-25	30	1	1.89
2026-02-25	57	2	1.35
2026-02-25	18	4.6	1.35
2026-02-25	27	2	2.59
2026-02-25	142	0.35	6.95
2026-02-25	114	1.471	4.5
2026-02-25	87	2	1.39
2026-02-25	114	2.542	4.5
2026-02-25	128	1	2.25
2026-02-25	154	1	1.99
2026-02-25	100	0.409	2.69
2026-02-25	1	1	1.5
2026-02-25	162	1	1.19
2026-02-25	113	0.022	4.25
2026-02-25	88	1.087	2.19
2026-02-25	114	0.696	4.5
2026-02-25	47	0.29	3
2026-02-25	204	1	3.09
2026-02-25	249	1	2.29
2026-02-25	190	1	3.15
2026-02-25	44	6.189	1.75
2026-02-25	216	1	2.79
2026-02-25	215	1	2.79
2026-02-25	96	1.068	2.5
2026-02-25	55	1	2.99
2026-02-25	127	1	2.49
2026-02-25	203	1	2.89
2026-02-25	194	3.098	2.75
2026-02-25	77	2	2.35
2026-02-25	48	1	1.99
2026-02-25	121	6.496	1.29
2026-02-25	153	1	1.99
2026-02-25	250	0.28	2.39
2026-02-25	52	2.232	0.99
2026-02-25	101	4.183	3
2026-02-25	76	3	0.79
2026-02-25	42	6.245	1.39
2026-02-25	9	3	0.85
2026-02-25	207	2	1.29
2026-02-25	12	0.258	2.25
2026-02-25	202	1	3.15
2026-02-25	79	3	1.55
2026-02-25	65	2	1.45
2026-02-25	149	0.367	4.99
2026-02-25	140	0.404	12.95
2026-02-25	4	5	1.05
2026-02-25	84	1	1.59
2026-02-25	93	2	3
2026-02-25	95	4.615	2.39
2026-02-26	46	0.343	3
2026-02-26	214	1	2.79
2026-02-26	8	1	2.25
2026-02-26	83	2.749	2.39
2026-02-26	107	2.844	1.99
2026-02-26	221	1	2.35
2026-02-26	209	2	1.19
2026-02-26	121	6.69	1.29
2026-02-26	124	4.6	1.55
2026-02-26	40	2	1.99
2026-02-26	39	0.687	3.99
2026-02-26	93	2	3
2026-02-26	106	1.266	1.99
2026-02-26	87	1	1.39
2026-02-26	84	4	1.59
2026-02-26	247	1	1.99
2026-02-26	193	2	2.5
2026-02-26	76	8	0.79
2026-02-26	30	4	1.89
2026-02-26	152	1	1.75
2026-02-26	111	1.623	1.75
2026-02-26	66	2	1.59
2026-02-26	73	2	1.49
2026-02-26	213	2	2.85
2026-02-26	135	0.418	12.95
2026-02-26	158	2	2.29
2026-02-26	203	1	2.89
2026-02-26	218	5	1.39
2026-02-26	130	4	1.89
2026-02-26	225	1	1.65
2026-02-26	144	0.369	5.39
2026-02-26	76	7	0.79
2026-02-26	149	0.387	4.99
2026-02-26	214	1	2.79
2026-02-26	94	1.74	2.85
2026-02-26	141	0.161	11.89
2026-02-26	189	2	3.15
2026-02-26	89	6.241	0.79
2026-02-26	134	0.582	14.75
2026-02-26	114	0.918	4.5
2026-02-26	140	0.472	12.95
2026-02-26	216	1	2.79
2026-02-26	197	2.698	2.25
2026-02-26	138	1.869	4.59
2026-02-26	69	6	1.25
2026-02-26	28	4	2.85
2026-02-26	226	2	1.35
2026-02-26	39	2.05	3.99
2026-02-26	205	1	3.65
2026-02-26	118	0.175	4
2026-02-26	26	0.294	1.19
2026-02-26	93	4	3
2026-02-26	59	0.098	4
2026-02-26	189	1	3.15
2026-02-26	122	0.064	2.99
2026-02-26	43	4.939	1.79
2026-02-26	79	1	1.55
2026-02-26	43	1.207	1.79
2026-02-26	250	0.297	2.39
2026-02-26	197	3.364	2.25
2026-02-26	121	11.426	1.29
2026-02-26	202	1	3.15
2026-02-26	81	2	1.25
2026-02-26	113	0.023	4.25
2026-02-26	100	0.431	2.69
2026-02-26	175	1	1.59
2026-02-26	114	0.493	4.5
2026-02-26	145	0.177	22.95
2026-02-26	47	0.307	3
2026-02-26	201	0.754	1.95
2026-02-26	109	0.525	2.59
2026-02-26	187	1.743	5.45
2026-02-26	224	1	0.99
2026-02-26	91	20.913	0.69
2026-02-26	96	1.128	2.5
2026-02-26	92	2.854	0.89
2026-02-26	56	1	3.49
2026-02-26	121	2.837	1.29
2026-02-26	215	1	2.79
2026-02-26	185	3	1.99
2026-02-26	93	2	3
2026-02-26	79	1	1.55
2026-02-26	99	1.361	2.99
2026-02-26	3	1	1.45
2026-02-26	38	6.349	1.89
2026-02-26	70	3	1.49
2026-02-26	72	4	0.95
2026-02-26	249	1	2.29
2026-02-26	21	1	0.99
2026-02-26	124	1.49	1.55
2026-02-26	84	1	1.59
2026-02-26	248	0.009	10.95
2026-02-26	102	0.269	1.75
2026-02-26	95	4.669	2.39
2026-02-26	75	2	1.59
2026-02-26	27	2	2.59
2026-02-26	53	1	2.59
2026-02-26	165	1.08	5
2026-02-26	125	1	2.35
2026-02-26	17	1	1.69
2026-02-26	35	1	1.35
2026-02-26	60	1	2.75
2026-02-26	54	1	2.59
2026-02-26	157	1	3.55
2026-02-26	105	1.823	1.75
2026-02-26	94	0.87	2.85
2026-02-26	195	3	2.25
2026-02-26	52	11.697	0.99
2026-02-26	196	1	3.15
2026-02-26	190	3	3.15
2026-02-26	111	1.149	1.75
2026-02-26	48	2	1.99
2026-02-26	186	1	2.25
2026-02-26	80	1	2.99
2026-02-26	82	5	0.99
2026-02-26	178	0.629	3.29
2026-02-26	117	0.564	2.5
2026-02-26	58	0.265	2.49
2026-02-26	98	1.126	2.3
2026-02-26	207	2	1.29
2026-02-26	85	1	1.49
2026-02-26	194	2.644	2.75
2026-02-26	222	1	2.75
2026-02-26	137	0.365	18.75
2026-02-26	112	2.135	2.59
2026-02-26	57	2	1.35
2026-02-26	103	1.361	2.19
2026-02-26	33	5.585	1.59
2026-02-26	12	3.276	2.25
2026-02-26	89	18.873	0.79
2026-02-26	124	2.542	1.55
2026-02-26	124	3.297	1.55
2026-02-26	160	1	1.8
2026-02-26	114	0.282	4.5
2026-02-26	148	0.217	5.99
2026-02-26	219	2	0.99
2026-02-26	53	1	2.59
2026-02-26	121	4.372	1.29
2026-02-26	89	3.949	0.79
2026-02-26	165	0.43	5
2026-02-26	97	0.257	1.75
2026-02-26	84	1	1.59
2026-02-26	208	3	0.95
2026-02-26	194	0.982	2.75
2026-02-26	88	1.826	2.19
2026-02-26	231	1	1.39
2026-02-26	28	2	2.85
2026-02-26	41	0.859	1.85
2026-02-26	167	4	1.59
2026-02-26	114	2.658	4.5
2026-02-26	75	2	1.59
2026-02-26	137	0.056	18.75
2026-02-26	1	1	1.5
2026-02-26	136	0.263	12.95
2026-02-26	20	1	0.99
2026-02-26	193	1	2.5
2026-02-26	189	1	3.15
2026-02-26	146	0.913	14.39
2026-02-26	166	5	2.45
2026-02-26	62	1	1.85
2026-02-26	165	1.082	5
2026-02-26	79	3	1.55
2026-02-26	114	2.758	4.5
2026-02-26	43	1.883	1.79
2026-02-26	195	3	2.25
2026-02-26	23	3	1.25
2026-02-26	194	2.796	2.75
2026-02-26	49	1	3
2026-02-26	77	2	2.35
2026-02-26	49	1	3
2026-02-26	110	1	3
2026-02-26	11	2.57	3.95
2026-02-26	142	0.37	6.95
2026-02-26	162	1	1.19
2026-02-26	108	0.213	2.35
2026-02-26	106	4.799	1.99
2026-02-26	198	7.605	1.19
2026-02-26	101	1.553	3
2026-02-26	61	1	1.89
2026-02-26	211	3	1.15
2026-02-26	146	0.056	14.39
2026-02-26	18	0.719	1.35
2026-02-26	78	8	1.09
2026-02-26	52	0.99	0.99
2026-02-26	91	1.362	0.69
2026-02-26	44	5.857	1.75
2026-02-26	18	9.504	1.35
2026-02-26	74	1	2.35
2026-02-26	143	1	2.99
2026-02-26	101	3.903	3
2026-02-26	153	1	1.99
2026-02-26	93	1	3
2026-02-26	199	3.068	2.19
2026-02-26	139	0.28	14.95
2026-02-26	44	0.594	1.75
2026-02-26	19	1	2.5
2026-02-26	193	2	2.5
2026-02-26	68	1	1.99
2026-02-26	227	1	1.69
2026-02-26	190	4	3.15
2026-02-26	44	4.88	1.75
2026-02-26	125	3	2.35
2026-02-26	52	8.434	0.99
2026-02-26	50	1	3
2026-02-26	24	1.286	1.19
2026-02-26	93	2	3
2026-02-26	190	1	3.15
2026-02-26	43	2.475	1.79
2026-02-26	95	0.406	2.39
2026-02-26	236	1	2.95
2026-02-26	204	1	3.09
2026-02-26	128	1	2.25
2026-02-26	66	1	1.59
2026-02-26	54	2	2.59
2026-02-26	87	2	1.39
2026-02-26	16	1.44	1.25
2026-02-26	58	1.205	2.49
2026-02-26	127	4	2.49
2026-02-26	31	0.478	5.69
2026-02-26	206	1	1.95
2026-02-26	92	3.989	0.89
2026-02-26	159	1	1.8
2026-02-26	93	1	3
2026-02-26	42	6.59	1.39
2026-02-26	71	2	1.99
2026-02-26	93	4	3
2026-02-26	4	5	1.05
2026-02-26	81	3	1.25
2026-02-26	133	1	1.49
2026-02-26	65	2	1.45
2026-02-26	94	2.47	2.85
2026-02-26	187	1.094	5.45
2026-02-26	196	3	3.15
2026-02-26	8	1	2.25
2026-02-26	61	1	1.89
2026-02-26	121	5.512	1.29
2026-02-26	9	3	0.85
2026-02-26	55	4	2.99
2026-02-26	170	1	1.29
2026-02-26	155	1	0.85
2026-02-26	41	4.951	1.85
2026-02-26	154	1	1.99
2026-02-26	194	1.538	2.75
2026-02-27	83	1.636	2.39
2026-02-27	132	1	1.25
2026-02-27	27	2	2.59
2026-02-27	85	2	1.49
2026-02-27	121	5.899	1.29
2026-02-27	124	2.129	1.55
2026-02-27	101	2.893	3
2026-02-27	53	2	2.59
2026-02-27	9	3	0.85
2026-02-27	43	1.006	1.79
2026-02-27	73	2	1.49
2026-02-27	44	7.709	1.75
2026-02-27	17	1	1.69
2026-02-27	185	3	1.99
2026-02-27	157	1	3.55
2026-02-27	190	3	3.15
2026-02-27	95	0.749	2.39
2026-02-27	217	1	1.59
2026-02-27	196	3	3.15
2026-02-27	218	6	1.39
2026-02-27	38	5.28	1.89
2026-02-27	196	1	3.15
2026-02-27	39	0.717	3.99
2026-02-27	199	3.712	2.19
2026-02-27	190	1	3.15
2026-02-27	78	9	1.09
2026-02-27	107	0.698	1.99
2026-02-27	91	5.333	0.69
2026-02-27	200	1	2.25
2026-02-27	44	4.097	1.75
2026-02-27	18	9.926	1.35
2026-02-27	65	2	1.45
2026-02-27	221	1	2.35
2026-02-27	121	9.047	1.29
2026-02-27	125	4	2.35
2026-02-27	43	8.212	1.79
2026-02-27	55	3	2.99
2026-02-27	88	2.21	2.19
2026-02-27	20	1	0.99
2026-02-27	71	2	1.99
2026-02-27	54	3	2.59
2026-02-27	84	6	1.59
2026-02-27	76	9	0.79
2026-02-27	93	5	3
2026-02-27	11	3.111	3.95
2026-02-27	69	5	1.25
2026-02-27	74	1	2.35
2026-02-27	79	1	1.55
2026-02-27	1	1	1.5
2026-02-27	69	2	1.25
2026-02-27	66	3	1.59
2026-02-27	4	6	1.05
2026-02-27	225	1	1.65
2026-02-27	38	2.413	1.89
2026-02-27	82	6	0.99
2026-02-27	190	2	3.15
2026-02-27	146	0.161	14.39
2026-02-27	100	0.524	2.69
2026-02-27	231	1	1.39
2026-02-27	194	4.415	2.75
2026-02-27	95	0.9	2.39
2026-02-27	98	1.361	2.3
2026-02-27	227	1	1.69
2026-02-27	76	10	0.79
2026-02-27	201	0.918	1.95
2026-02-27	130	3	1.89
2026-02-27	68	1	1.99
2026-02-27	114	0.676	4.5
2026-02-27	138	0.991	4.59
2026-02-27	162	1	1.19
2026-02-27	160	1	1.8
2026-02-27	121	11.279	1.29
2026-02-27	94	2.761	2.85
2026-02-27	175	1	1.59
2026-02-27	165	2.226	5
2026-02-27	203	1	2.89
2026-02-27	55	1	2.99
2026-02-27	144	0.447	5.39
2026-02-27	134	0.365	14.75
2026-02-27	65	1	1.45
2026-02-27	103	1.644	2.19
2026-02-27	40	2	1.99
2026-02-27	236	1	2.95
2026-02-27	106	4.126	1.99
2026-02-27	8	1	2.25
2026-02-27	96	1.364	2.5
2026-02-27	41	1.335	1.85
2026-02-27	134	0.34	14.75
2026-02-27	69	1	1.25
2026-02-27	121	7.86	1.29
2026-02-27	89	1.43	0.79
2026-02-27	154	1	1.99
2026-02-27	207	2	1.29
2026-02-27	166	2	2.45
2026-02-27	89	4.481	0.79
2026-02-27	101	0.313	3
2026-02-27	222	1	2.75
2026-02-27	93	3	3
2026-02-27	31	0.573	5.69
2026-02-27	56	3	3.49
2026-02-27	62	1	1.85
2026-02-27	140	0.176	12.95
2026-02-27	49	1	3
2026-02-27	84	1	1.59
2026-02-27	30	2	1.89
2026-02-27	75	4	1.59
2026-02-27	146	0.626	14.39
2026-02-27	28	1	2.85
2026-02-27	52	5.646	0.99
2026-02-27	122	0.077	2.99
2026-02-27	112	2.301	2.59
2026-02-27	143	1	2.99
2026-02-27	59	0.118	4
2026-02-27	165	0.912	5
2026-02-27	114	0.651	4.5
2026-02-27	202	1	3.15
2026-02-27	89	16	0.79
2026-02-27	118	0.21	4
2026-02-27	28	2	2.85
2026-02-27	50	1	3
2026-02-27	152	1	1.75
2026-02-27	127	5	2.49
2026-02-27	52	11.576	0.99
2026-02-27	145	0.214	22.95
2026-02-27	197	4.902	2.25
2026-02-27	186	1	2.25
2026-02-27	41	1.827	1.85
2026-02-27	105	2.206	1.75
2026-02-27	30	2	1.89
2026-02-27	50	1	3
2026-02-27	159	1	1.8
2026-02-27	198	7.513	1.19
2026-02-27	219	3	0.99
2026-02-27	139	0.338	14.95
2026-02-27	46	0.413	3
2026-02-27	208	4	0.95
2026-02-27	209	2	1.19
2026-02-27	60	1	2.75
2026-02-27	99	1.649	2.99
2026-02-27	114	2.724	4.5
2026-02-27	198	1.697	1.19
2026-02-27	93	1	3
2026-02-27	195	4	2.25
2026-02-27	40	1	1.99
2026-02-27	81	6	1.25
2026-02-27	77	1	2.35
2026-02-27	48	2	1.99
2026-02-27	226	2	1.35
2026-02-27	106	3.216	1.99
2026-02-27	41	2.784	1.85
2026-02-27	109	0.633	2.59
2026-02-27	101	3.4	3
2026-02-27	94	3.393	2.85
2026-02-27	89	13.278	0.79
2026-02-27	170	1	1.29
2026-02-27	211	3	1.15
2026-02-27	24	1.555	1.19
2026-02-27	41	1.086	1.85
2026-02-27	194	0.415	2.75
2026-02-27	114	1.331	4.5
2026-02-27	135	0.232	12.95
2026-02-27	247	1	1.99
2026-02-27	42	7.978	1.39
2026-02-27	3	1	1.45
2026-02-27	68	1	1.99
2026-02-27	72	5	0.95
2026-02-27	205	1	3.65
2026-02-27	93	2	3
2026-02-27	102	0.32	1.75
2026-02-27	80	1	2.99
2026-02-27	216	1	2.79
2026-02-27	227	1	1.69
2026-02-27	124	6.568	1.55
2026-02-27	137	0.417	18.75
2026-02-27	215	1	2.79
2026-02-27	56	1	3.49
2026-02-27	83	0.41	2.39
2026-02-27	73	1	1.49
2026-02-27	79	2	1.55
2026-02-27	137	0.092	18.75
2026-02-27	79	3	1.55
2026-02-27	107	2.739	1.99
2026-02-27	178	0.763	3.29
2026-02-27	93	2	3
2026-02-27	35	1	1.35
2026-02-27	161	1	1.25
2026-02-27	61	2	1.89
2026-02-27	12	1.173	2.25
2026-02-27	58	1.779	2.49
2026-02-27	91	21.623	0.69
2026-02-27	140	0.087	12.95
2026-02-27	128	1	2.25
2026-02-27	43	3.503	1.79
2026-02-27	70	2	1.49
2026-02-27	121	3.248	1.29
2026-02-27	167	1	1.59
2026-02-27	155	2	0.85
2026-02-27	19	1	2.5
2026-02-27	28	4	2.85
2026-02-27	190	1	3.15
2026-02-27	55	1	2.99
2026-02-27	213	3	2.85
2026-02-27	195	3	2.25
2026-02-27	190	1	3.15
2026-02-27	18	2.444	1.35
2026-02-27	114	0.451	4.5
2026-02-27	142	0.447	6.95
2026-02-27	93	4	3
2026-02-27	149	0.469	4.99
2026-02-27	44	1.909	1.75
2026-02-27	140	0.307	12.95
2026-02-27	130	2	1.89
2026-02-27	187	1.648	5.45
2026-02-27	124	5.948	1.55
2026-02-27	111	1.177	1.75
2026-02-27	110	1	3
2026-02-27	138	1.272	4.59
2026-02-27	47	0.37	3
2026-02-27	56	1	3.49
2026-02-27	39	2.596	3.99
2026-02-27	87	4	1.39
2026-02-27	194	4.807	2.75
2026-02-27	189	2	3.15
2026-02-27	187	1.303	5.45
2026-02-27	52	8.343	0.99
2026-02-27	224	1	0.99
2026-02-27	206	1	1.95
2026-02-27	83	1.285	2.39
2026-02-27	23	4	1.25
2026-02-27	112	0.282	2.59
2026-02-27	166	4	2.45
2026-02-27	249	1	2.29
2026-02-27	135	0.273	12.95
2026-02-27	92	8.292	0.89
2026-02-27	16	1.744	1.25
2026-02-27	133	1	1.49
2026-02-27	141	0.194	11.89
2026-02-27	189	2	3.15
2026-02-27	158	2	2.29
2026-02-27	12	2.791	2.25
2026-02-27	117	0.684	2.5
2026-02-27	146	0.386	14.39
2026-02-27	57	2	1.35
2026-02-27	26	0.361	1.19
2026-02-27	220	1	2.75
2026-02-27	148	0.262	5.99
2026-02-27	113	0.028	4.25
2026-02-27	95	4.494	2.39
2026-02-27	248	0.011	10.95
2026-02-27	114	2.773	4.5
2026-02-27	214	2	2.79
2026-02-27	93	2	3
2026-02-27	204	1	3.09
2026-02-27	111	2.177	1.75
2026-02-27	35	1	1.35
2026-02-27	77	2	2.35
2026-02-27	197	2.436	2.25
2026-02-27	70	1	1.49
2026-02-27	153	1	1.99
2026-02-27	187	0.481	5.45
2026-02-27	193	5	2.5
2026-02-27	136	0.318	12.95
2026-02-27	97	0.309	1.75
2026-02-27	190	2	3.15
2026-02-27	33	6.761	1.59
2026-02-27	250	0.356	2.39
2026-02-27	21	1	0.99
2026-02-27	108	0.26	2.35
2026-02-28	89	1.329	0.79
2026-02-28	66	4	1.59
2026-02-28	121	3.961	1.29
2026-02-28	76	10	0.79
2026-02-28	134	0.669	14.75
2026-02-28	221	1	2.35
2026-02-28	12	2.387	2.25
2026-02-28	20	1	0.99
2026-02-28	57	1	1.35
2026-02-28	189	2	3.15
2026-02-28	55	3	2.99
2026-02-28	102	0.394	1.75
2026-02-28	11	2.841	3.95
2026-02-28	105	2.589	1.75
2026-02-28	39	3.283	3.99
2026-02-28	140	0.209	12.95
2026-02-28	140	0.461	12.95
2026-02-28	44	4.651	1.75
2026-02-28	223	1	2.15
2026-02-28	138	0.519	4.59
2026-02-28	68	1	1.99
2026-02-28	4	7	1.05
2026-02-28	52	3.303	0.99
2026-02-28	23	1	1.25
2026-02-28	92	9.787	0.89
2026-02-28	167	5	1.59
2026-02-28	193	1	2.5
2026-02-28	111	1.349	1.75
2026-02-28	141	0.229	11.89
2026-02-28	194	1.596	2.75
2026-02-28	112	3.039	2.59
2026-02-28	202	1	3.15
2026-02-28	121	11.62	1.29
2026-02-28	200	1	2.25
2026-02-28	146	0.782	14.39
2026-02-28	69	1	1.25
2026-02-28	83	3.004	2.39
2026-02-28	217	1	1.59
2026-02-28	61	1	1.89
2026-02-28	106	1.01	1.99
2026-02-28	62	1	1.85
2026-02-28	190	2	3.15
2026-02-28	127	4	2.49
2026-02-28	154	1	1.99
2026-02-28	89	16.114	0.79
2026-02-28	194	2.582	2.75
2026-02-28	220	1	2.75
2026-02-28	226	3	1.35
2026-02-28	194	2.385	2.75
2026-02-28	41	0.346	1.85
2026-02-28	247	1	1.99
2026-02-28	54	1	2.59
2026-02-28	198	1.899	1.19
2026-02-28	130	1	1.89
2026-02-28	124	0.826	1.55
2026-02-28	128	1	2.25
2026-02-28	53	2	2.59
2026-02-28	50	1	3
2026-02-28	209	2	1.19
2026-02-28	89	11.646	0.79
2026-02-28	121	1.566	1.29
2026-02-28	165	2.114	5
2026-02-28	193	3	2.5
2026-02-28	79	1	1.55
2026-02-28	190	1	3.15
2026-02-28	195	3	2.25
2026-02-28	197	1.564	2.25
2026-02-28	40	3	1.99
2026-02-28	11	0.813	3.95
2026-02-28	124	3.032	1.55
2026-02-28	18	7	1.35
2026-02-28	186	1	2.25
2026-02-28	197	4.569	2.25
2026-02-28	93	2	3
2026-02-28	166	4	2.45
2026-02-28	77	1	2.35
2026-02-28	61	1	1.89
2026-02-28	153	1	1.99
2026-02-28	101	2.96	3
2026-02-28	161	1	1.25
2026-02-28	121	6.783	1.29
2026-02-28	144	0.523	5.39
2026-02-28	78	4	1.09
2026-02-28	43	1.151	1.79
2026-02-28	190	2	3.15
2026-02-28	50	1	3
2026-02-28	248	0.011	10.95
2026-02-28	93	5	3
2026-02-28	132	1	1.25
2026-02-28	198	2.21	1.19
2026-02-28	250	0.435	2.39
2026-02-28	73	1	1.49
2026-02-28	158	1	2.29
2026-02-28	33	6.635	1.59
2026-02-28	222	1	2.75
2026-02-28	195	1	2.25
2026-02-28	218	7	1.39
2026-02-28	175	1	1.59
2026-02-28	159	1	1.8
2026-02-28	106	5.226	1.99
2026-02-28	98	1.626	2.3
2026-02-28	118	0.24	4
2026-02-28	106	2.367	1.99
2026-02-28	18	7.526	1.35
2026-02-28	197	2.489	2.25
2026-02-28	8	1	2.25
2026-02-28	12	2.267	2.25
2026-02-28	85	2	1.49
2026-02-28	114	0.969	4.5
2026-02-28	101	0.833	3
2026-02-28	135	0.595	12.95
2026-02-28	93	1	3
2026-02-28	214	2	2.79
2026-02-28	93	2	3
2026-02-28	124	7.148	1.55
2026-02-28	52	13.172	0.99
2026-02-28	249	1	2.29
2026-02-28	133	1	1.49
2026-02-28	49	1	3
2026-02-28	114	1.082	4.5
2026-02-28	194	3.251	2.75
2026-02-28	101	3.97	3
2026-02-28	93	4	3
2026-02-28	88	2.589	2.19
2026-02-28	152	1	1.75
2026-02-28	52	13.556	0.99
2026-02-28	103	1.945	2.19
2026-02-28	94	4.835	2.85
2026-02-28	139	0.397	14.95
2026-02-28	44	3.583	1.75
2026-02-28	199	2.858	2.19
2026-02-28	75	1	1.59
2026-02-28	189	1	3.15
2026-02-28	99	1.926	2.99
2026-02-28	42	6.482	1.39
2026-02-28	224	2	0.99
2026-02-28	190	3	3.15
2026-02-28	96	1.612	2.5
2026-02-28	28	3	2.85
2026-02-28	136	0.372	12.95
2026-02-28	205	1	3.65
2026-02-28	198	6.706	1.19
2026-02-28	166	3	2.45
2026-02-28	79	4	1.55
2026-02-28	127	2	2.49
2026-02-28	211	4	1.15
2026-02-28	153	1	1.99
2026-02-28	59	0.143	4
2026-02-28	110	1	3
2026-02-28	137	0.027	18.75
2026-02-28	47	0.42	3
2026-02-28	236	1	2.95
2026-02-28	216	1	2.79
2026-02-28	79	2	1.55
2026-02-28	57	2	1.35
2026-02-28	109	0.749	2.59
2026-02-28	91	18.725	0.69
2026-02-28	30	5	1.89
2026-02-28	227	1	1.69
2026-02-28	125	4	2.35
2026-02-28	93	3	3
2026-02-28	216	1	2.79
2026-02-28	27	2	2.59
2026-02-28	56	4	3.49
2026-02-28	130	2	1.89
2026-02-28	21	2	0.99
2026-02-28	121	1.574	1.29
2026-02-28	60	1	2.75
2026-02-28	204	1	3.09
2026-02-28	122	0.064	2.99
2026-02-28	80	1	2.99
2026-02-28	160	1	1.8
2026-02-28	155	2	0.85
2026-02-28	3	1	1.45
2026-02-28	121	1.581	1.29
2026-02-28	199	1.539	2.19
2026-02-28	121	5.643	1.29
2026-02-28	206	1	1.95
2026-02-28	111	2.617	1.75
2026-02-28	178	0.906	3.29
2026-02-28	89	12.228	0.79
2026-02-28	219	3	0.99
2026-02-28	124	3.665	1.55
2026-02-28	46	0.48	3
2026-02-28	203	1	2.89
2026-02-28	124	2.561	1.55
2026-02-28	87	5	1.39
2026-02-28	43	4.508	1.79
2026-02-28	65	2	1.45
2026-02-28	108	0.298	2.35
2026-02-28	42	1.281	1.39
2026-02-28	170	1	1.29
2026-02-28	43	1.453	1.79
2026-02-28	158	2	2.29
2026-02-28	114	2.891	4.5
2026-02-28	78	6	1.09
2026-02-28	95	0.987	2.39
2026-02-28	83	0.908	2.39
2026-02-28	208	4	0.95
2026-02-28	138	1.462	4.59
2026-02-28	17	1	1.69
2026-02-28	44	7.846	1.75
2026-02-28	130	3	1.89
2026-02-28	28	5	2.85
2026-02-28	95	6.226	2.39
2026-02-28	69	8	1.25
2026-02-28	125	1	2.35
2026-02-28	1	1	1.5
2026-02-28	16	2.056	1.25
2026-02-28	117	0.808	2.5
2026-02-28	27	1	2.59
2026-02-28	19	1	2.5
2026-02-28	82	3	0.99
2026-02-28	39	0.609	3.99
2026-02-28	145	0.253	22.95
2026-02-28	187	0.829	5.45
2026-02-28	38	5.048	1.89
2026-02-28	114	0.682	4.5
2026-02-28	213	3	2.85
2026-02-28	91	12.971	0.69
2026-02-28	31	0.684	5.69
2026-02-28	114	1.342	4.5
2026-02-28	82	4	0.99
2026-02-28	207	2	1.29
2026-02-28	93	2	3
2026-02-28	194	1.52	2.75
2026-02-28	193	1	2.5
2026-02-28	196	3	3.15
2026-02-28	209	1	1.19
2026-02-28	43	6.385	1.79
2026-02-28	24	1.891	1.19
2026-02-28	100	0.628	2.69
2026-02-28	225	1	1.65
2026-02-28	114	1.196	4.5
2026-02-28	9	4	0.85
2026-02-28	146	0.452	14.39
2026-02-28	138	0.673	4.59
2026-02-28	81	7	1.25
2026-02-28	71	2	1.99
2026-02-28	201	1.067	1.95
2026-02-28	148	0.306	5.99
2026-02-28	48	2	1.99
2026-02-28	76	12	0.79
2026-02-28	41	7.941	1.85
2026-02-28	121	2.07	1.29
2026-02-28	187	1.011	5.45
2026-02-28	97	0.36	1.75
2026-02-28	73	2	1.49
2026-02-28	114	1.996	4.5
2026-02-28	165	1.574	5
2026-02-28	26	0.412	1.19
2026-02-28	193	1	2.5
2026-02-28	196	2	3.15
2026-02-28	84	5	1.59
2026-02-28	70	4	1.49
2026-02-28	231	1	1.39
2026-02-28	56	1	3.49
2026-02-28	190	3	3.15
2026-02-28	187	2.191	5.45
2026-02-28	157	1	3.55
2026-02-28	121	9.047	1.29
2026-02-28	94	2.4	2.85
2026-02-28	23	3	1.25
2026-02-28	38	4.011	1.89
2026-02-28	42	1.59	1.39
2026-02-28	58	2.08	2.49
2026-02-28	143	1	2.99
2026-02-28	55	2	2.99
2026-02-28	142	0.534	6.95
2026-02-28	56	1	3.49
2026-02-28	215	1	2.79
2026-02-28	35	2	1.35
2026-02-28	84	3	1.59
2026-02-28	71	1	1.99
2026-02-28	218	1	1.39
2026-02-28	107	4.025	1.99
2026-02-28	93	1	3
2026-02-28	74	1	2.35
2026-02-28	146	0.143	14.39
2026-02-28	162	1	1.19
2026-02-28	195	4	2.25
2026-02-28	78	1	1.09
2026-02-28	23	1	1.25
2026-02-28	149	0.543	4.99
2026-02-28	93	3	3
2026-02-28	167	1	1.59
2026-02-28	134	0.157	14.75
2026-02-28	33	1.302	1.59
2026-02-28	113	0.033	4.25
2026-02-28	72	6	0.95
2026-02-28	43	1.48	1.79
2026-02-28	137	0.57	18.75
2026-02-28	185	3	1.99
2026-02-28	75	4	1.59
2026-03-02	91	14.667	0.69
2026-03-02	185	1	1.99
2026-03-02	33	3.535	1.59
2026-03-02	113	0.021	4.25
2026-03-02	107	2.538	1.99
2026-03-02	66	1	1.59
2026-03-02	196	1	3.15
2026-03-02	114	2.776	4.5
2026-03-02	73	3	1.49
2026-03-02	9	3	0.85
2026-03-02	93	2	3
2026-03-02	89	7.456	0.79
2026-03-02	146	0.867	14.39
2026-03-02	112	1.911	2.59
2026-03-02	18	2.578	1.35
2026-03-02	189	1	3.15
2026-03-02	142	0.331	6.95
2026-03-02	121	4.473	1.29
2026-03-02	69	2	1.25
2026-03-02	53	1	2.59
2026-03-02	121	1.496	1.29
2026-03-02	166	1	2.45
2026-03-02	94	3.284	2.85
2026-03-02	48	1	1.99
2026-03-02	47	0.273	3
2026-03-02	55	1	2.99
2026-03-02	88	1.635	2.19
2026-03-02	148	0.194	5.99
2026-03-02	139	0.249	14.95
2026-03-02	198	1.807	1.19
2026-03-02	38	1.751	1.89
2026-03-02	12	2.924	2.25
2026-03-02	121	6.419	1.29
2026-03-02	55	1	2.99
2026-03-02	178	0.562	3.29
2026-03-02	144	0.33	5.39
2026-03-02	214	1	2.79
2026-03-02	195	1	2.25
2026-03-02	82	5	0.99
2026-03-02	125	1	2.35
2026-03-02	27	1	2.59
2026-03-02	207	1	1.29
2026-03-02	93	3	3
2026-03-02	79	4	1.55
2026-03-02	93	2	3
2026-03-02	165	0.304	5
2026-03-02	42	0.446	1.39
2026-03-02	109	0.467	2.59
2026-03-02	42	5.439	1.39
2026-03-02	21	2	0.99
2026-03-02	38	1.259	1.89
2026-03-02	140	0.422	12.95
2026-03-02	190	1	3.15
2026-03-02	69	2	1.25
2026-03-02	114	1.758	4.5
2026-03-02	162	1	1.19
2026-03-02	250	0.264	2.39
2026-03-02	56	2	3.49
2026-03-02	101	0.447	3
2026-03-02	59	0.088	4
2026-03-02	44	3.314	1.75
2026-03-02	165	1.222	5
2026-03-02	71	2	1.99
2026-03-02	76	8	0.79
2026-03-02	149	0.347	4.99
2026-03-02	39	1.05	3.99
2026-03-02	87	3	1.39
2026-03-02	124	4.219	1.55
2026-03-02	190	2	3.15
2026-03-02	209	2	1.19
2026-03-02	89	10.253	0.79
2026-03-02	78	3	1.09
2026-03-02	76	3	0.79
2026-03-02	52	6.818	0.99
2026-03-02	54	1	2.59
2026-03-02	76	3	0.79
2026-03-02	124	4.845	1.55
2026-03-02	199	1.849	2.19
2026-03-02	248	0.008	10.95
2026-03-02	106	2.563	1.99
2026-03-02	167	2	1.59
2026-03-02	193	2	2.5
2026-03-02	165	0.79	5
2026-03-02	117	0.504	2.5
2026-03-02	166	1	2.45
2026-03-02	65	2	1.45
2026-03-02	44	6.823	1.75
2026-03-02	28	2	2.85
2026-03-02	84	5	1.59
2026-03-02	197	5.422	2.25
2026-03-02	93	1	3
2026-03-02	69	2	1.25
2026-03-02	194	2.102	2.75
2026-03-02	70	1	1.49
2026-03-02	190	1	3.15
2026-03-02	35	1	1.35
2026-03-02	52	9.727	0.99
2026-03-02	103	1.219	2.19
2026-03-02	75	1	1.59
2026-03-02	72	4	0.95
2026-03-02	93	2	3
2026-03-02	97	0.229	1.75
2026-03-02	26	0.269	1.19
2026-03-02	100	0.387	2.69
2026-03-02	207	1	1.29
2026-03-02	167	1	1.59
2026-03-02	23	3	1.25
2026-03-02	27	1	2.59
2026-03-02	68	1	1.99
2026-03-02	187	1.204	5.45
2026-03-02	187	1.327	5.45
2026-03-02	18	1.97	1.35
2026-03-02	193	1	2.5
2026-03-02	41	5.189	1.85
2026-03-02	121	8.504	1.29
2026-03-02	11	2.291	3.95
2026-03-02	66	2	1.59
2026-03-02	61	1	1.89
2026-03-02	56	1	3.49
2026-03-02	16	1.288	1.25
2026-03-02	101	4.433	3
2026-03-02	91	4.594	0.69
2026-03-02	54	2	2.59
2026-03-02	166	2	2.45
2026-03-02	48	1	1.99
2026-03-02	122	0.057	2.99
2026-03-02	102	0.24	1.75
2026-03-02	124	1.748	1.55
2026-03-02	196	2	3.15
2026-03-02	211	2	1.15
2026-03-02	194	1.215	2.75
2026-03-02	166	1	2.45
2026-03-02	134	0.143	14.75
2026-03-02	56	1	3.49
2026-03-02	98	1.004	2.3
2026-03-02	218	5	1.39
2026-03-02	30	3	1.89
2026-03-02	18	4.57	1.35
2026-03-02	194	1.836	2.75
2026-03-02	118	0.155	4
2026-03-02	227	1	1.69
2026-03-02	70	2	1.49
2026-03-02	43	1.436	1.79
2026-03-02	38	1.222	1.89
2026-03-02	136	0.236	12.95
2026-03-02	114	1.073	4.5
2026-03-02	224	2	0.99
2026-03-02	130	3	1.89
2026-03-02	93	2	3
2026-03-02	108	0.191	2.35
2026-03-02	55	2	2.99
2026-03-02	106	2.854	1.99
2026-03-02	93	2	3
2026-03-02	141	0.144	11.89
2026-03-02	185	2	1.99
2026-03-02	28	3	2.85
2026-03-02	75	2	1.59
2026-03-02	61	1	1.89
2026-03-02	31	0.429	5.69
2026-03-02	81	4	1.25
2026-03-02	77	1	2.35
2026-03-02	78	4	1.09
2026-03-02	145	0.158	22.95
2026-03-02	137	0.375	18.75
2026-03-02	199	0.895	2.19
2026-03-02	121	2.93	1.29
2026-03-02	194	1.953	2.75
2026-03-02	226	2	1.35
2026-03-02	138	1.671	4.59
2026-03-02	213	2	2.85
2026-03-02	95	4.531	2.39
2026-03-02	111	2.474	1.75
2026-03-02	135	0.374	12.95
2026-03-02	198	4.992	1.19
2026-03-02	121	3.736	1.29
2026-03-02	155	2	0.85
2026-03-02	105	1.634	1.75
2026-03-02	158	1	2.29
2026-03-02	130	1	1.89
2026-03-02	99	1.217	2.99
2026-03-02	114	0.744	4.5
2026-03-02	83	2.464	2.39
2026-03-02	43	1.397	1.79
2026-03-02	4	5	1.05
2026-03-02	201	0.677	1.95
2026-03-02	33	1.472	1.59
2026-03-02	134	0.378	14.75
2026-03-02	92	6.135	0.89
2026-03-02	58	1.313	2.49
2026-03-02	85	2	1.49
2026-03-02	40	2	1.99
2026-03-02	195	4	2.25
2026-03-02	52	2.323	0.99
2026-03-02	96	1.008	2.5
2026-03-02	38	1.439	1.89
2026-03-02	125	2	2.35
2026-03-02	43	6.553	1.79
2026-03-02	94	1.26	2.85
2026-03-02	127	4	2.49
2026-03-02	167	1	1.59
2026-03-02	57	2	1.35
2026-03-02	39	1.401	3.99
2026-03-02	46	0.307	3
2026-03-02	24	1.151	1.19
2026-03-02	193	1	2.5
2026-03-02	219	2	0.99
2026-03-02	208	3	0.95
2026-03-02	89	8.266	0.79
2026-03-03	79	2	1.55
2026-03-03	81	5	1.25
2026-03-03	211	2	1.15
2026-03-03	12	1.613	2.25
2026-03-03	167	2	1.59
2026-03-03	79	2	1.55
2026-03-03	109	0.498	2.59
2026-03-03	162	1	1.19
2026-03-03	30	3	1.89
2026-03-03	103	1.297	2.19
2026-03-03	43	4.341	1.79
2026-03-03	92	3.607	0.89
2026-03-03	114	3.153	4.5
2026-03-03	146	0.532	14.39
2026-03-03	39	2.604	3.99
2026-03-03	40	2	1.99
2026-03-03	27	1	2.59
2026-03-03	48	1	1.99
2026-03-03	84	1	1.59
2026-03-03	227	1	1.69
2026-03-03	134	0.553	14.75
2026-03-03	167	2	1.59
2026-03-03	112	2.031	2.59
2026-03-03	4	6	1.05
2026-03-03	68	1	1.99
2026-03-03	93	2	3
2026-03-03	146	0.388	14.39
2026-03-03	75	1	1.59
2026-03-03	124	0.477	1.55
2026-03-03	76	9	0.79
2026-03-03	194	1.847	2.75
2026-03-03	114	1.667	4.5
2026-03-03	11	0.81	3.95
2026-03-03	83	2.619	2.39
2026-03-03	55	3	2.99
2026-03-03	72	4	0.95
2026-03-03	178	0.599	3.29
2026-03-03	121	5.519	1.29
2026-03-03	107	2.196	1.99
2026-03-03	92	2.921	0.89
2026-03-03	31	0.455	5.69
2026-03-03	198	1.034	1.19
2026-03-03	93	3	3
2026-03-03	111	2.629	1.75
2026-03-03	57	2	1.35
2026-03-03	91	1.087	0.69
2026-03-03	66	1	1.59
2026-03-03	142	0.351	6.95
2026-03-03	201	0.718	1.95
2026-03-03	16	1.368	1.25
2026-03-03	99	1.291	2.99
2026-03-03	105	1.737	1.75
2026-03-03	73	2	1.49
2026-03-03	107	0.497	1.99
2026-03-03	166	4	2.45
2026-03-03	93	4	3
2026-03-03	38	3.074	1.89
2026-03-03	195	1	2.25
2026-03-03	41	5.514	1.85
2026-03-03	106	4.352	1.99
2026-03-03	33	5.314	1.59
2026-03-03	78	4	1.09
2026-03-03	117	0.536	2.5
2026-03-03	166	1	2.45
2026-03-03	52	5.202	0.99
2026-03-03	75	2	1.59
2026-03-03	95	0.941	2.39
2026-03-03	23	3	1.25
2026-03-03	138	1.41	4.59
2026-03-03	135	0.164	12.95
2026-03-03	56	1	3.49
2026-03-03	46	0.323	3
2026-03-03	35	1	1.35
2026-03-03	75	1	1.59
2026-03-03	140	0.449	12.95
2026-03-03	211	1	1.15
2026-03-03	100	0.413	2.69
2026-03-03	187	0.958	5.45
2026-03-03	207	2	1.29
2026-03-03	224	2	0.99
2026-03-03	130	4	1.89
2026-03-03	21	1	0.99
2026-03-03	138	0.366	4.59
2026-03-03	65	2	1.45
2026-03-03	190	2	3.15
2026-03-03	195	5	2.25
2026-03-03	124	6.439	1.55
2026-03-03	187	1.73	5.45
2026-03-03	190	1	3.15
2026-03-03	42	4.647	1.39
2026-03-03	96	1.072	2.5
2026-03-03	137	0.398	18.75
2026-03-03	98	1.065	2.3
2026-03-03	208	3	0.95
2026-03-03	165	1.89	5
2026-03-03	69	3	1.25
2026-03-03	194	4.876	2.75
2026-03-03	76	6	0.79
2026-03-03	198	6.185	1.19
2026-03-03	121	2.225	1.29
2026-03-03	44	1.977	1.75
2026-03-03	18	9.689	1.35
2026-03-03	125	2	2.35
2026-03-03	124	4.574	1.55
2026-03-03	197	4.022	2.25
2026-03-03	193	2	2.5
2026-03-03	11	1.625	3.95
2026-03-03	118	0.165	4
2026-03-03	97	0.246	1.75
2026-03-03	58	0.847	2.49
2026-03-03	24	1.218	1.19
2026-03-03	56	1	3.49
2026-03-03	121	6.186	1.29
2026-03-03	125	1	2.35
2026-03-03	42	1.612	1.39
2026-03-03	54	1	2.59
2026-03-03	44	5.491	1.75
2026-03-03	185	1	1.99
2026-03-03	48	1	1.99
2026-03-03	135	0.234	12.95
2026-03-03	88	1.74	2.19
2026-03-03	121	5.434	1.29
2026-03-03	190	2	3.15
2026-03-03	108	0.204	2.35
2026-03-03	61	1	1.89
2026-03-03	114	1.591	4.5
2026-03-03	71	2	1.99
2026-03-03	69	3	1.25
2026-03-03	101	1.433	3
2026-03-03	95	3.77	2.39
2026-03-03	82	3	0.99
2026-03-03	214	1	2.79
2026-03-03	94	4.596	2.85
2026-03-03	199	1.329	2.19
2026-03-03	70	3	1.49
2026-03-03	122	0.06	2.99
2026-03-03	219	2	0.99
2026-03-03	84	5	1.59
2026-03-03	101	3.75	3
2026-03-03	91	5.116	0.69
2026-03-03	26	0.286	1.19
2026-03-03	148	0.205	5.99
2026-03-03	149	0.367	4.99
2026-03-03	44	3.297	1.75
2026-03-03	127	3	2.49
2026-03-03	139	0.265	14.95
2026-03-03	121	9.915	1.29
2026-03-03	82	4	0.99
2026-03-03	94	0.232	2.85
2026-03-03	213	2	2.85
2026-03-03	53	1	2.59
2026-03-03	93	1	3
2026-03-03	77	2	2.35
2026-03-03	106	1.397	1.99
2026-03-03	158	1	2.29
2026-03-03	93	2	3
2026-03-03	55	1	2.99
2026-03-03	248	0.008	10.95
2026-03-03	61	1	1.89
2026-03-03	190	1	3.15
2026-03-03	89	15.139	0.79
2026-03-03	38	1.698	1.89
2026-03-03	209	2	1.19
2026-03-03	197	0.676	2.25
2026-03-03	127	1	2.49
2026-03-03	193	2	2.5
2026-03-03	9	3	0.85
2026-03-03	59	0.093	4
2026-03-03	38	1.254	1.89
2026-03-03	136	0.251	12.95
2026-03-03	165	0.574	5
2026-03-03	114	0.338	4.5
2026-03-03	30	1	1.89
2026-03-03	226	2	1.35
2026-03-03	28	1	2.85
2026-03-03	113	0.022	4.25
2026-03-03	58	0.546	2.49
2026-03-03	185	2	1.99
2026-03-03	190	2	3.15
2026-03-03	12	1.493	2.25
2026-03-03	141	0.152	11.89
2026-03-03	199	1.58	2.19
2026-03-03	47	0.29	3
2026-03-03	54	2	2.59
2026-03-03	218	5	1.39
2026-03-03	93	3	3
2026-03-03	196	3	3.15
2026-03-03	78	3	1.09
2026-03-03	28	1	2.85
2026-03-03	145	0.168	22.95
2026-03-03	197	1.058	2.25
2026-03-03	194	0.833	2.75
2026-03-03	43	5.631	1.79
2026-03-03	89	12.215	0.79
2026-03-03	87	3	1.39
2026-03-03	91	14.942	0.69
2026-03-03	85	2	1.49
2026-03-03	52	6.091	0.99
2026-03-03	155	2	0.85
2026-03-03	52	8.758	0.99
2026-03-03	125	1	2.35
2026-03-03	102	0.251	1.75
2026-03-03	189	3	3.15
2026-03-03	144	0.351	5.39
2026-03-03	250	0.28	2.39
2026-03-04	178	0.632	3.29
2026-03-04	114	0.611	4.5
2026-03-04	146	0.334	14.39
2026-03-04	97	0.257	1.75
2026-03-04	58	1.016	2.49
2026-03-04	158	1	2.29
2026-03-04	82	6	0.99
2026-03-04	38	3.381	1.89
2026-03-04	75	4	1.59
2026-03-04	76	10	0.79
2026-03-04	87	3	1.39
2026-03-04	209	2	1.19
2026-03-04	190	3	3.15
2026-03-04	69	6	1.25
2026-03-04	12	1.036	2.25
2026-03-04	109	0.525	2.59
2026-03-04	94	0.772	2.85
2026-03-04	121	0.442	1.29
2026-03-04	79	1	1.55
2026-03-04	93	4	3
2026-03-04	91	3.638	0.69
2026-03-04	189	2	3.15
2026-03-04	93	3	3
2026-03-04	93	4	3
2026-03-04	106	3.377	1.99
2026-03-04	154	1	1.99
2026-03-04	114	2.669	4.5
2026-03-04	79	2	1.55
2026-03-04	24	1.294	1.19
2026-03-04	79	2	1.55
2026-03-04	33	5.629	1.59
2026-03-04	125	1	2.35
2026-03-04	195	4	2.25
2026-03-04	194	4.102	2.75
2026-03-04	56	1	3.49
2026-03-04	39	1.97	3.99
2026-03-04	135	0.235	12.95
2026-03-04	43	6.257	1.79
2026-03-04	149	0.389	4.99
2026-03-04	35	1	1.35
2026-03-04	96	1.132	2.5
2026-03-04	66	1	1.59
2026-03-04	211	3	1.15
2026-03-04	130	1	1.89
2026-03-04	70	3	1.49
2026-03-04	72	4	0.95
2026-03-04	93	1	3
2026-03-04	108	0.217	2.35
2026-03-04	165	0.978	5
2026-03-04	89	6.532	0.79
2026-03-04	43	1.665	1.79
2026-03-04	94	1.656	2.85
2026-03-04	38	0.407	1.89
2026-03-04	18	5.615	1.35
2026-03-04	81	3	1.25
2026-03-04	139	0.28	14.95
2026-03-04	107	2.854	1.99
2026-03-04	92	2.404	0.89
2026-03-04	124	4.477	1.55
2026-03-04	189	1	3.15
2026-03-04	144	0.371	5.39
2026-03-04	76	6	0.79
2026-03-04	16	1.448	1.25
2026-03-04	166	4	2.45
2026-03-04	30	4	1.89
2026-03-04	21	1	0.99
2026-03-04	68	1	1.99
2026-03-04	148	0.217	5.99
2026-03-04	91	5.623	0.69
2026-03-04	125	2	2.35
2026-03-04	28	4	2.85
2026-03-04	11	2.03	3.95
2026-03-04	111	1.537	1.75
2026-03-04	27	1	2.59
2026-03-04	43	2.637	1.79
2026-03-04	214	1	2.79
2026-03-04	167	2	1.59
2026-03-04	99	1.368	2.99
2026-03-04	88	1.84	2.19
2026-03-04	167	2	1.59
2026-03-04	135	0.187	12.95
2026-03-04	194	3.902	2.75
2026-03-04	121	3.969	1.29
2026-03-04	94	2.688	2.85
2026-03-04	190	2	3.15
2026-03-04	162	1	1.19
2026-03-04	189	1	3.15
2026-03-04	124	7.684	1.55
2026-03-04	165	1.63	5
2026-03-04	207	2	1.29
2026-03-04	85	1	1.49
2026-03-04	26	0.303	1.19
2026-03-04	78	8	1.09
2026-03-04	224	1	0.99
2026-03-04	198	1.908	1.19
2026-03-04	113	0.024	4.25
2026-03-04	214	1	2.79
2026-03-04	196	3	3.15
2026-03-04	89	7.354	0.79
2026-03-04	193	2	2.5
2026-03-04	42	6.626	1.39
2026-03-04	53	1	2.59
2026-03-04	52	3.404	0.99
2026-03-04	100	0.435	2.69
2026-03-04	41	5.838	1.85
2026-03-04	197	1.689	2.25
2026-03-04	226	2	1.35
2026-03-04	89	6.025	0.79
2026-03-04	155	2	0.85
2026-03-04	38	2.587	1.89
2026-03-04	134	0.586	14.75
2026-03-04	199	3.087	2.19
2026-03-04	201	0.759	1.95
2026-03-04	18	4.644	1.35
2026-03-04	195	2	2.25
2026-03-04	54	1	2.59
2026-03-04	92	4.494	0.89
2026-03-04	73	2	1.49
2026-03-04	196	1	3.15
2026-03-04	130	3	1.89
2026-03-04	146	0.64	14.39
2026-03-04	47	0.307	3
2026-03-04	125	1	2.35
2026-03-04	112	1.498	2.59
2026-03-04	91	13.13	0.69
2026-03-04	208	3	0.95
2026-03-04	93	1	3
2026-03-04	48	1	1.99
2026-03-04	84	2	1.59
2026-03-04	193	1	2.5
2026-03-04	55	2	2.99
2026-03-04	83	2.774	2.39
2026-03-04	101	1.453	3
2026-03-04	28	2	2.85
2026-03-04	114	3.053	4.5
2026-03-04	12	2.253	2.25
2026-03-04	141	0.161	11.89
2026-03-04	122	0.064	2.99
2026-03-04	187	2.167	5.45
2026-03-04	250	0.297	2.39
2026-03-04	136	0.266	12.95
2026-03-04	89	6.595	0.79
2026-03-04	142	0.371	6.95
2026-03-04	111	1.251	1.75
2026-03-04	54	2	2.59
2026-03-04	213	1	2.85
2026-03-04	58	0.462	2.49
2026-03-04	248	0.009	10.95
2026-03-04	44	3.731	1.75
2026-03-04	49	1	3
2026-03-04	53	1	2.59
2026-03-04	81	2	1.25
2026-03-04	106	2.714	1.99
2026-03-04	52	4.98	0.99
2026-03-04	219	2	0.99
2026-03-04	23	3	1.25
2026-03-04	55	2	2.99
2026-03-04	65	2	1.45
2026-03-04	77	2	2.35
2026-03-04	145	0.178	22.95
2026-03-04	114	0.813	4.5
2026-03-04	137	0.117	18.75
2026-03-04	127	4	2.49
2026-03-04	121	9.984	1.29
2026-03-04	213	1	2.85
2026-03-04	61	1	1.89
2026-03-04	93	3	3
2026-03-04	227	1	1.69
2026-03-04	121	1.969	1.29
2026-03-04	39	0.787	3.99
2026-03-04	137	0.305	18.75
2026-03-04	121	11.186	1.29
2026-03-04	187	0.681	5.45
2026-03-04	140	0.449	12.95
2026-03-04	46	0.343	3
2026-03-04	102	0.269	1.75
2026-03-04	197	1.462	2.25
2026-03-04	44	7.674	1.75
2026-03-04	105	1.834	1.75
2026-03-04	31	0.483	5.69
2026-03-04	9	3	0.85
2026-03-04	95	1.983	2.39
2026-03-04	84	1	1.59
2026-03-04	103	1.37	2.19
2026-03-04	101	0.95	3
2026-03-04	71	2	1.99
2026-03-04	185	1	1.99
2026-03-04	56	2	3.49
2026-03-04	98	1.13	2.3
2026-03-04	190	3	3.15
2026-03-04	101	3.083	3
2026-03-04	193	2	2.5
2026-03-04	84	3	1.59
2026-03-04	138	1.88	4.59
2026-03-04	117	0.568	2.5
2026-03-04	118	0.175	4
2026-03-04	121	3.45	1.29
2026-03-04	11	0.547	3.95
2026-03-04	112	0.653	2.59
2026-03-04	89	2.684	0.79
2026-03-04	218	2	1.39
2026-03-04	40	2	1.99
2026-03-04	57	2	1.35
2026-03-04	166	1	2.45
2026-03-04	59	0.098	4
2026-03-04	218	3	1.39
2026-03-04	198	5.739	1.19
2026-03-04	197	2.942	2.25
2026-03-04	52	12.848	0.99
2026-03-04	95	3.113	2.39
2026-03-04	4	6	1.05
2026-03-05	48	1	1.99
2026-03-05	100	0.461	2.69
2026-03-05	38	3.259	1.89
2026-03-05	72	4	0.95
2026-03-05	93	4	3
2026-03-05	114	2.222	4.5
2026-03-05	134	0.218	14.75
2026-03-05	99	1.445	2.99
2026-03-05	127	3	2.49
2026-03-05	92	7.281	0.89
2026-03-05	136	0.244	12.95
2026-03-05	31	0.51	5.69
2026-03-05	135	0.444	12.95
2026-03-05	166	3	2.45
2026-03-05	158	1	2.29
2026-03-05	96	1.196	2.5
2026-03-05	55	2	2.99
2026-03-05	91	14.029	0.69
2026-03-05	95	2.866	2.39
2026-03-05	199	3.26	2.19
2026-03-05	117	0.6	2.5
2026-03-05	59	0.105	4
2026-03-05	52	6.293	0.99
2026-03-05	124	6.71	1.55
2026-03-05	38	1.032	1.89
2026-03-05	124	4.761	1.55
2026-03-05	101	1.987	3
2026-03-05	114	0.753	4.5
2026-03-05	40	2	1.99
2026-03-05	189	1	3.15
2026-03-05	146	1.001	14.39
2026-03-05	118	0.185	4
2026-03-05	75	4	1.59
2026-03-05	47	0.323	3
2026-03-05	78	1	1.09
2026-03-05	127	1	2.49
2026-03-05	197	0.751	2.25
2026-03-05	213	2	2.85
2026-03-05	41	2.097	1.85
2026-03-05	219	2	0.99
2026-03-05	109	0.556	2.59
2026-03-05	91	9.623	0.69
2026-03-05	197	5.684	2.25
2026-03-05	214	1	2.79
2026-03-05	43	4.061	1.79
2026-03-05	213	1	2.85
2026-03-05	73	1	1.49
2026-03-05	52	8.384	0.99
2026-03-05	61	1	1.89
2026-03-05	190	1	3.15
2026-03-05	193	2	2.5
2026-03-05	178	0.669	3.29
2026-03-05	8	1	2.25
2026-03-05	89	9.468	0.79
2026-03-05	114	2.682	4.5
2026-03-05	55	2	2.99
2026-03-05	24	1.361	1.19
2026-03-05	87	1	1.39
2026-03-05	71	2	1.99
2026-03-05	53	1	2.59
2026-03-05	88	1.941	2.19
2026-03-05	93	1	3
2026-03-05	190	2	3.15
2026-03-05	112	1.749	2.59
2026-03-05	49	1	3
2026-03-05	35	1	1.35
2026-03-05	21	1	0.99
2026-03-05	52	3.879	0.99
2026-03-05	76	3	0.79
2026-03-05	82	4	0.99
2026-03-05	218	3	1.39
2026-03-05	226	2	1.35
2026-03-05	16	1.528	1.25
2026-03-05	43	1.251	1.79
2026-03-05	30	3	1.89
2026-03-05	124	1.368	1.55
2026-03-05	18	3.022	1.35
2026-03-05	227	1	1.69
2026-03-05	121	9.969	1.29
2026-03-05	44	7.846	1.75
2026-03-05	93	4	3
2026-03-05	18	4.593	1.35
2026-03-05	154	1	1.99
2026-03-05	52	3.859	0.99
2026-03-05	39	1.479	3.99
2026-03-05	18	3.215	1.35
2026-03-05	39	1.371	3.99
2026-03-05	58	1.498	2.49
2026-03-05	194	4.182	2.75
2026-03-05	93	3	3
2026-03-05	121	4.171	1.29
2026-03-05	165	0.67	5
2026-03-05	101	1.137	3
2026-03-05	198	1.756	1.19
2026-03-05	70	3	1.49
2026-03-05	214	1	2.79
2026-03-05	121	4.295	1.29
2026-03-05	54	1	2.59
2026-03-05	41	4.065	1.85
2026-03-05	83	1.209	2.39
2026-03-05	141	0.171	11.89
2026-03-05	81	2	1.25
2026-03-05	89	7.266	0.79
2026-03-05	106	6.422	1.99
2026-03-05	9	3	0.85
2026-03-05	138	0.529	4.59
2026-03-05	193	3	2.5
2026-03-05	11	2.585	3.95
2026-03-05	33	5.742	1.59
2026-03-05	101	1.743	3
2026-03-05	198	4.319	1.19
2026-03-05	56	2	3.49
2026-03-05	65	2	1.45
2026-03-05	89	9.696	0.79
2026-03-05	46	0.363	3
2026-03-05	82	1	0.99
2026-03-05	145	0.188	22.95
2026-03-05	194	4.265	2.75
2026-03-05	166	2	2.45
2026-03-05	23	3	1.25
2026-03-05	78	7	1.09
2026-03-05	4	6	1.05
2026-03-05	42	6.993	1.39
2026-03-05	187	0.87	5.45
2026-03-05	121	10.178	1.29
2026-03-05	85	1	1.49
2026-03-05	79	5	1.55
2026-03-05	57	2	1.35
2026-03-05	44	4.194	1.75
2026-03-05	66	1	1.59
2026-03-05	89	3.911	0.79
2026-03-05	68	1	1.99
2026-03-05	187	0.194	5.45
2026-03-05	81	3	1.25
2026-03-05	112	0.525	2.59
2026-03-05	130	4	1.89
2026-03-05	114	0.929	4.5
2026-03-05	195	1	2.25
2026-03-05	148	0.23	5.99
2026-03-05	155	2	0.85
2026-03-05	53	1	2.59
2026-03-05	187	0.758	5.45
2026-03-05	185	2	1.99
2026-03-05	139	0.296	14.95
2026-03-05	211	3	1.15
2026-03-05	76	13	0.79
2026-03-05	108	0.23	2.35
2026-03-05	49	1	3
2026-03-05	56	1	3.49
2026-03-05	113	0.025	4.25
2026-03-05	248	0.009	10.95
2026-03-05	167	4	1.59
2026-03-05	69	7	1.25
2026-03-05	93	1	3
2026-03-05	73	2	1.49
2026-03-05	107	3.01	1.99
2026-03-05	77	2	2.35
2026-03-05	94	4.453	2.85
2026-03-05	134	0.401	14.75
2026-03-05	127	1	2.49
2026-03-05	209	2	1.19
2026-03-05	97	0.269	1.75
2026-03-05	103	1.447	2.19
2026-03-05	114	0.956	4.5
2026-03-05	98	1.191	2.3
2026-03-05	94	0.944	2.85
2026-03-05	201	0.8	1.95
2026-03-05	43	5.832	1.79
2026-03-05	198	2	1.19
2026-03-05	105	1.937	1.75
2026-03-05	28	1	2.85
2026-03-05	207	2	1.29
2026-03-05	224	1	0.99
2026-03-05	196	1	3.15
2026-03-05	28	1	2.85
2026-03-05	138	1.455	4.59
2026-03-05	166	1	2.45
2026-03-05	111	2.943	1.75
2026-03-05	122	0.067	2.99
2026-03-05	30	1	1.89
2026-03-05	121	4.109	1.29
2026-03-05	185	1	1.99
2026-03-05	142	0.393	6.95
2026-03-05	189	3	3.15
2026-03-05	93	4	3
2026-03-05	165	2.084	5
2026-03-05	27	1	2.59
2026-03-05	101	0.923	3
2026-03-05	38	2.439	1.89
2026-03-05	144	0.391	5.39
2026-03-05	196	3	3.15
2026-03-05	208	3	0.95
2026-03-05	83	1.72	2.39
2026-03-05	187	1.183	5.45
2026-03-05	125	1	2.35
2026-03-05	102	0.286	1.75
2026-03-05	66	2	1.59
2026-03-05	95	2.51	2.39
2026-03-05	11	0.137	3.95
2026-03-05	218	3	1.39
2026-03-05	137	0.445	18.75
2026-03-05	84	6	1.59
2026-03-05	140	0.501	12.95
2026-03-05	56	1	3.49
2026-03-05	26	0.319	1.19
2026-03-05	12	3.431	2.25
2026-03-05	149	0.411	4.99
2026-03-05	162	1	1.19
2026-03-05	250	0.314	2.39
2026-03-05	87	3	1.39
2026-03-06	111	3.56	1.75
2026-03-06	197	3.978	2.25
2026-03-06	85	2	1.49
2026-03-06	209	2	1.19
2026-03-06	94	0.179	2.85
2026-03-06	12	2.898	2.25
2026-03-06	121	7.69	1.29
2026-03-06	71	2	1.99
2026-03-06	78	7	1.09
2026-03-06	250	0.381	2.39
2026-03-06	94	1.842	2.85
2026-03-06	125	1	2.35
2026-03-06	127	3	2.49
2026-03-06	166	1	2.45
2026-03-06	100	0.558	2.69
2026-03-06	91	18.478	0.69
2026-03-06	93	3	3
2026-03-06	48	1	1.99
2026-03-06	26	0.378	1.19
2026-03-06	43	1.514	1.79
2026-03-06	16	1.848	1.25
2026-03-06	185	1	1.99
2026-03-06	105	2.343	1.75
2026-03-06	56	3	3.49
2026-03-06	70	1	1.49
2026-03-06	142	0.475	6.95
2026-03-06	28	3	2.85
2026-03-06	38	0.857	1.89
2026-03-06	44	1.383	1.75
2026-03-06	214	1	2.79
2026-03-06	137	0.169	18.75
2026-03-06	97	0.326	1.75
2026-03-06	99	1.749	2.99
2026-03-06	47	0.393	3
2026-03-06	101	4.823	3
2026-03-06	211	3	1.15
2026-03-06	89	18.848	0.79
2026-03-06	146	0.24	14.39
2026-03-06	134	0.643	14.75
2026-03-06	44	5.954	1.75
2026-03-06	76	17	0.79
2026-03-06	68	1	1.99
2026-03-06	185	1	1.99
2026-03-06	59	0.125	4
2026-03-06	78	3	1.09
2026-03-06	187	0.877	5.45
2026-03-06	113	0.03	4.25
2026-03-06	165	1.458	5
2026-03-06	195	3	2.25
2026-03-06	109	0.672	2.59
2026-03-06	28	1	2.85
2026-03-06	93	4	3
2026-03-06	8	1	2.25
2026-03-06	118	0.223	4
2026-03-06	83	1.736	2.39
2026-03-06	193	1	2.5
2026-03-06	69	6	1.25
2026-03-06	167	2	1.59
2026-03-06	127	1	2.49
2026-03-06	121	6.171	1.29
2026-03-06	38	3.54	1.89
2026-03-06	87	1	1.39
2026-03-06	21	1	0.99
2026-03-06	139	0.359	14.95
2026-03-06	9	1	0.85
2026-03-06	83	1.803	2.39
2026-03-06	73	1	1.49
2026-03-06	130	1	1.89
2026-03-06	84	2	1.59
2026-03-06	178	0.809	3.29
2026-03-06	224	1	0.99
2026-03-06	57	2	1.35
2026-03-06	18	4.511	1.35
2026-03-06	84	1	1.59
2026-03-06	187	1.127	5.45
2026-03-06	43	2.324	1.79
2026-03-06	42	4.935	1.39
2026-03-06	248	0.011	10.95
2026-03-06	68	1	1.99
2026-03-06	121	1.767	1.29
2026-03-06	138	1.786	4.59
2026-03-06	214	1	2.79
2026-03-06	72	3	0.95
2026-03-06	89	4.38	0.79
2026-03-06	77	1	2.35
2026-03-06	4	6	1.05
2026-03-06	11	0.511	3.95
2026-03-06	198	9.773	1.19
2026-03-06	166	1	2.45
2026-03-06	153	1	1.99
2026-03-06	194	2.807	2.75
2026-03-06	166	1	2.45
2026-03-06	84	5	1.59
2026-03-06	227	1	1.69
2026-03-06	93	4	3
2026-03-06	190	4	3.15
2026-03-06	195	2	2.25
2026-03-06	39	1.591	3.99
2026-03-06	199	2.913	2.19
2026-03-06	201	0.969	1.95
2026-03-06	187	1.633	5.45
2026-03-06	11	2.782	3.95
2026-03-06	219	3	0.99
2026-03-06	146	0.192	14.39
2026-03-06	79	6	1.55
2026-03-06	41	6.259	1.85
2026-03-06	93	2	3
2026-03-06	149	0.497	4.99
2026-03-06	135	0.538	12.95
2026-03-06	31	0.617	5.69
2026-03-06	74	1	2.35
2026-03-06	125	1	2.35
2026-03-06	24	1.655	1.19
2026-03-06	69	2	1.25
2026-03-06	92	8.82	0.89
2026-03-06	137	0.371	18.75
2026-03-06	35	1	1.35
2026-03-06	189	1	3.15
2026-03-06	158	1	2.29
2026-03-06	54	2	2.59
2026-03-06	140	0.185	12.95
2026-03-06	190	4	3.15
2026-03-06	96	1.448	2.5
2026-03-06	218	7	1.39
2026-03-06	145	0.227	22.95
2026-03-06	136	0.339	12.95
2026-03-06	70	3	1.49
2026-03-06	196	1	3.15
2026-03-06	58	1.892	2.49
2026-03-06	81	5	1.25
2026-03-06	87	3	1.39
2026-03-06	53	1	2.59
2026-03-06	28	3	2.85
2026-03-06	108	0.277	2.35
2026-03-06	42	1.77	1.39
2026-03-06	35	1	1.35
2026-03-06	65	1	1.45
2026-03-06	93	2	3
2026-03-06	18	0.437	1.35
2026-03-06	89	14.076	0.79
2026-03-06	195	2	2.25
2026-03-06	117	0.724	2.5
2026-03-06	94	4.512	2.85
2026-03-06	54	1	2.59
2026-03-06	82	6	0.99
2026-03-06	101	1.203	3
2026-03-06	190	1	3.15
2026-03-06	114	2.547	4.5
2026-03-06	43	7.19	1.79
2026-03-06	193	1	2.5
2026-03-06	162	1	1.19
2026-03-06	49	1	3
2026-03-06	167	3	1.59
2026-03-06	226	2	1.35
2026-03-06	148	0.279	5.99
2026-03-06	55	3	2.99
2026-03-06	165	1.874	5
2026-03-06	93	2	3
2026-03-06	44	4.377	1.75
2026-03-06	140	0.423	12.95
2026-03-06	106	7.508	1.99
2026-03-06	144	0.473	5.39
2026-03-06	95	5.958	2.39
2026-03-06	106	0.271	1.99
2026-03-06	41	1.195	1.85
2026-03-06	98	1.443	2.3
2026-03-06	226	1	1.35
2026-03-06	121	7.341	1.29
2026-03-06	56	2	3.49
2026-03-06	124	6.432	1.55
2026-03-06	121	8.233	1.29
2026-03-06	52	13.465	0.99
2026-03-06	39	0.619	3.99
2026-03-06	207	2	1.29
2026-03-06	95	0.552	2.39
2026-03-06	124	9.11	1.55
2026-03-06	12	1.302	2.25
2026-03-06	28	1	2.85
2026-03-06	154	1	1.99
2026-03-06	190	1	3.15
2026-03-06	121	5.225	1.29
2026-03-06	213	1	2.85
2026-03-06	93	2	3
2026-03-06	75	1	1.59
2026-03-06	93	1	3
2026-03-06	18	8.163	1.35
2026-03-06	27	1	2.59
2026-03-06	61	1	1.89
2026-03-06	91	10.145	0.69
2026-03-06	122	0.08	2.99
2026-03-06	134	0.104	14.75
2026-03-06	52	8.071	0.99
2026-03-06	197	3.809	2.25
2026-03-06	199	1.032	2.19
2026-03-06	43	2.464	1.79
2026-03-06	88	0.493	2.19
2026-03-06	44	2.857	1.75
2026-03-06	88	1.858	2.19
2026-03-06	23	4	1.25
2026-03-06	107	3.648	1.99
2026-03-06	194	1.418	2.75
2026-03-06	138	0.614	4.59
2026-03-06	196	1	3.15
2026-03-06	66	1	1.59
2026-03-06	46	0.44	3
2026-03-06	38	3.751	1.89
2026-03-06	75	4	1.59
2026-03-06	127	1	2.49
2026-03-06	114	2.782	4.5
2026-03-06	127	1	2.49
2026-03-06	114	0.996	4.5
2026-03-06	102	0.343	1.75
2026-03-06	112	1.556	2.59
2026-03-06	146	0.814	14.39
2026-03-06	227	1	1.69
2026-03-06	158	2	2.29
2026-03-06	194	2.953	2.75
2026-03-06	101	0.987	3
2026-03-06	55	2	2.99
2026-03-06	77	2	2.35
2026-03-06	40	1	1.99
2026-03-06	121	3.186	1.29
2026-03-06	114	0.762	4.5
2026-03-06	155	3	0.85
2026-03-06	52	5.596	0.99
2026-03-06	189	1	3.15
2026-03-06	39	1.311	3.99
2026-03-06	66	1	1.59
2026-03-06	72	2	0.95
2026-03-06	30	1	1.89
2026-03-06	194	3.036	2.75
2026-03-06	76	3	0.79
2026-03-06	208	4	0.95
2026-03-06	130	4	1.89
2026-03-06	103	1.753	2.19
2026-03-06	114	2.044	4.5
2026-03-06	141	0.206	11.89
2026-03-06	33	7.189	1.59
2026-03-06	66	2	1.59
2026-03-06	42	1.755	1.39
2026-03-06	112	1.193	2.59
2026-03-07	137	0.567	18.75
2026-03-07	40	3	1.99
2026-03-07	114	0.564	4.5
2026-03-07	38	2.899	1.89
2026-03-07	121	2.527	1.29
2026-03-07	134	0.441	14.75
2026-03-07	92	3.393	0.89
2026-03-07	114	1	4.5
2026-03-07	130	3	1.89
2026-03-07	107	4.281	1.99
2026-03-07	140	0.141	12.95
2026-03-07	48	1	1.99
2026-03-07	58	1.02	2.49
2026-03-07	44	1.257	1.75
2026-03-07	77	1	2.35
2026-03-07	9	1	0.85
2026-03-07	124	9.232	1.55
2026-03-07	198	2.983	1.19
2026-03-07	130	3	1.89
2026-03-07	101	1.473	3
2026-03-07	146	0.965	14.39
2026-03-07	138	0.752	4.59
2026-03-07	12	2.404	2.25
2026-03-07	30	1	1.89
2026-03-07	42	7.561	1.39
2026-03-07	154	1	1.99
2026-03-07	227	1	1.69
2026-03-07	28	2	2.85
2026-03-07	76	3	0.79
2026-03-07	166	1	2.45
2026-03-07	103	2.055	2.19
2026-03-07	101	1.573	3
2026-03-07	114	1.427	4.5
2026-03-07	74	1	2.35
2026-03-07	92	6.955	0.89
2026-03-07	193	1	2.5
2026-03-07	81	4	1.25
2026-03-07	89	6.152	0.79
2026-03-07	137	0.065	18.75
2026-03-07	55	1	2.99
2026-03-07	47	0.46	3
2026-03-07	218	3	1.39
2026-03-07	43	1.497	1.79
2026-03-07	93	4	3
2026-03-07	121	10.527	1.29
2026-03-07	207	1	1.29
2026-03-07	197	1.093	2.25
2026-03-07	109	0.792	2.59
2026-03-07	57	1	1.35
2026-03-07	167	3	1.59
2026-03-07	27	1	2.59
2026-03-07	54	1	2.59
2026-03-07	105	2.754	1.75
2026-03-07	134	0.437	14.75
2026-03-07	153	1	1.99
2026-03-07	216	1	2.79
2026-03-07	33	8.208	1.59
2026-03-07	190	2	3.15
2026-03-07	189	1	3.15
2026-03-07	11	2.613	3.95
2026-03-07	201	1.138	1.95
2026-03-07	100	0.654	2.69
2026-03-07	211	2	1.15
2026-03-07	84	1	1.59
2026-03-07	43	6.648	1.79
2026-03-07	55	1	2.99
2026-03-07	85	2	1.49
2026-03-07	78	3	1.09
2026-03-07	59	0.148	4
2026-03-07	4	7	1.05
2026-03-07	198	2.941	1.19
2026-03-07	138	1.135	4.59
2026-03-07	18	2.607	1.35
2026-03-07	78	2	1.09
2026-03-07	65	1	1.45
2026-03-07	193	1	2.5
2026-03-07	121	11.287	1.29
2026-03-07	190	4	3.15
2026-03-07	56	1	3.49
2026-03-07	38	4.058	1.89
2026-03-07	43	2.793	1.79
2026-03-07	166	2	2.45
2026-03-07	189	1	3.15
2026-03-07	139	0.42	14.95
2026-03-07	195	5	2.25
2026-03-07	106	1.543	1.99
2026-03-07	198	5.092	1.19
2026-03-07	94	5.242	2.85
2026-03-07	199	3.904	2.19
2026-03-07	94	2.253	2.85
2026-03-07	84	3	1.59
2026-03-07	41	2.595	1.85
2026-03-07	194	0.389	2.75
2026-03-07	93	1	3
2026-03-07	95	5.937	2.39
2026-03-07	18	6.793	1.35
2026-03-07	135	0.632	12.95
2026-03-07	96	1.7	2.5
2026-03-07	248	0.013	10.95
2026-03-07	158	1	2.29
2026-03-07	165	1.34	5
2026-03-07	125	1	2.35
2026-03-07	89	14.937	0.79
2026-03-07	178	0.948	3.29
2026-03-07	38	2.608	1.89
2026-03-07	11	1.025	3.95
2026-03-07	162	1	1.19
2026-03-07	195	3	2.25
2026-03-07	73	3	1.49
2026-03-07	193	2	2.5
2026-03-07	26	0.445	1.19
2026-03-07	196	3	3.15
2026-03-07	79	3	1.55
2026-03-07	75	1	1.59
2026-03-07	138	0.932	4.59
2026-03-07	211	2	1.15
2026-03-07	142	0.558	6.95
2026-03-07	144	0.557	5.39
2026-03-07	199	0.731	2.19
2026-03-07	48	1	1.99
2026-03-07	166	2	2.45
2026-03-07	127	1	2.49
2026-03-07	18	5.993	1.35
2026-03-07	101	2.28	3
2026-03-07	30	1	1.89
2026-03-07	121	7.992	1.29
2026-03-07	113	0.035	4.25
2026-03-07	214	1	2.79
2026-03-07	43	0.659	1.79
2026-03-07	194	1.898	2.75
2026-03-07	43	2.497	1.79
2026-03-07	35	1	1.35
2026-03-07	81	3	1.25
2026-03-07	196	2	3.15
2026-03-07	213	1	2.85
2026-03-07	55	1	2.99
2026-03-07	167	3	1.59
2026-03-07	89	13.911	0.79
2026-03-07	56	1	3.49
2026-03-07	121	4.504	1.29
2026-03-07	108	0.323	2.35
2026-03-07	112	3.05	2.59
2026-03-07	70	1	1.49
2026-03-07	194	2.88	2.75
2026-03-07	83	4.159	2.39
2026-03-07	93	3	3
2026-03-07	197	5.827	2.25
2026-03-07	214	1	2.79
2026-03-07	141	0.242	11.89
2026-03-07	209	1	1.19
2026-03-07	44	7.96	1.75
2026-03-07	11	0.23	3.95
2026-03-07	28	2	2.85
2026-03-07	128	1	2.25
2026-03-07	50	1	3
2026-03-07	114	2.904	4.5
2026-03-07	93	1	3
2026-03-07	71	1	1.99
2026-03-07	52	6.707	0.99
2026-03-07	149	0.583	4.99
2026-03-07	72	6	0.95
2026-03-07	21	2	0.99
2026-03-07	194	2.673	2.75
2026-03-07	190	3	3.15
2026-03-07	91	12.145	0.69
2026-03-07	213	2	2.85
2026-03-07	124	2.4	1.55
2026-03-07	66	1	1.59
2026-03-07	98	1.696	2.3
2026-03-07	106	6.08	1.99
2026-03-07	84	5	1.59
2026-03-07	44	7.657	1.75
2026-03-07	43	1.737	1.79
2026-03-07	189	1	3.15
2026-03-07	39	1.115	3.99
2026-03-07	41	4.519	1.85
2026-03-07	97	0.383	1.75
2026-03-07	114	2.773	4.5
2026-03-07	124	6.606	1.55
2026-03-07	28	1	2.85
2026-03-07	42	2.374	1.39
2026-03-07	12	2.529	2.25
2026-03-07	8	1	2.25
2026-03-07	52	11.242	0.99
2026-03-07	41	1.638	1.85
2026-03-07	102	0.4	1.75
2026-03-07	106	1.503	1.99
2026-03-07	189	2	3.15
2026-03-07	28	1	2.85
2026-03-07	58	1.197	2.49
2026-03-07	66	1	1.59
2026-03-07	146	0.498	14.39
2026-03-07	39	2.927	3.99
2026-03-07	78	6	1.09
2026-03-07	94	0.179	2.85
2026-03-07	226	1	1.35
2026-03-07	24	1.941	1.19
2026-03-07	250	0.444	2.39
2026-03-07	88	2.758	2.19
2026-03-07	73	1	1.49
2026-03-07	93	1	3
2026-03-07	9	3	0.85
2026-03-07	89	8.076	0.79
2026-03-07	93	1	3
2026-03-07	193	1	2.5
2026-03-07	69	2	1.25
2026-03-07	153	1	1.99
2026-03-07	198	0.454	1.19
2026-03-07	125	4	2.35
2026-03-07	208	2	0.95
2026-03-07	224	2	0.99
2026-03-07	127	4	2.49
2026-03-07	155	2	0.85
2026-03-07	52	12.141	0.99
2026-03-07	127	2	2.49
2026-03-07	87	3	1.39
2026-03-07	99	2.054	2.99
2026-03-07	28	3	2.85
2026-03-07	118	0.263	4
2026-03-07	61	1	1.89
2026-03-07	185	1	1.99
2026-03-07	76	16	0.79
2026-03-07	54	1	2.59
2026-03-07	114	0.653	4.5
2026-03-07	145	0.124	22.95
2026-03-07	68	1	1.99
2026-03-07	117	0.852	2.5
2026-03-07	140	0.571	12.95
2026-03-07	193	2	2.5
2026-03-07	122	0.094	2.99
2026-03-07	190	3	3.15
2026-03-07	194	4.156	2.75
2026-03-07	27	1	2.59
2026-03-07	197	0.969	2.25
2026-03-07	49	1	3
2026-03-07	16	2.168	1.25
2026-03-07	148	0.326	5.99
2026-03-07	195	1	2.25
2026-03-07	89	0.734	0.79
2026-03-07	111	3.08	1.75
2026-03-07	93	1	3
2026-03-07	69	8	1.25
2026-03-07	76	4	0.79
2026-03-07	136	0.398	12.95
2026-03-07	213	1	2.85
2026-03-07	23	4	1.25
2026-03-07	187	1.969	5.45
2026-03-07	197	1.253	2.25
2026-03-07	46	0.517	3
2026-03-07	121	9.667	1.29
2026-03-07	114	1.398	4.5
2026-03-07	82	7	0.99
2026-03-07	216	1	2.79
2026-03-07	79	4	1.55
2026-03-07	111	1.097	1.75
2026-03-07	95	1.707	2.39
2026-03-07	52	1.758	0.99
2026-03-07	53	1	2.59
2026-03-07	50	1	3
2026-03-07	101	2.903	3
2026-03-07	165	2.572	5
2026-03-07	56	1	3.49
2026-03-07	93	4	3
2026-03-07	93	4	3
2026-03-07	17	1	1.69
2026-03-07	91	21.449	0.69
2026-03-07	187	2.268	5.45
2026-03-07	31	0.724	5.69
2026-03-07	219	3	0.99
2026-03-07	145	0.142	22.95
2026-03-09	166	1	2.45
2026-03-09	224	1	0.99
2026-03-09	197	2.396	2.25
2026-03-09	54	1	2.59
2026-03-09	158	1	2.29
2026-03-09	92	6.135	0.89
2026-03-09	39	0.827	3.99
2026-03-09	61	1	1.89
2026-03-09	24	1.151	1.19
2026-03-09	121	1.326	1.29
2026-03-09	70	1	1.49
2026-03-09	12	2.924	2.25
2026-03-09	121	11.155	1.29
2026-03-09	114	0.553	4.5
2026-03-09	38	1.942	1.89
2026-03-09	112	1.911	2.59
2026-03-09	85	1	1.49
2026-03-09	46	0.307	3
2026-03-09	125	3	2.35
2026-03-09	48	1	1.99
2026-03-09	155	1	0.85
2026-03-09	122	0.057	2.99
2026-03-09	213	1	2.85
2026-03-09	178	0.562	3.29
2026-03-09	166	3	2.45
2026-03-09	54	2	2.59
2026-03-09	213	1	2.85
2026-03-09	214	1	2.79
2026-03-09	128	1	2.25
2026-03-09	89	15.177	0.79
2026-03-09	198	5.504	1.19
2026-03-09	82	4	0.99
2026-03-09	219	2	0.99
2026-03-09	121	5.45	1.29
2026-03-09	108	0.191	2.35
2026-03-09	91	19.899	0.69
2026-03-09	218	5	1.39
2026-03-09	208	3	0.95
2026-03-09	77	2	2.35
2026-03-09	18	1.607	1.35
2026-03-09	55	1	2.99
2026-03-09	145	0.158	22.95
2026-03-09	130	3	1.89
2026-03-09	89	5.038	0.79
2026-03-09	105	1.634	1.75
2026-03-09	68	1	1.99
2026-03-09	87	3	1.39
2026-03-09	137	0.375	18.75
2026-03-09	197	3.022	2.25
2026-03-09	136	0.236	12.95
2026-03-09	103	1.219	2.19
2026-03-09	75	3	1.59
2026-03-09	187	0.477	5.45
2026-03-09	227	1	1.69
2026-03-09	23	3	1.25
2026-03-09	61	1	1.89
2026-03-09	52	5.455	0.99
2026-03-09	144	0.33	5.39
2026-03-09	44	2.794	1.75
2026-03-09	66	1	1.59
2026-03-09	100	0.387	2.69
2026-03-09	49	1	3
2026-03-09	43	7.816	1.79
2026-03-09	99	0.505	2.99
2026-03-09	140	0.422	12.95
2026-03-09	39	1.038	3.99
2026-03-09	11	2.291	3.95
2026-03-09	194	1.982	2.75
2026-03-09	21	1	0.99
2026-03-09	102	0.24	1.75
2026-03-09	196	3	3.15
2026-03-09	207	1	1.29
2026-03-09	94	3.316	2.85
2026-03-09	165	0.234	5
2026-03-09	73	2	1.49
2026-03-09	52	13.414	0.99
2026-03-09	98	1.004	2.3
2026-03-09	95	0.921	2.39
2026-03-09	48	1	1.99
2026-03-09	26	0.269	1.19
2026-03-09	135	0.374	12.95
2026-03-09	56	2	3.49
2026-03-09	31	0.429	5.69
2026-03-09	107	2.538	1.99
2026-03-09	9	3	0.85
2026-03-09	49	1	3
2026-03-09	139	0.249	14.95
2026-03-09	53	1	2.59
2026-03-09	187	2.055	5.45
2026-03-09	57	2	1.35
2026-03-09	79	4	1.55
2026-03-09	165	2.084	5
2026-03-09	69	6	1.25
2026-03-09	138	1.111	4.59
2026-03-09	138	0.56	4.59
2026-03-09	185	1	1.99
2026-03-09	248	0.008	10.95
2026-03-09	78	1	1.09
2026-03-09	28	5	2.85
2026-03-09	66	1	1.59
2026-03-09	117	0.504	2.5
2026-03-09	33	1.346	1.59
2026-03-09	109	0.467	2.59
2026-03-09	93	3	3
2026-03-09	124	2.503	1.55
2026-03-09	190	4	3.15
2026-03-09	211	2	1.15
2026-03-09	167	1	1.59
2026-03-09	65	2	1.45
2026-03-09	199	2.744	2.19
2026-03-09	40	2	1.99
2026-03-09	106	5.412	1.99
2026-03-09	142	0.331	6.95
2026-03-09	101	4.317	3
2026-03-09	201	0.677	1.95
2026-03-09	189	1	3.15
2026-03-09	226	2	1.35
2026-03-09	97	0.229	1.75
2026-03-09	76	6	0.79
2026-03-09	166	1	2.45
2026-03-09	158	1	2.29
2026-03-09	194	5.127	2.75
2026-03-09	167	3	1.59
2026-03-09	162	1	1.19
2026-03-09	30	2	1.89
2026-03-09	58	1.313	2.49
2026-03-09	72	3	0.95
2026-03-09	42	5.885	1.39
2026-03-09	207	1	1.29
2026-03-09	216	1	2.79
2026-03-09	114	1.14	4.5
2026-03-09	44	7.069	1.75
2026-03-09	55	3	2.99
2026-03-09	198	1.294	1.19
2026-03-09	8	1	2.25
2026-03-09	153	1	1.99
2026-03-09	56	1	3.49
2026-03-09	89	5.734	0.79
2026-03-09	209	2	1.19
2026-03-09	93	3	3
2026-03-09	130	1	1.89
2026-03-09	78	6	1.09
2026-03-09	33	1.887	1.59
2026-03-09	17	1	1.69
2026-03-09	95	3.611	2.39
2026-03-09	114	1.533	4.5
2026-03-09	101	0.56	3
2026-03-09	93	2	3
2026-03-09	41	5.189	1.85
2026-03-09	250	0.264	2.39
2026-03-09	111	2.474	1.75
2026-03-09	84	5	1.59
2026-03-09	146	0.573	14.39
2026-03-09	76	8	0.79
2026-03-09	50	1	3
2026-03-09	113	0.021	4.25
2026-03-09	189	2	3.15
2026-03-09	146	0.294	14.39
2026-03-09	83	2.464	2.39
2026-03-09	195	5	2.25
2026-03-09	4	4	1.05
2026-03-09	16	1.288	1.25
2026-03-09	185	2	1.99
2026-03-09	121	9.628	1.29
2026-03-09	71	2	1.99
2026-03-09	96	1.008	2.5
2026-03-09	35	1	1.35
2026-03-09	124	8.303	1.55
2026-03-09	149	0.347	4.99
2026-03-09	93	1	3
2026-03-09	30	1	1.89
2026-03-09	94	0.968	2.85
2026-03-09	66	1	1.59
2026-03-09	88	1.635	2.19
2026-03-09	56	1	3.49
2026-03-09	74	1	2.35
2026-03-09	148	0.194	5.99
2026-03-09	39	0.586	3.99
2026-03-09	134	0.521	14.75
2026-03-09	81	4	1.25
2026-03-09	27	1	2.59
2026-03-09	33	1.774	1.59
2026-03-09	47	0.273	3
2026-03-09	193	3	2.5
2026-03-09	114	1.693	4.5
2026-03-09	59	0.088	4
2026-03-09	27	1	2.59
2026-03-09	8	1	2.25
2026-03-09	154	1	1.99
2026-03-09	93	5	3
2026-03-09	43	1.57	1.79
2026-03-09	141	0.144	11.89
2026-03-09	38	3.73	1.89
2026-03-09	127	3	2.49
2026-03-09	70	2	1.49
2026-03-09	114	1.431	4.5
2026-03-09	99	0.712	2.99
2026-03-09	118	0.155	4
2026-03-09	127	1	2.49
2026-03-09	190	3	3.15
2026-03-09	18	7.511	1.35
2026-03-09	94	0.26	2.85
2026-03-10	124	8.013	1.55
2026-03-10	158	1	2.29
2026-03-10	28	1	2.85
2026-03-10	18	4.726	1.35
2026-03-10	154	1	1.99
2026-03-10	12	1.876	2.25
2026-03-10	11	0.215	3.95
2026-03-10	65	2	1.45
2026-03-10	218	4	1.39
2026-03-10	17	1	1.69
2026-03-10	44	2.583	1.75
2026-03-10	201	0.718	1.95
2026-03-10	54	2	2.59
2026-03-10	43	5.279	1.79
2026-03-10	18	2.326	1.35
2026-03-10	142	0.351	6.95
2026-03-10	139	0.265	14.95
2026-03-10	141	0.152	11.89
2026-03-10	209	2	1.19
2026-03-10	137	0.398	18.75
2026-03-10	195	3	2.25
2026-03-10	49	1	3
2026-03-10	190	1	3.15
2026-03-10	145	0.168	22.95
2026-03-10	194	3.858	2.75
2026-03-10	135	0.063	12.95
2026-03-10	61	1	1.89
2026-03-10	9	3	0.85
2026-03-10	166	1	2.45
2026-03-10	99	1.291	2.99
2026-03-10	69	3	1.25
2026-03-10	69	3	1.25
2026-03-10	218	1	1.39
2026-03-10	55	1	2.99
2026-03-10	57	2	1.35
2026-03-10	93	3	3
2026-03-10	93	2	3
2026-03-10	41	1.524	1.85
2026-03-10	97	0.246	1.75
2026-03-10	178	0.599	3.29
2026-03-10	101	2.177	3
2026-03-10	24	1.218	1.19
2026-03-10	113	0.022	4.25
2026-03-10	92	6.517	0.89
2026-03-10	125	1	2.35
2026-03-10	54	1	2.59
2026-03-10	190	1	3.15
2026-03-10	18	2.637	1.35
2026-03-10	79	4	1.55
2026-03-10	58	1.394	2.49
2026-03-10	83	2.619	2.39
2026-03-10	50	1	3
2026-03-10	12	1.231	2.25
2026-03-10	101	3.007	3
2026-03-10	93	1	3
2026-03-10	197	2.427	2.25
2026-03-10	198	7.218	1.19
2026-03-10	138	1.246	4.59
2026-03-10	77	2	2.35
2026-03-10	27	1	2.59
2026-03-10	114	1.631	4.5
2026-03-10	195	1	2.25
2026-03-10	121	2.744	1.29
2026-03-10	250	0.28	2.39
2026-03-10	105	1.737	1.75
2026-03-10	111	1.12	1.75
2026-03-10	31	0.455	5.69
2026-03-10	103	1.297	2.19
2026-03-10	153	1	1.99
2026-03-10	28	2	2.85
2026-03-10	108	0.204	2.35
2026-03-10	89	11.215	0.79
2026-03-10	33	5.314	1.59
2026-03-10	8	1	2.25
2026-03-10	158	1	2.29
2026-03-10	21	1	0.99
2026-03-10	219	2	0.99
2026-03-10	44	4.96	1.75
2026-03-10	109	0.498	2.59
2026-03-10	76	10	0.79
2026-03-10	121	5.984	1.29
2026-03-10	185	1	1.99
2026-03-10	155	1	0.85
2026-03-10	227	1	1.69
2026-03-10	211	2	1.15
2026-03-10	89	8.418	0.79
2026-03-10	35	1	1.35
2026-03-10	224	1	0.99
2026-03-10	196	1	3.15
2026-03-10	88	1.74	2.19
2026-03-10	52	9.434	0.99
2026-03-10	134	0.553	14.75
2026-03-10	95	4.816	2.39
2026-03-10	53	1	2.59
2026-03-10	190	3	3.15
2026-03-10	91	13.42	0.69
2026-03-10	98	1.065	2.3
2026-03-10	106	5.749	1.99
2026-03-10	76	5	0.79
2026-03-10	216	1	2.79
2026-03-10	72	4	0.95
2026-03-10	107	2.693	1.99
2026-03-10	55	3	2.99
2026-03-10	75	3	1.59
2026-03-10	47	0.29	3
2026-03-10	166	4	2.45
2026-03-10	41	1.227	1.85
2026-03-10	48	1	1.99
2026-03-10	118	0.165	4
2026-03-10	28	1	2.85
2026-03-10	102	0.251	1.75
2026-03-10	59	0.093	4
2026-03-10	52	3.394	0.99
2026-03-10	41	2.762	1.85
2026-03-10	125	3	2.35
2026-03-10	26	0.286	1.19
2026-03-10	112	0.73	2.59
2026-03-10	84	1	1.59
2026-03-10	48	1	1.99
2026-03-10	89	7.962	0.79
2026-03-10	82	5	0.99
2026-03-10	194	3.571	2.75
2026-03-10	167	4	1.59
2026-03-10	43	4.698	1.79
2026-03-10	28	2	2.85
2026-03-10	96	1.072	2.5
2026-03-10	38	6.026	1.89
2026-03-10	75	1	1.59
2026-03-10	46	0.323	3
2026-03-10	112	1.301	2.59
2026-03-10	87	3	1.39
2026-03-10	8	1	2.25
2026-03-10	195	2	2.25
2026-03-10	52	6.96	0.99
2026-03-10	56	3	3.49
2026-03-10	11	2.22	3.95
2026-03-10	165	2.464	5
2026-03-10	185	2	1.99
2026-03-10	78	4	1.09
2026-03-10	135	0.334	12.95
2026-03-10	128	1	2.25
2026-03-10	84	5	1.59
2026-03-10	30	3	1.89
2026-03-10	74	1	2.35
2026-03-10	42	4.719	1.39
2026-03-10	68	1	1.99
2026-03-10	100	0.413	2.69
2026-03-10	190	3	3.15
2026-03-10	93	3	3
2026-03-10	162	1	1.19
2026-03-10	121	6.078	1.29
2026-03-10	30	1	1.89
2026-03-10	93	5	3
2026-03-10	44	3.223	1.75
2026-03-10	93	1	3
2026-03-10	70	3	1.49
2026-03-10	122	0.06	2.99
2026-03-10	213	2	2.85
2026-03-10	71	2	1.99
2026-03-10	144	0.351	5.39
2026-03-10	199	2.215	2.19
2026-03-10	187	2.556	5.45
2026-03-10	248	0.008	10.95
2026-03-10	39	2.604	3.99
2026-03-10	91	7.725	0.69
2026-03-10	78	3	1.09
2026-03-10	114	0.662	4.5
2026-03-10	66	3	1.59
2026-03-10	140	0.449	12.95
2026-03-10	138	0.529	4.59
2026-03-10	40	2	1.99
2026-03-10	124	3.471	1.55
2026-03-10	127	2	2.49
2026-03-10	148	0.205	5.99
2026-03-10	146	0.762	14.39
2026-03-10	193	4	2.5
2026-03-10	196	2	3.15
2026-03-10	94	0.189	2.85
2026-03-10	149	0.367	4.99
2026-03-10	114	2.804	4.5
2026-03-10	136	0.251	12.95
2026-03-10	207	2	1.29
2026-03-10	187	0.134	5.45
2026-03-10	111	1.509	1.75
2026-03-10	56	1	3.49
2026-03-10	189	3	3.15
2026-03-10	94	4.639	2.85
2026-03-10	127	1	2.49
2026-03-10	127	1	2.49
2026-03-10	4	5	1.05
2026-03-10	146	0.158	14.39
2026-03-10	121	3.163	1.29
2026-03-10	214	1	2.79
2026-03-10	208	3	0.95
2026-03-10	226	2	1.35
2026-03-10	61	1	1.89
2026-03-10	85	1	1.49
2026-03-10	16	1.368	1.25
2026-03-10	121	5.876	1.29
2026-03-10	130	4	1.89
2026-03-10	49	1	3
2026-03-10	199	0.703	2.19
2026-03-10	211	1	1.15
2026-03-10	114	1.651	4.5
2026-03-10	23	3	1.25
2026-03-10	81	5	1.25
2026-03-10	42	1.54	1.39
2026-03-10	73	2	1.49
2026-03-10	197	3.329	2.25
2026-03-10	117	0.536	2.5
2026-03-10	121	5.434	1.29
2026-03-11	216	1	2.79
2026-03-11	12	3.289	2.25
2026-03-11	52	4.788	0.99
2026-03-11	122	0.064	2.99
2026-03-11	31	0.483	5.69
2026-03-11	148	0.217	5.99
2026-03-11	138	0.392	4.59
2026-03-11	55	1	2.99
2026-03-11	30	4	1.89
2026-03-11	211	3	1.15
2026-03-11	75	3	1.59
2026-03-11	85	1	1.49
2026-03-11	165	0.518	5
2026-03-11	38	2.026	1.89
2026-03-11	146	0.195	14.39
2026-03-11	48	1	1.99
2026-03-11	33	5.629	1.59
2026-03-11	114	2.687	4.5
2026-03-11	52	14.535	0.99
2026-03-11	106	2.93	1.99
2026-03-11	117	0.568	2.5
2026-03-11	146	0.45	14.39
2026-03-11	53	1	2.59
2026-03-11	68	1	1.99
2026-03-11	94	4.182	2.85
2026-03-11	141	0.161	11.89
2026-03-11	89	13.228	0.79
2026-03-11	193	1	2.5
2026-03-11	93	1	3
2026-03-11	146	0.166	14.39
2026-03-11	66	3	1.59
2026-03-11	50	1	3
2026-03-11	190	2	3.15
2026-03-11	196	1	3.15
2026-03-11	178	0.632	3.29
2026-03-11	101	3.023	3
2026-03-11	197	4.627	2.25
2026-03-11	112	1.537	2.59
2026-03-11	53	1	2.59
2026-03-11	124	1.871	1.55
2026-03-11	42	6.626	1.39
2026-03-11	79	4	1.55
2026-03-11	93	4	3
2026-03-11	43	3.324	1.79
2026-03-11	74	1	2.35
2026-03-11	71	2	1.99
2026-03-11	99	1.368	2.99
2026-03-11	219	2	0.99
2026-03-11	77	1	2.35
2026-03-11	127	4	2.49
2026-03-11	114	1.504	4.5
2026-03-11	16	1.448	1.25
2026-03-11	93	2	3
2026-03-11	54	2	2.59
2026-03-11	128	1	2.25
2026-03-11	91	19.623	0.69
2026-03-11	35	1	1.35
2026-03-11	209	2	1.19
2026-03-11	190	2	3.15
2026-03-11	139	0.249	14.95
2026-03-11	95	0.879	2.39
2026-03-11	158	1	2.29
2026-03-11	11	2.577	3.95
2026-03-11	46	0.343	3
2026-03-11	76	11	0.79
2026-03-11	39	0.995	3.99
2026-03-11	88	1.84	2.19
2026-03-11	89	6.671	0.79
2026-03-11	28	2	2.85
2026-03-11	187	2.622	5.45
2026-03-11	137	0.422	18.75
2026-03-11	49	1	3
2026-03-11	58	1.482	2.49
2026-03-11	138	1.488	4.59
2026-03-11	87	3	1.39
2026-03-11	56	1	3.49
2026-03-11	113	0.024	4.25
2026-03-11	162	1	1.19
2026-03-11	79	1	1.55
2026-03-11	208	3	0.95
2026-03-11	215	1	2.79
2026-03-11	189	1	3.15
2026-03-11	77	1	2.35
2026-03-11	61	1	1.89
2026-03-11	218	5	1.39
2026-03-11	194	3.04	2.75
2026-03-11	17	1	1.69
2026-03-11	55	1	2.99
2026-03-11	91	2.768	0.69
2026-03-11	227	1	1.69
2026-03-11	121	10.016	1.29
2026-03-11	165	0.99	5
2026-03-11	134	0.586	14.75
2026-03-11	124	3.671	1.55
2026-03-11	94	0.93	2.85
2026-03-11	105	1.834	1.75
2026-03-11	224	1	0.99
2026-03-11	81	5	1.25
2026-03-11	226	2	1.35
2026-03-11	196	2	3.15
2026-03-11	97	0.257	1.75
2026-03-11	28	4	2.85
2026-03-11	41	5.838	1.85
2026-03-11	189	1	3.15
2026-03-11	165	1.098	5
2026-03-11	75	1	1.59
2026-03-11	76	5	0.79
2026-03-11	102	0.269	1.75
2026-03-11	93	1	3
2026-03-11	185	1	1.99
2026-03-11	155	1	0.85
2026-03-11	190	3	3.15
2026-03-11	95	2.188	2.39
2026-03-11	166	3	2.45
2026-03-11	111	2.789	1.75
2026-03-11	136	0.266	12.95
2026-03-11	38	3.64	1.89
2026-03-11	149	0.389	4.99
2026-03-11	135	0.421	12.95
2026-03-11	8	1	2.25
2026-03-11	144	0.371	5.39
2026-03-11	47	0.307	3
2026-03-11	24	1.294	1.19
2026-03-11	18	10.259	1.35
2026-03-11	49	1	3
2026-03-11	38	0.709	1.89
2026-03-11	125	1	2.35
2026-03-11	121	0.953	1.29
2026-03-11	194	4.96	2.75
2026-03-11	125	3	2.35
2026-03-11	4	5	1.05
2026-03-11	93	1	3
2026-03-11	189	2	3.15
2026-03-11	92	6.899	0.89
2026-03-11	59	0.098	4
2026-03-11	54	1	2.59
2026-03-11	152	1	1.75
2026-03-11	145	0.178	22.95
2026-03-11	158	1	2.29
2026-03-11	26	0.303	1.19
2026-03-11	70	3	1.49
2026-03-11	112	0.614	2.59
2026-03-11	121	6.682	1.29
2026-03-11	95	2.025	2.39
2026-03-11	78	8	1.09
2026-03-11	69	6	1.25
2026-03-11	40	2	1.99
2026-03-11	96	1.132	2.5
2026-03-11	44	7.611	1.75
2026-03-11	196	1	3.15
2026-03-11	193	4	2.5
2026-03-11	153	1	1.99
2026-03-11	93	2	3
2026-03-11	201	0.759	1.95
2026-03-11	55	2	2.99
2026-03-11	166	2	2.45
2026-03-11	83	2.774	2.39
2026-03-11	167	4	1.59
2026-03-11	107	2.854	1.99
2026-03-11	65	2	1.45
2026-03-11	214	1	2.79
2026-03-11	23	3	1.25
2026-03-11	250	0.297	2.39
2026-03-11	82	5	0.99
2026-03-11	43	7.235	1.79
2026-03-11	103	1.37	2.19
2026-03-11	114	0.876	4.5
2026-03-11	130	4	1.89
2026-03-11	195	5	2.25
2026-03-11	72	4	0.95
2026-03-11	93	3	3
2026-03-11	114	2.08	4.5
2026-03-11	207	2	1.29
2026-03-11	142	0.354	6.95
2026-03-11	108	0.217	2.35
2026-03-11	27	1	2.59
2026-03-11	248	0.009	10.95
2026-03-11	197	1.471	2.25
2026-03-11	57	2	1.35
2026-03-11	39	1.762	3.99
2026-03-11	89	9.304	0.79
2026-03-11	93	2	3
2026-03-11	100	0.435	2.69
2026-03-11	106	3.161	1.99
2026-03-11	121	9.194	1.29
2026-03-11	52	1.919	0.99
2026-03-11	146	0.165	14.39
2026-03-11	198	7.647	1.19
2026-03-11	140	0.475	12.95
2026-03-11	98	1.13	2.3
2026-03-11	101	2.463	3
2026-03-11	121	4.155	1.29
2026-03-11	84	6	1.59
2026-03-11	154	1	1.99
2026-03-11	213	2	2.85
2026-03-11	44	3.794	1.75
2026-03-11	214	1	2.79
2026-03-11	118	0.175	4
2026-03-11	199	3.087	2.19
2026-03-11	21	1	0.99
2026-03-11	8	1	2.25
2026-03-11	73	2	1.49
2026-03-11	124	6.613	1.55
2026-03-11	109	0.525	2.59
2026-03-11	9	3	0.85
2026-03-11	190	1	3.15
2026-03-11	195	1	2.25
2026-03-11	187	0.226	5.45
2026-03-12	114	0.458	4.5
2026-03-12	3	1	1.45
2026-03-12	197	2.116	2.25
2026-03-12	41	3.162	1.85
2026-03-12	89	17.304	0.79
2026-03-12	55	1	2.99
2026-03-12	190	4	3.15
2026-03-12	198	7.546	1.19
2026-03-12	52	13.99	0.99
2026-03-12	100	0.461	2.69
2026-03-12	154	1	1.99
2026-03-12	158	2	2.29
2026-03-12	106	4.638	1.99
2026-03-12	146	0.174	14.39
2026-03-12	12	1.324	2.25
2026-03-12	92	7.281	0.89
2026-03-12	112	1.838	2.59
2026-03-12	39	1.749	3.99
2026-03-12	122	0.067	2.99
2026-03-12	76	16	0.79
2026-03-12	105	1.937	1.75
2026-03-12	227	1	1.69
2026-03-12	96	1.196	2.5
2026-03-12	33	4.264	1.59
2026-03-12	162	1	1.19
2026-03-12	41	1.314	1.85
2026-03-12	111	2.943	1.75
2026-03-12	106	0.352	1.99
2026-03-12	44	4.411	1.75
2026-03-12	82	5	0.99
2026-03-12	99	1.445	2.99
2026-03-12	57	2	1.35
2026-03-12	138	0.338	4.59
2026-03-12	97	0.269	1.75
2026-03-12	121	3.814	1.29
2026-03-12	93	3	3
2026-03-12	79	5	1.55
2026-03-12	142	0.393	6.95
2026-03-12	194	4.822	2.75
2026-03-12	89	7.823	0.79
2026-03-12	145	0.188	22.95
2026-03-12	141	0.171	11.89
2026-03-12	30	4	1.89
2026-03-12	224	1	0.99
2026-03-12	88	1.941	2.19
2026-03-12	52	3.394	0.99
2026-03-12	93	3	3
2026-03-12	44	5.943	1.75
2026-03-12	199	0.342	2.19
2026-03-12	9	3	0.85
2026-03-12	78	8	1.09
2026-03-12	73	2	1.49
2026-03-12	121	10.372	1.29
2026-03-12	165	0.516	5
2026-03-12	44	1.686	1.75
2026-03-12	91	16.188	0.69
2026-03-12	98	1.191	2.3
2026-03-12	196	1	3.15
2026-03-12	8	1	2.25
2026-03-12	65	2	1.45
2026-03-12	114	0.538	4.5
2026-03-12	94	1.474	2.85
2026-03-12	87	1	1.39
2026-03-12	94	1.775	2.85
2026-03-12	201	0.8	1.95
2026-03-12	94	2.151	2.85
2026-03-12	127	4	2.49
2026-03-12	108	0.23	2.35
2026-03-12	28	3	2.85
2026-03-12	187	0.571	5.45
2026-03-12	70	3	1.49
2026-03-12	248	0.009	10.95
2026-03-12	137	0.353	18.75
2026-03-12	54	1	2.59
2026-03-12	127	1	2.49
2026-03-12	101	1.943	3
2026-03-12	134	0.387	14.75
2026-03-12	117	0.6	2.5
2026-03-12	167	1	1.59
2026-03-12	135	0.146	12.95
2026-03-12	121	8.38	1.29
2026-03-12	121	7.984	1.29
2026-03-12	38	1.831	1.89
2026-03-12	53	1	2.59
2026-03-12	93	1	3
2026-03-12	101	1.823	3
2026-03-12	43	5.397	1.79
2026-03-12	213	1	2.85
2026-03-12	189	1	3.15
2026-03-12	75	4	1.59
2026-03-12	93	4	3
2026-03-12	178	0.669	3.29
2026-03-12	66	3	1.59
2026-03-12	137	0.092	18.75
2026-03-12	43	5.754	1.79
2026-03-12	46	0.363	3
2026-03-12	124	8.432	1.55
2026-03-12	185	2	1.99
2026-03-12	215	1	2.79
2026-03-12	214	1	2.79
2026-03-12	27	1	2.59
2026-03-12	40	2	1.99
2026-03-12	106	1.432	1.99
2026-03-12	23	3	1.25
2026-03-12	216	1	2.79
2026-03-12	166	5	2.45
2026-03-12	84	6	1.59
2026-03-12	101	2.023	3
2026-03-12	107	1.332	1.99
2026-03-12	42	1.978	1.39
2026-03-12	93	2	3
2026-03-12	21	1	0.99
2026-03-12	193	4	2.5
2026-03-12	4	5	1.05
2026-03-12	58	1.562	2.49
2026-03-12	12	2.147	2.25
2026-03-12	197	1.6	2.25
2026-03-12	128	1	2.25
2026-03-12	187	0.978	5.45
2026-03-12	17	1	1.69
2026-03-12	140	0.501	12.95
2026-03-12	135	0.298	12.95
2026-03-12	209	2	1.19
2026-03-12	89	5.696	0.79
2026-03-12	28	3	2.85
2026-03-12	211	3	1.15
2026-03-12	214	1	2.79
2026-03-12	83	2.063	2.39
2026-03-12	38	3.852	1.89
2026-03-12	125	1	2.35
2026-03-12	149	0.411	4.99
2026-03-12	42	2.144	1.39
2026-03-12	93	2	3
2026-03-12	53	1	2.59
2026-03-12	73	1	1.49
2026-03-12	71	2	1.99
2026-03-12	59	0.105	4
2026-03-12	193	1	2.5
2026-03-12	112	0.436	2.59
2026-03-12	49	1	3
2026-03-12	166	1	2.45
2026-03-12	18	6.222	1.35
2026-03-12	109	0.556	2.59
2026-03-12	31	0.51	5.69
2026-03-12	39	1.16	3.99
2026-03-12	33	1.673	1.59
2026-03-12	213	2	2.85
2026-03-12	16	1.528	1.25
2026-03-12	38	1.048	1.89
2026-03-12	11	2.722	3.95
2026-03-12	187	1.132	5.45
2026-03-12	196	1	3.15
2026-03-12	155	1	0.85
2026-03-12	50	1	3
2026-03-12	208	3	0.95
2026-03-12	72	4	0.95
2026-03-12	93	1	3
2026-03-12	113	0.025	4.25
2026-03-12	189	2	3.15
2026-03-12	69	7	1.25
2026-03-12	148	0.23	5.99
2026-03-12	121	2.171	1.29
2026-03-12	187	0.325	5.45
2026-03-12	95	4.674	2.39
2026-03-12	83	0.866	2.39
2026-03-12	198	0.529	1.19
2026-03-12	47	0.323	3
2026-03-12	114	2.24	4.5
2026-03-12	189	1	3.15
2026-03-12	207	2	1.29
2026-03-12	52	5.04	0.99
2026-03-12	118	0.185	4
2026-03-12	74	1	2.35
2026-03-12	114	2.133	4.5
2026-03-12	197	2.716	2.25
2026-03-12	81	5	1.25
2026-03-12	102	0.286	1.75
2026-03-12	18	4.607	1.35
2026-03-12	185	1	1.99
2026-03-12	114	2.173	4.5
2026-03-12	95	0.707	2.39
2026-03-12	144	0.391	5.39
2026-03-12	125	3	2.35
2026-03-12	48	1	1.99
2026-03-12	250	0.314	2.39
2026-03-12	42	2.849	1.39
2026-03-12	41	1.686	1.85
2026-03-12	130	4	1.89
2026-03-12	218	6	1.39
2026-03-12	167	3	1.59
2026-03-12	8	1	2.25
2026-03-12	219	2	0.99
2026-03-12	195	5	2.25
2026-03-12	56	3	3.49
2026-03-12	103	1.447	2.19
2026-03-12	56	1	3.49
2026-03-12	196	2	3.15
2026-03-12	226	2	1.35
2026-03-12	87	3	1.39
2026-03-12	139	0.296	14.95
2026-03-12	68	1	1.99
2026-03-12	190	4	3.15
2026-03-12	199	2.918	2.19
2026-03-12	93	1	3
2026-03-12	165	2.238	5
2026-03-12	77	2	2.35
2026-03-12	49	1	3
2026-03-12	35	1	1.35
2026-03-12	85	1	1.49
2026-03-12	107	1.683	1.99
2026-03-12	153	1	1.99
2026-03-12	152	1	1.75
2026-03-12	24	1.361	1.19
2026-03-12	91	7.449	0.69
2026-03-12	146	0.855	14.39
2026-03-12	138	1.647	4.59
2026-03-12	124	4.406	1.55
2026-03-12	134	0.231	14.75
2026-03-12	136	0.28	12.95
2026-03-12	61	1	1.89
2026-03-12	26	0.319	1.19
2026-03-12	194	3.625	2.75
2026-03-13	121	4.279	1.29
2026-03-13	31	0.617	5.69
2026-03-13	100	0.558	2.69
2026-03-13	248	0.011	10.95
2026-03-13	47	0.393	3
2026-03-13	197	1.782	2.25
2026-03-13	84	1	1.59
2026-03-13	121	4.907	1.29
2026-03-13	44	0.657	1.75
2026-03-13	227	1	1.69
2026-03-13	111	3.057	1.75
2026-03-13	215	1	2.79
2026-03-13	130	2	1.89
2026-03-13	48	1	1.99
2026-03-13	103	1.753	2.19
2026-03-13	218	7	1.39
2026-03-13	44	7.549	1.75
2026-03-13	167	2	1.59
2026-03-13	44	3.823	1.75
2026-03-13	193	2	2.5
2026-03-13	124	7.665	1.55
2026-03-13	52	9.232	0.99
2026-03-13	162	1	1.19
2026-03-13	195	1	2.25
2026-03-13	121	11.333	1.29
2026-03-13	35	1	1.35
2026-03-13	101	2.383	3
2026-03-13	33	2.27	1.59
2026-03-13	102	0.343	1.75
2026-03-13	91	19.377	0.69
2026-03-13	166	2	2.45
2026-03-13	18	10.281	1.35
2026-03-13	68	1	1.99
2026-03-13	66	3	1.59
2026-03-13	88	2.352	2.19
2026-03-13	190	4	3.15
2026-03-13	83	3.54	2.39
2026-03-13	54	1	2.59
2026-03-13	44	1.24	1.75
2026-03-13	68	1	1.99
2026-03-13	43	5.86	1.79
2026-03-13	112	2.749	2.59
2026-03-13	28	3	2.85
2026-03-13	141	0.206	11.89
2026-03-13	50	1	3
2026-03-13	84	1	1.59
2026-03-13	146	0.79	14.39
2026-03-13	42	8.46	1.39
2026-03-13	107	2.678	1.99
2026-03-13	65	3	1.45
2026-03-13	41	2.205	1.85
2026-03-13	43	3.743	1.79
2026-03-13	30	2	1.89
2026-03-13	41	1.162	1.85
2026-03-13	196	1	3.15
2026-03-13	41	4.086	1.85
2026-03-13	154	1	1.99
2026-03-13	153	1	1.99
2026-03-13	127	4	2.49
2026-03-13	198	4.714	1.19
2026-03-13	118	0.223	4
2026-03-13	190	3	3.15
2026-03-13	76	3	0.79
2026-03-13	196	2	3.15
2026-03-13	140	0.435	12.95
2026-03-13	165	0.818	5
2026-03-13	194	2.847	2.75
2026-03-13	46	0.44	3
2026-03-13	194	2.553	2.75
2026-03-13	39	2.932	3.99
2026-03-13	81	6	1.25
2026-03-13	185	1	1.99
2026-03-13	89	7.949	0.79
2026-03-13	196	2	3.15
2026-03-13	226	1	1.35
2026-03-13	127	1	2.49
2026-03-13	145	0.18	22.95
2026-03-13	105	2.343	1.75
2026-03-13	207	2	1.29
2026-03-13	134	0.748	14.75
2026-03-13	250	0.381	2.39
2026-03-13	52	3.798	0.99
2026-03-13	148	0.279	5.99
2026-03-13	198	5.059	1.19
2026-03-13	114	2.598	4.5
2026-03-13	187	2.101	5.45
2026-03-13	92	8.82	0.89
2026-03-13	124	6.871	1.55
2026-03-13	93	2	3
2026-03-13	175	1	1.59
2026-03-13	95	5.197	2.39
2026-03-13	138	0.292	4.59
2026-03-13	166	2	2.45
2026-03-13	87	2	1.39
2026-03-13	193	1	2.5
2026-03-13	136	0.339	12.95
2026-03-13	93	2	3
2026-03-13	106	1.688	1.99
2026-03-13	158	2	2.29
2026-03-13	199	3.95	2.19
2026-03-13	135	0.538	12.95
2026-03-13	146	0.292	14.39
2026-03-13	125	1	2.35
2026-03-13	165	2.032	5
2026-03-13	84	6	1.59
2026-03-13	121	6.884	1.29
2026-03-13	50	1	3
2026-03-13	52	7.02	0.99
2026-03-13	111	0.503	1.75
2026-03-13	78	4	1.09
2026-03-13	55	4	2.99
2026-03-13	4	3	1.05
2026-03-13	44	1.309	1.75
2026-03-13	12	3.129	2.25
2026-03-13	52	7.081	0.99
2026-03-13	194	0.916	2.75
2026-03-13	28	3	2.85
2026-03-13	208	4	0.95
2026-03-13	56	3	3.49
2026-03-13	91	6.145	0.69
2026-03-13	189	1	3.15
2026-03-13	76	3	0.79
2026-03-13	75	1	1.59
2026-03-13	108	0.277	2.35
2026-03-13	79	2	1.55
2026-03-13	82	1	0.99
2026-03-13	73	2	1.49
2026-03-13	190	3	3.15
2026-03-13	96	1.448	2.5
2026-03-13	189	3	3.15
2026-03-13	114	2.638	4.5
2026-03-13	28	1	2.85
2026-03-13	93	3	3
2026-03-13	197	6.009	2.25
2026-03-13	142	0.475	6.95
2026-03-13	93	1	3
2026-03-13	89	11.203	0.79
2026-03-13	149	0.497	4.99
2026-03-13	66	1	1.59
2026-03-13	193	3	2.5
2026-03-13	166	1	2.45
2026-03-13	8	1	2.25
2026-03-13	77	1	2.35
2026-03-13	214	1	2.79
2026-03-13	35	1	1.35
2026-03-13	76	4	0.79
2026-03-13	152	1	1.75
2026-03-13	11	0.656	3.95
2026-03-13	23	4	1.25
2026-03-13	201	0.969	1.95
2026-03-13	74	1	2.35
2026-03-13	93	3	3
2026-03-13	55	1	2.99
2026-03-13	69	1	1.25
2026-03-13	18	2.133	1.35
2026-03-13	76	10	0.79
2026-03-13	99	1.124	2.99
2026-03-13	73	1	1.49
2026-03-13	155	2	0.85
2026-03-13	145	0.047	22.95
2026-03-13	85	2	1.49
2026-03-13	121	2.147	1.29
2026-03-13	125	4	2.35
2026-03-13	209	2	1.19
2026-03-13	58	1.892	2.49
2026-03-13	89	18.165	0.79
2026-03-13	56	1	3.49
2026-03-13	49	1	3
2026-03-13	121	4.124	1.29
2026-03-13	56	1	3.49
2026-03-13	114	1.876	4.5
2026-03-13	77	1	2.35
2026-03-13	26	0.378	1.19
2026-03-13	71	1	1.99
2026-03-13	79	4	1.55
2026-03-13	185	3	1.99
2026-03-13	219	3	0.99
2026-03-13	18	0.696	1.35
2026-03-13	165	0.482	5
2026-03-13	224	1	0.99
2026-03-13	38	7.381	1.89
2026-03-13	93	4	3
2026-03-13	27	1	2.59
2026-03-13	91	3.087	0.69
2026-03-13	69	7	1.25
2026-03-13	16	1.848	1.25
2026-03-13	138	2.109	4.59
2026-03-13	71	1	1.99
2026-03-13	21	1	0.99
2026-03-13	195	5	2.25
2026-03-13	106	5.668	1.99
2026-03-13	43	1.749	1.79
2026-03-13	124	1.006	1.55
2026-03-13	70	1	1.49
2026-03-13	61	1	1.89
2026-03-13	121	5.938	1.29
2026-03-13	187	1.538	5.45
2026-03-13	226	2	1.35
2026-03-13	178	0.809	3.29
2026-03-13	78	6	1.09
2026-03-13	11	2.638	3.95
2026-03-13	144	0.473	5.39
2026-03-13	93	2	3
2026-03-13	216	1	2.79
2026-03-13	106	0.417	1.99
2026-03-13	109	0.672	2.59
2026-03-13	101	4.63	3
2026-03-13	113	0.03	4.25
2026-03-13	4	3	1.05
2026-03-13	9	3	0.85
2026-03-13	158	1	2.29
2026-03-13	128	1	2.25
2026-03-13	98	0.53	2.3
2026-03-13	43	2.14	1.79
2026-03-13	93	3	3
2026-03-13	107	0.965	1.99
2026-03-13	166	1	2.45
2026-03-13	94	3.73	2.85
2026-03-13	194	3.902	2.75
2026-03-13	24	1.655	1.19
2026-03-13	82	5	0.99
2026-03-13	17	1	1.69
2026-03-13	40	3	1.99
2026-03-13	117	0.724	2.5
2026-03-13	59	0.125	4
2026-03-13	38	0.767	1.89
2026-03-13	122	0.08	2.99
2026-03-13	211	3	1.15
2026-03-13	95	1.314	2.39
2026-03-13	87	2	1.39
2026-03-13	94	2.804	2.85
2026-03-13	213	1	2.85
2026-03-13	137	0.415	18.75
2026-03-13	57	2	1.35
2026-03-13	72	5	0.95
2026-03-13	127	1	2.49
2026-03-13	98	0.913	2.3
2026-03-13	139	0.359	14.95
2026-03-13	9	1	0.85
2026-03-13	137	0.124	18.75
2026-03-13	3	1	1.45
2026-03-13	39	0.589	3.99
2026-03-13	99	0.625	2.99
2026-03-13	140	0.172	12.95
2026-03-13	28	1	2.85
2026-03-13	146	0.164	14.39
2026-03-13	77	1	2.35
2026-03-13	114	2.02	4.5
2026-03-13	166	1	2.45
2026-03-13	53	1	2.59
2026-03-13	12	1.071	2.25
2026-03-13	195	1	2.25
2026-03-13	227	1	1.69
2026-03-13	189	1	3.15
2026-03-13	33	4.918	1.59
2026-03-13	75	4	1.59
2026-03-13	97	0.326	1.75
2026-03-14	193	1	2.5
2026-03-14	89	12.962	0.79
2026-03-14	81	2	1.25
2026-03-14	87	5	1.39
2026-03-14	55	1	2.99
2026-03-14	84	1	1.59
2026-03-14	112	1.12	2.59
2026-03-14	121	2.062	1.29
2026-03-14	207	1	1.29
2026-03-14	40	2	1.99
2026-03-14	78	4	1.09
2026-03-14	103	2.055	2.19
2026-03-14	178	0.948	3.29
2026-03-14	106	5.492	1.99
2026-03-14	72	6	0.95
2026-03-14	41	4.832	1.85
2026-03-14	30	4	1.89
2026-03-14	48	1	1.99
2026-03-14	144	0.557	5.39
2026-03-14	73	1	1.49
2026-03-14	166	1	2.45
2026-03-14	198	8.714	1.19
2026-03-14	94	2.246	2.85
2026-03-14	196	1	3.15
2026-03-14	24	1.941	1.19
2026-03-14	108	0.323	2.35
2026-03-14	89	14.835	0.79
2026-03-14	124	3.09	1.55
2026-03-14	102	0.4	1.75
2026-03-14	12	1.164	2.25
2026-03-14	199	4.498	2.19
2026-03-14	8	1	2.25
2026-03-14	189	3	3.15
2026-03-14	114	0.907	4.5
2026-03-14	106	3.543	1.99
2026-03-14	125	1	2.35
2026-03-14	44	3.303	1.75
2026-03-14	114	1.46	4.5
2026-03-14	61	1	1.89
2026-03-14	93	2	3
2026-03-14	121	3.155	1.29
2026-03-14	218	2	1.39
2026-03-14	56	3	3.49
2026-03-14	28	4	2.85
2026-03-14	66	1	1.59
2026-03-14	167	1	1.59
2026-03-14	117	0.852	2.5
2026-03-14	43	2.341	1.79
2026-03-14	197	2.796	2.25
2026-03-14	136	0.398	12.95
2026-03-14	93	2	3
2026-03-14	93	3	3
2026-03-14	113	0.035	4.25
2026-03-14	152	1	1.75
2026-03-14	195	3	2.25
2026-03-14	77	1	2.35
2026-03-14	100	0.654	2.69
2026-03-14	78	4	1.09
2026-03-14	56	1	3.49
2026-03-14	79	5	1.55
2026-03-14	114	1.284	4.5
2026-03-14	201	1.138	1.95
2026-03-14	49	1	3
2026-03-14	165	1.286	5
2026-03-14	68	1	1.99
2026-03-14	95	5.151	2.39
2026-03-14	41	3.919	1.85
2026-03-14	27	2	2.59
2026-03-14	190	4	3.15
2026-03-14	91	4.406	0.69
2026-03-14	9	4	0.85
2026-03-14	73	1	1.49
2026-03-14	142	0.558	6.95
2026-03-14	95	2.494	2.39
2026-03-14	91	5.884	0.69
2026-03-14	121	3.326	1.29
2026-03-14	187	1.345	5.45
2026-03-14	227	1	1.69
2026-03-14	21	2	0.99
2026-03-14	166	1	2.45
2026-03-14	84	1	1.59
2026-03-14	185	1	1.99
2026-03-14	190	3	3.15
2026-03-14	127	1	2.49
2026-03-14	216	1	2.79
2026-03-14	52	8.687	0.99
2026-03-14	146	0.427	14.39
2026-03-14	105	1.44	1.75
2026-03-14	213	1	2.85
2026-03-14	114	1.124	4.5
2026-03-14	52	7.303	0.99
2026-03-14	43	4.603	1.79
2026-03-14	11	1.192	3.95
2026-03-14	146	0.577	14.39
2026-03-14	130	1	1.89
2026-03-14	88	2.758	2.19
2026-03-14	154	1	1.99
2026-03-14	27	1	2.59
2026-03-14	52	4.899	0.99
2026-03-14	194	2.236	2.75
2026-03-14	56	1	3.49
2026-03-14	43	3.777	1.79
2026-03-14	91	9.551	0.69
2026-03-14	211	2	1.15
2026-03-14	18	6.356	1.35
2026-03-14	30	1	1.89
2026-03-14	175	1	1.59
2026-03-14	121	9.101	1.29
2026-03-14	73	2	1.49
2026-03-14	149	0.583	4.99
2026-03-14	39	2.396	3.99
2026-03-14	84	1	1.59
2026-03-14	187	1.171	5.45
2026-03-14	69	7	1.25
2026-03-14	135	0.242	12.95
2026-03-14	70	2	1.49
2026-03-14	50	1	3
2026-03-14	44	7.177	1.75
2026-03-14	94	4.074	2.85
2026-03-14	111	4.177	1.75
2026-03-14	38	0.328	1.89
2026-03-14	153	1	1.99
2026-03-14	12	1.56	2.25
2026-03-14	138	0.529	4.59
2026-03-14	26	0.445	1.19
2026-03-14	98	1.696	2.3
2026-03-14	65	3	1.45
2026-03-14	28	4	2.85
2026-03-14	213	1	2.85
2026-03-14	94	1.2	2.85
2026-03-14	124	3.419	1.55
2026-03-14	138	2.29	4.59
2026-03-14	99	2.054	2.99
2026-03-14	54	1	2.59
2026-03-14	186	1	2.25
2026-03-14	56	1	3.49
2026-03-14	18	9.037	1.35
2026-03-14	219	3	0.99
2026-03-14	155	2	0.85
2026-03-14	114	0.724	4.5
2026-03-14	42	2.295	1.39
2026-03-14	216	1	2.79
2026-03-14	52	6.677	0.99
2026-03-14	158	1	2.29
2026-03-14	33	6.346	1.59
2026-03-14	250	0.444	2.39
2026-03-14	189	2	3.15
2026-03-14	93	4	3
2026-03-14	51	0.08	2
2026-03-14	112	2.108	2.59
2026-03-14	195	5	2.25
2026-03-14	58	2.221	2.49
2026-03-14	127	1	2.49
2026-03-14	83	4.159	2.39
2026-03-14	187	0.457	5.45
2026-03-14	193	2	2.5
2026-03-14	42	4.05	1.39
2026-03-14	43	4.123	1.79
2026-03-14	89	16.013	0.79
2026-03-14	84	3	1.59
2026-03-14	4	7	1.05
2026-03-14	165	2.626	5
2026-03-14	79	2	1.55
2026-03-14	122	0.094	2.99
2026-03-14	229	1	1.89
2026-03-14	124	5.355	1.55
2026-03-14	17	1	1.69
2026-03-14	16	2.168	1.25
2026-03-14	130	5	1.89
2026-03-14	82	7	0.99
2026-03-14	76	10	0.79
2026-03-14	193	4	2.5
2026-03-14	28	1	2.85
2026-03-14	146	0.458	14.39
2026-03-14	59	0.148	4
2026-03-14	121	3.054	1.29
2026-03-14	167	5	1.59
2026-03-14	78	3	1.09
2026-03-14	92	6.708	0.89
2026-03-14	44	2.417	1.75
2026-03-14	93	4	3
2026-03-14	141	0.242	11.89
2026-03-14	33	2.094	1.59
2026-03-14	209	2	1.19
2026-03-14	44	4.206	1.75
2026-03-14	84	3	1.59
2026-03-14	166	1	2.45
2026-03-14	71	1	1.99
2026-03-14	128	1	2.25
2026-03-14	211	2	1.15
2026-03-14	93	3	3
2026-03-14	139	0.408	14.95
2026-03-14	11	2.676	3.95
2026-03-14	121	10.86	1.29
2026-03-14	197	6.347	2.25
2026-03-14	31	0.724	5.69
2026-03-14	38	5.418	1.89
2026-03-14	3	1	1.45
2026-03-14	93	1	3
2026-03-14	93	3	3
2026-03-14	107	3.563	1.99
2026-03-14	50	1	3
2026-03-14	42	3.59	1.39
2026-03-14	81	5	1.25
2026-03-14	93	2	3
2026-03-14	47	0.46	3
2026-03-14	114	2.247	4.5
2026-03-14	226	1	1.35
2026-03-14	194	1.505	2.75
2026-03-14	137	0.633	18.75
2026-03-14	53	1	2.59
2026-03-14	215	1	2.79
2026-03-14	140	0.71	12.95
2026-03-14	12	2.209	2.25
2026-03-14	57	1	1.35
2026-03-14	224	2	0.99
2026-03-14	148	0.326	5.99
2026-03-14	135	0.317	12.95
2026-03-14	134	0.878	14.75
2026-03-14	105	1.314	1.75
2026-03-14	195	1	2.25
2026-03-14	91	13.754	0.69
2026-03-14	153	1	1.99
2026-03-14	127	1	2.49
2026-03-14	208	5	0.95
2026-03-14	76	13	0.79
2026-03-14	46	0.517	3
2026-03-14	75	3	1.59
2026-03-14	85	2	1.49
2026-03-14	194	4.447	2.75
2026-03-14	107	0.719	1.99
2026-03-14	48	1	1.99
2026-03-14	118	0.263	4
2026-03-14	30	1	1.89
2026-03-14	121	6.031	1.29
2026-03-14	96	1.7	2.5
2026-03-14	92	3.64	0.89
2026-03-14	101	3.803	3
2026-03-14	53	1	2.59
2026-03-14	135	0.072	12.95
2026-03-14	55	1	2.99
2026-03-14	23	5	1.25
2026-03-14	101	4.37	3
2026-03-14	124	4.445	1.55
2026-03-14	35	2	1.35
2026-03-14	114	2.973	4.5
2026-03-14	74	1	2.35
2026-03-14	121	8.915	1.29
2026-03-14	43	0.989	1.79
2026-03-14	39	1.737	3.99
2026-03-14	198	2.756	1.19
2026-03-14	52	4.283	0.99
2026-03-14	194	3.349	2.75
2026-03-14	214	1	2.79
2026-03-14	162	1	1.19
2026-03-14	97	0.383	1.75
2026-03-14	190	3	3.15
2026-03-14	38	3.82	1.89
2026-03-14	196	1	3.15
2026-03-14	194	0.462	2.75
2026-03-14	187	1.297	5.45
2026-03-14	40	1	1.99
2026-03-14	145	0.267	22.95
2026-03-14	109	0.792	2.59
2026-03-14	190	2	3.15
2026-03-14	218	6	1.39
2026-03-14	124	1.929	1.55
2026-03-14	248	0.013	10.95
2026-03-16	82	4	0.99
2026-03-16	153	1	1.99
2026-03-16	130	2	1.89
2026-03-16	106	4.206	1.99
2026-03-16	74	1	2.35
2026-03-16	124	6.097	1.55
2026-03-16	134	0.521	14.75
2026-03-16	54	1	2.59
2026-03-16	4	4	1.05
2026-03-16	137	0.375	18.75
2026-03-16	190	4	3.15
2026-03-16	162	1	1.19
2026-03-16	196	3	3.15
2026-03-16	125	1	2.35
2026-03-16	107	1.774	1.99
2026-03-16	189	2	3.15
2026-03-16	165	1.974	5
2026-03-16	84	2	1.59
2026-03-16	93	3	3
2026-03-16	28	1	2.85
2026-03-16	66	1	1.59
2026-03-16	48	1	1.99
2026-03-16	39	2.451	3.99
2026-03-16	56	1	3.49
2026-03-16	101	0.977	3
2026-03-16	209	2	1.19
2026-03-16	44	2.046	1.75
2026-03-16	40	2	1.99
2026-03-16	18	3.437	1.35
2026-03-16	186	1	2.25
2026-03-16	81	4	1.25
2026-03-16	95	4.531	2.39
2026-03-16	112	1.911	2.59
2026-03-16	152	1	1.75
2026-03-16	101	0.787	3
2026-03-16	79	3	1.55
2026-03-16	250	0.264	2.39
2026-03-16	125	2	2.35
2026-03-16	57	2	1.35
2026-03-16	72	3	0.95
2026-03-16	96	1.008	2.5
2026-03-16	146	0.59	14.39
2026-03-16	38	5.37	1.89
2026-03-16	18	2.022	1.35
2026-03-16	71	2	1.99
2026-03-16	113	0.021	4.25
2026-03-16	93	4	3
2026-03-16	55	1	2.99
2026-03-16	80	1	2.99
2026-03-16	11	0.205	3.95
2026-03-16	185	1	1.99
2026-03-16	114	1.807	4.5
2026-03-16	218	5	1.39
2026-03-16	46	0.307	3
2026-03-16	144	0.33	5.39
2026-03-16	248	0.008	10.95
2026-03-16	27	1	2.59
2026-03-16	194	3.095	2.75
2026-03-16	28	4	2.85
2026-03-16	189	1	3.15
2026-03-16	94	0.34	2.85
2026-03-16	33	5.006	1.59
2026-03-16	85	1	1.49
2026-03-16	117	0.504	2.5
2026-03-16	146	0.277	14.39
2026-03-16	9	3	0.85
2026-03-16	35	1	1.35
2026-03-16	141	0.144	11.89
2026-03-16	61	1	1.89
2026-03-16	121	2.953	1.29
2026-03-16	121	9.845	1.29
2026-03-16	75	3	1.59
2026-03-16	3	1	1.45
2026-03-16	208	3	0.95
2026-03-16	78	7	1.09
2026-03-16	76	2	0.79
2026-03-16	65	2	1.45
2026-03-16	130	1	1.89
2026-03-16	142	0.331	6.95
2026-03-16	166	1	2.45
2026-03-16	109	0.467	2.59
2026-03-16	24	1.151	1.19
2026-03-16	121	6.395	1.29
2026-03-16	79	1	1.55
2026-03-16	58	1.313	2.49
2026-03-16	165	0.344	5
2026-03-16	127	3	2.49
2026-03-16	226	2	1.35
2026-03-16	190	3	3.15
2026-03-16	12	2.431	2.25
2026-03-16	87	3	1.39
2026-03-16	122	0.057	2.99
2026-03-16	47	0.273	3
2026-03-16	41	1.611	1.85
2026-03-16	55	2	2.99
2026-03-16	107	0.764	1.99
2026-03-16	48	1	1.99
2026-03-16	43	3.564	1.79
2026-03-16	201	0.677	1.95
2026-03-16	43	1.436	1.79
2026-03-16	111	2.474	1.75
2026-03-16	136	0.236	12.95
2026-03-16	42	5.504	1.39
2026-03-16	55	1	2.99
2026-03-16	199	2.744	2.19
2026-03-16	89	4.329	0.79
2026-03-16	195	5	2.25
2026-03-16	49	1	3
2026-03-16	91	4.261	0.69
2026-03-16	52	2.505	0.99
2026-03-16	124	4.716	1.55
2026-03-16	211	2	1.15
2026-03-16	215	1	2.79
2026-03-16	166	4	2.45
2026-03-16	207	1	1.29
2026-03-16	92	6.135	0.89
2026-03-16	130	1	1.89
2026-03-16	99	0.191	2.99
2026-03-16	56	2	3.49
2026-03-16	54	2	2.59
2026-03-16	18	3.659	1.35
2026-03-16	11	2.086	3.95
2026-03-16	8	1	2.25
2026-03-16	105	1.634	1.75
2026-03-16	114	2.667	4.5
2026-03-16	94	0.954	2.85
2026-03-16	187	2.059	5.45
2026-03-16	30	1	1.89
2026-03-16	213	2	2.85
2026-03-16	77	2	2.35
2026-03-16	97	0.229	1.75
2026-03-16	12	0.493	2.25
2026-03-16	30	2	1.89
2026-03-16	178	0.562	3.29
2026-03-16	198	1.916	1.19
2026-03-16	104	0.135	2.15
2026-03-16	118	0.155	4
2026-03-16	49	1	3
2026-03-16	44	8.091	1.75
2026-03-16	73	2	1.49
2026-03-16	106	1.206	1.99
2026-03-16	56	1	3.49
2026-03-16	145	0.158	22.95
2026-03-16	26	0.269	1.19
2026-03-16	148	0.194	5.99
2026-03-16	98	1.004	2.3
2026-03-16	187	0.473	5.45
2026-03-16	198	4.882	1.19
2026-03-16	93	4	3
2026-03-16	68	1	1.99
2026-03-16	185	2	1.99
2026-03-16	91	15.638	0.69
2026-03-16	102	0.24	1.75
2026-03-16	138	1.671	4.59
2026-03-16	89	4.43	0.79
2026-03-16	103	1.219	2.19
2026-03-16	21	1	0.99
2026-03-16	99	1.027	2.99
2026-03-16	53	1	2.59
2026-03-16	139	0.249	14.95
2026-03-16	214	1	2.79
2026-03-16	175	1	1.59
2026-03-16	197	2.36	2.25
2026-03-16	121	5.659	1.29
2026-03-16	38	0.302	1.89
2026-03-16	127	1	2.49
2026-03-16	167	1	1.59
2026-03-16	31	0.429	5.69
2026-03-16	88	1.635	2.19
2026-03-16	167	3	1.59
2026-03-16	94	3.249	2.85
2026-03-16	154	1	1.99
2026-03-16	50	1	3
2026-03-16	16	1.288	1.25
2026-03-16	219	2	0.99
2026-03-16	42	0.381	1.39
2026-03-16	76	12	0.79
2026-03-16	149	0.347	4.99
2026-03-16	93	3	3
2026-03-16	135	0.374	12.95
2026-03-16	27	1	2.59
2026-03-16	52	10.525	0.99
2026-03-16	23	3	1.25
2026-03-16	197	3.058	2.25
2026-03-16	155	1	0.85
2026-03-16	61	1	1.89
2026-03-16	128	1	2.25
2026-03-16	89	17.19	0.79
2026-03-16	52	2.242	0.99
2026-03-16	224	1	0.99
2026-03-16	193	4	2.5
2026-03-16	101	3.113	3
2026-03-16	59	0.088	4
2026-03-16	8	1	2.25
2026-03-16	83	2.464	2.39
2026-03-16	216	1	2.79
2026-03-16	114	1.878	4.5
2026-03-16	227	1	1.69
2026-03-16	41	3.578	1.85
2026-03-16	70	2	1.49
2026-03-16	70	1	1.49
2026-03-16	121	2.705	1.29
2026-03-16	17	1	1.69
2026-03-16	84	3	1.59
2026-03-16	43	4.38	1.79
2026-03-16	100	0.387	2.69
2026-03-16	158	2	2.29
2026-03-16	52	3.596	0.99
2026-03-16	207	1	1.29
2026-03-16	108	0.191	2.35
2026-03-16	66	1	1.59
2026-03-16	140	0.422	12.95
2026-03-16	194	4.015	2.75
2026-03-16	66	1	1.59
2026-03-16	69	6	1.25
2026-03-17	56	2	3.49
2026-03-17	127	2	2.49
2026-03-17	93	2	3
2026-03-17	27	2	2.59
2026-03-17	40	2	1.99
2026-03-17	70	3	1.49
2026-03-17	214	1	2.79
2026-03-17	18	2.4	1.35
2026-03-17	18	7.289	1.35
2026-03-17	88	1.74	2.19
2026-03-17	118	0.165	4
2026-03-17	30	1	1.89
2026-03-17	4	5	1.05
2026-03-17	148	0.205	5.99
2026-03-17	121	11.171	1.29
2026-03-17	28	2	2.85
2026-03-17	26	0.286	1.19
2026-03-17	114	3.096	4.5
2026-03-17	3	1	1.45
2026-03-17	41	2.086	1.85
2026-03-17	111	2.629	1.75
2026-03-17	189	3	3.15
2026-03-17	227	1	1.69
2026-03-17	190	1	3.15
2026-03-17	166	2	2.45
2026-03-17	113	0.022	4.25
2026-03-17	84	5	1.59
2026-03-17	84	1	1.59
2026-03-17	79	4	1.55
2026-03-17	153	1	1.99
2026-03-17	105	1.737	1.75
2026-03-17	58	1.394	2.49
2026-03-17	211	2	1.15
2026-03-17	75	2	1.59
2026-03-17	195	4	2.25
2026-03-17	48	1	1.99
2026-03-17	219	2	0.99
2026-03-17	194	3.335	2.75
2026-03-17	98	1.065	2.3
2026-03-17	144	0.351	5.39
2026-03-17	95	1.669	2.39
2026-03-17	114	3.093	4.5
2026-03-17	31	0.378	5.69
2026-03-17	145	0.168	22.95
2026-03-17	47	0.29	3
2026-03-17	39	2.073	3.99
2026-03-17	85	1	1.49
2026-03-17	186	1	2.25
2026-03-17	137	0.279	18.75
2026-03-17	76	14	0.79
2026-03-17	127	2	2.49
2026-03-17	65	2	1.45
2026-03-17	52	3.253	0.99
2026-03-17	46	0.323	3
2026-03-17	9	3	0.85
2026-03-17	193	1	2.5
2026-03-17	165	1.042	5
2026-03-17	93	3	3
2026-03-17	92	6.416	0.89
2026-03-17	137	0.119	18.75
2026-03-17	190	1	3.15
2026-03-17	39	0.529	3.99
2026-03-17	57	2	1.35
2026-03-17	43	7.274	1.79
2026-03-17	124	9.168	1.55
2026-03-17	114	0.56	4.5
2026-03-17	209	2	1.19
2026-03-17	112	2.031	2.59
2026-03-17	190	2	3.15
2026-03-17	154	1	1.99
2026-03-17	93	2	3
2026-03-17	146	0.432	14.39
2026-03-17	41	3.427	1.85
2026-03-17	89	14.835	0.79
2026-03-17	12	2.876	2.25
2026-03-17	108	0.204	2.35
2026-03-17	185	1	1.99
2026-03-17	134	0.553	14.75
2026-03-17	83	2.619	2.39
2026-03-17	54	2	2.59
2026-03-17	125	1	2.35
2026-03-17	28	3	2.85
2026-03-17	175	1	1.59
2026-03-17	158	2	2.29
2026-03-17	82	5	0.99
2026-03-17	201	0.718	1.95
2026-03-17	194	4.225	2.75
2026-03-17	28	1	2.85
2026-03-17	166	3	2.45
2026-03-17	101	3.827	3
2026-03-17	136	0.251	12.95
2026-03-17	248	0.008	10.95
2026-03-17	128	1	2.25
2026-03-17	124	0.845	1.55
2026-03-17	130	2	1.89
2026-03-17	91	4.696	0.69
2026-03-17	162	1	1.19
2026-03-17	56	1	3.49
2026-03-17	80	1	2.99
2026-03-17	106	4.236	1.99
2026-03-17	207	2	1.29
2026-03-17	89	6.025	0.79
2026-03-17	94	1.481	2.85
2026-03-17	100	0.413	2.69
2026-03-17	216	1	2.79
2026-03-17	94	2.319	2.85
2026-03-17	135	0.398	12.95
2026-03-17	56	1	3.49
2026-03-17	55	3	2.99
2026-03-17	53	1	2.59
2026-03-17	50	1	3
2026-03-17	99	1.291	2.99
2026-03-17	21	1	0.99
2026-03-17	89	6.709	0.79
2026-03-17	178	0.599	3.29
2026-03-17	199	2.918	2.19
2026-03-17	93	3	3
2026-03-17	48	1	1.99
2026-03-17	11	2.435	3.95
2026-03-17	213	2	2.85
2026-03-17	69	5	1.25
2026-03-17	94	1.028	2.85
2026-03-17	55	1	2.99
2026-03-17	224	1	0.99
2026-03-17	196	3	3.15
2026-03-17	52	4.283	0.99
2026-03-17	30	2	1.89
2026-03-17	24	1.218	1.19
2026-03-17	152	1	1.75
2026-03-17	54	1	2.59
2026-03-17	12	0.231	2.25
2026-03-17	44	1.274	1.75
2026-03-17	187	0.461	5.45
2026-03-17	146	0.489	14.39
2026-03-17	93	3	3
2026-03-17	76	1	0.79
2026-03-17	30	1	1.89
2026-03-17	185	2	1.99
2026-03-17	59	0.093	4
2026-03-17	187	2.229	5.45
2026-03-17	140	0.449	12.95
2026-03-17	101	1.357	3
2026-03-17	215	1	2.79
2026-03-17	81	5	1.25
2026-03-17	42	5.158	1.39
2026-03-17	226	2	1.35
2026-03-17	211	1	1.15
2026-03-17	73	2	1.49
2026-03-17	109	0.498	2.59
2026-03-17	97	0.246	1.75
2026-03-17	218	2	1.39
2026-03-17	87	3	1.39
2026-03-17	141	0.152	11.89
2026-03-17	121	8.628	1.29
2026-03-17	44	1.886	1.75
2026-03-17	208	3	0.95
2026-03-17	52	5.505	0.99
2026-03-17	190	1	3.15
2026-03-17	95	3.146	2.39
2026-03-17	78	5	1.09
2026-03-17	8	1	2.25
2026-03-17	69	1	1.25
2026-03-17	138	1.776	4.59
2026-03-17	107	2.693	1.99
2026-03-17	122	0.06	2.99
2026-03-17	33	5.314	1.59
2026-03-17	130	2	1.89
2026-03-17	43	2.302	1.79
2026-03-17	49	1	3
2026-03-17	121	2.806	1.29
2026-03-17	190	1	3.15
2026-03-17	52	7.01	0.99
2026-03-17	8	1	2.25
2026-03-17	75	1	1.59
2026-03-17	193	1	2.5
2026-03-17	93	2	3
2026-03-17	16	1.368	1.25
2026-03-17	195	1	2.25
2026-03-17	197	5.76	2.25
2026-03-17	23	3	1.25
2026-03-17	61	1	1.89
2026-03-17	102	0.251	1.75
2026-03-17	77	2	2.35
2026-03-17	117	0.536	2.5
2026-03-17	91	16.449	0.69
2026-03-17	78	2	1.09
2026-03-17	35	1	1.35
2026-03-17	218	3	1.39
2026-03-17	190	2	3.15
2026-03-17	195	1	2.25
2026-03-17	38	2.048	1.89
2026-03-17	142	0.351	6.95
2026-03-17	198	7.218	1.19
2026-03-17	43	0.397	1.79
2026-03-17	17	1	1.69
2026-03-17	250	0.28	2.39
2026-03-17	106	1.513	1.99
2026-03-17	42	1.101	1.39
2026-03-17	149	0.367	4.99
2026-03-17	66	3	1.59
2026-03-17	121	6.674	1.29
2026-03-17	125	3	2.35
2026-03-17	167	4	1.59
2026-03-17	96	1.072	2.5
2026-03-17	49	1	3
2026-03-17	165	1.42	5
2026-03-17	74	1	2.35
2026-03-17	139	0.265	14.95
2026-03-17	61	1	1.89
2026-03-17	68	1	1.99
2026-03-17	75	1	1.59
2026-03-17	103	1.297	2.19
2026-03-17	38	3.979	1.89
2026-03-17	44	7.611	1.75
2026-03-17	124	1.471	1.55
2026-03-17	71	2	1.99
2026-03-17	155	1	0.85
2026-03-17	193	2	2.5
2026-03-17	72	4	0.95
2026-03-18	93	1	3
2026-03-18	100	0.435	2.69
2026-03-18	97	0.257	1.75
2026-03-18	44	7.771	1.75
2026-03-18	122	0.064	2.99
2026-03-18	162	1	1.19
2026-03-18	194	0.884	2.75
2026-03-18	189	1	3.15
2026-03-18	81	4	1.25
2026-03-18	197	4.764	2.25
2026-03-18	44	1.634	1.75
2026-03-18	193	4	2.5
2026-03-18	190	3	3.15
2026-03-18	165	2.608	5
2026-03-18	197	1.236	2.25
2026-03-18	68	1	1.99
2026-03-18	102	0.269	1.75
2026-03-18	57	2	1.35
2026-03-18	88	1.84	2.19
2026-03-18	53	1	2.59
2026-03-18	85	1	1.49
2026-03-18	3	1	1.45
2026-03-18	28	1	2.85
2026-03-18	11	2.577	3.95
2026-03-18	125	3	2.35
2026-03-18	16	1.448	1.25
2026-03-18	93	2	3
2026-03-18	52	2.505	0.99
2026-03-18	121	6.682	1.29
2026-03-18	194	0.676	2.75
2026-03-18	81	1	1.25
2026-03-18	35	1	1.35
2026-03-18	56	1	3.49
2026-03-18	18	5.711	1.35
2026-03-18	127	1	2.49
2026-03-18	46	0.343	3
2026-03-18	38	6.376	1.89
2026-03-18	66	3	1.59
2026-03-18	99	1.368	2.99
2026-03-18	121	3.442	1.29
2026-03-18	146	0.604	14.39
2026-03-18	124	1.858	1.55
2026-03-18	69	1	1.25
2026-03-18	49	1	3
2026-03-18	91	2.899	0.69
2026-03-18	23	3	1.25
2026-03-18	194	2.658	2.75
2026-03-18	250	0.297	2.39
2026-03-18	121	6.178	1.29
2026-03-18	195	1	2.25
2026-03-18	135	0.049	12.95
2026-03-18	42	4.647	1.39
2026-03-18	248	0.009	10.95
2026-03-18	82	5	0.99
2026-03-18	125	1	2.35
2026-03-18	54	1	2.59
2026-03-18	39	0.529	3.99
2026-03-18	106	3.005	1.99
2026-03-18	91	19.493	0.69
2026-03-18	17	1	1.69
2026-03-18	73	2	1.49
2026-03-18	114	1.942	4.5
2026-03-18	52	6.879	0.99
2026-03-18	227	1	1.69
2026-03-18	178	0.632	3.29
2026-03-18	18	3.444	1.35
2026-03-18	190	1	3.15
2026-03-18	89	6.519	0.79
2026-03-18	128	1	2.25
2026-03-18	18	1.104	1.35
2026-03-18	198	7.647	1.19
2026-03-18	89	15.481	0.79
2026-03-18	140	0.475	12.95
2026-03-18	201	0.759	1.95
2026-03-18	69	5	1.25
2026-03-18	75	1	1.59
2026-03-18	56	3	3.49
2026-03-18	186	1	2.25
2026-03-18	142	0.371	6.95
2026-03-18	101	4.837	3
2026-03-18	71	2	1.99
2026-03-18	78	2	1.09
2026-03-18	27	2	2.59
2026-03-18	194	1.4	2.75
2026-03-18	48	1	1.99
2026-03-18	101	0.653	3
2026-03-18	75	3	1.59
2026-03-18	9	3	0.85
2026-03-18	31	0.483	5.69
2026-03-18	114	1.86	4.5
2026-03-18	124	4.574	1.55
2026-03-18	79	1	1.55
2026-03-18	130	4	1.89
2026-03-18	93	1	3
2026-03-18	78	4	1.09
2026-03-18	209	2	1.19
2026-03-18	226	2	1.35
2026-03-18	213	1	2.85
2026-03-18	93	1	3
2026-03-18	111	2.789	1.75
2026-03-18	87	2	1.39
2026-03-18	98	1.13	2.3
2026-03-18	41	5.838	1.85
2026-03-18	112	2.151	2.59
2026-03-18	76	5	0.79
2026-03-18	80	1	2.99
2026-03-18	8	1	2.25
2026-03-18	8	1	2.25
2026-03-18	76	6	0.79
2026-03-18	47	0.307	3
2026-03-18	185	2	1.99
2026-03-18	224	1	0.99
2026-03-18	187	1.22	5.45
2026-03-18	196	1	3.15
2026-03-18	218	5	1.39
2026-03-18	195	5	2.25
2026-03-18	96	1.132	2.5
2026-03-18	166	5	2.45
2026-03-18	77	1	2.35
2026-03-18	65	2	1.45
2026-03-18	61	1	1.89
2026-03-18	53	1	2.59
2026-03-18	83	2.774	2.39
2026-03-18	58	1.482	2.49
2026-03-18	92	6.899	0.89
2026-03-18	89	7.203	0.79
2026-03-18	114	1.378	4.5
2026-03-18	60	1	2.75
2026-03-18	118	0.175	4
2026-03-18	107	2.854	1.99
2026-03-18	214	1	2.79
2026-03-18	127	3	2.49
2026-03-18	190	2	3.15
2026-03-18	208	3	0.95
2026-03-18	189	3	3.15
2026-03-18	74	1	2.35
2026-03-18	134	0.586	14.75
2026-03-18	108	0.217	2.35
2026-03-18	175	1	1.59
2026-03-18	106	3.085	1.99
2026-03-18	114	1.153	4.5
2026-03-18	194	2.378	2.75
2026-03-18	84	6	1.59
2026-03-18	121	5.124	1.29
2026-03-18	93	4	3
2026-03-18	139	0.28	14.95
2026-03-18	40	2	1.99
2026-03-18	167	4	1.59
2026-03-18	138	1.227	4.59
2026-03-18	94	1.902	2.85
2026-03-18	158	2	2.29
2026-03-18	12	1.72	2.25
2026-03-18	72	4	0.95
2026-03-18	214	1	2.79
2026-03-18	95	4.523	2.39
2026-03-18	26	0.303	1.19
2026-03-18	187	1.626	5.45
2026-03-18	145	0.178	22.95
2026-03-18	77	1	2.35
2026-03-18	137	0.422	18.75
2026-03-18	216	1	2.79
2026-03-18	146	0.37	14.39
2026-03-18	55	4	2.99
2026-03-18	30	3	1.89
2026-03-18	59	0.098	4
2026-03-18	21	1	0.99
2026-03-18	199	3.087	2.19
2026-03-18	4	5	1.05
2026-03-18	113	0.024	4.25
2026-03-18	109	0.525	2.59
2026-03-18	185	1	1.99
2026-03-18	94	3.214	2.85
2026-03-18	135	0.372	12.95
2026-03-18	39	2.228	3.99
2026-03-18	87	1	1.39
2026-03-18	93	3	3
2026-03-18	190	2	3.15
2026-03-18	144	0.371	5.39
2026-03-18	24	1.294	1.19
2026-03-18	148	0.217	5.99
2026-03-18	93	1	3
2026-03-18	215	1	2.79
2026-03-18	193	1	2.5
2026-03-18	78	2	1.09
2026-03-18	95	0.573	2.39
2026-03-18	33	5.629	1.59
2026-03-18	54	2	2.59
2026-03-18	43	4.905	1.79
2026-03-18	211	3	1.15
2026-03-18	105	1.834	1.75
2026-03-18	50	1	3
2026-03-18	155	1	0.85
2026-03-18	219	2	0.99
2026-03-18	12	1.573	2.25
2026-03-18	117	0.568	2.5
2026-03-18	138	0.654	4.59
2026-03-18	121	9.574	1.29
2026-03-18	154	1	1.99
2026-03-18	52	11.848	0.99
2026-03-18	76	5	0.79
2026-03-18	43	5.659	1.79
2026-03-18	207	2	1.29
2026-03-18	141	0.161	11.89
2026-03-18	79	4	1.55
2026-03-18	30	1	1.89
2026-03-18	124	5.729	1.55
2026-03-18	44	1.726	1.75
2026-03-18	196	3	3.15
2026-03-18	93	2	3
2026-03-18	93	1	3
2026-03-18	103	1.37	2.19
2026-03-18	42	1.978	1.39
2026-03-18	152	1	1.75
2026-03-18	28	5	2.85
2026-03-18	153	1	1.99
2026-03-18	70	3	1.49
2026-03-18	213	1	2.85
2026-03-18	114	0.787	4.5
2026-03-18	136	0.266	12.95
2026-03-18	149	0.389	4.99
2026-03-18	49	1	3
2026-03-19	121	6.233	1.29
2026-03-19	74	1	2.35
2026-03-19	198	7.361	1.19
2026-03-19	130	4	1.89
2026-03-19	21	1	0.99
2026-03-19	196	2	3.15
2026-03-19	102	0.286	1.75
2026-03-19	196	1	3.15
2026-03-19	195	3	2.25
2026-03-19	146	0.435	14.39
2026-03-19	218	4	1.39
2026-03-19	137	0.118	18.75
2026-03-19	42	2.993	1.39
2026-03-19	43	2.268	1.79
2026-03-19	137	0.204	18.75
2026-03-19	145	0.112	22.95
2026-03-19	93	4	3
2026-03-19	216	1	2.79
2026-03-19	125	3	2.35
2026-03-19	121	2.023	1.29
2026-03-19	162	1	1.19
2026-03-19	138	0.664	4.59
2026-03-19	185	1	1.99
2026-03-19	49	1	3
2026-03-19	117	0.6	2.5
2026-03-19	135	0.444	12.95
2026-03-19	152	1	1.75
2026-03-19	30	4	1.89
2026-03-19	57	2	1.35
2026-03-19	96	1.196	2.5
2026-03-19	144	0.391	5.39
2026-03-19	4	5	1.05
2026-03-19	99	1.445	2.99
2026-03-19	193	2	2.5
2026-03-19	121	1.752	1.29
2026-03-19	187	0.538	5.45
2026-03-19	166	3	2.45
2026-03-19	127	1	2.49
2026-03-19	114	2.738	4.5
2026-03-19	84	3	1.59
2026-03-19	93	1	3
2026-03-19	194	2.855	2.75
2026-03-19	134	0.157	14.75
2026-03-19	185	2	1.99
2026-03-19	154	1	1.99
2026-03-19	207	2	1.29
2026-03-19	209	2	1.19
2026-03-19	201	0.8	1.95
2026-03-19	213	2	2.85
2026-03-19	199	1.26	2.19
2026-03-19	195	2	2.25
2026-03-19	76	6	0.79
2026-03-19	153	1	1.99
2026-03-19	199	2.005	2.19
2026-03-19	137	0.123	18.75
2026-03-19	142	0.393	6.95
2026-03-19	28	2	2.85
2026-03-19	43	7.045	1.79
2026-03-19	59	0.105	4
2026-03-19	248	0.009	10.95
2026-03-19	91	4.609	0.69
2026-03-19	190	3	3.15
2026-03-19	124	2.052	1.55
2026-03-19	189	3	3.15
2026-03-19	54	3	2.59
2026-03-19	122	0.067	2.99
2026-03-19	18	0.578	1.35
2026-03-19	197	0.493	2.25
2026-03-19	111	2.943	1.75
2026-03-19	93	5	3
2026-03-19	81	5	1.25
2026-03-19	136	0.28	12.95
2026-03-19	101	2.513	3
2026-03-19	214	1	2.79
2026-03-19	75	2	1.59
2026-03-19	250	0.314	2.39
2026-03-19	105	1.937	1.75
2026-03-19	139	0.296	14.95
2026-03-19	73	2	1.49
2026-03-19	92	7.281	0.89
2026-03-19	98	1.191	2.3
2026-03-19	66	1	1.59
2026-03-19	158	2	2.29
2026-03-19	52	10.677	0.99
2026-03-19	166	1	2.45
2026-03-19	227	1	1.69
2026-03-19	97	0.269	1.75
2026-03-19	44	1.629	1.75
2026-03-19	47	0.323	3
2026-03-19	12	1.098	2.25
2026-03-19	128	1	2.25
2026-03-19	78	7	1.09
2026-03-19	42	4	1.39
2026-03-19	226	2	1.35
2026-03-19	190	1	3.15
2026-03-19	190	1	3.15
2026-03-19	52	11.737	0.99
2026-03-19	197	3.329	2.25
2026-03-19	149	0.411	4.99
2026-03-19	44	4.703	1.75
2026-03-19	69	4	1.25
2026-03-19	95	1.502	2.39
2026-03-19	83	2.929	2.39
2026-03-19	106	1.764	1.99
2026-03-19	155	1	0.85
2026-03-19	72	4	0.95
2026-03-19	138	1.32	4.59
2026-03-19	27	2	2.59
2026-03-19	193	3	2.5
2026-03-19	198	0.714	1.19
2026-03-19	190	1	3.15
2026-03-19	145	0.076	22.95
2026-03-19	89	9.266	0.79
2026-03-19	41	2.519	1.85
2026-03-19	68	1	1.99
2026-03-19	71	2	1.99
2026-03-19	165	2.104	5
2026-03-19	121	5.674	1.29
2026-03-19	82	5	0.99
2026-03-19	50	1	3
2026-03-19	76	10	0.79
2026-03-19	218	2	1.39
2026-03-19	23	3	1.25
2026-03-19	46	0.363	3
2026-03-19	189	1	3.15
2026-03-19	35	1	1.35
2026-03-19	118	0.185	4
2026-03-19	33	2.906	1.59
2026-03-19	11	2.395	3.95
2026-03-19	93	2	3
2026-03-19	114	1.931	4.5
2026-03-19	78	1	1.09
2026-03-19	167	4	1.59
2026-03-19	194	2.229	2.75
2026-03-19	106	2.101	1.99
2026-03-19	187	2.47	5.45
2026-03-19	38	6.73	1.89
2026-03-19	194	0.342	2.75
2026-03-19	39	1.802	3.99
2026-03-19	69	3	1.25
2026-03-19	219	2	0.99
2026-03-19	85	1	1.49
2026-03-19	106	2.558	1.99
2026-03-19	18	3.615	1.35
2026-03-19	109	0.556	2.59
2026-03-19	112	2.274	2.59
2026-03-19	224	1	0.99
2026-03-19	26	0.319	1.19
2026-03-19	197	2.609	2.25
2026-03-19	44	1.629	1.75
2026-03-19	166	2	2.45
2026-03-19	11	0.327	3.95
2026-03-19	146	0.594	14.39
2026-03-19	80	1	2.99
2026-03-19	121	5.078	1.29
2026-03-19	113	0.025	4.25
2026-03-19	65	2	1.45
2026-03-19	148	0.23	5.99
2026-03-19	124	1.935	1.55
2026-03-19	87	1	1.39
2026-03-19	53	1	2.59
2026-03-19	61	2	1.89
2026-03-19	48	1	1.99
2026-03-19	49	1	3
2026-03-19	206	1	1.95
2026-03-19	8	1	2.25
2026-03-19	175	1	1.59
2026-03-19	125	1	2.35
2026-03-19	89	12.038	0.79
2026-03-19	53	1	2.59
2026-03-19	124	0.884	1.55
2026-03-19	8	1	2.25
2026-03-19	93	2	3
2026-03-19	56	3	3.49
2026-03-19	28	4	2.85
2026-03-19	211	3	1.15
2026-03-19	101	3.277	3
2026-03-19	208	3	0.95
2026-03-19	141	0.171	11.89
2026-03-19	100	0.461	2.69
2026-03-19	127	4	2.49
2026-03-19	94	4.112	2.85
2026-03-19	165	0.65	5
2026-03-19	56	1	3.49
2026-03-19	213	1	2.85
2026-03-19	124	6.374	1.55
2026-03-19	107	3.01	1.99
2026-03-19	214	1	2.79
2026-03-19	43	1.832	1.79
2026-03-19	196	1	3.15
2026-03-19	3	1	1.45
2026-03-19	194	3.015	2.75
2026-03-19	41	3.643	1.85
2026-03-19	195	1	2.25
2026-03-19	87	1	1.39
2026-03-19	95	1.247	2.39
2026-03-19	93	1	3
2026-03-19	134	0.234	14.75
2026-03-19	75	2	1.59
2026-03-19	103	1.447	2.19
2026-03-19	73	1	1.49
2026-03-19	1	1	1.5
2026-03-19	93	2	3
2026-03-19	48	1	1.99
2026-03-19	89	9.532	0.79
2026-03-19	31	0.51	5.69
2026-03-19	91	19.029	0.69
2026-03-19	121	5.62	1.29
2026-03-19	140	0.501	12.95
2026-03-19	40	2	1.99
2026-03-19	24	1.361	1.19
2026-03-19	114	2.873	4.5
2026-03-19	94	1.284	2.85
2026-03-19	84	3	1.59
2026-03-19	55	4	2.99
2026-03-19	44	4.086	1.75
2026-03-19	60	1	2.75
2026-03-19	39	1.108	3.99
2026-03-19	186	1	2.25
2026-03-19	16	1.528	1.25
2026-03-19	134	0.227	14.75
2026-03-19	18	6.637	1.35
2026-03-19	95	1.079	2.39
2026-03-19	108	0.23	2.35
2026-03-19	190	1	3.15
2026-03-19	87	2	1.39
2026-03-19	70	3	1.49
2026-03-19	58	1.562	2.49
2026-03-19	232	1	1.49
2026-03-19	95	1.548	2.39
2026-03-19	9	3	0.85
2026-03-19	33	3.038	1.59
2026-03-19	12	2.373	2.25
2026-03-19	79	5	1.55
2026-03-19	17	1	1.69
2026-03-19	190	1	3.15
2026-03-19	215	1	2.79
2026-03-19	124	1.587	1.55
2026-03-19	88	1.941	2.19
2026-03-19	249	1	2.29
2026-03-19	77	2	2.35
2026-03-19	66	2	1.59
2026-03-19	178	0.669	3.29
2026-03-19	121	6.341	1.29
2026-03-20	89	12.684	0.79
2026-03-20	213	2	2.85
2026-03-20	193	1	2.5
2026-03-20	138	0.582	4.59
2026-03-20	54	2	2.59
2026-03-20	53	1	2.59
2026-03-20	93	2	3
2026-03-20	101	1.603	3
2026-03-20	50	1	3
2026-03-20	65	3	1.45
2026-03-20	38	7.794	1.89
2026-03-20	95	4.096	2.39
2026-03-20	134	0.354	14.75
2026-03-20	106	3.256	1.99
2026-03-20	199	2.9	2.19
2026-03-20	94	0.979	2.85
2026-03-20	127	1	2.49
2026-03-20	59	0.125	4
2026-03-20	84	1	1.59
2026-03-20	73	3	1.49
2026-03-20	35	1	1.35
2026-03-20	109	0.672	2.59
2026-03-20	43	4.866	1.79
2026-03-20	249	1	2.29
2026-03-20	130	2	1.89
2026-03-20	81	4	1.25
2026-03-20	71	2	1.99
2026-03-20	92	8.573	0.89
2026-03-20	89	17.684	0.79
2026-03-20	124	2.039	1.55
2026-03-20	166	1	2.45
2026-03-20	189	2	3.15
2026-03-20	112	2.749	2.59
2026-03-20	226	1	1.35
2026-03-20	70	3	1.49
2026-03-20	114	2.364	4.5
2026-03-20	125	1	2.35
2026-03-20	149	0.497	4.99
2026-03-20	114	3.193	4.5
2026-03-20	83	0.515	2.39
2026-03-20	93	1	3
2026-03-20	78	9	1.09
2026-03-20	50	1	3
2026-03-20	11	2.39	3.95
2026-03-20	77	1	2.35
2026-03-20	88	2.352	2.19
2026-03-20	144	0.473	5.39
2026-03-20	195	3	2.25
2026-03-20	79	6	1.55
2026-03-20	18	3.481	1.35
2026-03-20	11	0.904	3.95
2026-03-20	213	1	2.85
2026-03-20	211	3	1.15
2026-03-20	124	1.742	1.55
2026-03-20	89	5.519	0.79
2026-03-20	93	5	3
2026-03-20	197	5.08	2.25
2026-03-20	121	6.271	1.29
2026-03-20	12	1.751	2.25
2026-03-20	52	12.505	0.99
2026-03-20	40	2	1.99
2026-03-20	114	0.847	4.5
2026-03-20	107	3.462	1.99
2026-03-20	108	0.277	2.35
2026-03-20	56	3	3.49
2026-03-20	166	4	2.45
2026-03-20	186	1	2.25
2026-03-20	167	1	1.59
2026-03-20	128	1	2.25
2026-03-20	97	0.326	1.75
2026-03-20	49	1	3
2026-03-20	209	2	1.19
2026-03-20	250	0.381	2.39
2026-03-20	190	3	3.15
2026-03-20	75	5	1.59
2026-03-20	18	7.341	1.35
2026-03-20	28	2	2.85
2026-03-20	118	0.223	4
2026-03-20	28	1	2.85
2026-03-20	195	4	2.25
2026-03-20	43	3.38	1.79
2026-03-20	18	2.289	1.35
2026-03-20	154	1	1.99
2026-03-20	41	3.276	1.85
2026-03-20	30	1	1.89
2026-03-20	102	0.343	1.75
2026-03-20	197	0.538	2.25
2026-03-20	193	1	2.5
2026-03-20	38	0.354	1.89
2026-03-20	114	0.684	4.5
2026-03-20	93	4	3
2026-03-20	55	1	2.99
2026-03-20	103	1.753	2.19
2026-03-20	21	1	0.99
2026-03-20	111	2.646	1.75
2026-03-20	74	1	2.35
2026-03-20	167	4	1.59
2026-03-20	114	1.544	4.5
2026-03-20	28	1	2.85
2026-03-20	47	0.393	3
2026-03-20	48	1	1.99
2026-03-20	58	1.892	2.49
2026-03-20	190	1	3.15
2026-03-20	8	1	2.25
2026-03-20	162	1	1.19
2026-03-20	187	1.516	5.45
2026-03-20	121	9.023	1.29
2026-03-20	113	0.03	4.25
2026-03-20	94	0.242	2.85
2026-03-20	69	4	1.25
2026-03-20	82	6	0.99
2026-03-20	44	1.52	1.75
2026-03-20	55	2	2.99
2026-03-20	194	1.215	2.75
2026-03-20	189	1	3.15
2026-03-20	76	10	0.79
2026-03-20	80	1	2.99
2026-03-20	178	0.809	3.29
2026-03-20	91	4.478	0.69
2026-03-20	175	1	1.59
2026-03-20	214	1	2.79
2026-03-20	28	1	2.85
2026-03-20	194	1.535	2.75
2026-03-20	72	5	0.95
2026-03-20	35	1	1.35
2026-03-20	60	1	2.75
2026-03-20	189	1	3.15
2026-03-20	87	4	1.39
2026-03-20	101	2.32	3
2026-03-20	152	1	1.75
2026-03-20	197	2.173	2.25
2026-03-20	12	0.951	2.25
2026-03-20	227	1	1.69
2026-03-20	57	2	1.35
2026-03-20	77	1	2.35
2026-03-20	194	3.095	2.75
2026-03-20	39	2.637	3.99
2026-03-20	1	1	1.5
2026-03-20	216	1	2.79
2026-03-20	94	4.312	2.85
2026-03-20	23	3	1.25
2026-03-20	98	1.443	2.3
2026-03-20	61	2	1.89
2026-03-20	30	4	1.89
2026-03-20	121	6.62	1.29
2026-03-20	68	1	1.99
2026-03-20	226	2	1.35
2026-03-20	194	4.375	2.75
2026-03-20	185	1	1.99
2026-03-20	248	0.011	10.95
2026-03-20	227	1	1.69
2026-03-20	199	1.046	2.19
2026-03-20	124	2.742	1.55
2026-03-20	138	0.549	4.59
2026-03-20	145	0.112	22.95
2026-03-20	111	0.914	1.75
2026-03-20	68	1	1.99
2026-03-20	14	0.432	0.95
2026-03-20	124	7.503	1.55
2026-03-20	146	0.49	14.39
2026-03-20	91	12.29	0.69
2026-03-20	40	1	1.99
2026-03-20	165	1.04	5
2026-03-20	85	2	1.49
2026-03-20	66	3	1.59
2026-03-20	3	1	1.45
2026-03-20	33	3.918	1.59
2026-03-20	106	1.126	1.99
2026-03-20	77	1	2.35
2026-03-20	190	3	3.15
2026-03-20	130	3	1.89
2026-03-20	206	1	1.95
2026-03-20	219	3	0.99
2026-03-20	158	1	2.29
2026-03-20	43	2.989	1.79
2026-03-20	39	0.887	3.99
2026-03-20	142	0.475	6.95
2026-03-20	105	2.343	1.75
2026-03-20	125	4	2.35
2026-03-20	9	4	0.85
2026-03-20	44	7.794	1.75
2026-03-20	91	10.058	0.69
2026-03-20	93	5	3
2026-03-20	190	3	3.15
2026-03-20	66	1	1.59
2026-03-20	121	10.349	1.29
2026-03-20	106	3.397	1.99
2026-03-20	135	0.508	12.95
2026-03-20	26	0.378	1.19
2026-03-20	127	5	2.49
2026-03-20	137	0.539	18.75
2026-03-20	218	1	1.39
2026-03-20	94	0.996	2.85
2026-03-20	33	3.27	1.59
2026-03-20	158	2	2.29
2026-03-20	101	2.157	3
2026-03-20	208	4	0.95
2026-03-20	89	1.418	0.79
2026-03-20	55	2	2.99
2026-03-20	54	1	2.59
2026-03-20	42	0.547	1.39
2026-03-20	28	1	2.85
2026-03-20	166	2	2.45
2026-03-20	83	3.025	2.39
2026-03-20	201	0.969	1.95
2026-03-20	99	1.749	2.99
2026-03-20	140	0.608	12.95
2026-03-20	207	2	1.29
2026-03-20	17	1	1.69
2026-03-20	12	1.498	2.25
2026-03-20	4	6	1.05
2026-03-20	81	2	1.25
2026-03-20	136	0.339	12.95
2026-03-20	31	0.617	5.69
2026-03-20	114	0.489	4.5
2026-03-20	122	0.08	2.99
2026-03-20	91	1.797	0.69
2026-03-20	138	1.27	4.59
2026-03-20	198	7.286	1.19
2026-03-20	196	1	3.15
2026-03-20	27	2	2.59
2026-03-20	56	1	3.49
2026-03-20	41	4.178	1.85
2026-03-20	117	0.724	2.5
2026-03-20	187	2.123	5.45
2026-03-20	145	0.115	22.95
2026-03-20	189	1	3.15
2026-03-20	146	0.537	14.39
2026-03-20	185	3	1.99
2026-03-20	198	2.487	1.19
2026-03-20	42	7.914	1.39
2026-03-20	43	2.257	1.79
2026-03-20	28	2	2.85
2026-03-20	16	1.848	1.25
2026-03-20	96	1.448	2.5
2026-03-20	23	1	1.25
2026-03-20	76	10	0.79
2026-03-20	95	2.414	2.39
2026-03-20	155	2	0.85
2026-03-20	215	1	2.79
2026-03-20	52	9.232	0.99
2026-03-20	44	5.257	1.75
2026-03-20	52	5.394	0.99
2026-03-20	100	0.558	2.69
2026-03-20	196	3	3.15
2026-03-20	196	1	3.15
2026-03-20	139	0.359	14.95
2026-03-20	141	0.206	11.89
2026-03-20	148	0.279	5.99
2026-03-20	70	1	1.49
2026-03-20	218	6	1.39
2026-03-20	93	3	3
2026-03-20	146	0.219	14.39
2026-03-20	165	2.292	5
2026-03-20	124	1.51	1.55
2026-03-20	46	0.44	3
2026-03-20	134	0.394	14.75
2026-03-20	193	4	2.5
2026-03-20	84	7	1.59
2026-03-20	121	7.349	1.29
2026-03-20	153	1	1.99
2026-03-20	24	1.655	1.19
2026-03-20	56	1	3.49
2026-03-20	224	1	0.99
2026-03-20	101	0.93	3
2026-03-20	69	4	1.25
2026-03-20	8	1	2.25
2026-03-21	27	1	2.59
2026-03-21	61	2	1.89
2026-03-21	39	0.218	3.99
2026-03-21	49	1	3
2026-03-21	31	0.42	5.69
2026-03-21	250	0.444	2.39
2026-03-21	77	1	2.35
2026-03-21	70	4	1.49
2026-03-21	74	1	2.35
2026-03-21	249	1	2.29
2026-03-21	128	1	2.25
2026-03-21	28	2	2.85
2026-03-21	101	1.06	3
2026-03-21	121	8.992	1.29
2026-03-21	91	3.246	0.69
2026-03-21	93	2	3
2026-03-21	197	2.662	2.25
2026-03-21	196	1	3.15
2026-03-21	78	6	1.09
2026-03-21	175	1	1.59
2026-03-21	146	0.92	14.39
2026-03-21	167	1	1.59
2026-03-21	186	1	2.25
2026-03-21	140	0.361	12.95
2026-03-21	121	4.512	1.29
2026-03-21	166	3	2.45
2026-03-21	54	2	2.59
2026-03-21	185	2	1.99
2026-03-21	91	12.435	0.69
2026-03-21	166	2	2.45
2026-03-21	107	4.281	1.99
2026-03-21	19	1	2.5
2026-03-21	18	0.733	1.35
2026-03-21	58	1.442	2.49
2026-03-21	208	5	0.95
2026-03-21	122	0.094	2.99
2026-03-21	18	5.074	1.35
2026-03-21	125	2	2.35
2026-03-21	30	2	1.89
2026-03-21	165	2.772	5
2026-03-21	118	0.263	4
2026-03-21	124	4.058	1.55
2026-03-21	134	0.5	14.75
2026-03-21	91	4.304	0.69
2026-03-21	121	10.101	1.29
2026-03-21	38	1.667	1.89
2026-03-21	97	0.383	1.75
2026-03-21	194	4.447	2.75
2026-03-21	124	2.458	1.55
2026-03-21	48	1	1.99
2026-03-21	52	3.98	0.99
2026-03-21	93	1	3
2026-03-21	52	4.505	0.99
2026-03-21	30	1	1.89
2026-03-21	44	4.206	1.75
2026-03-21	106	3.171	1.99
2026-03-21	41	7.2	1.85
2026-03-21	146	0.542	14.39
2026-03-21	178	0.948	3.29
2026-03-21	72	6	0.95
2026-03-21	91	4.783	0.69
2026-03-21	44	1.994	1.75
2026-03-21	206	1	1.95
2026-03-21	76	5	0.79
2026-03-21	153	1	1.99
2026-03-21	127	1	2.49
2026-03-21	76	16	0.79
2026-03-21	144	0.557	5.39
2026-03-21	138	0.876	4.59
2026-03-21	42	4.101	1.39
2026-03-21	85	2	1.49
2026-03-21	137	0.438	18.75
2026-03-21	225	1	1.65
2026-03-21	89	5.785	0.79
2026-03-21	195	4	2.25
2026-03-21	138	1.068	4.59
2026-03-21	227	2	1.69
2026-03-21	79	3	1.55
2026-03-21	44	6.257	1.75
2026-03-21	17	1	1.69
2026-03-21	89	18.405	0.79
2026-03-21	226	1	1.35
2026-03-21	18	4.556	1.35
2026-03-21	38	2.624	1.89
2026-03-21	30	3	1.89
2026-03-21	196	2	3.15
2026-03-21	162	1	1.19
2026-03-21	149	0.583	4.99
2026-03-21	222	1	2.75
2026-03-21	93	2	3
2026-03-21	59	0.148	4
2026-03-21	43	4.62	1.79
2026-03-21	12	1.289	2.25
2026-03-21	89	7.291	0.79
2026-03-21	52	7.859	0.99
2026-03-21	101	3.39	3
2026-03-21	114	2.618	4.5
2026-03-21	1	1	1.5
2026-03-21	4	7	1.05
2026-03-21	190	1	3.15
2026-03-21	166	1	2.45
2026-03-21	62	1	1.85
2026-03-21	185	1	1.99
2026-03-21	73	1	1.49
2026-03-21	112	3.228	2.59
2026-03-21	219	3	0.99
2026-03-21	248	0.013	10.95
2026-03-21	42	2.317	1.39
2026-03-21	41	1.53	1.85
2026-03-21	106	5.96	1.99
2026-03-21	75	5	1.59
2026-03-21	135	0.632	12.95
2026-03-21	194	2.487	2.75
2026-03-21	42	0.727	1.39
2026-03-21	89	6.684	0.79
2026-03-21	50	1	3
2026-03-21	46	0.517	3
2026-03-21	124	4.477	1.55
2026-03-21	185	1	1.99
2026-03-21	71	1	1.99
2026-03-21	35	2	1.35
2026-03-21	214	1	2.79
2026-03-21	83	1.448	2.39
2026-03-21	102	0.4	1.75
2026-03-21	80	1	2.99
2026-03-21	141	0.242	11.89
2026-03-21	158	1	2.29
2026-03-21	113	0.035	4.25
2026-03-21	52	2.606	0.99
2026-03-21	3	1	1.45
2026-03-21	95	0.469	2.39
2026-03-21	26	0.445	1.19
2026-03-21	21	2	0.99
2026-03-21	193	1	2.5
2026-03-21	33	8.44	1.59
2026-03-21	44	4.651	1.75
2026-03-21	197	1.507	2.25
2026-03-21	39	0.617	3.99
2026-03-21	114	1.111	4.5
2026-03-21	93	3	3
2026-03-21	216	1	2.79
2026-03-21	28	4	2.85
2026-03-21	139	0.42	14.95
2026-03-21	100	0.654	2.69
2026-03-21	114	2.278	4.5
2026-03-21	218	5	1.39
2026-03-21	154	1	1.99
2026-03-21	47	0.46	3
2026-03-21	89	2.962	0.79
2026-03-21	153	1	1.99
2026-03-21	152	1	1.75
2026-03-21	93	4	3
2026-03-21	140	0.097	12.95
2026-03-21	95	1.603	2.39
2026-03-21	155	2	0.85
2026-03-21	60	1	2.75
2026-03-21	52	12.899	0.99
2026-03-21	137	0.194	18.75
2026-03-21	201	1.138	1.95
2026-03-21	89	2.671	0.79
2026-03-21	43	1.788	1.79
2026-03-21	224	2	0.99
2026-03-21	95	3.649	2.39
2026-03-21	58	0.779	2.49
2026-03-21	114	2.818	4.5
2026-03-21	98	1.696	2.3
2026-03-21	39	3.296	3.99
2026-03-21	55	1	2.99
2026-03-21	77	2	2.35
2026-03-21	93	2	3
2026-03-21	27	2	2.59
2026-03-21	11	2.516	3.95
2026-03-21	101	3.78	3
2026-03-21	83	2.519	2.39
2026-03-21	87	2	1.39
2026-03-21	142	0.558	6.95
2026-03-21	213	2	2.85
2026-03-21	68	1	1.99
2026-03-21	195	2	2.25
2026-03-21	125	2	2.35
2026-03-21	114	0.856	4.5
2026-03-21	66	2	1.59
2026-03-21	121	5.558	1.29
2026-03-21	209	3	1.19
2026-03-21	24	1.941	1.19
2026-03-21	54	2	2.59
2026-03-21	124	3.052	1.55
2026-03-21	12	2.049	2.25
2026-03-21	207	1	1.29
2026-03-21	198	8.748	1.19
2026-03-21	138	0.876	4.59
2026-03-21	117	0.852	2.5
2026-03-21	124	4.2	1.55
2026-03-21	190	4	3.15
2026-03-21	78	5	1.09
2026-03-21	87	3	1.39
2026-03-21	121	2.07	1.29
2026-03-21	28	3	2.85
2026-03-21	190	2	3.15
2026-03-21	48	1	1.99
2026-03-21	84	3	1.59
2026-03-21	136	0.398	12.95
2026-03-21	43	1.659	1.79
2026-03-21	187	1.255	5.45
2026-03-21	215	1	2.79
2026-03-21	56	1	3.49
2026-03-21	213	1	2.85
2026-03-21	91	8.826	0.69
2026-03-21	193	1	2.5
2026-03-21	81	5	1.25
2026-03-21	56	3	3.49
2026-03-21	125	1	2.35
2026-03-21	99	2.054	2.99
2026-03-21	103	2.055	2.19
2026-03-21	93	2	3
2026-03-21	134	0.14	14.75
2026-03-21	218	3	1.39
2026-03-21	82	7	0.99
2026-03-21	190	1	3.15
2026-03-21	134	0.238	14.75
2026-03-21	111	4.177	1.75
2026-03-21	53	1	2.59
2026-03-21	94	5.175	2.85
2026-03-21	93	3	3
2026-03-21	130	1	1.89
2026-03-21	197	4.973	2.25
2026-03-21	43	7.771	1.79
2026-03-21	94	2.498	2.85
2026-03-21	73	3	1.49
2026-03-21	66	2	1.59
2026-03-21	121	6.457	1.29
2026-03-21	187	0.44	5.45
2026-03-21	56	1	3.49
2026-03-21	38	5.275	1.89
2026-03-21	65	3	1.45
2026-03-21	166	2	2.45
2026-03-21	81	2	1.25
2026-03-21	42	2.791	1.39
2026-03-21	145	0.267	22.95
2026-03-21	12	1.596	2.25
2026-03-21	105	2.754	1.75
2026-03-21	194	3.375	2.75
2026-03-21	8	1	2.25
2026-03-21	55	1	2.99
2026-03-21	88	2.639	2.19
2026-03-21	109	0.792	2.59
2026-03-21	194	1.691	2.75
2026-03-21	189	1	3.15
2026-03-21	216	1	2.79
2026-03-21	108	0.323	2.35
2026-03-21	158	2	2.29
2026-03-21	187	2.576	5.45
2026-03-21	56	1	3.49
2026-03-21	93	2	3
2026-03-21	93	1	3
2026-03-21	140	0.256	12.95
2026-03-21	96	1.7	2.5
2026-03-21	190	4	3.15
2026-03-21	165	1.14	5
2026-03-21	18	5.03	1.35
2026-03-21	189	1	3.15
2026-03-21	198	2.723	1.19
2026-03-21	23	5	1.25
2026-03-21	95	1.925	2.39
2026-03-21	69	10	1.25
2026-03-21	211	2	1.15
2026-03-21	11	1.352	3.95
2026-03-21	148	0.326	5.99
2026-03-21	84	1	1.59
2026-03-21	31	0.304	5.69
2026-03-21	57	1	1.35
2026-03-21	195	2	2.25
2026-03-21	213	1	2.85
2026-03-21	16	2.168	1.25
2026-03-21	93	2	3
2026-03-21	40	3	1.99
2026-03-21	195	1	2.25
2026-03-21	127	1	2.49
2026-03-21	121	8.814	1.29
2026-03-21	92	10.348	0.89
2026-03-21	50	1	3
2026-03-21	199	4.635	2.19
2026-03-21	9	4	0.85
2026-03-21	114	1.04	4.5
2026-03-23	43	1.508	1.79
2026-03-23	94	1.067	2.85
2026-03-23	193	1	2.5
2026-03-23	190	3	3.15
2026-03-23	39	2.451	3.99
2026-03-23	153	1	1.99
2026-03-23	41	0.514	1.85
2026-03-23	125	1	2.35
2026-03-23	199	2.744	2.19
2026-03-23	113	0.021	4.25
2026-03-23	112	1.17	2.59
2026-03-23	127	2	2.49
2026-03-23	130	3	1.89
2026-03-23	94	0.898	2.85
2026-03-23	38	3.825	1.89
2026-03-23	61	1	1.89
2026-03-23	213	2	2.85
2026-03-23	224	1	0.99
2026-03-23	149	0.347	4.99
2026-03-23	152	1	1.75
2026-03-23	226	2	1.35
2026-03-23	190	2	3.15
2026-03-23	56	1	3.49
2026-03-23	95	2.866	2.39
2026-03-23	158	2	2.29
2026-03-23	146	0.716	14.39
2026-03-23	87	3	1.39
2026-03-23	52	6.121	0.99
2026-03-23	43	2.514	1.79
2026-03-23	196	1	3.15
2026-03-23	209	2	1.19
2026-03-23	24	1.151	1.19
2026-03-23	93	1	3
2026-03-23	227	1	1.69
2026-03-23	33	5.006	1.59
2026-03-23	93	3	3
2026-03-23	80	1	2.99
2026-03-23	214	1	2.79
2026-03-23	49	1	3
2026-03-23	48	1	1.99
2026-03-23	124	1.323	1.55
2026-03-23	41	4.676	1.85
2026-03-23	95	1.661	2.39
2026-03-23	65	2	1.45
2026-03-23	71	2	1.99
2026-03-23	127	2	2.49
2026-03-23	106	4.558	1.99
2026-03-23	70	2	1.49
2026-03-23	18	2.496	1.35
2026-03-23	189	3	3.15
2026-03-23	96	1.008	2.5
2026-03-23	9	3	0.85
2026-03-23	101	3.89	3
2026-03-23	105	1.634	1.75
2026-03-23	198	2.731	1.19
2026-03-23	91	13.594	0.69
2026-03-23	121	2.822	1.29
2026-03-23	44	0.577	1.75
2026-03-23	117	0.504	2.5
2026-03-23	148	0.194	5.99
2026-03-23	133	1	1.49
2026-03-23	12	2.924	2.25
2026-03-23	167	3	1.59
2026-03-23	56	1	3.49
2026-03-23	121	7.341	1.29
2026-03-23	27	1	2.59
2026-03-23	225	1	1.65
2026-03-23	89	2.797	0.79
2026-03-23	122	0.057	2.99
2026-03-23	76	11	0.79
2026-03-23	58	1.313	2.49
2026-03-23	215	1	2.79
2026-03-23	31	0.429	5.69
2026-03-23	27	1	2.59
2026-03-23	207	1	1.29
2026-03-23	93	2	3
2026-03-23	194	1.669	2.75
2026-03-23	207	1	1.29
2026-03-23	144	0.33	5.39
2026-03-23	194	1.556	2.75
2026-03-23	175	1	1.59
2026-03-23	93	1	3
2026-03-23	3	1	1.45
2026-03-23	114	1.444	4.5
2026-03-23	53	1	2.59
2026-03-23	145	0.158	22.95
2026-03-23	208	3	0.95
2026-03-23	190	2	3.15
2026-03-23	142	0.331	6.95
2026-03-23	236	1	2.95
2026-03-23	74	1	2.35
2026-03-23	44	1.343	1.75
2026-03-23	111	2.474	1.75
2026-03-23	194	3.884	2.75
2026-03-23	140	0.229	12.95
2026-03-23	249	1	2.29
2026-03-23	85	1	1.49
2026-03-23	72	3	0.95
2026-03-23	134	0.407	14.75
2026-03-23	11	1.337	3.95
2026-03-23	218	3	1.39
2026-03-23	103	1.219	2.19
2026-03-23	89	8.392	0.79
2026-03-23	114	3.027	4.5
2026-03-23	124	2.323	1.55
2026-03-23	69	6	1.25
2026-03-23	216	1	2.79
2026-03-23	205	1	3.65
2026-03-23	138	1.671	4.59
2026-03-23	121	11.581	1.29
2026-03-23	11	0.177	3.95
2026-03-23	4	4	1.05
2026-03-23	165	0.6	5
2026-03-23	222	1	2.75
2026-03-23	94	2.579	2.85
2026-03-23	8	1	2.25
2026-03-23	56	1	3.49
2026-03-23	121	5.419	1.29
2026-03-23	84	5	1.59
2026-03-23	59	0.088	4
2026-03-23	42	1.77	1.39
2026-03-23	141	0.144	11.89
2026-03-23	135	0.374	12.95
2026-03-23	201	0.677	1.95
2026-03-23	66	1	1.59
2026-03-23	195	2	2.25
2026-03-23	47	0.273	3
2026-03-23	17	1	1.69
2026-03-23	125	2	2.35
2026-03-23	54	1	2.59
2026-03-23	66	2	1.59
2026-03-23	42	4.115	1.39
2026-03-23	23	3	1.25
2026-03-23	52	12.747	0.99
2026-03-23	50	1	3
2026-03-23	60	1	2.75
2026-03-23	30	3	1.89
2026-03-23	109	0.467	2.59
2026-03-23	114	1.88	4.5
2026-03-23	108	0.191	2.35
2026-03-23	137	0.223	18.75
2026-03-23	76	3	0.79
2026-03-23	61	1	1.89
2026-03-23	128	1	2.25
2026-03-23	93	5	3
2026-03-23	79	4	1.55
2026-03-23	75	3	1.59
2026-03-23	112	0.741	2.59
2026-03-23	55	2	2.99
2026-03-23	89	8.354	0.79
2026-03-23	78	7	1.09
2026-03-23	56	1	3.49
2026-03-23	83	0.565	2.39
2026-03-23	68	1	1.99
2026-03-23	195	3	2.25
2026-03-23	44	5.754	1.75
2026-03-23	55	1	2.99
2026-03-23	219	2	0.99
2026-03-23	82	4	0.99
2026-03-23	106	0.854	1.99
2026-03-23	57	2	1.35
2026-03-23	93	1	3
2026-03-23	1	1	1.5
2026-03-23	101	0.987	3
2026-03-23	48	1	1.99
2026-03-23	206	1	1.95
2026-03-23	248	0.008	10.95
2026-03-23	88	1.635	2.19
2026-03-23	197	2.6	2.25
2026-03-23	81	1	1.25
2026-03-23	185	1	1.99
2026-03-23	70	1	1.49
2026-03-23	166	4	2.45
2026-03-23	198	4.067	1.19
2026-03-23	124	7.161	1.55
2026-03-23	28	5	2.85
2026-03-23	187	0.873	5.45
2026-03-23	136	0.236	12.95
2026-03-23	40	2	1.99
2026-03-23	155	1	0.85
2026-03-23	139	0.249	14.95
2026-03-23	154	1	1.99
2026-03-23	118	0.155	4
2026-03-23	196	2	3.15
2026-03-23	185	2	1.99
2026-03-23	130	1	1.89
2026-03-23	62	1	1.85
2026-03-23	81	3	1.25
2026-03-23	89	6.418	0.79
2026-03-23	21	1	0.99
2026-03-23	193	3	2.5
2026-03-23	218	2	1.39
2026-03-23	93	1	3
2026-03-23	11	0.777	3.95
2026-03-23	137	0.151	18.75
2026-03-23	38	1.847	1.89
2026-03-23	99	1.217	2.99
2026-03-23	91	6.304	0.69
2026-03-23	19	1	2.5
2026-03-23	166	1	2.45
2026-03-23	134	0.113	14.75
2026-03-23	167	1	1.59
2026-03-23	102	0.24	1.75
2026-03-23	44	2.463	1.75
2026-03-23	16	1.288	1.25
2026-03-23	197	2.818	2.25
2026-03-23	43	1.989	1.79
2026-03-23	26	0.269	1.19
2026-03-23	49	1	3
2026-03-23	186	1	2.25
2026-03-23	107	2.538	1.99
2026-03-23	83	1.895	2.39
2026-03-23	92	6.135	0.89
2026-03-23	77	2	2.35
2026-03-23	98	1.004	2.3
2026-03-23	211	2	1.15
2026-03-23	46	0.307	3
2026-03-23	97	0.229	1.75
2026-03-23	18	6.622	1.35
2026-03-23	100	0.387	2.69
2026-03-23	35	1	1.35
2026-03-23	187	1.657	5.45
2026-03-23	250	0.264	2.39
2026-03-23	73	2	1.49
2026-03-23	178	0.562	3.29
2026-03-23	140	0.194	12.95
2026-03-23	8	1	2.25
2026-03-23	162	1	1.19
2026-03-23	146	0.151	14.39
2026-03-23	43	3.369	1.79
2026-03-23	55	1	2.99
2026-03-23	121	0.395	1.29
2026-03-23	165	1.718	5
2026-03-23	54	2	2.59
2026-03-24	74	1	2.35
2026-03-24	141	0.152	11.89
2026-03-24	46	0.323	3
2026-03-24	11	0.481	3.95
2026-03-24	97	0.246	1.75
2026-03-24	121	10.721	1.29
2026-03-24	43	1.33	1.79
2026-03-24	87	3	1.39
2026-03-24	39	2.604	3.99
2026-03-24	187	0.837	5.45
2026-03-24	113	0.022	4.25
2026-03-24	92	6.517	0.89
2026-03-24	83	2.619	2.39
2026-03-24	211	1	1.15
2026-03-24	193	4	2.5
2026-03-24	195	5	2.25
2026-03-24	96	0.232	2.5
2026-03-24	197	4.542	2.25
2026-03-24	49	1	3
2026-03-24	55	1	2.99
2026-03-24	52	6.293	0.99
2026-03-24	139	0.061	14.95
2026-03-24	43	2.654	1.79
2026-03-24	162	1	1.19
2026-03-24	91	9.783	0.69
2026-03-24	130	4	1.89
2026-03-24	165	2.414	5
2026-03-24	213	2	2.85
2026-03-24	102	0.251	1.75
2026-03-24	60	1	2.75
2026-03-24	197	1.218	2.25
2026-03-24	88	1.329	2.19
2026-03-24	52	2.061	0.99
2026-03-24	71	2	1.99
2026-03-24	196	3	3.15
2026-03-24	65	2	1.45
2026-03-24	152	1	1.75
2026-03-24	52	4.515	0.99
2026-03-24	18	2.719	1.35
2026-03-24	30	3	1.89
2026-03-24	93	4	3
2026-03-24	53	1	2.59
2026-03-24	3	1	1.45
2026-03-24	125	1	2.35
2026-03-24	198	1.832	1.19
2026-03-24	76	8	0.79
2026-03-24	69	4	1.25
2026-03-24	59	0.093	4
2026-03-24	107	1	1.99
2026-03-24	103	1.297	2.19
2026-03-24	85	1	1.49
2026-03-24	166	3	2.45
2026-03-24	56	2	3.49
2026-03-24	18	3.178	1.35
2026-03-24	199	1.365	2.19
2026-03-24	17	1	1.69
2026-03-24	227	1	1.69
2026-03-24	154	1	1.99
2026-03-24	93	3	3
2026-03-24	195	1	2.25
2026-03-24	248	0.008	10.95
2026-03-24	89	9.772	0.79
2026-03-24	69	2	1.25
2026-03-24	146	0.404	14.39
2026-03-24	194	3.396	2.75
2026-03-24	124	3.239	1.55
2026-03-24	49	1	3
2026-03-24	205	1	3.65
2026-03-24	226	2	1.35
2026-03-24	94	1.032	2.85
2026-03-24	114	2.353	4.5
2026-03-24	52	6.101	0.99
2026-03-24	199	1.557	2.19
2026-03-24	128	1	2.25
2026-03-24	189	3	3.15
2026-03-24	185	2	1.99
2026-03-24	8	1	2.25
2026-03-24	224	1	0.99
2026-03-24	142	0.351	6.95
2026-03-24	178	0.599	3.29
2026-03-24	1	1	1.5
2026-03-24	44	4.811	1.75
2026-03-24	107	1.693	1.99
2026-03-24	48	1	1.99
2026-03-24	11	1.23	3.95
2026-03-24	121	8.543	1.29
2026-03-24	89	8.873	0.79
2026-03-24	91	7.406	0.69
2026-03-24	98	1.065	2.3
2026-03-24	38	6.026	1.89
2026-03-24	135	0.398	12.95
2026-03-24	24	1.218	1.19
2026-03-24	27	2	2.59
2026-03-24	149	0.367	4.99
2026-03-24	114	2.951	4.5
2026-03-24	190	1	3.15
2026-03-24	82	2	0.99
2026-03-24	55	2	2.99
2026-03-24	48	1	1.99
2026-03-24	75	1	1.59
2026-03-24	108	0.204	2.35
2026-03-24	52	1.081	0.99
2026-03-24	30	1	1.89
2026-03-24	218	5	1.39
2026-03-24	54	1	2.59
2026-03-24	166	2	2.45
2026-03-24	101	2.803	3
2026-03-24	148	0.205	5.99
2026-03-24	54	1	2.59
2026-03-24	42	3.647	1.39
2026-03-24	4	5	1.05
2026-03-24	101	1.773	3
2026-03-24	153	1	1.99
2026-03-24	124	2.497	1.55
2026-03-24	8	1	2.25
2026-03-24	56	1	3.49
2026-03-24	222	1	2.75
2026-03-24	136	0.251	12.95
2026-03-24	57	2	1.35
2026-03-24	12	0.36	2.25
2026-03-24	158	1	2.29
2026-03-24	44	5.954	1.75
2026-03-24	94	2.737	2.85
2026-03-24	146	0.144	14.39
2026-03-24	79	4	1.55
2026-03-24	41	4.335	1.85
2026-03-24	122	0.06	2.99
2026-03-24	106	1.201	1.99
2026-03-24	198	3.395	1.19
2026-03-24	99	1.291	2.99
2026-03-24	11	0.724	3.95
2026-03-24	40	2	1.99
2026-03-24	55	1	2.99
2026-03-24	190	3	3.15
2026-03-24	58	1.394	2.49
2026-03-24	106	4.548	1.99
2026-03-24	208	3	0.95
2026-03-24	95	4.289	2.39
2026-03-24	21	1	0.99
2026-03-24	26	0.286	1.19
2026-03-24	125	1	2.35
2026-03-24	54	1	2.59
2026-03-24	219	2	0.99
2026-03-24	225	1	1.65
2026-03-24	89	8.949	0.79
2026-03-24	105	1.623	1.75
2026-03-24	35	1	1.35
2026-03-24	75	2	1.59
2026-03-24	75	1	1.59
2026-03-24	94	1.06	2.85
2026-03-24	18	3.793	1.35
2026-03-24	236	1	2.95
2026-03-24	61	1	1.89
2026-03-24	93	2	3
2026-03-24	84	5	1.59
2026-03-24	42	0.95	1.39
2026-03-24	66	1	1.59
2026-03-24	73	2	1.49
2026-03-24	209	2	1.19
2026-03-24	111	2.629	1.75
2026-03-24	100	0.413	2.69
2026-03-24	93	3	3
2026-03-24	140	0.449	12.95
2026-03-24	127	4	2.49
2026-03-24	23	3	1.25
2026-03-24	190	4	3.15
2026-03-24	12	2.747	2.25
2026-03-24	109	0.498	2.59
2026-03-24	124	5.465	1.55
2026-03-24	158	1	2.29
2026-03-24	81	5	1.25
2026-03-24	66	2	1.59
2026-03-24	70	3	1.49
2026-03-24	214	1	2.79
2026-03-24	31	0.455	5.69
2026-03-24	88	0.411	2.19
2026-03-24	93	2	3
2026-03-24	33	5.314	1.59
2026-03-24	62	1	1.85
2026-03-24	28	5	2.85
2026-03-24	134	0.553	14.75
2026-03-24	9	3	0.85
2026-03-24	68	1	1.99
2026-03-24	186	1	2.25
2026-03-24	50	1	3
2026-03-24	117	0.536	2.5
2026-03-24	185	1	1.99
2026-03-24	194	4.164	2.75
2026-03-24	133	1	1.49
2026-03-24	250	0.28	2.39
2026-03-24	137	0.398	18.75
2026-03-24	112	1	2.59
2026-03-24	16	1.368	1.25
2026-03-24	121	3.605	1.29
2026-03-24	121	1.884	1.29
2026-03-24	187	1.851	5.45
2026-03-24	95	0.527	2.39
2026-03-24	138	0.233	4.59
2026-03-24	19	1	2.5
2026-03-24	91	3.957	0.69
2026-03-24	112	1.035	2.59
2026-03-24	175	1	1.59
2026-03-24	72	4	0.95
2026-03-24	43	1.939	1.79
2026-03-24	56	1	3.49
2026-03-24	43	4.045	1.79
2026-03-24	121	4.527	1.29
2026-03-24	215	1	2.79
2026-03-24	101	0.607	3
2026-03-24	155	1	0.85
2026-03-24	84	1	1.59
2026-03-24	41	1.178	1.85
2026-03-24	145	0.168	22.95
2026-03-24	138	1.542	4.59
2026-03-24	80	1	2.99
2026-03-24	198	1.992	1.19
2026-03-24	47	0.29	3
2026-03-24	207	2	1.29
2026-03-24	96	0.84	2.5
2026-03-24	146	0.372	14.39
2026-03-24	167	4	1.59
2026-03-24	139	0.204	14.95
2026-03-24	77	2	2.35
2026-03-24	211	2	1.15
2026-03-24	76	7	0.79
2026-03-24	28	1	2.85
2026-03-24	82	3	0.99
2026-03-24	201	0.718	1.95
2026-03-24	61	1	1.89
2026-03-24	249	1	2.29
2026-03-24	144	0.351	5.39
2026-03-24	42	1.662	1.39
2026-03-24	118	0.165	4
2026-03-24	216	1	2.79
2026-03-24	114	1.444	4.5
2026-03-24	78	7	1.09
2026-03-24	93	1	3
2026-03-24	206	1	1.95
2026-03-24	125	2	2.35
2026-03-25	146	0.349	14.39
2026-03-25	18	2.119	1.35
2026-03-25	207	2	1.29
2026-03-25	52	0.737	0.99
2026-03-25	219	2	0.99
2026-03-25	135	0.421	12.95
2026-03-25	56	1	3.49
2026-03-25	201	0.759	1.95
2026-03-25	95	5.096	2.39
2026-03-25	73	2	1.49
2026-03-25	54	1	2.59
2026-03-25	78	6	1.09
2026-03-25	112	2.108	2.59
2026-03-25	93	3	3
2026-03-25	70	3	1.49
2026-03-25	125	1	2.35
2026-03-25	23	3	1.25
2026-03-25	178	0.632	3.29
2026-03-25	193	4	2.5
2026-03-25	69	2	1.25
2026-03-25	79	4	1.55
2026-03-25	43	5.95	1.79
2026-03-25	196	3	3.15
2026-03-25	236	1	2.95
2026-03-25	8	1	2.25
2026-03-25	41	3.389	1.85
2026-03-25	54	1	2.59
2026-03-25	226	2	1.35
2026-03-25	194	0.709	2.75
2026-03-25	130	3	1.89
2026-03-25	87	3	1.39
2026-03-25	59	0.098	4
2026-03-25	121	7.775	1.29
2026-03-25	58	1.482	2.49
2026-03-25	16	1.448	1.25
2026-03-25	136	0.266	12.95
2026-03-25	193	1	2.5
2026-03-25	225	1	1.65
2026-03-25	214	1	2.79
2026-03-25	1	1	1.5
2026-03-25	11	2.296	3.95
2026-03-25	53	1	2.59
2026-03-25	209	2	1.19
2026-03-25	62	1	1.85
2026-03-25	91	8.899	0.69
2026-03-25	54	1	2.59
2026-03-25	80	1	2.99
2026-03-25	187	2.283	5.45
2026-03-25	30	4	1.89
2026-03-25	84	1	1.59
2026-03-25	121	4.434	1.29
2026-03-25	106	3.045	1.99
2026-03-25	109	0.525	2.59
2026-03-25	114	2.591	4.5
2026-03-25	18	8.141	1.35
2026-03-25	43	4.43	1.79
2026-03-25	31	0.483	5.69
2026-03-25	79	1	1.55
2026-03-25	162	1	1.19
2026-03-25	99	1.368	2.99
2026-03-25	42	1.252	1.39
2026-03-25	106	3.045	1.99
2026-03-25	114	1.062	4.5
2026-03-25	189	1	3.15
2026-03-25	108	0.217	2.35
2026-03-25	81	5	1.25
2026-03-25	72	4	0.95
2026-03-25	146	0.39	14.39
2026-03-25	166	3	2.45
2026-03-25	195	1	2.25
2026-03-25	121	5.419	1.29
2026-03-25	222	1	2.75
2026-03-25	44	2.503	1.75
2026-03-25	195	5	2.25
2026-03-25	127	4	2.49
2026-03-25	140	0.228	12.95
2026-03-25	17	1	1.69
2026-03-25	98	1.13	2.3
2026-03-25	107	2.854	1.99
2026-03-25	27	2	2.59
2026-03-25	137	0.148	18.75
2026-03-25	88	1.84	2.19
2026-03-25	190	4	3.15
2026-03-25	227	1	1.69
2026-03-25	49	1	3
2026-03-25	96	1.132	2.5
2026-03-25	11	0.281	3.95
2026-03-25	142	0.371	6.95
2026-03-25	93	4	3
2026-03-25	165	1.47	5
2026-03-25	190	1	3.15
2026-03-25	111	0.594	1.75
2026-03-25	75	4	1.59
2026-03-25	128	1	2.25
2026-03-25	102	0.269	1.75
2026-03-25	185	2	1.99
2026-03-25	33	1.088	1.59
2026-03-25	3	1	1.45
2026-03-25	124	0.542	1.55
2026-03-25	35	1	1.35
2026-03-25	165	1.136	5
2026-03-25	196	1	3.15
2026-03-25	103	1.37	2.19
2026-03-25	100	0.435	2.69
2026-03-25	134	0.586	14.75
2026-03-25	145	0.178	22.95
2026-03-25	44	2.423	1.75
2026-03-25	214	1	2.79
2026-03-25	49	1	3
2026-03-25	94	1.709	2.85
2026-03-25	83	2.774	2.39
2026-03-25	138	1.214	4.59
2026-03-25	84	3	1.59
2026-03-25	66	3	1.59
2026-03-25	224	1	0.99
2026-03-25	26	0.303	1.19
2026-03-25	155	1	0.85
2026-03-25	69	4	1.25
2026-03-25	33	4.541	1.59
2026-03-25	114	1.038	4.5
2026-03-25	215	1	2.79
2026-03-25	41	2.449	1.85
2026-03-25	93	3	3
2026-03-25	147	0.13	3.99
2026-03-25	139	0.28	14.95
2026-03-25	28	4	2.85
2026-03-25	93	2	3
2026-03-25	42	5.374	1.39
2026-03-25	48	1	1.99
2026-03-25	197	0.347	2.25
2026-03-25	82	5	0.99
2026-03-25	206	1	1.95
2026-03-25	199	3.087	2.19
2026-03-25	9	3	0.85
2026-03-25	146	0.236	14.39
2026-03-25	46	0.343	3
2026-03-25	124	8.813	1.55
2026-03-25	38	1.402	1.89
2026-03-25	167	4	1.59
2026-03-25	114	2.456	4.5
2026-03-25	101	3.147	3
2026-03-25	211	3	1.15
2026-03-25	38	3.503	1.89
2026-03-25	130	1	1.89
2026-03-25	158	2	2.29
2026-03-25	137	0.274	18.75
2026-03-25	47	0.307	3
2026-03-25	138	0.667	4.59
2026-03-25	4	4	1.05
2026-03-25	40	2	1.99
2026-03-25	92	6.899	0.89
2026-03-25	56	1	3.49
2026-03-25	55	2	2.99
2026-03-25	121	3.829	1.29
2026-03-25	125	2	2.35
2026-03-25	85	1	1.49
2026-03-25	141	0.161	11.89
2026-03-25	105	1.834	1.75
2026-03-25	122	0.064	2.99
2026-03-25	52	11.475	0.99
2026-03-25	208	3	0.95
2026-03-25	76	16	0.79
2026-03-25	166	2	2.45
2026-03-25	117	0.568	2.5
2026-03-25	4	1	1.05
2026-03-25	186	1	2.25
2026-03-25	55	2	2.99
2026-03-25	198	7.647	1.19
2026-03-25	97	0.257	1.75
2026-03-25	57	2	1.35
2026-03-25	39	1.243	3.99
2026-03-25	185	1	1.99
2026-03-25	250	0.297	2.39
2026-03-25	194	2.102	2.75
2026-03-25	91	3.623	0.69
2026-03-25	189	1	3.15
2026-03-25	113	0.024	4.25
2026-03-25	89	14.848	0.79
2026-03-25	153	1	1.99
2026-03-25	38	1.471	1.89
2026-03-25	175	1	1.59
2026-03-25	20	1	0.99
2026-03-25	61	2	1.89
2026-03-25	149	0.389	4.99
2026-03-25	140	0.248	12.95
2026-03-25	197	5.751	2.25
2026-03-25	74	1	2.35
2026-03-25	60	1	2.75
2026-03-25	94	2.004	2.85
2026-03-25	21	1	0.99
2026-03-25	144	0.371	5.39
2026-03-25	53	1	2.59
2026-03-25	121	9.543	1.29
2026-03-25	133	1	1.49
2026-03-25	205	1	3.65
2026-03-25	89	3.19	0.79
2026-03-25	187	0.565	5.45
2026-03-25	8	1	2.25
2026-03-25	249	1	2.29
2026-03-25	248	0.009	10.95
2026-03-25	89	11.165	0.79
2026-03-25	48	1	1.99
2026-03-25	65	2	1.45
2026-03-25	125	1	2.35
2026-03-25	118	0.175	4
2026-03-25	28	2	2.85
2026-03-25	101	2.34	3
2026-03-25	218	5	1.39
2026-03-25	39	0.952	3.99
2026-03-25	94	1.404	2.85
2026-03-25	24	1.294	1.19
2026-03-25	216	1	2.79
2026-03-25	19	1	2.5
2026-03-25	12	3.289	2.25
2026-03-25	44	6.48	1.75
2026-03-25	189	2	3.15
2026-03-25	213	2	2.85
2026-03-25	71	2	1.99
2026-03-25	190	1	3.15
2026-03-25	39	0.561	3.99
2026-03-25	50	1	3
2026-03-25	56	2	3.49
2026-03-25	78	2	1.09
2026-03-25	148	0.217	5.99
2026-03-25	91	9.884	0.69
2026-03-25	194	5.189	2.75
2026-03-25	77	2	2.35
2026-03-25	93	4	3
2026-03-25	190	2	3.15
2026-03-25	124	2.8	1.55
2026-03-25	84	2	1.59
2026-03-25	68	1	1.99
2026-03-25	52	9.02	0.99
2026-03-25	111	2.194	1.75
2026-03-25	154	1	1.99
2026-03-25	152	1	1.75
2026-03-26	101	1.26	3
2026-03-26	94	0.688	2.85
2026-03-26	110	1	3
2026-03-26	211	1	1.15
2026-03-26	209	2	1.19
2026-03-26	44	1.469	1.75
2026-03-26	194	2.4	2.75
2026-03-26	72	4	0.95
2026-03-26	93	4	3
2026-03-26	94	2.579	2.85
2026-03-26	133	1	1.49
2026-03-26	213	2	2.85
2026-03-26	81	4	1.25
2026-03-26	143	1	2.99
2026-03-26	84	1	1.59
2026-03-26	227	1	1.69
2026-03-26	93	2	3
2026-03-26	101	1.227	3
2026-03-26	4	4	1.05
2026-03-26	225	1	1.65
2026-03-26	84	2	1.59
2026-03-26	92	7.124	0.89
2026-03-26	222	1	2.75
2026-03-26	218	6	1.39
2026-03-26	111	0.343	1.75
2026-03-26	165	2.2	5
2026-03-26	226	2	1.35
2026-03-26	52	9.576	0.99
2026-03-26	122	0.067	2.99
2026-03-26	189	1	3.15
2026-03-26	42	6.36	1.39
2026-03-26	65	2	1.45
2026-03-26	166	2	2.45
2026-03-26	144	0.391	5.39
2026-03-26	55	2	2.99
2026-03-26	206	1	1.95
2026-03-26	142	0.393	6.95
2026-03-26	121	3.783	1.29
2026-03-26	40	2	1.99
2026-03-26	95	0.803	2.39
2026-03-26	68	1	1.99
2026-03-26	44	2.434	1.75
2026-03-26	46	0.363	3
2026-03-26	128	1	2.25
2026-03-26	96	1.196	2.5
2026-03-26	54	2	2.59
2026-03-26	201	0.8	1.95
2026-03-26	135	0.24	12.95
2026-03-26	44	8.137	1.75
2026-03-26	80	1	2.99
2026-03-26	152	1	1.75
2026-03-26	108	0.23	2.35
2026-03-26	196	1	3.15
2026-03-26	93	2	3
2026-03-26	175	1	1.59
2026-03-26	62	1	1.85
2026-03-26	59	0.105	4
2026-03-26	49	1	3
2026-03-26	74	1	2.35
2026-03-26	205	1	3.65
2026-03-26	146	0.247	14.39
2026-03-26	187	1.993	5.45
2026-03-26	189	3	3.15
2026-03-26	99	1.445	2.99
2026-03-26	187	1.015	5.45
2026-03-26	48	2	1.99
2026-03-26	95	4.577	2.39
2026-03-26	102	0.286	1.75
2026-03-26	55	1	2.99
2026-03-26	38	3.159	1.89
2026-03-26	138	1.985	4.59
2026-03-26	12	3.369	2.25
2026-03-26	87	2	1.39
2026-03-26	88	1.941	2.19
2026-03-26	125	2	2.35
2026-03-26	124	2.484	1.55
2026-03-26	134	0.142	14.75
2026-03-26	71	2	1.99
2026-03-26	215	1	2.79
2026-03-26	249	1	2.29
2026-03-26	178	0.669	3.29
2026-03-26	162	1	1.19
2026-03-26	16	1.528	1.25
2026-03-26	166	1	2.45
2026-03-26	33	1.931	1.59
2026-03-26	248	0.009	10.95
2026-03-26	87	1	1.39
2026-03-26	30	4	1.89
2026-03-26	43	8.128	1.79
2026-03-26	78	6	1.09
2026-03-26	27	1	2.59
2026-03-26	165	0.554	5
2026-03-26	55	1	2.99
2026-03-26	19	1	2.5
2026-03-26	49	1	3
2026-03-26	117	0.6	2.5
2026-03-26	121	10.829	1.29
2026-03-26	166	1	2.45
2026-03-26	137	0.226	18.75
2026-03-26	185	3	1.99
2026-03-26	158	2	2.29
2026-03-26	53	1	2.59
2026-03-26	91	12.551	0.69
2026-03-26	56	2	3.49
2026-03-26	84	2	1.59
2026-03-26	24	1.361	1.19
2026-03-26	107	3.01	1.99
2026-03-26	8	1	2.25
2026-03-26	94	2.133	2.85
2026-03-26	106	6.342	1.99
2026-03-26	75	2	1.59
2026-03-26	81	1	1.25
2026-03-26	204	1	3.09
2026-03-26	114	2.027	4.5
2026-03-26	125	1	2.35
2026-03-26	114	0.589	4.5
2026-03-26	213	1	2.85
2026-03-26	112	2.274	2.59
2026-03-26	11	0.858	3.95
2026-03-26	111	2.6	1.75
2026-03-26	47	0.323	3
2026-03-26	53	1	2.59
2026-03-26	105	1.937	1.75
2026-03-26	97	0.269	1.75
2026-03-26	85	1	1.49
2026-03-26	83	2.929	2.39
2026-03-26	214	1	2.79
2026-03-26	109	0.556	2.59
2026-03-26	130	4	1.89
2026-03-26	11	1.094	3.95
2026-03-26	50	1	3
2026-03-26	190	3	3.15
2026-03-26	166	2	2.45
2026-03-26	250	0.314	2.39
2026-03-26	136	0.28	12.95
2026-03-26	18	8.881	1.35
2026-03-26	89	4.443	0.79
2026-03-26	148	0.23	5.99
2026-03-26	208	3	0.95
2026-03-26	224	1	0.99
2026-03-26	41	3.924	1.85
2026-03-26	93	4	3
2026-03-26	39	1.942	3.99
2026-03-26	190	1	3.15
2026-03-26	27	1	2.59
2026-03-26	17	1	1.69
2026-03-26	134	0.476	14.75
2026-03-26	82	5	0.99
2026-03-26	66	2	1.59
2026-03-26	76	3	0.79
2026-03-26	39	0.967	3.99
2026-03-26	113	0.025	4.25
2026-03-26	91	11.101	0.69
2026-03-26	193	3	2.5
2026-03-26	73	2	1.49
2026-03-26	75	2	1.59
2026-03-26	207	2	1.29
2026-03-26	195	1	2.25
2026-03-26	139	0.296	14.95
2026-03-26	38	3.571	1.89
2026-03-26	52	12.838	0.99
2026-03-26	78	2	1.09
2026-03-26	195	5	2.25
2026-03-26	58	1.562	2.49
2026-03-26	35	1	1.35
2026-03-26	26	0.319	1.19
2026-03-26	186	1	2.25
2026-03-26	4	1	1.05
2026-03-26	149	0.411	4.99
2026-03-26	21	1	0.99
2026-03-26	98	1.191	2.3
2026-03-26	11	0.77	3.95
2026-03-26	42	0.633	1.39
2026-03-26	79	3	1.55
2026-03-26	79	2	1.55
2026-03-26	197	4.373	2.25
2026-03-26	190	2	3.15
2026-03-26	3	1	1.45
2026-03-26	43	3.017	1.79
2026-03-26	124	6.277	1.55
2026-03-26	140	0.501	12.95
2026-03-26	89	11.354	0.79
2026-03-26	73	1	1.49
2026-03-26	93	1	3
2026-03-26	121	10.24	1.29
2026-03-26	124	1.839	1.55
2026-03-26	8	1	2.25
2026-03-26	28	1	2.85
2026-03-26	31	0.51	5.69
2026-03-26	216	1	2.79
2026-03-26	194	0.665	2.75
2026-03-26	155	1	0.85
2026-03-26	100	0.461	2.69
2026-03-26	93	3	3
2026-03-26	125	1	2.35
2026-03-26	77	2	2.35
2026-03-26	127	4	2.49
2026-03-26	193	2	2.5
2026-03-26	76	4	0.79
2026-03-26	127	1	2.49
2026-03-26	60	1	2.75
2026-03-26	89	15.025	0.79
2026-03-26	198	8.076	1.19
2026-03-26	137	0.22	18.75
2026-03-26	141	0.171	11.89
2026-03-26	1	1	1.5
2026-03-26	114	1.691	4.5
2026-03-26	214	1	2.79
2026-03-26	157	1	3.55
2026-03-26	9	3	0.85
2026-03-26	190	2	3.15
2026-03-26	118	0.185	4
2026-03-26	101	1.393	3
2026-03-26	124	2.232	1.55
2026-03-26	84	1	1.59
2026-03-26	57	2	1.35
2026-03-26	103	1.447	2.19
2026-03-26	70	3	1.49
2026-03-26	33	3.899	1.59
2026-03-26	135	0.205	12.95
2026-03-26	18	1.948	1.35
2026-03-26	197	2.062	2.25
2026-03-26	20	1	0.99
2026-03-26	236	1	2.95
2026-03-26	101	1.91	3
2026-03-26	93	1	3
2026-03-26	194	1.571	2.75
2026-03-26	145	0.188	22.95
2026-03-26	194	3.807	2.75
2026-03-26	61	2	1.89
2026-03-26	196	3	3.15
2026-03-26	28	5	2.85
2026-03-26	211	2	1.15
2026-03-26	219	2	0.99
2026-03-26	66	1	1.59
2026-03-26	69	7	1.25
2026-03-26	54	1	2.59
2026-03-26	23	3	1.25
2026-03-26	87	1	1.39
2026-03-26	146	0.782	14.39
2026-03-26	114	3.236	4.5
2026-03-26	167	4	1.59
2026-03-26	199	3.26	2.19
2026-03-26	56	2	3.49
2026-03-26	76	9	0.79
2026-03-26	153	1	1.99
2026-03-26	154	1	1.99
2026-03-26	41	2.238	1.85
2026-03-26	121	7.868	1.29
2026-03-27	28	5	2.85
2026-03-27	88	2.352	2.19
2026-03-27	121	10.76	1.29
2026-03-27	166	4	2.45
2026-03-27	139	0.155	14.95
2026-03-27	93	4	3
2026-03-27	69	2	1.25
2026-03-27	165	0.402	5
2026-03-27	91	18.217	0.69
2026-03-27	47	0.393	3
2026-03-27	9	4	0.85
2026-03-27	21	1	0.99
2026-03-27	114	2.311	4.5
2026-03-27	114	2.502	4.5
2026-03-27	52	7.303	0.99
2026-03-27	189	2	3.15
2026-03-27	43	1.207	1.79
2026-03-27	41	6.649	1.85
2026-03-27	94	4.337	2.85
2026-03-27	114	0.944	4.5
2026-03-27	231	1	1.39
2026-03-27	199	3.95	2.19
2026-03-27	70	4	1.49
2026-03-27	38	1.508	1.89
2026-03-27	1	1	1.5
2026-03-27	250	0.381	2.39
2026-03-27	92	8.82	0.89
2026-03-27	187	1.714	5.45
2026-03-27	81	1	1.25
2026-03-27	66	1	1.59
2026-03-27	190	1	3.15
2026-03-27	93	4	3
2026-03-27	195	2	2.25
2026-03-27	46	0.44	3
2026-03-27	73	3	1.49
2026-03-27	89	9.759	0.79
2026-03-27	68	1	1.99
2026-03-27	33	4.258	1.59
2026-03-27	96	1.448	2.5
2026-03-27	194	4.542	2.75
2026-03-27	189	2	3.15
2026-03-27	31	0.617	5.69
2026-03-27	56	1	3.49
2026-03-27	158	1	2.29
2026-03-27	61	2	1.89
2026-03-27	189	1	3.15
2026-03-27	148	0.279	5.99
2026-03-27	113	0.03	4.25
2026-03-27	82	6	0.99
2026-03-27	93	5	3
2026-03-27	23	4	1.25
2026-03-27	158	1	2.29
2026-03-27	203	1	2.89
2026-03-27	165	0.412	5
2026-03-27	162	1	1.19
2026-03-27	166	2	2.45
2026-03-27	221	1	2.35
2026-03-27	111	3.56	1.75
2026-03-27	55	3	2.99
2026-03-27	117	0.724	2.5
2026-03-27	154	1	1.99
2026-03-27	142	0.475	6.95
2026-03-27	71	2	1.99
2026-03-27	121	6.116	1.29
2026-03-27	197	6.533	2.25
2026-03-27	193	3	2.5
2026-03-27	57	2	1.35
2026-03-27	12	4.2	2.25
2026-03-27	89	10.405	0.79
2026-03-27	44	1.983	1.75
2026-03-27	89	7.81	0.79
2026-03-27	30	4	1.89
2026-03-27	216	1	2.79
2026-03-27	165	2.518	5
2026-03-27	48	2	1.99
2026-03-27	196	1	3.15
2026-03-27	140	0.608	12.95
2026-03-27	141	0.206	11.89
2026-03-27	215	1	2.79
2026-03-27	77	1	2.35
2026-03-27	125	4	2.35
2026-03-27	53	1	2.59
2026-03-27	194	1.727	2.75
2026-03-27	138	1.919	4.59
2026-03-27	130	1	1.89
2026-03-27	83	3.54	2.39
2026-03-27	101	4.89	3
2026-03-27	18	7.63	1.35
2026-03-27	214	1	2.79
2026-03-27	18	1.637	1.35
2026-03-27	100	0.558	2.69
2026-03-27	226	2	1.35
2026-03-27	206	1	1.95
2026-03-27	225	1	1.65
2026-03-27	249	1	2.29
2026-03-27	166	1	2.45
2026-03-27	124	9.813	1.55
2026-03-27	121	11.388	1.29
2026-03-27	84	1	1.59
2026-03-27	28	2	2.85
2026-03-27	127	1	2.49
2026-03-27	39	1.947	3.99
2026-03-27	109	0.672	2.59
2026-03-27	99	1.749	2.99
2026-03-27	52	13.394	0.99
2026-03-27	17	1	1.69
2026-03-27	98	1.443	2.3
2026-03-27	152	1	1.75
2026-03-27	105	2.343	1.75
2026-03-27	27	2	2.59
2026-03-27	190	2	3.15
2026-03-27	209	2	1.19
2026-03-27	208	4	0.95
2026-03-27	43	3.229	1.79
2026-03-27	190	4	3.15
2026-03-27	218	7	1.39
2026-03-27	76	6	0.79
2026-03-27	144	0.473	5.39
2026-03-27	81	5	1.25
2026-03-27	198	1.16	1.19
2026-03-27	112	2.749	2.59
2026-03-27	226	1	1.35
2026-03-27	159	1	1.8
2026-03-27	137	0.487	18.75
2026-03-27	4	6	1.05
2026-03-27	87	2	1.39
2026-03-27	66	3	1.59
2026-03-27	19	1	2.5
2026-03-27	211	3	1.15
2026-03-27	149	0.497	4.99
2026-03-27	158	1	2.29
2026-03-27	89	5.747	0.79
2026-03-27	107	3.648	1.99
2026-03-27	160	1	1.8
2026-03-27	198	3.37	1.19
2026-03-27	227	1	1.69
2026-03-27	248	0.011	10.95
2026-03-27	187	0.628	5.45
2026-03-27	114	0.909	4.5
2026-03-27	101	2.123	3
2026-03-27	93	5	3
2026-03-27	114	1.298	4.5
2026-03-27	236	1	2.95
2026-03-27	58	1.892	2.49
2026-03-27	52	6.434	0.99
2026-03-27	76	7	0.79
2026-03-27	202	1	3.15
2026-03-27	44	2.554	1.75
2026-03-27	74	1	2.35
2026-03-27	62	1	1.85
2026-03-27	55	2	2.99
2026-03-27	42	6.065	1.39
2026-03-27	89	3.595	0.79
2026-03-27	49	1	3
2026-03-27	213	3	2.85
2026-03-27	93	1	3
2026-03-27	124	2.697	1.55
2026-03-27	75	1	1.59
2026-03-27	20	1	0.99
2026-03-27	157	1	3.55
2026-03-27	95	3.816	2.39
2026-03-27	33	2.931	1.59
2026-03-27	205	1	3.65
2026-03-27	136	0.339	12.95
2026-03-27	103	1.648	2.19
2026-03-27	190	3	3.15
2026-03-27	102	0.343	1.75
2026-03-27	72	2	0.95
2026-03-27	197	1.258	2.25
2026-03-27	146	0.565	14.39
2026-03-27	30	1	1.89
2026-03-27	135	0.538	12.95
2026-03-27	175	1	1.59
2026-03-27	198	5.244	1.19
2026-03-27	79	4	1.55
2026-03-27	108	0.277	2.35
2026-03-27	207	2	1.29
2026-03-27	170	1	1.29
2026-03-27	60	1	2.75
2026-03-27	195	5	2.25
2026-03-27	87	2	1.39
2026-03-27	39	1.574	3.99
2026-03-27	153	1	1.99
2026-03-27	85	2	1.49
2026-03-27	76	7	0.79
2026-03-27	201	0.969	1.95
2026-03-27	196	2	3.15
2026-03-27	106	4.246	1.99
2026-03-27	26	0.378	1.19
2026-03-27	24	1.655	1.19
2026-03-27	56	1	3.49
2026-03-27	106	0.965	1.99
2026-03-27	122	0.08	2.99
2026-03-27	54	3	2.59
2026-03-27	204	1	3.09
2026-03-27	84	7	1.59
2026-03-27	133	1	1.49
2026-03-27	121	5.233	1.29
2026-03-27	77	2	2.35
2026-03-27	146	0.651	14.39
2026-03-27	50	1	3
2026-03-27	28	1	2.85
2026-03-27	3	1	1.45
2026-03-27	59	0.125	4
2026-03-27	11	1.815	3.95
2026-03-27	125	1	2.35
2026-03-27	16	1.848	1.25
2026-03-27	224	1	0.99
2026-03-27	44	4.789	1.75
2026-03-27	137	0.052	18.75
2026-03-27	44	5.246	1.75
2026-03-27	65	3	1.45
2026-03-27	127	5	2.49
2026-03-27	43	5.955	1.79
2026-03-27	193	1	2.5
2026-03-27	78	10	1.09
2026-03-27	42	2.396	1.39
2026-03-27	69	6	1.25
2026-03-27	94	2.196	2.85
2026-03-27	106	1.241	1.99
2026-03-27	185	1	1.99
2026-03-27	178	0.809	3.29
2026-03-27	11	1.478	3.95
2026-03-27	167	5	1.59
2026-03-27	193	2	2.5
2026-03-27	222	1	2.75
2026-03-27	118	0.223	4
2026-03-27	134	0.064	14.75
2026-03-27	138	0.481	4.59
2026-03-27	145	0.227	22.95
2026-03-27	35	1	1.35
2026-03-27	139	0.204	14.95
2026-03-27	50	1	3
2026-03-27	187	1.295	5.45
2026-03-27	18	3.844	1.35
2026-03-27	196	2	3.15
2026-03-27	43	3.101	1.79
2026-03-27	186	1	2.25
2026-03-27	143	1	2.99
2026-03-27	72	3	0.95
2026-03-27	75	4	1.59
2026-03-27	93	1	3
2026-03-27	79	2	1.55
2026-03-27	110	1	3
2026-03-27	155	2	0.85
2026-03-27	40	3	1.99
2026-03-27	80	1	2.99
2026-03-27	97	0.326	1.75
2026-03-27	106	1.322	1.99
2026-03-27	121	5.364	1.29
2026-03-27	114	1.167	4.5
2026-03-27	227	1	1.69
2026-03-27	121	0.752	1.29
2026-03-27	128	1	2.25
2026-03-27	130	4	1.89
2026-03-27	38	6.64	1.89
2026-03-27	68	1	1.99
2026-03-27	134	0.523	14.75
2026-03-27	8	1	2.25
2026-03-27	194	3.953	2.75
2026-03-27	185	3	1.99
2026-03-27	124	3.187	1.55
2026-03-27	91	10.406	0.69
2026-03-27	35	1	1.35
2026-03-27	41	0.805	1.85
2026-03-27	134	0.161	14.75
2026-03-27	219	3	0.99
2026-03-27	95	2.695	2.39
2026-03-28	216	1	2.79
2026-03-28	12	3.249	2.25
2026-03-28	73	3	1.49
2026-03-28	148	0.326	5.99
2026-03-28	108	0.323	2.35
2026-03-28	74	1	2.35
2026-03-28	197	3.649	2.25
2026-03-28	92	6.685	0.89
2026-03-28	137	0.198	18.75
2026-03-28	189	3	3.15
2026-03-28	66	3	1.59
2026-03-28	44	3.143	1.75
2026-03-28	142	0.558	6.95
2026-03-28	161	1	1.25
2026-03-28	138	2.233	4.59
2026-03-28	105	1.52	1.75
2026-03-28	93	4	3
2026-03-28	89	9.861	0.79
2026-03-28	84	6	1.59
2026-03-28	250	0.444	2.39
2026-03-28	128	1	2.25
2026-03-28	190	4	3.15
2026-03-28	145	0.267	22.95
2026-03-28	98	1.696	2.3
2026-03-28	221	1	2.35
2026-03-28	100	0.654	2.69
2026-03-28	91	2.261	0.69
2026-03-28	82	7	0.99
2026-03-28	218	6	1.39
2026-03-28	81	4	1.25
2026-03-28	68	2	1.99
2026-03-28	83	3.209	2.39
2026-03-28	121	2.891	1.29
2026-03-28	224	2	0.99
2026-03-28	198	8.672	1.19
2026-03-28	140	0.412	12.95
2026-03-28	200	1	2.25
2026-03-28	194	1.433	2.75
2026-03-28	18	2.956	1.35
2026-03-28	78	5	1.09
2026-03-28	160	1	1.8
2026-03-28	187	2.284	5.45
2026-03-28	8	1	2.25
2026-03-28	193	1	2.5
2026-03-28	124	3.168	1.55
2026-03-28	52	4.495	0.99
2026-03-28	121	4.465	1.29
2026-03-28	91	15.971	0.69
2026-03-28	93	4	3
2026-03-28	84	3	1.59
2026-03-28	50	1	3
2026-03-28	213	2	2.85
2026-03-28	79	3	1.55
2026-03-28	118	0.263	4
2026-03-28	127	5	2.49
2026-03-28	55	3	2.99
2026-03-28	135	0.195	12.95
2026-03-28	137	0.302	18.75
2026-03-28	193	1	2.5
2026-03-28	56	1	3.49
2026-03-28	87	2	1.39
2026-03-28	167	4	1.59
2026-03-28	93	3	3
2026-03-28	211	2	1.15
2026-03-28	88	1.47	2.19
2026-03-28	175	1	1.59
2026-03-28	93	4	3
2026-03-28	76	10	0.79
2026-03-28	43	1.665	1.79
2026-03-28	59	0.148	4
2026-03-28	194	2.091	2.75
2026-03-28	136	0.398	12.95
2026-03-28	127	1	2.49
2026-03-28	99	2.054	2.99
2026-03-28	27	1	2.59
2026-03-28	248	0.013	10.95
2026-03-28	39	3.694	3.99
2026-03-28	165	2.764	5
2026-03-28	167	2	1.59
2026-03-28	144	0.557	5.39
2026-03-28	143	1	2.99
2026-03-28	122	0.094	2.99
2026-03-28	101	1.723	3
2026-03-28	93	5	3
2026-03-28	101	0.93	3
2026-03-28	17	1	1.69
2026-03-28	111	4.177	1.75
2026-03-28	62	1	1.85
2026-03-28	19	1	2.5
2026-03-28	114	1.762	4.5
2026-03-28	153	1	1.99
2026-03-28	69	7	1.25
2026-03-28	87	3	1.39
2026-03-28	70	4	1.49
2026-03-28	121	1.853	1.29
2026-03-28	124	4.839	1.55
2026-03-28	65	3	1.45
2026-03-28	30	1	1.89
2026-03-28	216	1	2.79
2026-03-28	130	5	1.89
2026-03-28	190	1	3.15
2026-03-28	130	1	1.89
2026-03-28	121	5.426	1.29
2026-03-28	195	1	2.25
2026-03-28	125	3	2.35
2026-03-28	196	4	3.15
2026-03-28	11	1.2	3.95
2026-03-28	194	3.135	2.75
2026-03-28	95	1.548	2.39
2026-03-28	52	4.071	0.99
2026-03-28	158	1	2.29
2026-03-28	4	5	1.05
2026-03-28	16	2.168	1.25
2026-03-28	11	2.084	3.95
2026-03-28	121	11.085	1.29
2026-03-28	41	1.995	1.85
2026-03-28	178	0.948	3.29
2026-03-28	42	9.935	1.39
2026-03-28	201	1.138	1.95
2026-03-28	55	1	2.99
2026-03-28	54	3	2.59
2026-03-28	165	0.784	5
2026-03-28	76	13	0.79
2026-03-28	75	5	1.59
2026-03-28	94	3.509	2.85
2026-03-28	55	2	2.99
2026-03-28	226	3	1.35
2026-03-28	47	0.46	3
2026-03-28	141	0.242	11.89
2026-03-28	227	2	1.69
2026-03-28	72	6	0.95
2026-03-28	194	1.131	2.75
2026-03-28	79	4	1.55
2026-03-28	43	3.095	1.79
2026-03-28	187	0.543	5.45
2026-03-28	157	1	3.55
2026-03-28	159	1	1.8
2026-03-28	48	2	1.99
2026-03-28	56	3	3.49
2026-03-28	199	0.699	2.19
2026-03-28	211	2	1.15
2026-03-28	114	1.207	4.5
2026-03-28	199	3.936	2.19
2026-03-28	91	10.725	0.69
2026-03-28	190	1	3.15
2026-03-28	50	1	3
2026-03-28	18	5.948	1.35
2026-03-28	187	0.255	5.45
2026-03-28	190	2	3.15
2026-03-28	30	3	1.89
2026-03-28	95	6.096	2.39
2026-03-28	140	0.3	12.95
2026-03-28	166	2	2.45
2026-03-28	41	6.746	1.85
2026-03-28	93	4	3
2026-03-28	52	9.152	0.99
2026-03-28	94	4.161	2.85
2026-03-28	24	1.941	1.19
2026-03-28	152	1	1.75
2026-03-28	96	1.7	2.5
2026-03-28	149	0.583	4.99
2026-03-28	11	0.585	3.95
2026-03-28	26	0.445	1.19
2026-03-28	138	0.586	4.59
2026-03-28	73	1	1.49
2026-03-28	213	1	2.85
2026-03-28	231	1	1.39
2026-03-28	28	5	2.85
2026-03-28	195	6	2.25
2026-03-28	113	0.035	4.25
2026-03-28	114	0.856	4.5
2026-03-28	89	0.671	0.79
2026-03-28	170	1	1.29
2026-03-28	44	2.697	1.75
2026-03-28	44	4.137	1.75
2026-03-28	40	3	1.99
2026-03-28	103	2.055	2.19
2026-03-28	124	5.89	1.55
2026-03-28	101	4.283	3
2026-03-28	187	1.189	5.45
2026-03-28	66	1	1.59
2026-03-28	146	0.397	14.39
2026-03-28	12	1.684	2.25
2026-03-28	105	1.234	1.75
2026-03-28	46	0.517	3
2026-03-28	121	8.256	1.29
2026-03-28	23	4	1.25
2026-03-28	38	1.317	1.89
2026-03-28	39	0.436	3.99
2026-03-28	137	0.132	18.75
2026-03-28	166	1	2.45
2026-03-28	31	0.724	5.69
2026-03-28	222	1	2.75
2026-03-28	166	5	2.45
2026-03-28	78	1	1.09
2026-03-28	146	0.04	14.39
2026-03-28	43	3.318	1.79
2026-03-28	4	2	1.05
2026-03-28	195	1	2.25
2026-03-28	89	15.468	0.79
2026-03-28	215	1	2.79
2026-03-28	139	0.42	14.95
2026-03-28	219	3	0.99
2026-03-28	3	1	1.45
2026-03-28	38	3.28	1.89
2026-03-28	69	1	1.25
2026-03-28	114	1.098	4.5
2026-03-28	153	1	1.99
2026-03-28	208	5	0.95
2026-03-28	9	4	0.85
2026-03-28	206	1	1.95
2026-03-28	43	2.615	1.79
2026-03-28	225	1	1.65
2026-03-28	27	2	2.59
2026-03-28	106	1.111	1.99
2026-03-28	69	2	1.25
2026-03-28	60	1	2.75
2026-03-28	190	1	3.15
2026-03-28	18	0.511	1.35
2026-03-28	57	2	1.35
2026-03-28	83	0.95	2.39
2026-03-28	101	0.77	3
2026-03-28	203	1	2.89
2026-03-28	1	1	1.5
2026-03-28	198	2.798	1.19
2026-03-28	30	2	1.89
2026-03-28	155	2	0.85
2026-03-28	61	2	1.89
2026-03-28	80	1	2.99
2026-03-28	38	4.947	1.89
2026-03-28	121	6.907	1.29
2026-03-28	49	1	3
2026-03-28	53	2	2.59
2026-03-28	114	1.084	4.5
2026-03-28	43	5.14	1.79
2026-03-28	214	1	2.79
2026-03-28	33	2.245	1.59
2026-03-28	194	4.207	2.75
2026-03-28	134	0.356	14.75
2026-03-28	146	1.025	14.39
2026-03-28	58	2.221	2.49
2026-03-28	112	3.093	2.59
2026-03-28	162	1	1.19
2026-03-28	106	5.518	1.99
2026-03-28	185	3	1.99
2026-03-28	91	4.638	0.69
2026-03-28	106	2.503	1.99
2026-03-28	193	3	2.5
2026-03-28	78	5	1.09
2026-03-28	213	1	2.85
2026-03-28	193	2	2.5
2026-03-28	205	1	3.65
2026-03-28	197	1.551	2.25
2026-03-28	218	2	1.39
2026-03-28	44	2.44	1.75
2026-03-28	85	2	1.49
2026-03-28	133	1	1.49
2026-03-28	52	14.141	0.99
2026-03-28	101	0.523	3
2026-03-28	197	3.938	2.25
2026-03-28	186	1	2.25
2026-03-28	114	1.822	4.5
2026-03-28	195	1	2.25
2026-03-28	107	4.281	1.99
2026-03-28	71	2	1.99
2026-03-28	28	3	2.85
2026-03-28	209	3	1.19
2026-03-28	56	1	3.49
2026-03-28	97	0.383	1.75
2026-03-28	20	1	0.99
2026-03-28	134	0.522	14.75
2026-03-28	247	1	1.99
2026-03-28	92	3.663	0.89
2026-03-28	89	17.81	0.79
2026-03-28	154	1	1.99
2026-03-28	109	0.792	2.59
2026-03-28	125	2	2.35
2026-03-28	249	1	2.29
2026-03-28	28	1	2.85
2026-03-28	102	0.4	1.75
2026-03-28	44	4.686	1.75
2026-03-28	8	1	2.25
2026-03-28	117	0.852	2.5
2026-03-28	81	3	1.25
2026-03-28	204	1	3.09
2026-03-28	121	0.403	1.29
2026-03-28	21	2	0.99
2026-03-28	202	1	3.15
2026-03-28	127	1	2.49
2026-03-28	56	1	3.49
2026-03-28	77	1	2.35
2026-03-28	88	1.292	2.19
2026-03-28	189	2	3.15
2026-03-28	135	0.437	12.95
2026-03-28	207	1	1.29
2026-03-28	121	5.217	1.29
2026-03-28	23	1	1.25
2026-03-28	110	1	3
2026-03-28	114	2.716	4.5
2026-03-28	190	3	3.15
2026-03-28	18	5.978	1.35
2026-03-28	114	0.176	4.5
2026-03-28	48	1	1.99
2026-03-28	165	0.364	5
2026-03-28	196	1	3.15
2026-03-28	54	1	2.59
2026-03-28	35	2	1.35
2026-03-28	33	6.195	1.59
2026-03-28	124	4.348	1.55
2026-03-28	185	1	1.99
2026-03-28	236	1	2.95
2026-03-30	139	0.249	14.95
2026-03-30	93	2	3
2026-03-30	69	2	1.25
2026-03-30	66	1	1.59
2026-03-30	101	3.373	3
2026-03-30	87	3	1.39
2026-03-30	121	2.868	1.29
2026-03-30	114	1.964	4.5
2026-03-30	33	3.214	1.59
2026-03-30	113	0.021	4.25
2026-03-30	187	0.706	5.45
2026-03-30	186	1	2.25
2026-03-30	200	1	2.25
2026-03-30	106	3.764	1.99
2026-03-30	70	1	1.49
2026-03-30	60	1	2.75
2026-03-30	95	4.531	2.39
2026-03-30	61	1	1.89
2026-03-30	124	5.103	1.55
2026-03-30	203	1	2.89
2026-03-30	42	3.525	1.39
2026-03-30	85	1	1.49
2026-03-30	197	2.351	2.25
2026-03-30	39	2.451	3.99
2026-03-30	83	2.464	2.39
2026-03-30	74	1	2.35
2026-03-30	72	3	0.95
2026-03-30	134	0.148	14.75
2026-03-30	99	1.217	2.99
2026-03-30	135	0.374	12.95
2026-03-30	154	1	1.99
2026-03-30	62	1	1.85
2026-03-30	57	2	1.35
2026-03-30	31	0.429	5.69
2026-03-30	146	0.489	14.39
2026-03-30	224	1	0.99
2026-03-30	1	1	1.5
2026-03-30	112	0.83	2.59
2026-03-30	4	4	1.05
2026-03-30	94	4.544	2.85
2026-03-30	24	1.151	1.19
2026-03-30	112	1.081	2.59
2026-03-30	56	2	3.49
2026-03-30	134	0.176	14.75
2026-03-30	81	1	1.25
2026-03-30	38	2.799	1.89
2026-03-30	231	1	1.39
2026-03-30	211	2	1.15
2026-03-30	18	5.459	1.35
2026-03-30	93	4	3
2026-03-30	217	1	1.59
2026-03-30	185	2	1.99
2026-03-30	187	0.417	5.45
2026-03-30	76	14	0.79
2026-03-30	89	16.873	0.79
2026-03-30	155	1	0.85
2026-03-30	124	0.871	1.55
2026-03-30	249	1	2.29
2026-03-30	134	0.047	14.75
2026-03-30	189	2	3.15
2026-03-30	111	2.474	1.75
2026-03-30	75	3	1.59
2026-03-30	21	1	0.99
2026-03-30	47	0.273	3
2026-03-30	114	0.984	4.5
2026-03-30	89	1.253	0.79
2026-03-30	77	2	2.35
2026-03-30	38	2.873	1.89
2026-03-30	30	3	1.89
2026-03-30	11	2.122	3.95
2026-03-30	207	1	1.29
2026-03-30	162	1	1.19
2026-03-30	40	2	1.99
2026-03-30	193	4	2.5
2026-03-30	33	1.792	1.59
2026-03-30	55	3	2.99
2026-03-30	16	1.288	1.25
2026-03-30	114	2.769	4.5
2026-03-30	166	1	2.45
2026-03-30	44	7.371	1.75
2026-03-30	127	2	2.49
2026-03-30	205	1	3.65
2026-03-30	207	1	1.29
2026-03-30	145	0.158	22.95
2026-03-30	93	3	3
2026-03-30	194	1.964	2.75
2026-03-30	105	1.634	1.75
2026-03-30	43	3.419	1.79
2026-03-30	121	7.209	1.29
2026-03-30	54	1	2.59
2026-03-30	141	0.144	11.89
2026-03-30	197	2.809	2.25
2026-03-30	52	0.545	0.99
2026-03-30	73	2	1.49
2026-03-30	198	6.798	1.19
2026-03-30	109	0.467	2.59
2026-03-30	165	1.476	5
2026-03-30	84	4	1.59
2026-03-30	26	0.269	1.19
2026-03-30	127	1	2.49
2026-03-30	189	1	3.15
2026-03-30	52	4.01	0.99
2026-03-30	81	3	1.25
2026-03-30	27	1	2.59
2026-03-30	41	5.189	1.85
2026-03-30	28	2	2.85
2026-03-30	103	1.219	2.19
2026-03-30	132	1	1.25
2026-03-30	144	0.33	5.39
2026-03-30	146	0.377	14.39
2026-03-30	48	1	1.99
2026-03-30	153	1	1.99
2026-03-30	70	2	1.49
2026-03-30	127	1	2.49
2026-03-30	88	1.635	2.19
2026-03-30	58	1.313	2.49
2026-03-30	43	5.966	1.79
2026-03-30	114	0.633	4.5
2026-03-30	18	3.659	1.35
2026-03-30	201	0.677	1.95
2026-03-30	8	1	2.25
2026-03-30	49	1	3
2026-03-30	98	1.004	2.3
2026-03-30	161	1	1.25
2026-03-30	54	2	2.59
2026-03-30	89	4.62	0.79
2026-03-30	91	3.696	0.69
2026-03-30	204	1	3.09
2026-03-30	221	1	2.35
2026-03-30	197	0.258	2.25
2026-03-30	160	1	1.8
2026-03-30	216	1	2.79
2026-03-30	23	3	1.25
2026-03-30	227	1	1.69
2026-03-30	65	2	1.45
2026-03-30	148	0.194	5.99
2026-03-30	79	2	1.55
2026-03-30	218	5	1.39
2026-03-30	175	1	1.59
2026-03-30	136	0.236	12.95
2026-03-30	138	1.671	4.59
2026-03-30	53	1	2.59
2026-03-30	101	1.503	3
2026-03-30	149	0.347	4.99
2026-03-30	89	3.203	0.79
2026-03-30	165	0.84	5
2026-03-30	50	1	3
2026-03-30	124	4.839	1.55
2026-03-30	213	2	2.85
2026-03-30	209	2	1.19
2026-03-30	194	4.353	2.75
2026-03-30	195	5	2.25
2026-03-30	137	0.375	18.75
2026-03-30	17	1	1.69
2026-03-30	78	7	1.09
2026-03-30	92	6.135	0.89
2026-03-30	199	2.744	2.19
2026-03-30	225	1	1.65
2026-03-30	166	3	2.45
2026-03-30	9	3	0.85
2026-03-30	208	3	0.95
2026-03-30	220	1	2.75
2026-03-30	56	1	3.49
2026-03-30	142	0.331	6.95
2026-03-30	8	1	2.25
2026-03-30	19	1	2.5
2026-03-30	122	0.057	2.99
2026-03-30	71	1	1.99
2026-03-30	167	1	1.59
2026-03-30	52	14.323	0.99
2026-03-30	130	1	1.89
2026-03-30	42	2.36	1.39
2026-03-30	222	1	2.75
2026-03-30	46	0.307	3
2026-03-30	11	0.17	3.95
2026-03-30	35	1	1.35
2026-03-30	202	1	3.15
2026-03-30	250	0.264	2.39
2026-03-30	157	1	3.55
2026-03-30	159	1	1.8
2026-03-30	107	2.538	1.99
2026-03-30	152	1	1.75
2026-03-30	121	7.488	1.29
2026-03-30	130	3	1.89
2026-03-30	48	1	1.99
2026-03-30	236	1	2.95
2026-03-30	61	1	1.89
2026-03-30	214	1	2.79
2026-03-30	170	1	1.29
2026-03-30	44	2.766	1.75
2026-03-30	196	3	3.15
2026-03-30	84	1	1.59
2026-03-30	55	1	2.99
2026-03-30	3	1	1.45
2026-03-30	194	0.793	2.75
2026-03-30	247	1	1.99
2026-03-30	91	16.203	0.69
2026-03-30	248	0.008	10.95
2026-03-30	93	2	3
2026-03-30	190	4	3.15
2026-03-30	28	3	2.85
2026-03-30	80	1	2.99
2026-03-30	59	0.088	4
2026-03-30	106	0.412	1.99
2026-03-30	102	0.24	1.75
2026-03-30	110	1	3
2026-03-30	185	1	1.99
2026-03-30	108	0.191	2.35
2026-03-30	56	1	3.49
2026-03-30	167	3	1.59
2026-03-30	68	1	1.99
2026-03-30	49	1	3
2026-03-30	215	1	2.79
2026-03-30	140	0.422	12.95
2026-03-30	121	9.992	1.29
2026-03-30	100	0.387	2.69
2026-03-30	82	4	0.99
2026-03-30	117	0.504	2.5
2026-03-30	134	0.149	14.75
2026-03-30	97	0.229	1.75
2026-03-30	96	1.008	2.5
2026-03-30	143	1	2.99
2026-03-30	166	1	2.45
2026-03-30	106	1.236	1.99
2026-03-30	187	1.407	5.45
2026-03-30	12	2.924	2.25
2026-03-30	125	3	2.35
2026-03-30	133	1	1.49
2026-03-30	93	3	3
2026-03-30	71	1	1.99
2026-03-30	128	1	2.25
2026-03-30	206	1	1.95
2026-03-30	219	2	0.99
2026-03-30	190	3	3.15
2026-03-30	27	1	2.59
2026-03-30	20	1	0.99
2026-03-30	79	2	1.55
2026-03-30	66	2	1.59
2026-03-30	226	2	1.35
2026-03-30	118	0.155	4
2026-03-30	69	4	1.25
2026-03-30	158	2	2.29
2026-03-30	178	0.562	3.29
2026-03-31	35	1	1.35
2026-03-31	20	1	0.99
2026-03-31	198	3.63	1.19
2026-03-31	207	2	1.29
2026-03-31	93	2	3
2026-03-31	30	1	1.89
2026-03-31	26	0.261	1.19
2026-03-31	57	2	1.35
2026-03-31	48	1	1.99
2026-03-31	75	1	1.59
2026-03-31	11	2.066	3.95
2026-03-31	30	3	1.89
2026-03-31	149	0.365	4.99
2026-03-31	206	1	1.95
2026-03-31	43	2.179	1.79
2026-03-31	167	2	1.59
2026-03-31	196	1	3.15
2026-03-31	138	1.763	4.59
2026-03-31	124	3.981	1.55
2026-03-31	23	3	1.25
2026-03-31	92	6.551	0.89
2026-03-31	43	2.028	1.79
2026-03-31	236	1	2.95
2026-03-31	157	1	3.55
2026-03-31	133	1	1.49
2026-03-31	95	4.824	2.39
2026-03-31	66	3	1.59
2026-03-31	124	3.297	1.55
2026-03-31	213	2	2.85
2026-03-31	56	2	3.49
2026-03-31	38	3.937	1.89
2026-03-31	3	1	1.45
2026-03-31	197	1.338	2.25
2026-03-31	9	3	0.85
2026-03-31	205	1	3.65
2026-03-31	42	2.388	1.39
2026-03-31	54	2	2.59
2026-03-31	130	1	1.89
2026-03-31	1	1	1.5
2026-03-31	28	1	2.85
2026-03-31	93	3	3
2026-03-31	70	3	1.49
2026-03-31	166	1	2.45
2026-03-31	190	2	3.15
2026-03-31	103	0.356	2.19
2026-03-31	75	3	1.59
2026-03-31	89	7.418	0.79
2026-03-31	77	2	2.35
2026-03-31	18	7.674	1.35
2026-03-31	170	1	1.29
2026-03-31	142	0.364	6.95
2026-03-31	107	2.714	1.99
2026-03-31	219	2	0.99
2026-03-31	48	1	1.99
2026-03-31	158	2	2.29
2026-03-31	89	8.316	0.79
2026-03-31	84	2	1.59
2026-03-31	218	5	1.39
2026-03-31	220	1	2.75
2026-03-31	93	1	3
2026-03-31	112	2.027	2.59
2026-03-31	195	5	2.25
2026-03-31	249	1	2.29
2026-03-31	125	1	2.35
2026-03-31	93	4	3
2026-03-31	155	1	0.85
2026-03-31	89	8.797	0.79
2026-03-31	194	5.313	2.75
2026-03-31	52	2.354	0.99
2026-03-31	161	1	1.25
2026-03-31	185	2	1.99
2026-03-31	178	0.596	3.29
2026-03-31	132	1	1.25
2026-03-31	196	1	3.15
2026-03-31	199	2.922	2.19
2026-03-31	194	0.942	2.75
2026-03-31	204	1	3.09
2026-03-31	224	1	0.99
2026-03-31	197	4.444	2.25
2026-03-31	85	1	1.49
2026-03-31	101	0.767	3
2026-03-31	121	9.008	1.29
2026-03-31	44	5.971	1.75
2026-03-31	79	3	1.55
2026-03-31	46	0.313	3
2026-03-31	121	5.411	1.29
2026-03-31	194	0.807	2.75
2026-03-31	44	4.789	1.75
2026-03-31	217	1	1.59
2026-03-31	121	10.341	1.29
2026-03-31	125	3	2.35
2026-03-31	146	0.905	14.39
2026-03-31	81	5	1.25
2026-03-31	124	1.535	1.55
2026-03-31	167	2	1.59
2026-03-31	137	0.196	18.75
2026-03-31	83	2.598	2.39
2026-03-31	100	0.394	2.69
2026-03-31	162	1	1.19
2026-03-31	52	3.667	0.99
2026-03-31	94	1.835	2.85
2026-03-31	187	1.083	5.45
2026-03-31	193	4	2.5
2026-03-31	93	1	3
2026-03-31	47	0.28	3
2026-03-31	148	0.204	5.99
2026-03-31	39	2.602	3.99
2026-03-31	11	0.38	3.95
2026-03-31	250	0.285	2.39
2026-03-31	231	1	1.39
2026-03-31	190	1	3.15
2026-03-31	135	0.397	12.95
2026-03-31	121	2.31	1.29
2026-03-31	117	0.552	2.5
2026-03-31	187	0.411	5.45
2026-03-31	154	1	1.99
2026-03-31	225	1	1.65
2026-03-31	201	0.744	1.95
2026-03-31	122	0.047	2.99
2026-03-31	114	1.6	4.5
2026-03-31	40	2	1.99
2026-03-31	166	2	2.45
2026-03-31	52	6.424	0.99
2026-03-31	33	2.792	1.59
2026-03-31	99	1.284	2.99
2026-03-31	216	1	2.79
2026-03-31	140	0.45	12.95
2026-03-31	21	1	0.99
2026-03-31	8	1	2.25
2026-03-31	18	2.037	1.35
2026-03-31	73	2	1.49
2026-03-31	50	1	3
2026-03-31	141	0.151	11.89
2026-03-31	28	2	2.85
2026-03-31	127	4	2.49
2026-03-31	88	1.74	2.19
2026-03-31	76	2	0.79
2026-03-31	198	3.571	1.19
2026-03-31	105	1.697	1.75
2026-03-31	96	1.064	2.5
2026-03-31	194	0.509	2.75
2026-03-31	93	2	3
2026-03-31	49	1	3
2026-03-31	76	13	0.79
2026-03-31	28	3	2.85
2026-03-31	159	1	1.8
2026-03-31	190	2	3.15
2026-03-31	121	2.186	1.29
2026-03-31	114	1.269	4.5
2026-03-31	79	1	1.55
2026-03-31	4	5	1.05
2026-03-31	101	3.36	3
2026-03-31	118	0.165	4
2026-03-31	52	7.788	0.99
2026-03-31	27	2	2.59
2026-03-31	58	0.329	2.49
2026-03-31	91	4.464	0.69
2026-03-31	78	7	1.09
2026-03-31	38	2.116	1.89
2026-03-31	189	3	3.15
2026-03-31	41	2.524	1.85
2026-03-31	91	11.971	0.69
2026-03-31	203	1	2.89
2026-03-31	55	3	2.99
2026-03-31	221	1	2.35
2026-03-31	202	1	3.15
2026-03-31	89	3.063	0.79
2026-03-31	69	6	1.25
2026-03-31	74	1	2.35
2026-03-31	195	1	2.25
2026-03-31	33	2.497	1.59
2026-03-31	101	0.717	3
2026-03-31	19	1	2.5
2026-03-31	16	1.352	1.25
2026-03-31	109	0.506	2.59
2026-03-31	226	2	1.35
2026-03-31	113	0.022	4.25
2026-03-31	24	1.218	1.19
2026-03-31	136	0.25	12.95
2026-03-31	190	3	3.15
2026-03-31	160	1	1.8
2026-03-31	124	2.677	1.55
2026-03-31	134	0.225	14.75
2026-03-31	214	1	2.79
2026-03-31	61	1	1.89
2026-03-31	54	1	2.59
2026-03-31	248	0.009	10.95
2026-03-31	227	1	1.69
2026-03-31	110	1	3
2026-03-31	143	1	2.99
2026-03-31	187	1.206	5.45
2026-03-31	165	2.47	5
2026-03-31	91	4.754	0.69
2026-03-31	55	1	2.99
2026-03-31	137	0.201	18.75
2026-03-31	43	5.799	1.79
2026-03-31	114	1.858	4.5
2026-03-31	175	1	1.59
2026-03-31	84	3	1.59
2026-03-31	84	1	1.59
2026-03-31	211	2	1.15
2026-03-31	82	5	0.99
2026-03-31	60	1	2.75
2026-03-31	139	0.264	14.95
2026-03-31	108	0.187	2.35
2026-03-31	98	1.078	2.3
2026-03-31	106	3.161	1.99
2026-03-31	53	1	2.59
2026-03-31	58	1.068	2.49
2026-03-31	223	1	2.15
2026-03-31	94	3.018	2.85
2026-03-31	56	1	3.49
2026-03-31	106	2.608	1.99
2026-03-31	215	1	2.79
2026-03-31	72	4	0.95
2026-03-31	101	0.38	3
2026-03-31	42	3.885	1.39
2026-03-31	111	2.64	1.75
2026-03-31	134	0.325	14.75
2026-03-31	211	1	1.15
2026-03-31	59	0.098	4
2026-03-31	166	2	2.45
2026-03-31	208	3	0.95
2026-03-31	68	1	1.99
2026-03-31	41	2.995	1.85
2026-03-31	144	0.347	5.39
2026-03-31	196	1	3.15
2026-03-31	103	0.922	2.19
2026-03-31	130	3	1.89
2026-03-31	87	3	1.39
2026-03-31	247	1	1.99
2026-03-31	93	2	3
2026-03-31	114	1.109	4.5
2026-03-31	222	1	2.75
2026-03-31	56	1	3.49
2026-03-31	185	1	1.99
2026-03-31	80	1	2.99
2026-03-31	17	1	1.69
2026-03-31	145	0.169	22.95
2026-03-31	97	0.263	1.75
2026-03-31	31	0.457	5.69
2026-03-31	65	2	1.45
2026-03-31	153	1	1.99
2026-03-31	209	2	1.19
2026-03-31	61	1	1.89
2026-03-31	186	1	2.25
2026-03-31	152	1	1.75
2026-03-31	200	1	2.25
2026-03-31	128	1	2.25
2026-03-31	49	1	3
2026-03-31	114	0.953	4.5
2026-03-31	71	2	1.99
2026-03-31	8	1	2.25
2026-03-31	62	1	1.85
2026-03-31	102	0.246	1.75
2026-03-31	12	3.107	2.25
2026-04-01	166	4	2.45
2026-04-01	94	4.375	2.85
2026-04-01	83	2.289	2.39
2026-04-01	226	1	1.35
2026-04-01	196	3	3.15
2026-04-01	114	2.071	4.5
2026-04-01	73	2	1.49
2026-04-01	121	10.915	1.29
2026-04-01	194	4.047	2.75
2026-04-01	250	0.264	2.39
2026-04-01	44	1.909	1.75
2026-04-01	28	1	2.85
2026-04-01	112	1.9	2.59
2026-04-01	199	2.74	2.19
2026-04-01	218	5	1.39
2026-04-01	136	0.235	12.95
2026-04-01	158	1	2.29
2026-04-01	165	2.32	5
2026-04-01	61	1	1.89
2026-04-01	185	2	1.99
2026-04-01	99	0.331	2.99
2026-04-01	146	0.047	14.39
2026-04-01	84	1	1.59
2026-04-01	185	1	1.99
2026-04-01	91	18.391	0.69
2026-04-01	93	4	3
2026-04-01	127	4	2.49
2026-04-01	23	3	1.25
2026-04-01	124	2.548	1.55
2026-04-01	76	12	0.79
2026-04-01	121	7.62	1.29
2026-04-01	69	6	1.25
2026-04-01	95	2.523	2.39
2026-04-01	209	1	1.19
2026-04-01	52	1.808	0.99
2026-04-01	141	0.144	11.89
2026-04-01	56	1	3.49
2026-04-01	82	4	0.99
2026-04-01	114	2.276	4.5
2026-04-01	167	1	1.59
2026-04-01	224	2	0.99
2026-04-01	42	5.705	1.39
2026-04-01	137	0.321	18.75
2026-04-01	138	1.671	4.59
2026-04-01	137	0.056	18.75
2026-04-01	166	1	2.45
2026-04-01	84	2	1.59
2026-04-01	122	0.057	2.99
2026-04-01	89	4.051	0.79
2026-04-01	167	3	1.59
2026-04-01	146	0.66	14.39
2026-04-01	57	1	1.35
2026-04-01	190	1	3.15
2026-04-01	105	1.629	1.75
2026-04-01	75	3	1.59
2026-04-01	59	0.087	4
2026-04-01	93	1	3
2026-04-01	155	2	0.85
2026-04-01	190	1	3.15
2026-04-01	113	0.021	4.25
2026-04-01	219	2	0.99
2026-04-01	24	1.151	1.19
2026-04-01	118	0.155	4
2026-04-01	103	1.224	2.19
2026-04-01	21	2	0.99
2026-04-01	55	3	2.99
2026-04-01	149	0.345	4.99
2026-04-01	18	1.933	1.35
2026-04-01	145	0.115	22.95
2026-04-01	107	2.533	1.99
2026-04-01	70	2	1.49
2026-04-01	211	2	1.15
2026-04-01	26	0.269	1.19
2026-04-01	55	1	2.99
2026-04-01	201	0.677	1.95
2026-04-01	125	3	2.35
2026-04-01	35	1	1.35
2026-04-01	79	4	1.55
2026-04-01	101	4.68	3
2026-04-01	91	1.507	0.69
2026-04-01	193	4	2.5
2026-04-01	111	2.474	1.75
2026-04-01	72	4	0.95
2026-04-01	44	8.2	1.75
2026-04-01	189	1	3.15
2026-04-01	93	3	3
2026-04-01	89	5.595	0.79
2026-04-01	96	1.008	2.5
2026-04-01	52	12.081	0.99
2026-04-01	30	3	1.89
2026-04-01	197	1.2	2.25
2026-04-01	70	1	1.49
2026-04-01	108	0.191	2.35
2026-04-01	66	2	1.59
2026-04-01	130	1	1.89
2026-04-01	213	1	2.85
2026-04-01	102	0.24	1.75
2026-04-01	88	1.635	2.19
2026-04-01	93	1	3
2026-04-01	95	2	2.39
2026-04-01	71	1	1.99
2026-04-01	65	2	1.45
2026-04-01	98	1.009	2.3
2026-04-01	85	1	1.49
2026-04-01	12	2.916	2.25
2026-04-01	43	7.184	1.79
2026-04-01	9	3	0.85
2026-04-01	56	1	3.49
2026-04-01	190	2	3.15
2026-04-01	140	0.423	12.95
2026-04-01	207	1	1.29
2026-04-01	4	4	1.05
2026-04-01	89	4.013	0.79
2026-04-01	142	0.331	6.95
2026-04-01	53	1	2.59
2026-04-01	178	0.562	3.29
2026-04-01	135	0.373	12.95
2026-04-01	187	2.138	5.45
2026-04-01	47	0.273	3
2026-04-01	134	0.064	14.75
2026-04-01	121	7.163	1.29
2026-04-01	145	0.043	22.95
2026-04-01	92	6.124	0.89
2026-04-01	39	2.346	3.99
2026-04-01	58	1.189	2.49
2026-04-01	134	0.456	14.75
2026-04-01	66	1	1.59
2026-04-01	194	3.047	2.75
2026-04-01	187	0.394	5.45
2026-04-01	81	4	1.25
2026-04-01	46	0.307	3
2026-04-01	93	1	3
2026-04-01	100	0.387	2.69
2026-04-01	124	8.265	1.55
2026-04-01	198	6.798	1.19
2026-04-01	38	4.413	1.89
2026-04-01	87	3	1.39
2026-04-01	18	7.193	1.35
2026-04-01	208	3	0.95
2026-04-01	54	1	2.59
2026-04-01	89	12.278	0.79
2026-04-01	197	4.218	2.25
2026-04-01	31	0.429	5.69
2026-04-01	33	4.994	1.59
2026-04-01	16	1.288	1.25
2026-04-01	109	0.467	2.59
2026-04-01	41	1.519	1.85
2026-04-01	207	1	1.29
2026-04-01	139	0.247	14.95
2026-04-01	40	2	1.99
2026-04-01	114	1.644	4.5
2026-04-01	146	0.158	14.39
2026-04-01	144	0.332	5.39
2026-04-01	248	0.008	10.95
2026-04-01	97	0.229	1.75
2026-04-01	41	3.681	1.85
2026-04-01	99	0.883	2.99
2026-04-01	38	1.259	1.89
2026-04-01	28	4	2.85
2026-04-01	195	1	2.25
2026-04-01	114	0.358	4.5
2026-04-01	52	2.566	0.99
2026-04-01	54	2	2.59
2026-04-01	158	1	2.29
2026-04-01	214	1	2.79
2026-04-01	117	0.504	2.5
2026-04-01	148	0.194	5.99
2026-04-01	77	1	2.35
2026-04-01	11	2.291	3.95
2026-04-01	106	5.402	1.99
2026-04-01	121	1.845	1.29
2026-04-01	78	8	1.09
2026-04-01	43	2.196	1.79
2026-04-01	76	2	0.79
2026-04-01	101	0.2	3
2026-04-01	130	3	1.89
2026-04-01	61	1	1.89
2026-04-01	84	2	1.59
2026-04-01	52	2.424	0.99
2026-04-02	4	2	1.05
2026-04-02	208	1	0.95
2026-04-02	83	2.289	2.39
2026-04-02	8	1	2.25
2026-04-02	59	0.092	4
2026-04-02	43	1.648	1.79
2026-04-02	40	1	1.99
2026-04-02	49	1	3
2026-04-02	114	3.236	4.5
2026-04-02	102	0.251	1.75
2026-04-02	54	2	2.59
2026-04-02	51	0.095	2
2026-04-02	194	4.164	2.75
2026-04-02	125	2	2.35
2026-04-02	213	1	2.85
2026-04-02	12	1.724	2.25
2026-04-02	140	0.446	12.95
2026-04-02	8	1	2.25
2026-04-02	127	1	2.49
2026-04-02	83	0.331	2.39
2026-04-02	121	3.721	1.29
2026-04-02	77	1	2.35
2026-04-02	69	6	1.25
2026-04-02	190	3	3.15
2026-04-02	92	6.472	0.89
2026-04-02	114	1.262	4.5
2026-04-02	127	1	2.49
2026-04-02	31	0.452	5.69
2026-04-02	207	1	1.29
2026-04-02	28	4	2.85
2026-04-02	43	1	1.79
2026-04-02	42	3.41	1.39
2026-04-02	89	6.911	0.79
2026-04-02	44	3.429	1.75
2026-04-02	139	0.119	14.95
2026-04-02	87	3	1.39
2026-04-02	144	0.349	5.39
2026-04-02	16	1.36	1.25
2026-04-02	35	1	1.35
2026-04-02	145	0.167	22.95
2026-04-02	130	1	1.89
2026-04-02	89	2.924	0.79
2026-04-02	121	6.163	1.29
2026-04-02	226	2	1.35
2026-04-02	96	1.064	2.5
2026-04-02	209	1	1.19
2026-04-02	24	1.21	1.19
2026-04-02	166	3	2.45
2026-04-02	167	3	1.59
2026-04-02	73	2	1.49
2026-04-02	9	4	0.85
2026-04-02	190	1	3.15
2026-04-02	93	2	3
2026-04-02	55	3	2.99
2026-04-02	52	3.859	0.99
2026-04-02	146	0.662	14.39
2026-04-02	57	1	1.35
2026-04-02	190	3	3.15
2026-04-02	84	5	1.59
2026-04-02	198	1.992	1.19
2026-04-02	146	0.251	14.39
2026-04-02	94	1.572	2.85
2026-04-02	138	0.991	4.59
2026-04-02	155	1	0.85
2026-04-02	98	1.065	2.3
2026-04-02	47	0.287	3
2026-04-02	12	1.356	2.25
2026-04-02	135	0.225	12.95
2026-04-02	11	0.585	3.95
2026-04-02	165	0.312	5
2026-04-02	167	1	1.59
2026-04-02	94	3.228	2.85
2026-04-02	52	5.919	0.99
2026-04-02	124	1.277	1.55
2026-04-02	93	1	3
2026-04-02	41	4.454	1.85
2026-04-02	61	1	1.89
2026-04-02	41	1.027	1.85
2026-04-02	113	0.021	4.25
2026-04-02	137	0.238	18.75
2026-04-02	54	1	2.59
2026-04-02	52	10.172	0.99
2026-04-02	75	3	1.59
2026-04-02	30	1	1.89
2026-04-02	121	2.271	1.29
2026-04-02	195	2	2.25
2026-04-02	26	0.277	1.19
2026-04-02	194	3.342	2.75
2026-04-02	111	2.611	1.75
2026-04-02	122	0.06	2.99
2026-04-02	18	8.659	1.35
2026-04-02	195	3	2.25
2026-04-02	190	1	3.15
2026-04-02	218	2	1.39
2026-04-02	130	3	1.89
2026-04-02	218	3	1.39
2026-04-02	148	0.204	5.99
2026-04-02	117	0.532	2.5
2026-04-02	121	2.558	1.29
2026-04-02	127	2	2.49
2026-04-02	75	1	1.59
2026-04-02	248	0.008	10.95
2026-04-02	72	5	0.95
2026-04-02	91	5.333	0.69
2026-04-02	219	2	0.99
2026-04-02	250	0.28	2.39
2026-04-02	195	1	2.25
2026-04-02	139	0.142	14.95
2026-04-02	76	13	0.79
2026-04-02	38	1.566	1.89
2026-04-02	39	2.589	3.99
2026-04-02	105	1.714	1.75
2026-04-02	121	7.016	1.29
2026-04-02	82	5	0.99
2026-04-02	178	0.593	3.29
2026-04-02	23	3	1.25
2026-04-02	65	2	1.45
2026-04-02	66	3	1.59
2026-04-02	79	4	1.55
2026-04-02	56	1	3.49
2026-04-02	18	0.97	1.35
2026-04-02	44	7.24	1.75
2026-04-02	108	0.2	2.35
2026-04-02	109	0.494	2.59
2026-04-02	198	5.185	1.19
2026-04-02	95	4.782	2.39
2026-04-02	197	3.218	2.25
2026-04-02	166	1	2.45
2026-04-02	136	0.249	12.95
2026-04-02	93	4	3
2026-04-02	21	2	0.99
2026-04-02	93	3	3
2026-04-02	53	1	2.59
2026-04-02	211	1	1.15
2026-04-02	124	3.852	1.55
2026-04-02	138	0.773	4.59
2026-04-02	107	1.09	1.99
2026-04-02	149	0.365	4.99
2026-04-02	61	1	1.89
2026-04-02	81	1	1.25
2026-04-02	224	2	0.99
2026-04-02	100	0.409	2.69
2026-04-02	71	1	1.99
2026-04-02	81	2	1.25
2026-04-02	208	2	0.95
2026-04-02	58	1.394	2.49
2026-04-02	89	12.253	0.79
2026-04-02	84	1	1.59
2026-04-02	33	5.27	1.59
2026-04-02	78	4	1.09
2026-04-02	166	1	2.45
2026-04-02	11	1.833	3.95
2026-04-02	199	2.89	2.19
2026-04-02	99	1.284	2.99
2026-04-02	112	2.008	2.59
2026-04-02	38	4.423	1.89
2026-04-02	142	0.348	6.95
2026-04-02	49	1	3
2026-04-02	81	2	1.25
2026-04-02	165	2.136	5
2026-04-02	106	3.975	1.99
2026-04-02	93	2	3
2026-04-02	187	0.978	5.45
2026-04-02	56	1	3.49
2026-04-02	89	5.304	0.79
2026-04-02	88	1.484	2.19
2026-04-02	93	1	3
2026-04-02	28	1	2.85
2026-04-02	107	1.578	1.99
2026-04-02	158	1	2.29
2026-04-02	211	2	1.15
2026-04-02	187	1.611	5.45
2026-04-02	97	0.24	1.75
2026-04-02	93	2	3
2026-04-02	103	1.297	2.19
2026-04-02	78	3	1.09
2026-04-02	125	1	2.35
2026-04-02	85	1	1.49
2026-04-02	42	2.82	1.39
2026-04-02	43	7.251	1.79
2026-04-02	70	3	1.49
2026-04-02	141	0.151	11.89
2026-04-02	137	0.159	18.75
2026-04-02	185	1	1.99
2026-04-02	46	0.323	3
2026-04-02	28	1	2.85
2026-04-02	30	3	1.89
2026-04-02	196	3	3.15
2026-04-02	124	4.884	1.55
2026-04-02	134	0.549	14.75
2026-04-02	189	2	3.15
2026-04-02	101	1.05	3
2026-04-02	4	3	1.05
2026-04-02	185	2	1.99
2026-04-02	88	0.242	2.19
2026-04-02	124	1.394	1.55
2026-04-02	40	1	1.99
2026-04-02	118	0.165	4
2026-04-02	114	1.504	4.5
2026-04-02	193	4	2.5
2026-04-02	201	0.713	1.95
2026-04-02	121	7.341	1.29
2026-04-02	135	0.168	12.95
2026-04-02	197	2.507	2.25
2026-04-02	106	1.729	1.99
2026-04-02	214	1	2.79
2026-04-02	101	4.103	3
2026-04-02	114	0.7	4.5
2026-04-02	91	15.667	0.69
2026-04-02	55	1	2.99
2026-04-03	214	1	2.79
2026-04-03	149	0.441	4.99
2026-04-03	38	7.085	1.89
2026-04-03	48	1	1.99
2026-04-03	195	2	2.25
2026-04-03	194	0.975	2.75
2026-04-03	70	3	1.49
2026-04-03	82	6	0.99
2026-04-03	93	2	3
2026-04-03	43	4.715	1.79
2026-04-03	101	2.763	3
2026-04-03	158	1	2.29
2026-04-03	195	4	2.25
2026-04-03	136	0.301	12.95
2026-04-03	100	0.494	2.69
2026-04-03	197	1.2	2.25
2026-04-03	137	0.307	18.75
2026-04-03	135	0.476	12.95
2026-04-03	57	1	1.35
2026-04-03	97	0.291	1.75
2026-04-03	79	5	1.55
2026-04-03	102	0.303	1.75
2026-04-03	43	7.274	1.79
2026-04-03	165	0.634	5
2026-04-03	198	1.185	1.19
2026-04-03	40	2	1.99
2026-04-03	114	1.056	4.5
2026-04-03	76	11	0.79
2026-04-03	77	1	2.35
2026-04-03	166	3	2.45
2026-04-03	27	1	2.59
2026-04-03	224	1	0.99
2026-04-03	11	1.276	3.95
2026-04-03	55	2	2.99
2026-04-03	190	2	3.15
2026-04-03	114	2.884	4.5
2026-04-03	12	2.964	2.25
2026-04-03	130	4	1.89
2026-04-03	114	0.78	4.5
2026-04-03	199	0.557	2.19
2026-04-03	65	2	1.45
2026-04-03	18	4.985	1.35
2026-04-03	114	1.438	4.5
2026-04-03	189	2	3.15
2026-04-03	148	0.247	5.99
2026-04-03	146	0.491	14.39
2026-04-03	76	7	0.79
2026-04-03	117	0.644	2.5
2026-04-03	165	1.72	5
2026-04-03	58	1.667	2.49
2026-04-03	28	1	2.85
2026-04-03	78	8	1.09
2026-04-03	138	1.586	4.59
2026-04-03	92	7.831	0.89
2026-04-03	95	4.833	2.39
2026-04-03	66	3	1.59
2026-04-03	124	7.045	1.55
2026-04-03	96	1.288	2.5
2026-04-03	89	6.19	0.79
2026-04-03	85	1	1.49
2026-04-03	197	3.591	2.25
2026-04-03	195	1	2.25
2026-04-03	59	0.112	4
2026-04-03	91	12.565	0.69
2026-04-03	93	1	3
2026-04-03	213	1	2.85
2026-04-03	87	1	1.39
2026-04-03	248	0.01	10.95
2026-04-03	73	2	1.49
2026-04-03	8	1	2.25
2026-04-03	130	1	1.89
2026-04-03	52	11.02	0.99
2026-04-03	44	2.32	1.75
2026-04-03	199	1.895	2.19
2026-04-03	103	1.566	2.19
2026-04-03	72	5	0.95
2026-04-03	42	4.64	1.39
2026-04-03	53	1	2.59
2026-04-03	106	3.93	1.99
2026-04-03	138	0.549	4.59
2026-04-03	18	6.674	1.35
2026-04-03	134	0.524	14.75
2026-04-03	121	4.357	1.29
2026-04-03	189	2	3.15
2026-04-03	54	1	2.59
2026-04-03	105	2.08	1.75
2026-04-03	196	1	3.15
2026-04-03	194	3.796	2.75
2026-04-03	21	1	0.99
2026-04-03	101	2.35	3
2026-04-03	125	4	2.35
2026-04-03	121	8.984	1.29
2026-04-03	93	4	3
2026-04-03	89	14.582	0.79
2026-04-03	197	2.133	2.25
2026-04-03	41	5.351	1.85
2026-04-03	93	4	3
2026-04-03	11	1.086	3.95
2026-04-03	28	1	2.85
2026-04-03	109	0.598	2.59
2026-04-03	93	1	3
2026-04-03	55	2	2.99
2026-04-03	214	1	2.79
2026-04-03	114	1.369	4.5
2026-04-03	194	1.684	2.75
2026-04-03	139	0.316	14.95
2026-04-03	35	1	1.35
2026-04-03	30	4	1.89
2026-04-03	39	1.742	3.99
2026-04-03	42	2.899	1.39
2026-04-03	113	0.026	4.25
2026-04-03	121	6.845	1.29
2026-04-03	26	0.336	1.19
2026-04-03	31	0.547	5.69
2026-04-03	213	1	2.85
2026-04-03	61	1	1.89
2026-04-03	40	1	1.99
2026-04-03	124	6.768	1.55
2026-04-03	107	3.231	1.99
2026-04-03	127	1	2.49
2026-04-03	209	1	1.19
2026-04-03	190	3	3.15
2026-04-03	47	0.347	3
2026-04-03	68	1	1.99
2026-04-03	211	1	1.15
2026-04-03	190	3	3.15
2026-04-03	46	0.39	3
2026-04-03	193	3	2.5
2026-04-03	16	1.64	1.25
2026-04-03	134	0.14	14.75
2026-04-03	108	0.247	2.35
2026-04-03	194	2.629	2.75
2026-04-03	207	1	1.29
2026-04-03	190	1	3.15
2026-04-03	81	2	1.25
2026-04-03	141	0.173	11.89
2026-04-03	91	3.507	0.69
2026-04-03	208	3	0.95
2026-04-03	187	1.756	5.45
2026-04-03	4	6	1.05
2026-04-03	44	3.251	1.75
2026-04-03	83	3.096	2.39
2026-04-03	199	1.05	2.19
2026-04-03	93	2	3
2026-04-03	24	1.471	1.19
2026-04-03	89	12.392	0.79
2026-04-03	12	0.764	2.25
2026-04-03	142	0.422	6.95
2026-04-03	178	0.717	3.29
2026-04-03	211	2	1.15
2026-04-03	71	1	1.99
2026-04-03	99	1.552	2.99
2026-04-03	33	1.604	1.59
2026-04-03	33	4.78	1.59
2026-04-03	146	0.614	14.39
2026-04-03	167	1	1.59
2026-04-03	196	3	3.15
2026-04-03	91	9.348	0.69
2026-04-03	201	0.862	1.95
2026-04-03	185	1	1.99
2026-04-03	56	2	3.49
2026-04-03	145	0.202	22.95
2026-04-03	114	0.587	4.5
2026-04-03	137	0.175	18.75
2026-04-03	56	2	3.49
2026-04-03	11	0.565	3.95
2026-04-03	121	7.581	1.29
2026-04-03	198	5.681	1.19
2026-04-03	111	3.16	1.75
2026-04-03	53	1	2.59
2026-04-03	140	0.541	12.95
2026-04-03	94	0.968	2.85
2026-04-03	118	0.198	4
2026-04-03	81	1	1.25
2026-04-03	187	0.112	5.45
2026-04-03	166	3	2.45
2026-04-03	81	3	1.25
2026-04-03	75	1	1.59
2026-04-03	227	1	1.69
2026-04-03	144	0.423	5.39
2026-04-03	112	2.429	2.59
2026-04-03	28	1	2.85
2026-04-03	218	6	1.39
2026-04-03	106	2.975	1.99
2026-04-03	75	3	1.59
2026-04-03	9	4	0.85
2026-04-03	41	1.297	1.85
2026-04-03	165	0.612	5
2026-04-03	85	1	1.49
2026-04-03	23	1	1.25
2026-04-03	101	1.123	3
2026-04-03	98	1.287	2.3
2026-04-03	219	2	0.99
2026-04-03	155	1	0.85
2026-04-03	121	4.279	1.29
2026-04-03	69	7	1.25
2026-04-03	88	2.087	2.19
2026-04-03	95	0.954	2.39
2026-04-03	49	1	3
2026-04-03	84	1	1.59
2026-04-03	226	2	1.35
2026-04-03	94	4.846	2.85
2026-04-03	121	3.147	1.29
2026-04-03	122	0.07	2.99
2026-04-03	250	0.339	2.39
2026-04-03	198	1.824	1.19
2026-04-03	44	7.343	1.75
2026-04-03	167	4	1.59
2026-04-03	52	12.889	0.99
2026-04-03	39	1.393	3.99
2026-04-03	78	1	1.09
2026-04-03	93	1	3
2026-04-03	187	1.369	5.45
2026-04-04	11	0.306	3.95
2026-04-04	114	2.347	4.5
2026-04-04	127	4	2.49
2026-04-04	114	2.204	4.5
2026-04-04	194	1.102	2.75
2026-04-04	41	5.205	1.85
2026-04-04	69	1	1.25
2026-04-04	227	1	1.69
2026-04-04	89	14.937	0.79
2026-04-04	94	1.439	2.85
2026-04-04	114	0.322	4.5
2026-04-04	89	6.57	0.79
2026-04-04	146	0.176	14.39
2026-04-04	93	3	3
2026-04-04	4	4	1.05
2026-04-04	213	1	2.85
2026-04-04	43	4.777	1.79
2026-04-04	8	1	2.25
2026-04-04	106	1.96	1.99
2026-04-04	121	6.62	1.29
2026-04-04	44	0.966	1.75
2026-04-04	79	5	1.55
2026-04-04	103	1.689	2.19
2026-04-04	101	3.287	3
2026-04-04	68	1	1.99
2026-04-04	194	3.825	2.75
2026-04-04	75	4	1.59
2026-04-04	91	9.58	0.69
2026-04-04	218	1	1.39
2026-04-04	56	1	3.49
2026-04-04	72	6	0.95
2026-04-04	59	0.13	4
2026-04-04	213	1	2.85
2026-04-04	102	0.36	1.75
2026-04-04	219	1	0.99
2026-04-04	56	1	3.49
2026-04-04	95	4.992	2.39
2026-04-04	69	6	1.25
2026-04-04	61	1	1.89
2026-04-04	84	2	1.59
2026-04-04	198	5.63	1.19
2026-04-04	155	3	0.85
2026-04-04	141	0.215	11.89
2026-04-04	44	3.851	1.75
2026-04-04	162	1	1.19
2026-04-04	66	1	1.59
2026-04-04	89	17.418	0.79
2026-04-04	138	2.508	4.59
2026-04-04	121	10.946	1.29
2026-04-04	211	2	1.15
2026-04-04	33	0.805	1.59
2026-04-04	43	5.184	1.79
2026-04-04	135	0.561	12.95
2026-04-04	111	3.714	1.75
2026-04-04	196	1	3.15
2026-04-04	18	3.644	1.35
2026-04-04	118	0.233	4
2026-04-04	121	3.124	1.29
2026-04-04	92	3.82	0.89
2026-04-04	109	0.703	2.59
2026-04-04	209	1	1.19
2026-04-04	16	1.928	1.25
2026-04-04	124	3.781	1.55
2026-04-04	167	1	1.59
2026-04-04	54	1	2.59
2026-04-04	52	6.404	0.99
2026-04-04	224	1	0.99
2026-04-04	105	2.44	1.75
2026-04-04	158	1	2.29
2026-04-04	165	2.372	5
2026-04-04	42	1.54	1.39
2026-04-04	28	1	2.85
2026-04-04	76	1	0.79
2026-04-04	187	0.413	5.45
2026-04-04	189	2	3.15
2026-04-04	144	0.495	5.39
2026-04-04	73	2	1.49
2026-04-04	134	0.78	14.75
2026-04-04	124	2.432	1.55
2026-04-04	149	0.519	4.99
2026-04-04	190	1	3.15
2026-04-04	18	10.052	1.35
2026-04-04	44	7.714	1.75
2026-04-04	68	1	1.99
2026-04-04	194	1.582	2.75
2026-04-04	57	1	1.35
2026-04-04	194	1.516	2.75
2026-04-04	70	1	1.49
2026-04-04	199	4.114	2.19
2026-04-04	139	0.312	14.95
2026-04-04	44	2.629	1.75
2026-04-04	193	2	2.5
2026-04-04	127	2	2.49
2026-04-04	35	1	1.35
2026-04-04	197	3.427	2.25
2026-04-04	71	1	1.99
2026-04-04	190	3	3.15
2026-04-04	189	1	3.15
2026-04-04	122	0.084	2.99
2026-04-04	98	0.996	2.3
2026-04-04	46	0.457	3
2026-04-04	38	4.508	1.89
2026-04-04	28	1	2.85
2026-04-04	197	1.938	2.25
2026-04-04	42	1.928	1.39
2026-04-04	27	1	2.59
2026-04-04	189	1	3.15
2026-04-04	91	7.696	0.69
2026-04-04	201	1.015	1.95
2026-04-04	124	7.077	1.55
2026-04-04	58	1.98	2.49
2026-04-04	93	3	3
2026-04-04	55	1	2.99
2026-04-04	39	2.596	3.99
2026-04-04	113	0.031	4.25
2026-04-04	31	0.643	5.69
2026-04-04	190	1	3.15
2026-04-04	99	1.823	2.99
2026-04-04	158	1	2.29
2026-04-04	75	1	1.59
2026-04-04	77	1	2.35
2026-04-04	39	1.085	3.99
2026-04-04	146	0.158	14.39
2026-04-04	196	2	3.15
2026-04-04	30	2	1.89
2026-04-04	198	4.58	1.19
2026-04-04	24	1.723	1.19
2026-04-04	85	1	1.49
2026-04-04	93	3	3
2026-04-04	248	0.012	10.95
2026-04-04	12	2.124	2.25
2026-04-04	30	3	1.89
2026-04-04	23	1	1.25
2026-04-04	106	1.07	1.99
2026-04-04	96	1.512	2.5
2026-04-04	78	10	1.09
2026-04-04	208	4	0.95
2026-04-04	21	1	0.99
2026-04-04	140	0.634	12.95
2026-04-04	82	4	0.99
2026-04-04	52	10.515	0.99
2026-04-04	53	1	2.59
2026-04-04	12	2.253	2.25
2026-04-04	137	0.565	18.75
2026-04-04	218	6	1.39
2026-04-04	8	1	2.25
2026-04-04	190	2	3.15
2026-04-04	101	2.387	3
2026-04-04	209	1	1.19
2026-04-04	227	1	1.69
2026-04-04	26	0.395	1.19
2026-04-04	112	2.853	2.59
2026-04-04	124	2.935	1.55
2026-04-04	153	1	1.99
2026-04-04	114	2.824	4.5
2026-04-04	121	2.364	1.29
2026-04-04	195	3	2.25
2026-04-04	189	1	3.15
2026-04-04	71	1	1.99
2026-04-04	91	12.565	0.69
2026-04-04	48	1	1.99
2026-04-04	95	1.799	2.39
2026-04-04	142	0.495	6.95
2026-04-04	187	2.33	5.45
2026-04-04	130	1	1.89
2026-04-04	146	0.964	14.39
2026-04-04	166	1	2.45
2026-04-04	55	1	2.99
2026-04-04	49	1	3
2026-04-04	187	1.055	5.45
2026-04-04	4	3	1.05
2026-04-04	136	0.353	12.95
2026-04-04	194	1.425	2.75
2026-04-04	196	2	3.15
2026-04-04	52	3.596	0.99
2026-04-04	93	1	3
2026-04-04	38	4.005	1.89
2026-04-04	94	2.389	2.85
2026-04-04	93	2	3
2026-04-04	54	1	2.59
2026-04-04	81	3	1.25
2026-04-04	33	6.686	1.59
2026-04-04	108	0.289	2.35
2026-04-04	185	2	1.99
2026-04-04	100	0.58	2.69
2026-04-04	83	3.569	2.39
2026-04-04	226	1	1.35
2026-04-04	93	2	3
2026-04-04	106	1.191	1.99
2026-04-04	117	0.756	2.5
2026-04-04	190	1	3.15
2026-04-04	145	0.237	22.95
2026-04-04	213	1	2.85
2026-04-04	229	1	1.89
2026-04-04	207	1	1.29
2026-04-04	107	3.794	1.99
2026-04-04	43	1.335	1.79
2026-04-04	121	6.969	1.29
2026-04-04	56	3	3.49
2026-04-04	52	7.616	0.99
2026-04-04	77	1	2.35
2026-04-04	9	3	0.85
2026-04-04	65	1	1.45
2026-04-04	94	2.996	2.85
2026-04-04	114	1.313	4.5
2026-04-04	194	1.207	2.75
2026-04-04	106	3.884	1.99
2026-04-04	87	3	1.39
2026-04-04	76	9	0.79
2026-04-04	139	0.06	14.95
2026-04-04	88	2.452	2.19
2026-04-04	148	0.29	5.99
2026-04-04	101	1.65	3
2026-04-04	42	5.388	1.39
2026-04-04	76	11	0.79
2026-04-04	193	4	2.5
2026-04-04	197	2.769	2.25
2026-04-04	73	1	1.49
2026-04-04	43	0.62	1.79
2026-04-04	43	2.156	1.79
2026-04-04	185	1	1.99
2026-04-04	84	6	1.59
2026-04-04	250	0.397	2.39
2026-04-04	28	2	2.85
2026-04-04	93	5	3
2026-04-04	98	0.513	2.3
2026-04-04	77	1	2.35
2026-04-04	41	2.595	1.85
2026-04-04	27	1	2.59
2026-04-04	114	0.513	4.5
2026-04-04	40	1	1.99
2026-04-04	97	0.343	1.75
2026-04-04	125	4	2.35
2026-04-04	165	1.108	5
2026-04-04	93	2	3
2026-04-04	214	1	2.79
2026-04-04	11	3.129	3.95
2026-04-04	92	5.36	0.89
2026-04-04	158	1	2.29
2026-04-04	47	0.41	3
2026-04-04	178	0.845	3.29
2026-04-04	195	3	2.25
2026-04-04	166	1	2.45
2026-04-04	121	11.287	1.29
2026-04-04	185	1	1.99
2026-04-04	125	1	2.35
2026-04-06	193	3	2.5
2026-04-06	53	1	2.59
2026-04-06	122	0.05	2.99
2026-04-06	82	4	0.99
2026-04-06	114	2.64	4.5
2026-04-06	130	3	1.89
2026-04-06	187	0.233	5.45
2026-04-06	94	0.821	2.85
2026-04-06	84	5	1.59
2026-04-06	196	1	3.15
2026-04-06	121	3.93	1.29
2026-04-06	138	1.002	4.59
2026-04-06	112	1.39	2.59
2026-04-06	167	3	1.59
2026-04-06	12	1.28	2.25
2026-04-06	93	1	3
2026-04-06	38	3.323	1.89
2026-04-06	70	2	1.49
2026-04-06	224	1	0.99
2026-04-06	218	4	1.39
2026-04-06	125	3	2.35
2026-04-06	92	5.449	0.89
2026-04-06	136	0.208	12.95
2026-04-06	33	2.44	1.59
2026-04-06	195	1	2.25
2026-04-06	195	4	2.25
2026-04-06	4	4	1.05
2026-04-06	41	3.627	1.85
2026-04-06	113	0.019	4.25
2026-04-06	69	5	1.25
2026-04-06	153	1	1.99
2026-04-06	11	0.944	3.95
2026-04-06	12	1.316	2.25
2026-04-06	38	1.714	1.89
2026-04-06	46	0.27	3
2026-04-06	194	3.458	2.75
2026-04-06	93	5	3
2026-04-06	43	3.648	1.79
2026-04-06	127	1	2.49
2026-04-06	93	3	3
2026-04-06	121	2.953	1.29
2026-04-06	100	0.342	2.69
2026-04-06	76	9	0.79
2026-04-06	87	3	1.39
2026-04-06	91	8.797	0.69
2026-04-06	101	4.21	3
2026-04-06	148	0.172	5.99
2026-04-06	213	2	2.85
2026-04-06	209	1	1.19
2026-04-06	30	3	1.89
2026-04-06	194	2.862	2.75
2026-04-06	95	1.264	2.39
2026-04-06	73	2	1.49
2026-04-06	61	1	1.89
2026-04-06	11	1.091	3.95
2026-04-06	94	1.909	2.85
2026-04-06	88	1.452	2.19
2026-04-06	112	0.301	2.59
2026-04-06	107	2.251	1.99
2026-04-06	190	1	3.15
2026-04-06	102	0.211	1.75
2026-04-06	158	1	2.29
2026-04-06	103	1.087	2.19
2026-04-06	48	1	1.99
2026-04-06	40	2	1.99
2026-04-06	121	3.023	1.29
2026-04-06	23	1	1.25
2026-04-06	89	4.987	0.79
2026-04-06	105	1.446	1.75
2026-04-06	145	0.14	22.95
2026-04-06	68	1	1.99
2026-04-06	81	4	1.25
2026-04-06	33	1.975	1.59
2026-04-06	134	0.462	14.75
2026-04-06	58	1.173	2.49
2026-04-06	121	9.178	1.29
2026-04-06	52	7.737	0.99
2026-04-06	199	1.269	2.19
2026-04-06	118	0.138	4
2026-04-06	248	0.007	10.95
2026-04-06	91	1.754	0.69
2026-04-06	250	0.234	2.39
2026-04-06	108	0.17	2.35
2026-04-06	165	2.002	5
2026-04-06	127	3	2.49
2026-04-06	77	1	2.35
2026-04-06	52	9.061	0.99
2026-04-06	55	1	2.99
2026-04-06	44	7.92	1.75
2026-04-06	83	2.205	2.39
2026-04-06	93	1	3
2026-04-06	197	4.818	2.25
2026-04-06	146	0.477	14.39
2026-04-06	196	2	3.15
2026-04-06	44	1.063	1.75
2026-04-06	189	2	3.15
2026-04-06	28	2	2.85
2026-04-06	27	1	2.59
2026-04-06	211	2	1.15
2026-04-06	89	12.114	0.79
2026-04-06	79	4	1.55
2026-04-06	39	1.115	3.99
2026-04-06	121	5.395	1.29
2026-04-06	91	7.116	0.69
2026-04-06	178	0.498	3.29
2026-04-06	65	2	1.45
2026-04-06	166	4	2.45
2026-04-06	89	5.962	0.79
2026-04-06	199	1.164	2.19
2026-04-06	141	0.128	11.89
2026-04-06	96	0.896	2.5
2026-04-06	187	2.018	5.45
2026-04-06	149	0.307	4.99
2026-04-06	209	1	1.19
2026-04-06	193	1	2.5
2026-04-06	106	4.804	1.99
2026-04-06	208	2	0.95
2026-04-06	135	0.331	12.95
2026-04-06	198	6.05	1.19
2026-04-06	99	1.08	2.99
2026-04-06	39	1.068	3.99
2026-04-06	226	1	1.35
2026-04-06	54	2	2.59
2026-04-06	18	1.356	1.35
2026-04-06	189	1	3.15
2026-04-06	59	0.078	4
2026-04-06	56	2	3.49
2026-04-06	139	0.22	14.95
2026-04-06	66	2	1.59
2026-04-06	162	1	1.19
2026-04-06	24	1.025	1.19
2026-04-06	219	2	0.99
2026-04-06	76	3	0.79
2026-04-06	49	1	3
2026-04-06	47	0.243	3
2026-04-06	95	2.757	2.39
2026-04-06	97	0.206	1.75
2026-04-06	201	0.6	1.95
2026-04-06	144	0.295	5.39
2026-04-06	8	1	2.25
2026-04-06	158	1	2.29
2026-04-06	35	1	1.35
2026-04-06	72	4	0.95
2026-04-06	137	0.314	18.75
2026-04-06	71	1	1.99
2026-04-06	42	2.187	1.39
2026-04-06	117	0.448	2.5
2026-04-06	21	1	0.99
2026-04-06	94	1.316	2.85
2026-04-06	77	1	2.35
2026-04-06	109	0.417	2.59
2026-04-06	93	2	3
2026-04-06	26	0.235	1.19
2026-04-06	42	3.058	1.39
2026-04-06	31	0.381	5.69
2026-04-06	124	4.432	1.55
2026-04-06	16	1.144	1.25
2026-04-06	142	0.294	6.95
2026-04-06	56	1	3.49
2026-04-06	214	1	2.79
2026-04-06	226	1	1.35
2026-04-06	55	2	2.99
2026-04-06	41	0.995	1.85
2026-04-06	124	5.174	1.55
2026-04-06	57	1	1.35
2026-04-06	85	1	1.49
2026-04-06	28	1	2.85
2026-04-06	23	2	1.25
2026-04-06	138	0.484	4.59
2026-04-06	9	3	0.85
2026-04-06	155	1	0.85
2026-04-06	50	1	3
2026-04-06	78	6	1.09
2026-04-06	207	1	1.29
2026-04-06	43	4.698	1.79
2026-04-06	98	0.891	2.3
2026-04-06	111	2.2	1.75
2026-04-06	114	3.004	4.5
2026-04-06	146	0.292	14.39
2026-04-06	93	1	3
2026-04-06	28	2	2.85
2026-04-06	140	0.376	12.95
2026-04-06	48	1	1.99
2026-04-06	27	1	2.59
2026-04-06	18	6.756	1.35
2026-04-06	190	2	3.15
2026-04-06	227	1	1.69
2026-04-06	185	2	1.99
2026-04-06	75	3	1.59
2026-04-06	71	1	1.99
2026-04-07	138	1.059	4.59
2026-04-07	93	5	3
2026-04-07	211	2	1.15
2026-04-07	207	1	1.29
2026-04-07	78	3	1.09
2026-04-07	83	2.343	2.39
2026-04-07	98	0.952	2.3
2026-04-07	139	0.234	14.95
2026-04-07	195	5	2.25
2026-04-07	144	0.314	5.39
2026-04-07	78	3	1.09
2026-04-07	185	2	1.99
2026-04-07	127	2	2.49
2026-04-07	224	1	0.99
2026-04-07	248	0.007	10.95
2026-04-07	12	2.756	2.25
2026-04-07	149	0.327	4.99
2026-04-07	162	1	1.19
2026-04-07	134	0.201	14.75
2026-04-07	165	1.582	5
2026-04-07	198	0.555	1.19
2026-04-07	93	3	3
2026-04-07	94	1.484	2.85
2026-04-07	121	0.961	1.29
2026-04-07	218	4	1.39
2026-04-07	114	2.013	4.5
2026-04-07	218	1	1.39
2026-04-07	189	3	3.15
2026-04-07	92	5.787	0.89
2026-04-07	27	1	2.59
2026-04-07	101	2.497	3
2026-04-07	18	8.615	1.35
2026-04-07	84	5	1.59
2026-04-07	72	3	0.95
2026-04-07	89	16.759	0.79
2026-04-07	145	0.028	22.95
2026-04-07	47	0.257	3
2026-04-07	125	3	2.35
2026-04-07	197	5.116	2.25
2026-04-07	134	0.29	14.75
2026-04-07	153	1	1.99
2026-04-07	209	1	1.19
2026-04-07	40	2	1.99
2026-04-07	190	1	3.15
2026-04-07	114	2.422	4.5
2026-04-07	27	1	2.59
2026-04-07	193	2	2.5
2026-04-07	69	1	1.25
2026-04-07	68	1	1.99
2026-04-07	43	2.369	1.79
2026-04-07	21	1	0.99
2026-04-07	146	0.175	14.39
2026-04-07	42	5.576	1.39
2026-04-07	121	6.566	1.29
2026-04-07	194	2.378	2.75
2026-04-07	165	0.61	5
2026-04-07	53	1	2.59
2026-04-07	99	0.943	2.99
2026-04-07	127	1	2.49
2026-04-07	56	1	3.49
2026-04-07	58	1.249	2.49
2026-04-07	41	2.351	1.85
2026-04-07	71	1	1.99
2026-04-07	112	1.795	2.59
2026-04-07	35	1	1.35
2026-04-07	44	4.4	1.75
2026-04-07	52	2.98	0.99
2026-04-07	167	1	1.59
2026-04-07	121	8.682	1.29
2026-04-07	33	4.717	1.59
2026-04-07	4	4	1.05
2026-04-07	95	4.276	2.39
2026-04-07	142	0.312	6.95
2026-04-07	89	3.759	0.79
2026-04-07	96	0.952	2.5
2026-04-07	111	2.337	1.75
2026-04-07	250	0.251	2.39
2026-04-07	39	2.276	3.99
2026-04-07	198	5.874	1.19
2026-04-07	208	3	0.95
2026-04-07	23	3	1.25
2026-04-07	130	3	1.89
2026-04-07	201	0.636	1.95
2026-04-07	166	4	2.45
2026-04-07	75	3	1.59
2026-04-07	127	1	2.49
2026-04-07	48	1	1.99
2026-04-07	114	1.56	4.5
2026-04-07	190	1	3.15
2026-04-07	76	8	0.79
2026-04-07	93	1	3
2026-04-07	199	1.237	2.19
2026-04-07	145	0.121	22.95
2026-04-07	109	0.44	2.59
2026-04-07	135	0.13	12.95
2026-04-07	137	0.356	18.75
2026-04-07	30	3	1.89
2026-04-07	148	0.182	5.99
2026-04-07	214	1	2.79
2026-04-07	61	1	1.89
2026-04-07	138	0.521	4.59
2026-04-07	57	1	1.35
2026-04-07	76	5	0.79
2026-04-07	91	18.464	0.69
2026-04-07	187	1.116	5.45
2026-04-07	93	2	3
2026-04-07	101	1.393	3
2026-04-07	94	2.804	2.85
2026-04-07	38	5.36	1.89
2026-04-07	213	2	2.85
2026-04-07	121	6.628	1.29
2026-04-07	187	1.277	5.45
2026-04-07	43	6.492	1.79
2026-04-07	226	2	1.35
2026-04-07	190	1	3.15
2026-04-07	11	2.165	3.95
2026-04-07	135	0.222	12.95
2026-04-07	57	1	1.35
2026-04-07	85	1	1.49
2026-04-07	196	1	3.15
2026-04-07	199	0.963	2.19
2026-04-07	16	1.216	1.25
2026-04-07	106	5.101	1.99
2026-04-07	52	14.879	0.99
2026-04-07	87	2	1.39
2026-04-07	28	4	2.85
2026-04-07	79	4	1.55
2026-04-07	46	0.287	3
2026-04-07	41	2.557	1.85
2026-04-07	31	0.404	5.69
2026-04-07	65	2	1.45
2026-04-07	196	1	3.15
2026-04-07	107	2.392	1.99
2026-04-07	194	2.695	2.75
2026-04-07	146	0.313	14.39
2026-04-07	49	1	3
2026-04-07	158	1	2.29
2026-04-07	93	3	3
2026-04-07	56	2	3.49
2026-04-07	50	1	3
2026-04-07	121	3.178	1.29
2026-04-07	100	0.364	2.69
2026-04-07	196	1	3.15
2026-04-07	122	0.054	2.99
2026-04-07	140	0.399	12.95
2026-04-07	194	1.189	2.75
2026-04-07	194	0.455	2.75
2026-04-07	154	1	1.99
2026-04-07	124	2.948	1.55
2026-04-07	82	4	0.99
2026-04-07	190	2	3.15
2026-04-07	158	1	2.29
2026-04-07	70	2	1.49
2026-04-07	108	0.183	2.35
2026-04-07	89	3.975	0.79
2026-04-07	167	2	1.59
2026-04-07	73	2	1.49
2026-04-07	136	0.222	12.95
2026-04-07	24	1.084	1.19
2026-04-07	155	1	0.85
2026-04-07	207	1	1.29
2026-04-07	102	0.223	1.75
2026-04-07	113	0.021	4.25
2026-04-07	54	2	2.59
2026-04-07	77	1	2.35
2026-04-07	118	0.148	4
2026-04-07	26	0.252	1.19
2026-04-07	97	0.217	1.75
2026-04-07	55	3	2.99
2026-04-07	199	0.388	2.19
2026-04-07	66	2	1.59
2026-04-07	44	5.149	1.75
2026-04-07	178	0.532	3.29
2026-04-07	69	4	1.25
2026-04-07	193	2	2.5
2026-04-07	71	1	1.99
2026-04-07	141	0.135	11.89
2026-04-07	88	1.543	2.19
2026-04-07	87	1	1.39
2026-04-07	59	0.083	4
2026-04-07	105	1.537	1.75
2026-04-07	124	6.606	1.55
2026-04-07	219	2	0.99
2026-04-07	99	0.204	2.99
2026-04-07	146	0.314	14.39
2026-04-07	117	0.476	2.5
2026-04-07	8	1	2.25
2026-04-07	124	0.652	1.55
2026-04-07	103	1.155	2.19
2026-04-07	81	4	1.25
2026-04-07	48	1	1.99
2026-04-07	227	1	1.69
2026-04-07	101	0.72	3
2026-04-07	9	1	0.85
2026-04-08	26	0.269	1.19
2026-04-08	93	2	3
2026-04-08	134	0.096	14.75
2026-04-08	101	0.787	3
2026-04-08	18	5.815	1.35
2026-04-08	227	1	1.69
2026-04-08	89	9.873	0.79
2026-04-08	55	1	2.99
2026-04-08	48	1	1.99
2026-04-08	106	3.573	1.99
2026-04-08	107	2.533	1.99
2026-04-08	195	4	2.25
2026-04-08	74	1	2.35
2026-04-08	190	2	3.15
2026-04-08	93	3	3
2026-04-08	49	1	3
2026-04-08	44	0.56	1.75
2026-04-08	165	1.158	5
2026-04-08	211	2	1.15
2026-04-08	39	2.454	3.99
2026-04-08	100	0.387	2.69
2026-04-08	52	8.899	0.99
2026-04-08	185	1	1.99
2026-04-08	93	4	3
2026-04-08	18	1.615	1.35
2026-04-08	196	3	3.15
2026-04-08	94	1.14	2.85
2026-04-08	92	6.124	0.89
2026-04-08	146	0.865	14.39
2026-04-08	148	0.194	5.99
2026-04-08	94	3.411	2.85
2026-04-08	194	0.851	2.75
2026-04-08	213	1	2.85
2026-04-08	21	1	0.99
2026-04-08	178	0.562	3.29
2026-04-08	69	3	1.25
2026-04-08	87	3	1.39
2026-04-08	134	0.424	14.75
2026-04-08	83	2.477	2.39
2026-04-08	59	0.087	4
2026-04-08	38	4.19	1.89
2026-04-08	70	1	1.49
2026-04-08	66	2	1.59
2026-04-08	109	0.467	2.59
2026-04-08	97	0.229	1.75
2026-04-08	218	5	1.39
2026-04-08	111	2.474	1.75
2026-04-08	93	2	3
2026-04-08	61	1	1.89
2026-04-08	66	1	1.59
2026-04-08	44	6.874	1.75
2026-04-08	53	1	2.59
2026-04-08	153	1	1.99
2026-04-08	55	1	2.99
2026-04-08	76	7	0.79
2026-04-08	166	1	2.45
2026-04-08	197	0.92	2.25
2026-04-08	41	0.746	1.85
2026-04-08	31	0.429	5.69
2026-04-08	121	4.24	1.29
2026-04-08	76	2	0.79
2026-04-08	125	3	2.35
2026-04-08	140	0.423	12.95
2026-04-08	40	1	1.99
2026-04-08	118	0.155	4
2026-04-08	55	2	2.99
2026-04-08	103	1.224	2.19
2026-04-08	89	11.203	0.79
2026-04-08	167	1	1.59
2026-04-08	166	1	2.45
2026-04-08	197	4.498	2.25
2026-04-08	84	5	1.59
2026-04-08	85	1	1.49
2026-04-08	88	1.635	2.19
2026-04-08	144	0.332	5.39
2026-04-08	93	3	3
2026-04-08	4	3	1.05
2026-04-08	43	1.307	1.79
2026-04-08	121	6.248	1.29
2026-04-08	198	6.798	1.19
2026-04-08	124	2.394	1.55
2026-04-08	78	2	1.09
2026-04-08	122	0.057	2.99
2026-04-08	78	5	1.09
2026-04-08	23	3	1.25
2026-04-08	49	1	3
2026-04-08	77	1	2.35
2026-04-08	137	0.377	18.75
2026-04-08	114	2.909	4.5
2026-04-08	43	6.151	1.79
2026-04-08	141	0.144	11.89
2026-04-08	12	2.916	2.25
2026-04-08	69	3	1.25
2026-04-08	209	1	1.19
2026-04-08	194	3.6	2.75
2026-04-08	102	0.24	1.75
2026-04-08	73	2	1.49
2026-04-08	138	1.671	4.59
2026-04-08	79	4	1.55
2026-04-08	185	2	1.99
2026-04-08	71	1	1.99
2026-04-08	190	3	3.15
2026-04-08	56	2	3.49
2026-04-08	207	1	1.29
2026-04-08	41	4.449	1.85
2026-04-08	208	3	0.95
2026-04-08	248	0.008	10.95
2026-04-08	76	6	0.79
2026-04-08	114	1.111	4.5
2026-04-08	9	2	0.85
2026-04-08	47	0.273	3
2026-04-08	101	3.743	3
2026-04-08	27	1	2.59
2026-04-08	56	1	3.49
2026-04-08	224	1	0.99
2026-04-08	68	1	1.99
2026-04-08	30	3	1.89
2026-04-08	50	1	3
2026-04-08	33	4.692	1.59
2026-04-08	96	1.008	2.5
2026-04-08	54	1	2.59
2026-04-08	24	1.151	1.19
2026-04-08	194	2.658	2.75
2026-04-08	162	1	1.19
2026-04-08	117	0.504	2.5
2026-04-08	11	1.005	3.95
2026-04-08	44	2.674	1.75
2026-04-08	98	1.009	2.3
2026-04-08	139	0.247	14.95
2026-04-08	61	1	1.89
2026-04-08	56	1	3.49
2026-04-08	58	1.321	2.49
2026-04-08	113	0.021	4.25
2026-04-08	214	1	2.79
2026-04-08	155	1	0.85
2026-04-08	124	1.994	1.55
2026-04-08	18	1.696	1.35
2026-04-08	135	0.373	12.95
2026-04-08	250	0.264	2.39
2026-04-08	213	1	2.85
2026-04-08	124	6.419	1.55
2026-04-08	48	1	1.99
2026-04-08	166	1	2.45
2026-04-08	154	1	1.99
2026-04-08	166	2	2.45
2026-04-08	11	1.286	3.95
2026-04-08	38	1.481	1.89
2026-04-08	108	0.191	2.35
2026-04-08	91	19.899	0.69
2026-04-08	112	1.9	2.59
2026-04-08	165	1.162	5
2026-04-08	187	1.892	5.45
2026-04-08	8	1	2.25
2026-04-08	158	1	2.29
2026-04-08	57	2	1.35
2026-04-08	52	10	0.99
2026-04-08	193	4	2.5
2026-04-08	72	4	0.95
2026-04-08	130	3	1.89
2026-04-08	4	1	1.05
2026-04-08	81	4	1.25
2026-04-08	54	1	2.59
2026-04-08	54	1	2.59
2026-04-08	40	1	1.99
2026-04-08	216	1	2.79
2026-04-08	75	3	1.59
2026-04-08	145	0.158	22.95
2026-04-08	70	2	1.49
2026-04-08	8	1	2.25
2026-04-08	219	2	0.99
2026-04-08	121	10.318	1.29
2026-04-08	46	0.307	3
2026-04-08	82	4	0.99
2026-04-08	142	0.331	6.95
2026-04-08	28	3	2.85
2026-04-08	149	0.345	4.99
2026-04-08	65	2	1.45
2026-04-08	207	1	1.29
2026-04-08	190	2	3.15
2026-04-08	43	1.922	1.79
2026-04-08	127	4	2.49
2026-04-08	95	4.527	2.39
2026-04-08	121	6.736	1.29
2026-04-08	187	0.642	5.45
2026-04-08	226	2	1.35
2026-04-08	201	0.677	1.95
2026-04-08	89	4.873	0.79
2026-04-08	199	2.74	2.19
2026-04-08	101	0.347	3
2026-04-08	28	2	2.85
2026-04-08	35	1	1.35
2026-04-08	106	1.829	1.99
2026-04-08	42	5.906	1.39
2026-04-08	189	3	3.15
2026-04-08	195	1	2.25
2026-04-08	99	1.214	2.99
2026-04-08	16	1.288	1.25
2026-04-08	105	1.629	1.75
2026-04-08	114	2.329	4.5
2026-04-08	27	1	2.59
2026-04-08	130	1	1.89
2026-04-08	167	3	1.59
2026-04-08	136	0.235	12.95
2026-04-09	98	1.065	2.3
2026-04-09	194	1.895	2.75
2026-04-09	11	0.701	3.95
2026-04-09	43	3.849	1.79
2026-04-09	134	0.392	14.75
2026-04-09	114	0.847	4.5
2026-04-09	136	0.249	12.95
2026-04-09	118	0.165	4
2026-04-09	72	3	0.95
2026-04-09	56	1	3.49
2026-04-09	189	2	3.15
2026-04-09	153	1	1.99
2026-04-09	139	0.262	14.95
2026-04-09	195	2	2.25
2026-04-09	130	1	1.89
2026-04-09	46	0.323	3
2026-04-09	101	1.997	3
2026-04-09	76	6	0.79
2026-04-09	87	3	1.39
2026-04-09	48	1	1.99
2026-04-09	211	1	1.15
2026-04-09	88	1.726	2.19
2026-04-09	114	1.707	4.5
2026-04-09	28	1	2.85
2026-04-09	213	2	2.85
2026-04-09	142	0.348	6.95
2026-04-09	55	1	2.99
2026-04-09	65	2	1.45
2026-04-09	18	4.556	1.35
2026-04-09	199	1.466	2.19
2026-04-09	99	1.284	2.99
2026-04-09	102	0.251	1.75
2026-04-09	195	3	2.25
2026-04-09	91	11.783	0.69
2026-04-09	185	1	1.99
2026-04-09	121	7.628	1.29
2026-04-09	114	2.607	4.5
2026-04-09	190	1	3.15
2026-04-09	11	1.716	3.95
2026-04-09	96	1.064	2.5
2026-04-09	178	0.593	3.29
2026-04-09	166	2	2.45
2026-04-09	21	1	0.99
2026-04-09	108	0.2	2.35
2026-04-09	38	3.27	1.89
2026-04-09	57	2	1.35
2026-04-09	101	3.157	3
2026-04-09	224	1	0.99
2026-04-09	117	0.532	2.5
2026-04-09	185	2	1.99
2026-04-09	103	1.297	2.19
2026-04-09	43	4.883	1.79
2026-04-09	49	1	3
2026-04-09	138	1.71	4.59
2026-04-09	193	1	2.5
2026-04-09	137	0.398	18.75
2026-04-09	125	3	2.35
2026-04-09	27	1	2.59
2026-04-09	187	0.76	5.45
2026-04-09	82	5	0.99
2026-04-09	196	3	3.15
2026-04-09	16	1.36	1.25
2026-04-09	41	2.281	1.85
2026-04-09	89	12.823	0.79
2026-04-09	76	2	0.79
2026-04-09	79	4	1.55
2026-04-09	48	1	1.99
2026-04-09	122	0.06	2.99
2026-04-09	95	4.782	2.39
2026-04-09	135	0.394	12.95
2026-04-09	93	3	3
2026-04-09	121	4.643	1.29
2026-04-09	89	6.228	0.79
2026-04-09	30	1	1.89
2026-04-09	94	2.74	2.85
2026-04-09	128	1	2.25
2026-04-09	39	1.045	3.99
2026-04-09	197	3.484	2.25
2026-04-09	75	1	1.59
2026-04-09	190	4	3.15
2026-04-09	209	1	1.19
2026-04-09	52	4.515	0.99
2026-04-09	197	2.24	2.25
2026-04-09	198	7.176	1.19
2026-04-09	52	12.02	0.99
2026-04-09	66	3	1.59
2026-04-09	55	1	2.99
2026-04-09	121	6.62	1.29
2026-04-09	30	2	1.89
2026-04-09	81	4	1.25
2026-04-09	39	1.511	3.99
2026-04-09	211	2	1.15
2026-04-09	68	1	1.99
2026-04-09	31	0.452	5.69
2026-04-09	201	0.713	1.95
2026-04-09	147	0.115	3.99
2026-04-09	18	5.081	1.35
2026-04-09	167	4	1.59
2026-04-09	92	4.539	0.89
2026-04-09	208	4	0.95
2026-04-09	111	2.611	1.75
2026-04-09	78	7	1.09
2026-04-09	49	1	3
2026-04-09	248	0.008	10.95
2026-04-09	107	2.668	1.99
2026-04-09	100	0.409	2.69
2026-04-09	190	1	3.15
2026-04-09	219	2	0.99
2026-04-09	44	4.731	1.75
2026-04-09	93	4	3
2026-04-09	199	1.425	2.19
2026-04-09	189	1	3.15
2026-04-09	114	1.133	4.5
2026-04-09	56	2	3.49
2026-04-09	54	1	2.59
2026-04-09	106	5.704	1.99
2026-04-09	162	1	1.19
2026-04-09	26	0.277	1.19
2026-04-09	12	3.08	2.25
2026-04-09	73	2	1.49
2026-04-09	44	1.777	1.75
2026-04-09	43	1.173	1.79
2026-04-09	130	3	1.89
2026-04-09	8	1	2.25
2026-04-09	83	2.619	2.39
2026-04-09	47	0.287	3
2026-04-09	112	2.008	2.59
2026-04-09	109	0.494	2.59
2026-04-09	9	2	0.85
2026-04-09	250	0.28	2.39
2026-04-09	4	2	1.05
2026-04-09	93	4	3
2026-04-09	53	1	2.59
2026-04-09	216	1	2.79
2026-04-09	121	4.047	1.29
2026-04-09	146	0.153	14.39
2026-04-09	56	1	3.49
2026-04-09	33	1.723	1.59
2026-04-09	28	2	2.85
2026-04-09	28	3	2.85
2026-04-09	94	2.06	2.85
2026-04-09	91	9.217	0.69
2026-04-09	194	4.164	2.75
2026-04-09	69	6	1.25
2026-04-09	140	0.446	12.95
2026-04-09	149	0.365	4.99
2026-04-09	84	3	1.59
2026-04-09	193	3	2.5
2026-04-09	190	2	3.15
2026-04-09	154	1	1.99
2026-04-09	166	3	2.45
2026-04-09	61	1	1.89
2026-04-09	4	3	1.05
2026-04-09	44	4.16	1.75
2026-04-09	74	1	2.35
2026-04-09	145	0.167	22.95
2026-04-09	71	1	1.99
2026-04-09	124	0.439	1.55
2026-04-09	127	2	2.49
2026-04-09	50	1	3
2026-04-09	226	2	1.35
2026-04-09	8	1	2.25
2026-04-09	134	0.157	14.75
2026-04-09	75	3	1.59
2026-04-09	148	0.204	5.99
2026-04-09	93	4	3
2026-04-09	114	0.409	4.5
2026-04-09	141	0.151	11.89
2026-04-09	124	3.103	1.55
2026-04-09	124	7.871	1.55
2026-04-09	54	1	2.59
2026-04-09	59	0.092	4
2026-04-09	38	2.714	1.89
2026-04-09	77	1	2.35
2026-04-09	155	1	0.85
2026-04-09	218	5	1.39
2026-04-09	187	1.916	5.45
2026-04-09	207	1	1.29
2026-04-09	23	3	1.25
2026-04-09	85	1	1.49
2026-04-09	227	1	1.69
2026-04-09	40	2	1.99
2026-04-09	33	3.547	1.59
2026-04-09	17	1	1.69
2026-04-09	30	1	1.89
2026-04-09	121	6.132	1.29
2026-04-09	54	1	2.59
2026-04-09	35	1	1.35
2026-04-09	58	1.394	2.49
2026-04-09	55	2	2.99
2026-04-09	146	0.76	14.39
2026-04-09	165	2.45	5
2026-04-09	70	3	1.49
2026-04-09	61	1	1.89
2026-04-09	195	1	2.25
2026-04-09	84	2	1.59
2026-04-09	97	0.24	1.75
2026-04-09	52	3.414	0.99
2026-04-09	81	1	1.25
2026-04-09	105	1.714	1.75
2026-04-09	76	8	0.79
2026-04-09	158	1	2.29
2026-04-09	113	0.021	4.25
2026-04-09	41	3.135	1.85
2026-04-09	144	0.349	5.39
2026-04-09	89	8.354	0.79
2026-04-09	92	1.921	0.89
2026-04-09	24	1.21	1.19
2026-04-09	214	1	2.79
2026-04-09	194	1.447	2.75
2026-04-09	127	2	2.49
2026-04-09	84	1	1.59
2026-04-09	42	6.23	1.39
2026-04-10	96	1.288	2.5
2026-04-10	81	1	1.25
2026-04-10	127	1	2.49
2026-04-10	140	0.222	12.95
2026-04-10	216	1	2.79
2026-04-10	106	1.07	1.99
2026-04-10	83	1.444	2.39
2026-04-10	208	3	0.95
2026-04-10	142	0.422	6.95
2026-04-10	99	1.552	2.99
2026-04-10	40	1	1.99
2026-04-10	162	1	1.19
2026-04-10	43	2.52	1.79
2026-04-10	194	3.298	2.75
2026-04-10	94	1.326	2.85
2026-04-10	125	1	2.35
2026-04-10	28	4	2.85
2026-04-10	44	6.623	1.75
2026-04-10	87	4	1.39
2026-04-10	91	3.667	0.69
2026-04-10	28	2	2.85
2026-04-10	85	1	1.49
2026-04-10	121	3.837	1.29
2026-04-10	38	2.132	1.89
2026-04-10	27	1	2.59
2026-04-10	38	1.783	1.89
2026-04-10	61	1	1.89
2026-04-10	44	1.64	1.75
2026-04-10	138	0.649	4.59
2026-04-10	73	3	1.49
2026-04-10	52	5.556	0.99
2026-04-10	93	3	3
2026-04-10	42	7.54	1.39
2026-04-10	117	0.644	2.5
2026-04-10	48	1	1.99
2026-04-10	190	1	3.15
2026-04-10	40	1	1.99
2026-04-10	130	3	1.89
2026-04-10	214	1	2.79
2026-04-10	190	2	3.15
2026-04-10	95	4.167	2.39
2026-04-10	93	4	3
2026-04-10	194	2.647	2.75
2026-04-10	185	1	1.99
2026-04-10	158	1	2.29
2026-04-10	146	0.336	14.39
2026-04-10	136	0.301	12.95
2026-04-10	17	1	1.69
2026-04-10	105	2.08	1.75
2026-04-10	187	0.51	5.45
2026-04-10	250	0.339	2.39
2026-04-10	218	4	1.39
2026-04-10	121	10.364	1.29
2026-04-10	101	0.52	3
2026-04-10	70	2	1.49
2026-04-10	50	1	3
2026-04-10	9	2	0.85
2026-04-10	92	2	0.89
2026-04-10	195	3	2.25
2026-04-10	196	3	3.15
2026-04-10	213	1	2.85
2026-04-10	92	5.831	0.89
2026-04-10	31	0.547	5.69
2026-04-10	94	1.667	2.85
2026-04-10	88	2.087	2.19
2026-04-10	134	0.664	14.75
2026-04-10	54	1	2.59
2026-04-10	30	2	1.89
2026-04-10	106	5.834	1.99
2026-04-10	93	1	3
2026-04-10	71	1	1.99
2026-04-10	89	15.797	0.79
2026-04-10	76	3	0.79
2026-04-10	135	0.476	12.95
2026-04-10	139	0.316	14.95
2026-04-10	190	2	3.15
2026-04-10	59	0.112	4
2026-04-10	138	1.486	4.59
2026-04-10	12	3.729	2.25
2026-04-10	57	2	1.35
2026-04-10	52	8.242	0.99
2026-04-10	47	0.347	3
2026-04-10	193	5	2.5
2026-04-10	65	2	1.45
2026-04-10	11	2.39	3.95
2026-04-10	103	1.566	2.19
2026-04-10	218	2	1.39
2026-04-10	114	2.12	4.5
2026-04-10	187	0.653	5.45
2026-04-10	124	5.077	1.55
2026-04-10	130	1	1.89
2026-04-10	114	1.027	4.5
2026-04-10	113	0.026	4.25
2026-04-10	84	1	1.59
2026-04-10	93	5	3
2026-04-10	16	1.64	1.25
2026-04-10	58	1.687	2.49
2026-04-10	84	4	1.59
2026-04-10	97	0.291	1.75
2026-04-10	43	5.19	1.79
2026-04-10	98	1.287	2.3
2026-04-10	28	1	2.85
2026-04-10	18	6.319	1.35
2026-04-10	224	1	0.99
2026-04-10	18	2.926	1.35
2026-04-10	195	3	2.25
2026-04-10	122	0.07	2.99
2026-04-10	125	3	2.35
2026-04-10	114	1.811	4.5
2026-04-10	40	1	1.99
2026-04-10	166	4	2.45
2026-04-10	74	1	2.35
2026-04-10	78	9	1.09
2026-04-10	144	0.386	5.39
2026-04-10	127	4	2.49
2026-04-10	83	1.724	2.39
2026-04-10	53	1	2.59
2026-04-10	109	0.598	2.59
2026-04-10	70	1	1.49
2026-04-10	190	4	3.15
2026-04-10	72	4	0.95
2026-04-10	46	0.39	3
2026-04-10	71	1	1.99
2026-04-10	93	4	3
2026-04-10	101	3.683	3
2026-04-10	91	21.101	0.69
2026-04-10	69	3	1.25
2026-04-10	41	0.946	1.85
2026-04-10	124	7.832	1.55
2026-04-10	102	0.303	1.75
2026-04-10	81	5	1.25
2026-04-10	11	0.537	3.95
2026-04-10	21	1	0.99
2026-04-10	189	1	3.15
2026-04-10	165	0.65	5
2026-04-10	111	0.754	1.75
2026-04-10	111	2.406	1.75
2026-04-10	35	1	1.35
2026-04-10	44	4.651	1.75
2026-04-10	130	1	1.89
2026-04-10	82	6	0.99
2026-04-10	226	2	1.35
2026-04-10	154	1	1.99
2026-04-10	145	0.202	22.95
2026-04-10	49	1	3
2026-04-10	201	0.862	1.95
2026-04-10	38	1.519	1.89
2026-04-10	39	1.564	3.99
2026-04-10	197	0.644	2.25
2026-04-10	167	2	1.59
2026-04-10	76	15	0.79
2026-04-10	185	2	1.99
2026-04-10	128	1	2.25
2026-04-10	24	1.471	1.19
2026-04-10	79	5	1.55
2026-04-10	137	0.482	18.75
2026-04-10	248	0.01	10.95
2026-04-10	66	3	1.59
2026-04-10	8	1	2.25
2026-04-10	207	1	1.29
2026-04-10	68	1	1.99
2026-04-10	53	1	2.59
2026-04-10	85	1	1.49
2026-04-10	189	3	3.15
2026-04-10	52	10.091	0.99
2026-04-10	213	2	2.85
2026-04-10	148	0.247	5.99
2026-04-10	167	1	1.59
2026-04-10	149	0.441	4.99
2026-04-10	219	2	0.99
2026-04-10	121	2.822	1.29
2026-04-10	153	1	1.99
2026-04-10	124	0.903	1.55
2026-04-10	187	2.075	5.45
2026-04-10	195	1	2.25
2026-04-10	101	1.3	3
2026-04-10	55	2	2.99
2026-04-10	56	1	3.49
2026-04-10	118	0.198	4
2026-04-10	18	2.415	1.35
2026-04-10	100	0.494	2.69
2026-04-10	197	6.28	2.25
2026-04-10	38	1.81	1.89
2026-04-10	196	1	3.15
2026-04-10	93	1	3
2026-04-10	55	2	2.99
2026-04-10	107	3.231	1.99
2026-04-10	198	8.689	1.19
2026-04-10	140	0.318	12.95
2026-04-10	209	1	1.19
2026-04-10	155	3	0.85
2026-04-10	23	4	1.25
2026-04-10	69	4	1.25
2026-04-10	4	6	1.05
2026-04-10	89	9.924	0.79
2026-04-10	141	0.183	11.89
2026-04-10	165	1.396	5
2026-04-10	94	2.821	2.85
2026-04-10	199	3.502	2.19
2026-04-10	108	0.247	2.35
2026-04-10	114	3.156	4.5
2026-04-10	194	3.142	2.75
2026-04-10	30	2	1.89
2026-04-10	214	1	2.79
2026-04-10	146	0.77	14.39
2026-04-10	75	4	1.59
2026-04-10	101	0.733	3
2026-04-10	39	1.569	3.99
2026-04-10	14	0.389	0.95
2026-04-10	89	7.443	0.79
2026-04-10	95	1.619	2.39
2026-04-10	121	8.713	1.29
2026-04-10	84	2	1.59
2026-04-10	227	1	1.69
2026-04-10	178	0.717	3.29
2026-04-10	167	2	1.59
2026-04-10	41	5.697	1.85
2026-04-10	33	6.384	1.59
2026-04-10	112	2.429	2.59
2026-04-10	165	0.912	5
2026-04-10	43	4.028	1.79
2026-04-10	121	9.457	1.29
2026-04-10	77	1	2.35
2026-04-10	211	3	1.15
2026-04-10	26	0.336	1.19
2026-04-11	81	1	1.25
2026-04-11	108	0.289	2.35
2026-04-11	194	3.567	2.75
2026-04-11	190	1	3.15
2026-04-11	28	1	2.85
2026-04-11	9	3	0.85
2026-04-11	122	0.084	2.99
2026-04-11	199	2.799	2.19
2026-04-11	165	2.536	5
2026-04-11	196	2	3.15
2026-04-11	194	3.142	2.75
2026-04-11	99	1.823	2.99
2026-04-11	49	1	3
2026-04-11	40	1	1.99
2026-04-11	27	1	2.59
2026-04-11	43	2.905	1.79
2026-04-11	39	0.429	3.99
2026-04-11	69	8	1.25
2026-04-11	91	4.29	0.69
2026-04-11	28	4	2.85
2026-04-11	95	3.916	2.39
2026-04-11	101	2.017	3
2026-04-11	106	1.915	1.99
2026-04-11	76	5	0.79
2026-04-11	111	3.714	1.75
2026-04-11	93	2	3
2026-04-11	73	3	1.49
2026-04-11	250	0.397	2.39
2026-04-11	195	5	2.25
2026-04-11	44	6.326	1.75
2026-04-11	87	3	1.39
2026-04-11	190	3	3.15
2026-04-11	93	3	3
2026-04-11	196	2	3.15
2026-04-11	88	2.452	2.19
2026-04-11	28	2	2.85
2026-04-11	187	0.275	5.45
2026-04-11	117	0.756	2.5
2026-04-11	137	0.5	18.75
2026-04-11	16	1.928	1.25
2026-04-11	141	0.215	11.89
2026-04-11	38	4.524	1.89
2026-04-11	118	0.233	4
2026-04-11	158	1	2.29
2026-04-11	54	2	2.59
2026-04-11	81	5	1.25
2026-04-11	59	0.13	4
2026-04-11	71	1	1.99
2026-04-11	197	2.667	2.25
2026-04-11	121	8.969	1.29
2026-04-11	48	1	1.99
2026-04-11	194	1.265	2.75
2026-04-11	93	4	3
2026-04-11	39	3.253	3.99
2026-04-11	190	1	3.15
2026-04-11	198	5.076	1.19
2026-04-11	83	1.092	2.39
2026-04-11	135	0.561	12.95
2026-04-11	207	2	1.29
2026-04-11	52	13.101	0.99
2026-04-11	93	2	3
2026-04-11	68	1	1.99
2026-04-11	114	0.733	4.5
2026-04-11	218	3	1.39
2026-04-11	24	1.723	1.19
2026-04-11	121	5.287	1.29
2026-04-11	165	0.678	5
2026-04-11	199	1.311	2.19
2026-04-11	11	0.944	3.95
2026-04-11	97	0.343	1.75
2026-04-11	114	2.482	4.5
2026-04-11	54	1	2.59
2026-04-11	94	3.986	2.85
2026-04-11	107	1.327	1.99
2026-04-11	83	2.264	2.39
2026-04-11	61	1	1.89
2026-04-11	52	4.242	0.99
2026-04-11	153	1	1.99
2026-04-11	55	1	2.99
2026-04-11	167	2	1.59
2026-04-11	93	2	3
2026-04-11	92	4.292	0.89
2026-04-11	56	1	3.49
2026-04-11	211	4	1.15
2026-04-11	96	1.512	2.5
2026-04-11	185	1	1.99
2026-04-11	130	4	1.89
2026-04-11	190	2	3.15
2026-04-11	101	3.577	3
2026-04-11	42	8.525	1.39
2026-04-11	167	3	1.59
2026-04-11	43	5.045	1.79
2026-04-11	189	1	3.15
2026-04-11	198	5.134	1.19
2026-04-11	27	1	2.59
2026-04-11	56	2	3.49
2026-04-11	138	2.351	4.59
2026-04-11	89	5.228	0.79
2026-04-11	52	0.98	0.99
2026-04-11	93	4	3
2026-04-11	178	0.845	3.29
2026-04-11	201	1.015	1.95
2026-04-11	224	1	0.99
2026-04-11	166	1	2.45
2026-04-11	189	1	3.15
2026-04-11	127	1	2.49
2026-04-11	145	0.237	22.95
2026-04-11	70	3	1.49
2026-04-11	65	1	1.45
2026-04-11	47	0.41	3
2026-04-11	102	0.36	1.75
2026-04-11	195	3	2.25
2026-04-11	146	0.163	14.39
2026-04-11	33	2.862	1.59
2026-04-11	92	4.888	0.89
2026-04-11	121	10.271	1.29
2026-04-11	78	10	1.09
2026-04-11	68	1	1.99
2026-04-11	166	2	2.45
2026-04-11	85	1	1.49
2026-04-11	158	1	2.29
2026-04-11	23	4	1.25
2026-04-11	124	6.645	1.55
2026-04-11	107	2.467	1.99
2026-04-11	77	1	2.35
2026-04-11	82	7	0.99
2026-04-11	139	0.226	14.95
2026-04-11	76	16	0.79
2026-04-11	66	3	1.59
2026-04-11	106	2.392	1.99
2026-04-11	219	3	0.99
2026-04-11	91	14.42	0.69
2026-04-11	187	2.011	5.45
2026-04-11	124	9.568	1.55
2026-04-11	187	1.514	5.45
2026-04-11	50	1	3
2026-04-11	44	1.869	1.75
2026-04-11	194	2.691	2.75
2026-04-11	149	0.519	4.99
2026-04-11	121	5.31	1.29
2026-04-11	190	1	3.15
2026-04-11	28	1	2.85
2026-04-11	166	1	2.45
2026-04-11	197	5.467	2.25
2026-04-11	18	2.889	1.35
2026-04-11	248	0.012	10.95
2026-04-11	91	3.551	0.69
2026-04-11	103	0.726	2.19
2026-04-11	185	1	1.99
2026-04-11	21	1	0.99
2026-04-11	77	1	2.35
2026-04-11	12	4.378	2.25
2026-04-11	213	2	2.85
2026-04-11	75	3	1.59
2026-04-11	125	2	2.35
2026-04-11	41	3.422	1.85
2026-04-11	11	1.129	3.95
2026-04-11	227	1	1.69
2026-04-11	216	1	2.79
2026-04-11	190	3	3.15
2026-04-11	75	2	1.59
2026-04-11	17	1	1.69
2026-04-11	79	6	1.55
2026-04-11	226	1	1.35
2026-04-11	54	1	2.59
2026-04-11	101	1.73	3
2026-04-11	113	0.031	4.25
2026-04-11	146	0.326	14.39
2026-04-11	130	1	1.89
2026-04-11	214	1	2.79
2026-04-11	106	3.799	1.99
2026-04-11	84	5	1.59
2026-04-11	41	4.378	1.85
2026-04-11	137	0.065	18.75
2026-04-11	89	4.165	0.79
2026-04-11	165	0.268	5
2026-04-11	31	0.582	5.69
2026-04-11	121	11.473	1.29
2026-04-11	72	6	0.95
2026-04-11	227	1	1.69
2026-04-11	100	0.58	2.69
2026-04-11	74	1	2.35
2026-04-11	154	1	1.99
2026-04-11	193	1	2.5
2026-04-11	26	0.395	1.19
2026-04-11	18	3.956	1.35
2026-04-11	139	0.146	14.95
2026-04-11	83	0.364	2.39
2026-04-11	136	0.093	12.95
2026-04-11	109	0.703	2.59
2026-04-11	196	1	3.15
2026-04-11	91	7.565	0.69
2026-04-11	43	6.128	1.79
2026-04-11	128	1	2.25
2026-04-11	87	1	1.39
2026-04-11	38	1.974	1.89
2026-04-11	166	3	2.45
2026-04-11	94	2.839	2.85
2026-04-11	125	3	2.35
2026-04-11	208	3	0.95
2026-04-11	98	1.509	2.3
2026-04-11	112	2.853	2.59
2026-04-11	140	0.61	12.95
2026-04-11	69	1	1.25
2026-04-11	114	2.156	4.5
2026-04-11	53	1	2.59
2026-04-11	33	4.629	1.59
2026-04-11	144	0.495	5.39
2026-04-11	44	6.966	1.75
2026-04-11	95	2.874	2.39
2026-04-11	138	0.157	4.59
2026-04-11	105	2.44	1.75
2026-04-11	93	2	3
2026-04-11	46	0.457	3
2026-04-11	93	1	3
2026-04-11	71	1	1.99
2026-04-11	134	0.78	14.75
2026-04-11	162	1	1.19
2026-04-11	11	0.63	3.95
2026-04-11	56	2	3.49
2026-04-11	155	3	0.85
2026-04-11	93	1	3
2026-04-11	146	0.81	14.39
2026-04-11	38	2.011	1.89
2026-04-11	66	1	1.59
2026-04-11	50	1	3
2026-04-11	114	1.08	4.5
2026-04-11	35	2	1.35
2026-04-11	11	0.732	3.95
2026-04-11	136	0.26	12.95
2026-04-11	213	1	2.85
2026-04-11	89	14.215	0.79
2026-04-11	84	3	1.59
2026-04-11	58	1.98	2.49
2026-04-11	18	2.919	1.35
2026-04-11	8	1	2.25
2026-04-11	216	1	2.79
2026-04-11	209	1	1.19
2026-04-11	18	3.933	1.35
2026-04-11	148	0.29	5.99
2026-04-11	55	1	2.99
2026-04-11	142	0.305	6.95
2026-04-11	57	2	1.35
2026-04-11	114	3.073	4.5
2026-04-11	30	1	1.89
2026-04-11	89	15.304	0.79
2026-04-11	209	1	1.19
2026-04-11	142	0.19	6.95
2026-04-11	52	10.02	0.99
2026-04-11	127	1	2.49
2026-04-11	4	4	1.05
2026-04-11	103	1.11	2.19
2026-04-13	216	1	2.79
2026-04-13	84	4	1.59
2026-04-13	44	2.04	1.75
2026-04-13	195	1	2.25
2026-04-13	137	0.335	18.75
2026-04-13	100	0.342	2.69
2026-04-13	124	4.284	1.55
2026-04-13	23	2	1.25
2026-04-13	111	2.2	1.75
2026-04-13	148	0.172	5.99
2026-04-13	198	2.933	1.19
2026-04-13	167	3	1.59
2026-04-13	77	1	2.35
2026-04-13	74	1	2.35
2026-04-13	66	2	1.59
2026-04-13	112	1.691	2.59
2026-04-13	130	3	1.89
2026-04-13	193	1	2.5
2026-04-13	85	1	1.49
2026-04-13	46	0.27	3
2026-04-13	162	1	1.19
2026-04-13	154	1	1.99
2026-04-13	23	1	1.25
2026-04-13	153	1	1.99
2026-04-13	82	3	0.99
2026-04-13	209	1	1.19
2026-04-13	9	1	0.85
2026-04-13	27	1	2.59
2026-04-13	79	3	1.55
2026-04-13	76	12	0.79
2026-04-13	215	1	2.79
2026-04-13	218	2	1.39
2026-04-13	142	0.294	6.95
2026-04-13	65	2	1.45
2026-04-13	196	3	3.15
2026-04-13	93	3	3
2026-04-13	140	0.263	12.95
2026-04-13	99	1.08	2.99
2026-04-13	91	6.855	0.69
2026-04-13	41	1.578	1.85
2026-04-13	114	1.298	4.5
2026-04-13	82	1	0.99
2026-04-13	118	0.138	4
2026-04-13	149	0.307	4.99
2026-04-13	140	0.114	12.95
2026-04-13	88	1.452	2.19
2026-04-13	158	1	2.29
2026-04-13	76	1	0.79
2026-04-13	92	5.449	0.89
2026-04-13	3	1	1.45
2026-04-13	41	2.411	1.85
2026-04-13	190	3	3.15
2026-04-13	166	3	2.45
2026-04-13	250	0.234	2.39
2026-04-13	121	4.085	1.29
2026-04-13	211	2	1.15
2026-04-13	194	0.276	2.75
2026-04-13	193	2	2.5
2026-04-13	70	2	1.49
2026-04-13	58	1.173	2.49
2026-04-13	38	0.735	1.89
2026-04-13	91	10.826	0.69
2026-04-13	166	1	2.45
2026-04-13	78	2	1.09
2026-04-13	30	3	1.89
2026-04-13	114	1.189	4.5
2026-04-13	55	1	2.99
2026-04-13	102	0.211	1.75
2026-04-13	27	1	2.59
2026-04-13	53	1	2.59
2026-04-13	11	1.129	3.95
2026-04-13	11	0.906	3.95
2026-04-13	44	6.943	1.75
2026-04-13	121	3.271	1.29
2026-04-13	193	1	2.5
2026-04-13	89	4.949	0.79
2026-04-13	145	0.14	22.95
2026-04-13	121	1.767	1.29
2026-04-13	72	3	0.95
2026-04-13	155	1	0.85
2026-04-13	194	1.182	2.75
2026-04-13	213	1	2.85
2026-04-13	48	1	1.99
2026-04-13	248	0.007	10.95
2026-04-13	158	1	2.29
2026-04-13	136	0.208	12.95
2026-04-13	12	1.111	2.25
2026-04-13	93	4	3
2026-04-13	209	1	1.19
2026-04-13	24	1.025	1.19
2026-04-13	117	0.448	2.5
2026-04-13	71	1	1.99
2026-04-13	94	4.046	2.85
2026-04-13	8	1	2.25
2026-04-13	33	4.44	1.59
2026-04-13	197	1.418	2.25
2026-04-13	122	0.05	2.99
2026-04-13	54	2	2.59
2026-04-13	213	1	2.85
2026-04-13	194	1.949	2.75
2026-04-13	52	10.576	0.99
2026-04-13	106	4.804	1.99
2026-04-13	93	1	3
2026-04-13	79	1	1.55
2026-04-13	134	0.462	14.75
2026-04-13	107	2.251	1.99
2026-04-13	81	4	1.25
2026-04-13	28	1	2.85
2026-04-13	127	1	2.49
2026-04-13	98	0.891	2.3
2026-04-13	121	5.915	1.29
2026-04-13	109	0.417	2.59
2026-04-13	78	4	1.09
2026-04-13	207	1	1.29
2026-04-13	31	0.381	5.69
2026-04-13	113	0.019	4.25
2026-04-13	89	18.114	0.79
2026-04-13	138	0.965	4.59
2026-04-13	50	1	3
2026-04-13	124	5.323	1.55
2026-04-13	226	1	1.35
2026-04-13	84	1	1.59
2026-04-13	28	2	2.85
2026-04-13	127	3	2.49
2026-04-13	71	1	1.99
2026-04-13	199	2.434	2.19
2026-04-13	43	2.313	1.79
2026-04-13	42	4.072	1.39
2026-04-13	41	0.632	1.85
2026-04-13	61	1	1.89
2026-04-13	178	0.498	3.29
2026-04-13	194	1.931	2.75
2026-04-13	38	4.307	1.89
2026-04-13	35	1	1.35
2026-04-13	185	2	1.99
2026-04-13	16	1.144	1.25
2026-04-13	121	9.442	1.29
2026-04-13	135	0.331	12.95
2026-04-13	97	0.206	1.75
2026-04-13	165	2.062	5
2026-04-13	125	3	2.35
2026-04-13	28	1	2.85
2026-04-13	48	1	1.99
2026-04-13	56	3	3.49
2026-04-13	189	3	3.15
2026-04-13	83	2.205	2.39
2026-04-13	219	2	0.99
2026-04-13	17	1	1.69
2026-04-13	101	4.273	3
2026-04-13	201	0.6	1.95
2026-04-13	93	2	3
2026-04-13	21	1	0.99
2026-04-13	47	0.243	3
2026-04-13	214	1	2.79
2026-04-13	18	8.111	1.35
2026-04-13	226	1	1.35
2026-04-13	42	1.18	1.39
2026-04-13	114	0.607	4.5
2026-04-13	57	1	1.35
2026-04-13	93	1	3
2026-04-13	224	1	0.99
2026-04-13	49	1	3
2026-04-13	59	0.078	4
2026-04-13	52	6.222	0.99
2026-04-13	40	2	1.99
2026-04-13	73	2	1.49
2026-04-13	43	2.296	1.79
2026-04-13	190	3	3.15
2026-04-13	105	1.446	1.75
2026-04-13	187	2.103	5.45
2026-04-13	187	0.149	5.45
2026-04-13	69	5	1.25
2026-04-13	26	0.235	1.19
2026-04-13	96	0.896	2.5
2026-04-13	152	1	1.75
2026-04-13	43	3.732	1.79
2026-04-13	12	1.484	2.25
2026-04-13	195	4	2.25
2026-04-13	227	1	1.69
2026-04-13	144	0.295	5.39
2026-04-13	4	4	1.05
2026-04-13	198	3.109	1.19
2026-04-13	103	1.087	2.19
2026-04-13	75	3	1.59
2026-04-13	197	3.4	2.25
2026-04-13	128	1	2.25
2026-04-13	77	1	2.35
2026-04-13	39	2.18	3.99
2026-04-13	87	3	1.39
2026-04-13	139	0.22	14.95
2026-04-13	108	0.17	2.35
2026-04-13	93	2	3
2026-04-13	194	0.982	2.75
2026-04-13	146	0.769	14.39
2026-04-13	141	0.128	11.89
2026-04-13	55	2	2.99
2026-04-13	114	2.551	4.5
2026-04-13	28	1	2.85
2026-04-13	95	4.025	2.39
2026-04-13	138	0.521	4.59
2026-04-13	68	1	1.99
2026-04-13	218	2	1.39
2026-04-13	208	2	0.95
2026-04-14	93	2	3
2026-04-14	146	0.817	14.39
2026-04-14	33	4.717	1.59
2026-04-14	48	1	1.99
2026-04-14	127	3	2.49
2026-04-14	155	1	0.85
2026-04-14	194	2.233	2.75
2026-04-14	8	1	2.25
2026-04-14	226	2	1.35
2026-04-14	43	7.866	1.79
2026-04-14	134	0.492	14.75
2026-04-14	18	5.652	1.35
2026-04-14	39	1.16	3.99
2026-04-14	196	3	3.15
2026-04-14	125	3	2.35
2026-04-14	193	2	2.5
2026-04-14	93	3	3
2026-04-14	85	1	1.49
2026-04-14	114	2.027	4.5
2026-04-14	195	2	2.25
2026-04-14	107	2.392	1.99
2026-04-14	201	0.636	1.95
2026-04-14	100	0.364	2.69
2026-04-14	121	8.279	1.29
2026-04-14	166	1	2.45
2026-04-14	218	1	1.39
2026-04-14	30	3	1.89
2026-04-14	197	5.116	2.25
2026-04-14	44	4.92	1.75
2026-04-14	190	2	3.15
2026-04-14	93	2	3
2026-04-14	165	1.336	5
2026-04-14	108	0.183	2.35
2026-04-14	17	1	1.69
2026-04-14	84	5	1.59
2026-04-14	121	3.775	1.29
2026-04-14	138	1.58	4.59
2026-04-14	93	3	3
2026-04-14	101	1.047	3
2026-04-14	142	0.312	6.95
2026-04-14	54	2	2.59
2026-04-14	112	1.436	2.59
2026-04-14	87	3	1.39
2026-04-14	103	1.155	2.19
2026-04-14	77	1	2.35
2026-04-14	167	3	1.59
2026-04-14	97	0.217	1.75
2026-04-14	190	1	3.15
2026-04-14	224	1	0.99
2026-04-14	43	0.994	1.79
2026-04-14	42	3.453	1.39
2026-04-14	152	1	1.75
2026-04-14	158	1	2.29
2026-04-14	18	2.97	1.35
2026-04-14	145	0.149	22.95
2026-04-14	75	3	1.59
2026-04-14	48	1	1.99
2026-04-14	154	1	1.99
2026-04-14	98	0.952	2.3
2026-04-14	71	1	1.99
2026-04-14	109	0.44	2.59
2026-04-14	199	1.301	2.19
2026-04-14	189	1	3.15
2026-04-14	136	0.222	12.95
2026-04-14	114	1.484	4.5
2026-04-14	41	1.535	1.85
2026-04-14	53	1	2.59
2026-04-14	144	0.314	5.39
2026-04-14	137	0.217	18.75
2026-04-14	101	3.2	3
2026-04-14	137	0.132	18.75
2026-04-14	93	3	3
2026-04-14	140	0.399	12.95
2026-04-14	76	4	0.79
2026-04-14	4	2	1.05
2026-04-14	99	1.147	2.99
2026-04-14	158	1	2.29
2026-04-14	11	0.613	3.95
2026-04-14	49	1	3
2026-04-14	114	1.127	4.5
2026-04-14	165	0.854	5
2026-04-14	219	2	0.99
2026-04-14	42	2.122	1.39
2026-04-14	92	5.787	0.89
2026-04-14	207	1	1.29
2026-04-14	73	2	1.49
2026-04-14	31	0.404	5.69
2026-04-14	50	1	3
2026-04-14	124	1.316	1.55
2026-04-14	74	1	2.35
2026-04-14	162	1	1.19
2026-04-14	56	3	3.49
2026-04-14	52	6.283	0.99
2026-04-14	72	4	0.95
2026-04-14	41	3.378	1.85
2026-04-14	114	0.807	4.5
2026-04-14	215	1	2.79
2026-04-14	118	0.148	4
2026-04-14	141	0.135	11.89
2026-04-14	105	1.537	1.75
2026-04-14	128	1	2.25
2026-04-14	148	0.182	5.99
2026-04-14	4	2	1.05
2026-04-14	27	1	2.59
2026-04-14	216	1	2.79
2026-04-14	44	1.72	1.75
2026-04-14	195	3	2.25
2026-04-14	91	3.565	0.69
2026-04-14	23	3	1.25
2026-04-14	94	1.863	2.85
2026-04-14	69	1	1.25
2026-04-14	194	3.28	2.75
2026-04-14	111	1.366	1.75
2026-04-14	198	6.429	1.19
2026-04-14	3	1	1.45
2026-04-14	96	0.952	2.5
2026-04-14	21	1	0.99
2026-04-14	135	0.352	12.95
2026-04-14	39	1.158	3.99
2026-04-14	218	1	1.39
2026-04-14	250	0.251	2.39
2026-04-14	104	0.121	2.15
2026-04-14	11	1.552	3.95
2026-04-14	59	0.083	4
2026-04-14	68	1	1.99
2026-04-14	57	1	1.35
2026-04-14	187	2.394	5.45
2026-04-14	113	0.021	4.25
2026-04-14	16	1.216	1.25
2026-04-14	117	0.476	2.5
2026-04-14	71	1	1.99
2026-04-14	57	1	1.35
2026-04-14	24	1.084	1.19
2026-04-14	166	3	2.45
2026-04-14	208	2	0.95
2026-04-14	78	1	1.09
2026-04-14	121	8.473	1.29
2026-04-14	199	1.288	2.19
2026-04-14	81	4	1.25
2026-04-14	218	3	1.39
2026-04-14	66	2	1.59
2026-04-14	26	0.252	1.19
2026-04-14	89	11.43	0.79
2026-04-14	28	4	2.85
2026-04-14	190	4	3.15
2026-04-14	130	3	1.89
2026-04-14	38	1.492	1.89
2026-04-14	189	2	3.15
2026-04-14	207	1	1.29
2026-04-14	47	0.257	3
2026-04-14	35	1	1.35
2026-04-14	12	2.756	2.25
2026-04-14	139	0.234	14.95
2026-04-14	61	1	1.89
2026-04-14	122	0.054	2.99
2026-04-14	213	2	2.85
2026-04-14	82	4	0.99
2026-04-14	106	2.688	1.99
2026-04-14	70	2	1.49
2026-04-14	83	2.343	2.39
2026-04-14	76	9	0.79
2026-04-14	95	4.276	2.39
2026-04-14	88	1.543	2.19
2026-04-14	38	3.868	1.89
2026-04-14	27	1	2.59
2026-04-14	149	0.327	4.99
2026-04-14	209	2	1.19
2026-04-14	91	15.217	0.69
2026-04-14	194	1.204	2.75
2026-04-14	79	2	1.55
2026-04-14	46	0.287	3
2026-04-14	112	0.359	2.59
2026-04-14	89	13.076	0.79
2026-04-14	127	1	2.49
2026-04-14	106	2.412	1.99
2026-04-14	55	3	2.99
2026-04-14	78	5	1.09
2026-04-14	40	2	1.99
2026-04-14	178	0.532	3.29
2026-04-14	121	5.488	1.29
2026-04-14	58	1.249	2.49
2026-04-14	9	2	0.85
2026-04-14	153	1	1.99
2026-04-14	101	0.36	3
2026-04-14	111	0.971	1.75
2026-04-14	114	0.551	4.5
2026-04-14	214	1	2.79
2026-04-14	227	1	1.69
2026-04-14	211	2	1.15
2026-04-14	69	4	1.25
2026-04-14	185	2	1.99
2026-04-14	52	11.566	0.99
2026-04-14	44	2.909	1.75
2026-04-14	124	8.89	1.55
2026-04-14	79	2	1.55
2026-04-14	193	2	2.5
2026-04-14	102	0.223	1.75
2026-04-14	94	2.351	2.85
2026-04-14	65	2	1.45
2026-04-14	93	1	3
2026-04-14	248	0.007	10.95
2026-04-14	28	1	2.85
2026-04-15	122	0.057	2.99
2026-04-15	89	7.076	0.79
2026-04-15	144	0.332	5.39
2026-04-15	145	0.158	22.95
2026-04-15	121	7.085	1.29
2026-04-15	101	2.763	3
2026-04-15	113	0.021	4.25
2026-04-15	148	0.194	5.99
2026-04-15	166	2	2.45
2026-04-15	84	2	1.59
2026-04-15	216	1	2.79
2026-04-15	124	6.858	1.55
2026-04-15	165	1.804	5
2026-04-15	121	11.302	1.29
2026-04-15	207	1	1.29
2026-04-15	114	2.767	4.5
2026-04-15	109	0.467	2.59
2026-04-15	112	0.958	2.59
2026-04-15	12	2.916	2.25
2026-04-15	190	2	3.15
2026-04-15	82	4	0.99
2026-04-15	101	2.117	3
2026-04-15	11	0.947	3.95
2026-04-15	33	4.994	1.59
2026-04-15	66	1	1.59
2026-04-15	142	0.331	6.95
2026-04-15	211	2	1.15
2026-04-15	130	1	1.89
2026-04-15	50	1	3
2026-04-15	227	1	1.69
2026-04-15	112	0.942	2.59
2026-04-15	35	1	1.35
2026-04-15	149	0.345	4.99
2026-04-15	93	1	3
2026-04-15	137	0.164	18.75
2026-04-15	65	2	1.45
2026-04-15	39	1.175	3.99
2026-04-15	59	0.087	4
2026-04-15	77	2	2.35
2026-04-15	153	1	1.99
2026-04-15	26	0.269	1.19
2026-04-15	54	2	2.59
2026-04-15	114	0.349	4.5
2026-04-15	79	3	1.55
2026-04-15	76	13	0.79
2026-04-15	107	2.533	1.99
2026-04-15	166	1	2.45
2026-04-15	134	0.235	14.75
2026-04-15	21	1	0.99
2026-04-15	28	5	2.85
2026-04-15	78	3	1.09
2026-04-15	186	1	2.25
2026-04-15	48	1	1.99
2026-04-15	108	0.191	2.35
2026-04-15	81	4	1.25
2026-04-15	187	1.604	5.45
2026-04-15	42	5.906	1.39
2026-04-15	38	3.296	1.89
2026-04-15	40	2	1.99
2026-04-15	55	3	2.99
2026-04-15	78	4	1.09
2026-04-15	121	3.674	1.29
2026-04-15	197	5.422	2.25
2026-04-15	165	0.518	5
2026-04-15	195	3	2.25
2026-04-15	27	1	2.59
2026-04-15	4	4	1.05
2026-04-15	100	0.387	2.69
2026-04-15	91	10.522	0.69
2026-04-15	99	1.214	2.99
2026-04-15	158	1	2.29
2026-04-15	88	1.635	2.19
2026-04-15	130	2	1.89
2026-04-15	155	1	0.85
2026-04-15	175	1	1.59
2026-04-15	89	10	0.79
2026-04-15	46	0.307	3
2026-04-15	91	9.377	0.69
2026-04-15	146	0.767	14.39
2026-04-15	187	0.93	5.45
2026-04-15	41	5.2	1.85
2026-04-15	135	0.373	12.95
2026-04-15	87	1	1.39
2026-04-15	189	3	3.15
2026-04-15	66	1	1.59
2026-04-15	85	1	1.49
2026-04-15	30	3	1.89
2026-04-15	31	0.429	5.69
2026-04-15	69	6	1.25
2026-04-15	201	0.677	1.95
2026-04-15	71	1	1.99
2026-04-15	194	4.244	2.75
2026-04-15	146	0.098	14.39
2026-04-15	215	1	2.79
2026-04-15	73	1	1.49
2026-04-15	106	0.302	1.99
2026-04-15	54	1	2.59
2026-04-15	56	1	3.49
2026-04-15	106	5.101	1.99
2026-04-15	96	1.008	2.5
2026-04-15	121	1.605	1.29
2026-04-15	127	4	2.49
2026-04-15	103	1.224	2.19
2026-04-15	121	3.876	1.29
2026-04-15	207	1	1.29
2026-04-15	190	4	3.15
2026-04-15	52	6.687	0.99
2026-04-15	219	2	0.99
2026-04-15	198	6.798	1.19
2026-04-15	138	1.671	4.59
2026-04-15	58	1.321	2.49
2026-04-15	208	4	0.95
2026-04-15	248	0.008	10.95
2026-04-15	117	0.504	2.5
2026-04-15	218	5	1.39
2026-04-15	16	1.288	1.25
2026-04-15	8	1	2.25
2026-04-15	74	1	2.35
2026-04-15	43	7.134	1.79
2026-04-15	47	0.273	3
2026-04-15	167	1	1.59
2026-04-15	83	1.351	2.39
2026-04-15	57	2	1.35
2026-04-15	93	5	3
2026-04-15	125	3	2.35
2026-04-15	61	1	1.89
2026-04-15	17	1	1.69
2026-04-15	83	1.126	2.39
2026-04-15	89	8.886	0.79
2026-04-15	167	1	1.59
2026-04-15	166	2	2.45
2026-04-15	93	2	3
2026-04-15	93	4	3
2026-04-15	250	0.264	2.39
2026-04-15	61	1	1.89
2026-04-15	93	1	3
2026-04-15	209	2	1.19
2026-04-15	194	0.545	2.75
2026-04-15	38	2.37	1.89
2026-04-15	224	1	0.99
2026-04-15	95	4.527	2.39
2026-04-15	193	4	2.5
2026-04-15	185	1	1.99
2026-04-15	27	1	2.59
2026-04-15	49	1	3
2026-04-15	178	0.562	3.29
2026-04-15	8	1	2.25
2026-04-15	134	0.285	14.75
2026-04-15	72	2	0.95
2026-04-15	3	1	1.45
2026-04-15	97	0.229	1.75
2026-04-15	114	3.233	4.5
2026-04-15	111	2.474	1.75
2026-04-15	75	3	1.59
2026-04-15	124	3.948	1.55
2026-04-15	53	1	2.59
2026-04-15	56	3	3.49
2026-04-15	44	4.349	1.75
2026-04-15	84	3	1.59
2026-04-15	94	2.186	2.85
2026-04-15	94	2.368	2.85
2026-04-15	48	1	1.99
2026-04-15	87	2	1.39
2026-04-15	196	2	3.15
2026-04-15	23	3	1.25
2026-04-15	214	1	2.79
2026-04-15	55	1	2.99
2026-04-15	98	1.009	2.3
2026-04-15	11	1.344	3.95
2026-04-15	226	2	1.35
2026-04-15	52	12.202	0.99
2026-04-15	43	2.246	1.79
2026-04-15	167	2	1.59
2026-04-15	39	1.278	3.99
2026-04-15	68	1	1.99
2026-04-15	136	0.235	12.95
2026-04-15	18	8.807	1.35
2026-04-15	92	5.461	0.89
2026-04-15	92	0.663	0.89
2026-04-15	73	1	1.49
2026-04-15	196	1	3.15
2026-04-15	130	1	1.89
2026-04-15	79	1	1.55
2026-04-15	194	2.32	2.75
2026-04-15	154	1	1.99
2026-04-15	162	1	1.19
2026-04-15	213	2	2.85
2026-04-15	105	1.629	1.75
2026-04-15	66	1	1.59
2026-04-15	199	2.703	2.19
2026-04-15	9	4	0.85
2026-04-15	102	0.24	1.75
2026-04-15	137	0.213	18.75
2026-04-15	49	1	3
2026-04-15	70	1	1.49
2026-04-15	190	1	3.15
2026-04-15	139	0.247	14.95
2026-04-15	152	1	1.75
2026-04-15	185	2	1.99
2026-04-15	141	0.144	11.89
2026-04-15	24	1.151	1.19
2026-04-15	44	5.76	1.75
2026-04-15	93	1	3
2026-04-15	128	1	2.25
2026-04-15	140	0.402	12.95
2026-04-15	195	2	2.25
2026-04-15	70	2	1.49
2026-04-15	118	0.155	4
2026-04-16	81	4	1.25
2026-04-16	146	0.504	14.39
2026-04-16	43	1.207	1.79
2026-04-16	195	1	2.25
2026-04-16	89	2.038	0.79
2026-04-16	194	3.324	2.75
2026-04-16	94	0.354	2.85
2026-04-16	30	1	1.89
2026-04-16	49	1	3
2026-04-16	135	0.388	12.95
2026-04-16	99	1.284	2.99
2026-04-16	124	2.574	1.55
2026-04-16	94	2.263	2.85
2026-04-16	218	5	1.39
2026-04-16	35	1	1.35
2026-04-16	69	6	1.25
2026-04-16	226	2	1.35
2026-04-16	162	1	1.19
2026-04-16	106	5.176	1.99
2026-04-16	248	0.008	10.95
2026-04-16	100	0.409	2.69
2026-04-16	11	2.418	3.95
2026-04-16	134	0.549	14.75
2026-04-16	154	1	1.99
2026-04-16	190	1	3.15
2026-04-16	44	7.246	1.75
2026-04-16	137	0.044	18.75
2026-04-16	71	1	1.99
2026-04-16	54	2	2.59
2026-04-16	85	1	1.49
2026-04-16	44	0.429	1.75
2026-04-16	56	3	3.49
2026-04-16	28	2	2.85
2026-04-16	194	4.182	2.75
2026-04-16	165	1.116	5
2026-04-16	70	3	1.49
2026-04-16	122	0.06	2.99
2026-04-16	39	2.589	3.99
2026-04-16	23	3	1.25
2026-04-16	146	0.409	14.39
2026-04-16	76	12	0.79
2026-04-16	142	0.348	6.95
2026-04-16	54	1	2.59
2026-04-16	121	5.915	1.29
2026-04-16	141	0.151	11.89
2026-04-16	166	5	2.45
2026-04-16	193	1	2.5
2026-04-16	40	1	1.99
2026-04-16	53	1	2.59
2026-04-16	56	1	3.49
2026-04-16	43	5.324	1.79
2026-04-16	40	1	1.99
2026-04-16	144	0.349	5.39
2026-04-16	187	0.837	5.45
2026-04-16	201	0.713	1.95
2026-04-16	137	0.354	18.75
2026-04-16	41	2.27	1.85
2026-04-16	113	0.021	4.25
2026-04-16	155	1	0.85
2026-04-16	136	0.238	12.95
2026-04-16	79	2	1.55
2026-04-16	79	2	1.55
2026-04-16	75	3	1.59
2026-04-16	148	0.204	5.99
2026-04-16	48	1	1.99
2026-04-16	128	1	2.25
2026-04-16	187	1.36	5.45
2026-04-16	65	1	1.45
2026-04-16	57	2	1.35
2026-04-16	24	1.21	1.19
2026-04-16	89	15.557	0.79
2026-04-16	93	3	3
2026-04-16	140	0.446	12.95
2026-04-16	84	5	1.59
2026-04-16	65	1	1.45
2026-04-16	145	0.167	22.95
2026-04-16	8	1	2.25
2026-04-16	4	5	1.05
2026-04-16	27	1	2.59
2026-04-16	9	4	0.85
2026-04-16	106	0.528	1.99
2026-04-16	61	1	1.89
2026-04-16	207	2	1.29
2026-04-16	66	3	1.59
2026-04-16	83	1.715	2.39
2026-04-16	121	3.31	1.29
2026-04-16	153	1	1.99
2026-04-16	46	0.323	3
2026-04-16	167	2	1.59
2026-04-16	49	1	3
2026-04-16	12	1.88	2.25
2026-04-16	219	2	0.99
2026-04-16	138	1.765	4.59
2026-04-16	61	1	1.89
2026-04-16	95	2.967	2.39
2026-04-16	55	1	2.99
2026-04-16	42	6.23	1.39
2026-04-16	83	0.904	2.39
2026-04-16	81	1	1.25
2026-04-16	109	0.494	2.59
2026-04-16	43	0.721	1.79
2026-04-16	52	12.343	0.99
2026-04-16	112	1.954	2.59
2026-04-16	17	1	1.69
2026-04-16	196	3	3.15
2026-04-16	89	2.722	0.79
2026-04-16	165	1.332	5
2026-04-16	211	2	1.15
2026-04-16	68	1	1.99
2026-04-16	175	1	1.59
2026-04-16	28	2	2.85
2026-04-16	44	2.994	1.75
2026-04-16	78	7	1.09
2026-04-16	31	0.452	5.69
2026-04-16	26	0.277	1.19
2026-04-16	80	1	2.99
2026-04-16	195	3	2.25
2026-04-16	30	2	1.89
2026-04-16	114	1.133	4.5
2026-04-16	127	1	2.49
2026-04-16	95	1.812	2.39
2026-04-16	117	0.532	2.5
2026-04-16	55	1	2.99
2026-04-16	195	2	2.25
2026-04-16	190	4	3.15
2026-04-16	28	1	2.85
2026-04-16	76	1	0.79
2026-04-16	28	1	2.85
2026-04-16	197	2.92	2.25
2026-04-16	214	1	2.79
2026-04-16	21	1	0.99
2026-04-16	121	8.837	1.29
2026-04-16	111	2.611	1.75
2026-04-16	96	1.064	2.5
2026-04-16	59	0.092	4
2026-04-16	149	0.365	4.99
2026-04-16	30	1	1.89
2026-04-16	152	1	1.75
2026-04-16	93	4	3
2026-04-16	33	5.27	1.59
2026-04-16	190	3	3.15
2026-04-16	250	0.28	2.39
2026-04-16	167	2	1.59
2026-04-16	185	2	1.99
2026-04-16	124	8.735	1.55
2026-04-16	73	2	1.49
2026-04-16	98	1.065	2.3
2026-04-16	103	1.297	2.19
2026-04-16	16	1.36	1.25
2026-04-16	189	3	3.15
2026-04-16	8	1	2.25
2026-04-16	198	7.176	1.19
2026-04-16	102	0.251	1.75
2026-04-16	224	1	0.99
2026-04-16	91	3.043	0.69
2026-04-16	97	0.24	1.75
2026-04-16	58	0.241	2.49
2026-04-16	77	2	2.35
2026-04-16	185	1	1.99
2026-04-16	130	4	1.89
2026-04-16	91	17.957	0.69
2026-04-16	114	2.584	4.5
2026-04-16	105	1.714	1.75
2026-04-16	199	2.89	2.19
2026-04-16	158	1	2.29
2026-04-16	93	5	3
2026-04-16	213	2	2.85
2026-04-16	208	3	0.95
2026-04-16	71	1	1.99
2026-04-16	114	2.962	4.5
2026-04-16	18	2.089	1.35
2026-04-16	3	1	1.45
2026-04-16	108	0.2	2.35
2026-04-16	93	1	3
2026-04-16	209	2	1.19
2026-04-16	227	1	1.69
2026-04-16	82	5	0.99
2026-04-16	88	1.726	2.19
2026-04-16	47	0.287	3
2026-04-16	139	0.262	14.95
2026-04-16	101	2.783	3
2026-04-16	12	1.2	2.25
2026-04-16	75	1	1.59
2026-04-16	216	1	2.79
2026-04-16	178	0.593	3.29
2026-04-16	93	2	3
2026-04-16	58	1.153	2.49
2026-04-16	38	5.989	1.89
2026-04-16	121	11.008	1.29
2026-04-16	101	2.37	3
2026-04-16	215	1	2.79
2026-04-16	89	7.076	0.79
2026-04-16	84	1	1.59
2026-04-16	127	3	2.49
2026-04-16	107	2.668	1.99
2026-04-16	187	0.479	5.45
2026-04-16	125	2	2.35
2026-04-16	197	2.804	2.25
2026-04-16	94	2.186	2.85
2026-04-16	52	7.596	0.99
2026-04-16	92	6.472	0.89
2026-04-16	87	3	1.39
2026-04-16	18	7.541	1.35
2026-04-16	48	1	1.99
2026-04-16	50	1	3
2026-04-16	72	4	0.95
2026-04-16	41	3.216	1.85
2026-04-16	211	1	1.15
2026-04-16	43	2.654	1.79
2026-04-16	125	1	2.35
2026-04-16	186	1	2.25
2026-04-16	74	1	2.35
2026-04-16	118	0.165	4
2026-04-16	193	3	2.5
2026-04-16	55	2	2.99
2026-04-17	111	2.76	1.75
2026-04-17	81	1	1.25
2026-04-17	91	6.812	0.69
2026-04-17	53	1	2.59
2026-04-17	121	2.233	1.29
2026-04-17	17	1	1.69
2026-04-17	196	2	3.15
2026-04-17	28	2	2.85
2026-04-17	95	1.41	2.39
2026-04-17	214	1	2.79
2026-04-17	8	1	2.25
2026-04-17	121	2.86	1.29
2026-04-17	112	2.429	2.59
2026-04-17	27	1	2.59
2026-04-17	194	1.829	2.75
2026-04-17	196	2	3.15
2026-04-17	140	0.22	12.95
2026-04-17	57	2	1.35
2026-04-17	114	1.609	4.5
2026-04-17	101	3.11	3
2026-04-17	84	2	1.59
2026-04-17	79	2	1.55
2026-04-17	40	1	1.99
2026-04-17	35	1	1.35
2026-04-17	135	0.476	12.95
2026-04-17	65	2	1.45
2026-04-17	218	2	1.39
2026-04-17	85	1	1.49
2026-04-17	79	3	1.55
2026-04-17	138	2.135	4.59
2026-04-17	93	4	3
2026-04-17	59	0.112	4
2026-04-17	26	0.336	1.19
2026-04-17	95	1.887	2.39
2026-04-17	107	1.563	1.99
2026-04-17	94	2.025	2.85
2026-04-17	44	5.966	1.75
2026-04-17	146	0.199	14.39
2026-04-17	4	6	1.05
2026-04-17	52	4.909	0.99
2026-04-17	166	2	2.45
2026-04-17	23	4	1.25
2026-04-17	21	1	0.99
2026-04-17	108	0.247	2.35
2026-04-17	89	4.139	0.79
2026-04-17	43	5.67	1.79
2026-04-17	187	1.637	5.45
2026-04-17	87	4	1.39
2026-04-17	95	2.485	2.39
2026-04-17	153	1	1.99
2026-04-17	148	0.247	5.99
2026-04-17	46	0.39	3
2026-04-17	93	2	3
2026-04-17	114	2.289	4.5
2026-04-17	199	2	2.19
2026-04-17	194	1.247	2.75
2026-04-17	80	1	2.99
2026-04-17	97	0.291	1.75
2026-04-17	175	1	1.59
2026-04-17	101	0.993	3
2026-04-17	11	1.104	3.95
2026-04-17	61	1	1.89
2026-04-17	38	2.28	1.89
2026-04-17	127	2	2.49
2026-04-17	30	2	1.89
2026-04-17	73	3	1.49
2026-04-17	149	0.441	4.99
2026-04-17	142	0.422	6.95
2026-04-17	190	1	3.15
2026-04-17	145	0.202	22.95
2026-04-17	82	3	0.99
2026-04-17	128	1	2.25
2026-04-17	52	13.424	0.99
2026-04-17	69	4	1.25
2026-04-17	105	2.08	1.75
2026-04-17	106	1.382	1.99
2026-04-17	56	1	3.49
2026-04-17	185	1	1.99
2026-04-17	226	2	1.35
2026-04-17	219	2	0.99
2026-04-17	195	1	2.25
2026-04-17	198	3.597	1.19
2026-04-17	190	2	3.15
2026-04-17	107	1.668	1.99
2026-04-17	186	1	2.25
2026-04-17	38	4.968	1.89
2026-04-17	197	3.809	2.25
2026-04-17	44	1.857	1.75
2026-04-17	58	1.687	2.49
2026-04-17	207	2	1.29
2026-04-17	93	2	3
2026-04-17	93	2	3
2026-04-17	41	3.508	1.85
2026-04-17	77	2	2.35
2026-04-17	44	3.417	1.75
2026-04-17	140	0.192	12.95
2026-04-17	167	1	1.59
2026-04-17	24	1.471	1.19
2026-04-17	125	4	2.35
2026-04-17	91	4.42	0.69
2026-04-17	82	3	0.99
2026-04-17	189	3	3.15
2026-04-17	124	4.929	1.55
2026-04-17	216	1	2.79
2026-04-17	209	2	1.19
2026-04-17	84	5	1.59
2026-04-17	189	1	3.15
2026-04-17	12	3.729	2.25
2026-04-17	75	4	1.59
2026-04-17	124	8.884	1.55
2026-04-17	213	1	2.85
2026-04-17	42	3.878	1.39
2026-04-17	121	9.047	1.29
2026-04-17	91	10.507	0.69
2026-04-17	195	3	2.25
2026-04-17	28	1	2.85
2026-04-17	250	0.339	2.39
2026-04-17	70	3	1.49
2026-04-17	195	3	2.25
2026-04-17	114	1.3	4.5
2026-04-17	187	1.602	5.45
2026-04-17	99	1.552	2.99
2026-04-17	78	9	1.09
2026-04-17	152	1	1.75
2026-04-17	218	4	1.39
2026-04-17	111	0.4	1.75
2026-04-17	178	0.717	3.29
2026-04-17	66	3	1.59
2026-04-17	106	3.93	1.99
2026-04-17	201	0.862	1.95
2026-04-17	146	0.68	14.39
2026-04-17	113	0.026	4.25
2026-04-17	94	3.789	2.85
2026-04-17	93	1	3
2026-04-17	9	3	0.85
2026-04-17	165	2.906	5
2026-04-17	40	2	1.99
2026-04-17	158	1	2.29
2026-04-17	136	0.301	12.95
2026-04-17	33	6.384	1.59
2026-04-17	122	0.07	2.99
2026-04-17	18	1.756	1.35
2026-04-17	121	7.566	1.29
2026-04-17	198	5.092	1.19
2026-04-17	140	0.128	12.95
2026-04-17	44	1.674	1.75
2026-04-17	47	0.347	3
2026-04-17	16	1.64	1.25
2026-04-17	89	15.608	0.79
2026-04-17	114	2.916	4.5
2026-04-17	227	1	1.69
2026-04-17	50	1	3
2026-04-17	137	0.482	18.75
2026-04-17	224	1	0.99
2026-04-17	28	2	2.85
2026-04-17	167	4	1.59
2026-04-17	146	0.226	14.39
2026-04-17	71	1	1.99
2026-04-17	144	0.423	5.39
2026-04-17	43	6.318	1.79
2026-04-17	69	3	1.25
2026-04-17	100	0.494	2.69
2026-04-17	83	3.167	2.39
2026-04-17	56	2	3.49
2026-04-17	55	2	2.99
2026-04-17	197	3.116	2.25
2026-04-17	208	3	0.95
2026-04-17	76	18	0.79
2026-04-17	103	1.566	2.19
2026-04-17	102	0.303	1.75
2026-04-17	141	0.183	11.89
2026-04-17	194	4.193	2.75
2026-04-17	72	3	0.95
2026-04-17	48	1	1.99
2026-04-17	81	5	1.25
2026-04-17	190	2	3.15
2026-04-17	53	1	2.59
2026-04-17	139	0.316	14.95
2026-04-17	134	0.125	14.75
2026-04-17	74	1	2.35
2026-04-17	91	3.681	0.69
2026-04-17	68	1	1.99
2026-04-17	92	7.831	0.89
2026-04-17	199	1.502	2.19
2026-04-17	93	3	3
2026-04-17	39	3.063	3.99
2026-04-17	54	1	2.59
2026-04-17	85	1	1.49
2026-04-17	215	1	2.79
2026-04-17	134	0.54	14.75
2026-04-17	121	9.008	1.29
2026-04-17	214	1	2.79
2026-04-17	31	0.547	5.69
2026-04-17	41	3.141	1.85
2026-04-17	190	4	3.15
2026-04-17	155	3	0.85
2026-04-17	71	1	1.99
2026-04-17	130	4	1.89
2026-04-17	98	1.287	2.3
2026-04-17	213	2	2.85
2026-04-17	109	0.598	2.59
2026-04-17	211	3	1.15
2026-04-17	194	1.815	2.75
2026-04-17	89	13.405	0.79
2026-04-17	193	5	2.5
2026-04-17	248	0.01	10.95
2026-04-17	162	1	1.19
2026-04-17	28	2	2.85
2026-04-17	96	1.288	2.5
2026-04-17	118	0.198	4
2026-04-17	52	5.818	0.99
2026-04-17	3	1	1.45
2026-04-17	106	1.593	1.99
2026-04-17	88	2.087	2.19
2026-04-17	42	3.669	1.39
2026-04-17	127	3	2.49
2026-04-17	11	1.823	3.95
2026-04-17	154	1	1.99
2026-04-17	93	4	3
2026-04-17	121	2.86	1.29
2026-04-17	166	4	2.45
2026-04-17	117	0.644	2.5
2026-04-17	101	0.813	3
2026-04-17	121	1.62	1.29
2026-04-17	30	2	1.89
2026-04-17	101	1.32	3
2026-04-17	18	9.904	1.35
2026-04-17	130	1	1.89
2026-04-17	56	1	3.49
2026-04-17	49	1	3
2026-04-18	54	1	2.59
2026-04-18	165	1.038	5
2026-04-18	40	1	1.99
2026-04-18	216	1	2.79
2026-04-18	197	2.773	2.25
2026-04-18	47	0.41	3
2026-04-18	96	0.9	2.5
2026-04-18	52	12.394	0.99
2026-04-18	50	1	3
2026-04-18	53	1	2.59
2026-04-18	141	0.215	11.89
2026-04-18	27	1	2.59
2026-04-18	43	6.564	1.79
2026-04-18	186	1	2.25
2026-04-18	117	0.756	2.5
2026-04-18	215	1	2.79
2026-04-18	80	1	2.99
2026-04-18	57	2	1.35
2026-04-18	227	1	1.69
2026-04-18	30	4	1.89
2026-04-18	213	1	2.85
2026-04-18	53	1	2.59
2026-04-18	111	1.337	1.75
2026-04-18	41	6.492	1.85
2026-04-18	46	0.457	3
2026-04-18	77	1	2.35
2026-04-18	122	0.084	2.99
2026-04-18	68	1	1.99
2026-04-18	83	1.632	2.39
2026-04-18	190	3	3.15
2026-04-18	95	2.887	2.39
2026-04-18	39	0.373	3.99
2026-04-18	175	1	1.59
2026-04-18	78	9	1.09
2026-04-18	96	0.612	2.5
2026-04-18	135	0.561	12.95
2026-04-18	11	1.734	3.95
2026-04-18	127	2	2.49
2026-04-18	4	7	1.05
2026-04-18	166	2	2.45
2026-04-18	190	1	3.15
2026-04-18	178	0.824	3.29
2026-04-18	166	5	2.45
2026-04-18	55	3	2.99
2026-04-18	136	0.353	12.95
2026-04-18	11	1.311	3.95
2026-04-18	24	1.723	1.19
2026-04-18	111	1.566	1.75
2026-04-18	87	4	1.39
2026-04-18	43	2.285	1.79
2026-04-18	114	1.511	4.5
2026-04-18	121	7.636	1.29
2026-04-18	72	5	0.95
2026-04-18	39	3.308	3.99
2026-04-18	18	1.511	1.35
2026-04-18	153	1	1.99
2026-04-18	3	1	1.45
2026-04-18	95	3.904	2.39
2026-04-18	41	1.308	1.85
2026-04-18	121	10.876	1.29
2026-04-18	99	1.823	2.99
2026-04-18	113	0.031	4.25
2026-04-18	12	4.378	2.25
2026-04-18	58	1.98	2.49
2026-04-18	124	7.916	1.55
2026-04-18	93	5	3
2026-04-18	146	0.249	14.39
2026-04-18	91	11.623	0.69
2026-04-18	139	0.372	14.95
2026-04-18	38	5.153	1.89
2026-04-18	26	0.395	1.19
2026-04-18	94	3.779	2.85
2026-04-18	33	0.447	1.59
2026-04-18	112	0.803	2.59
2026-04-18	71	1	1.99
2026-04-18	8	1	2.25
2026-04-18	91	18.217	0.69
2026-04-18	198	3.933	1.19
2026-04-18	65	1	1.45
2026-04-18	52	9.535	0.99
2026-04-18	93	3	3
2026-04-18	9	3	0.85
2026-04-18	128	1	2.25
2026-04-18	93	2	3
2026-04-18	105	2.44	1.75
2026-04-18	55	2	2.99
2026-04-18	49	1	3
2026-04-18	18	4.459	1.35
2026-04-18	84	1	1.59
2026-04-18	190	1	3.15
2026-04-18	218	7	1.39
2026-04-18	88	2.452	2.19
2026-04-18	44	7.914	1.75
2026-04-18	76	5	0.79
2026-04-18	66	2	1.59
2026-04-18	76	7	0.79
2026-04-18	50	1	3
2026-04-18	56	3	3.49
2026-04-18	93	2	3
2026-04-18	54	1	2.59
2026-04-18	93	3	3
2026-04-18	94	3.046	2.85
2026-04-18	44	1.343	1.75
2026-04-18	97	0.343	1.75
2026-04-18	70	2	1.49
2026-04-18	195	1	2.25
2026-04-18	137	0.163	18.75
2026-04-18	121	7.016	1.29
2026-04-18	138	2.508	4.59
2026-04-18	209	2	1.19
2026-04-18	248	0.012	10.95
2026-04-18	42	8.856	1.39
2026-04-18	68	1	1.99
2026-04-18	190	2	3.15
2026-04-18	103	1.658	2.19
2026-04-18	154	1	1.99
2026-04-18	216	1	2.79
2026-04-18	28	3	2.85
2026-04-18	121	7.116	1.29
2026-04-18	224	1	0.99
2026-04-18	144	0.495	5.39
2026-04-18	124	4.477	1.55
2026-04-18	219	4	0.99
2026-04-18	214	2	2.79
2026-04-18	48	1	1.99
2026-04-18	101	3.283	3
2026-04-18	18	4.356	1.35
2026-04-18	124	0.729	1.55
2026-04-18	146	0.347	14.39
2026-04-18	197	2.444	2.25
2026-04-18	196	1	3.15
2026-04-18	18	3.37	1.35
2026-04-18	130	2	1.89
2026-04-18	109	0.703	2.59
2026-04-18	198	2.597	1.19
2026-04-18	43	2.341	1.79
2026-04-18	134	0.74	14.75
2026-04-18	17	1	1.69
2026-04-18	93	3	3
2026-04-18	190	2	3.15
2026-04-18	145	0.237	22.95
2026-04-18	187	2.183	5.45
2026-04-18	201	1.015	1.95
2026-04-18	52	3.414	0.99
2026-04-18	199	3.74	2.19
2026-04-18	49	1	3
2026-04-18	106	1.583	1.99
2026-04-18	189	3	3.15
2026-04-18	114	2.973	4.5
2026-04-18	146	0.465	14.39
2026-04-18	112	2.046	2.59
2026-04-18	76	8	0.79
2026-04-18	140	0.634	12.95
2026-04-18	27	1	2.59
2026-04-18	23	4	1.25
2026-04-18	209	1	1.19
2026-04-18	75	1	1.59
2026-04-18	78	1	1.09
2026-04-18	146	0.238	14.39
2026-04-18	118	0.233	4
2026-04-18	158	1	2.29
2026-04-18	66	2	1.59
2026-04-18	59	0.13	4
2026-04-18	198	3.664	1.19
2026-04-18	189	1	3.15
2026-04-18	185	1	1.99
2026-04-18	121	8.667	1.29
2026-04-18	101	2.99	3
2026-04-18	152	1	1.75
2026-04-18	127	4	2.49
2026-04-18	11	0.39	3.95
2026-04-18	194	4.924	2.75
2026-04-18	52	2.667	0.99
2026-04-18	194	1.527	2.75
2026-04-18	84	7	1.59
2026-04-18	92	9.18	0.89
2026-04-18	81	1	1.25
2026-04-18	44	4.086	1.75
2026-04-18	93	3	3
2026-04-18	197	2.916	2.25
2026-04-18	155	2	0.85
2026-04-18	44	1.817	1.75
2026-04-18	196	1	3.15
2026-04-18	124	3.097	1.55
2026-04-18	165	2.444	5
2026-04-18	27	1	2.59
2026-04-18	193	1	2.5
2026-04-18	74	1	2.35
2026-04-18	107	2.136	1.99
2026-04-18	79	6	1.55
2026-04-18	43	2.883	1.79
2026-04-18	137	0.403	18.75
2026-04-18	162	1	1.19
2026-04-18	250	0.397	2.39
2026-04-18	81	5	1.25
2026-04-18	35	2	1.35
2026-04-18	70	2	1.49
2026-04-18	61	1	1.89
2026-04-18	33	7.044	1.59
2026-04-18	107	1.658	1.99
2026-04-18	111	0.811	1.75
2026-04-18	106	3.95	1.99
2026-04-18	114	1.84	4.5
2026-04-18	98	1.509	2.3
2026-04-18	83	2.092	2.39
2026-04-18	125	3	2.35
2026-04-18	125	2	2.35
2026-04-18	21	1	0.99
2026-04-18	69	1	1.25
2026-04-18	73	3	1.49
2026-04-18	211	4	1.15
2026-04-18	60	1	2.75
2026-04-18	102	0.36	1.75
2026-04-18	16	1.928	1.25
2026-04-18	149	0.519	4.99
2026-04-18	148	0.29	5.99
2026-04-18	101	1.047	3
2026-04-18	89	12.367	0.79
2026-04-18	226	1	1.35
2026-04-18	195	2	2.25
2026-04-18	227	1	1.69
2026-04-18	187	1.617	5.45
2026-04-18	193	5	2.5
2026-04-18	108	0.289	2.35
2026-04-18	185	1	1.99
2026-04-18	77	2	2.35
2026-04-18	31	0.643	5.69
2026-04-18	208	4	0.95
2026-04-18	56	2	3.49
2026-04-18	85	2	1.49
2026-04-18	199	0.37	2.19
2026-04-18	207	2	1.29
2026-04-18	167	2	1.59
2026-04-18	106	2.573	1.99
2026-04-18	114	3.2	4.5
2026-04-18	71	1	1.99
2026-04-18	28	1	2.85
2026-04-18	38	3.354	1.89
2026-04-18	194	2.705	2.75
2026-04-18	28	4	2.85
2026-04-18	134	0.04	14.75
2026-04-18	100	0.58	2.69
2026-04-18	158	1	2.29
2026-04-18	82	7	0.99
2026-04-18	89	16.57	0.79
2026-04-18	142	0.495	6.95
2026-04-18	89	9.987	0.79
2026-04-18	69	8	1.25
2026-04-18	190	2	3.15
2026-04-18	194	1.505	2.75
2026-04-18	189	1	3.15
2026-04-20	52	10.152	0.99
2026-04-20	9	2	0.85
2026-04-20	80	1	2.99
2026-04-20	121	3.814	1.29
2026-04-20	55	1	2.99
2026-04-20	106	3.91	1.99
2026-04-20	201	0.6	1.95
2026-04-20	16	1.144	1.25
2026-04-20	48	1	1.99
2026-04-20	226	1	1.35
2026-04-20	178	0.498	3.29
2026-04-20	94	0.368	2.85
2026-04-20	56	3	3.49
2026-04-20	134	0.306	14.75
2026-04-20	250	0.234	2.39
2026-04-20	39	2.18	3.99
2026-04-20	96	0.896	2.5
2026-04-20	138	0.462	4.59
2026-04-20	215	1	2.79
2026-04-20	139	0.22	14.95
2026-04-20	71	1	1.99
2026-04-20	197	3.818	2.25
2026-04-20	40	2	1.99
2026-04-20	206	1	1.95
2026-04-20	193	1	2.5
2026-04-20	61	1	1.89
2026-04-20	124	5.49	1.55
2026-04-20	11	1.22	3.95
2026-04-20	84	4	1.59
2026-04-20	70	2	1.49
2026-04-20	127	1	2.49
2026-04-20	87	3	1.39
2026-04-20	21	1	0.99
2026-04-20	18	5.074	1.35
2026-04-20	75	1	1.59
2026-04-20	85	1	1.49
2026-04-20	89	5.203	0.79
2026-04-20	18	3.044	1.35
2026-04-20	100	0.342	2.69
2026-04-20	193	3	2.5
2026-04-20	209	1	1.19
2026-04-20	127	2	2.49
2026-04-20	137	0.335	18.75
2026-04-20	76	13	0.79
2026-04-20	103	1.087	2.19
2026-04-20	58	1.173	2.49
2026-04-20	198	6.05	1.19
2026-04-20	114	2.982	4.5
2026-04-20	41	2.627	1.85
2026-04-20	106	0.894	1.99
2026-04-20	101	3.273	3
2026-04-20	199	0.374	2.19
2026-04-20	107	2.251	1.99
2026-04-20	44	5	1.75
2026-04-20	50	1	3
2026-04-20	49	1	3
2026-04-20	154	1	1.99
2026-04-20	152	1	1.75
2026-04-20	60	1	2.75
2026-04-20	196	3	3.15
2026-04-20	108	0.17	2.35
2026-04-20	48	1	1.99
2026-04-20	68	1	1.99
2026-04-20	38	2.222	1.89
2026-04-20	216	1	2.79
2026-04-20	140	0.175	12.95
2026-04-20	105	1.446	1.75
2026-04-20	57	1	1.35
2026-04-20	109	0.417	2.59
2026-04-20	190	2	3.15
2026-04-20	165	2.062	5
2026-04-20	88	1.452	2.19
2026-04-20	28	5	2.85
2026-04-20	114	1.384	4.5
2026-04-20	187	0.659	5.45
2026-04-20	162	1	1.19
2026-04-20	55	2	2.99
2026-04-20	75	2	1.59
2026-04-20	84	1	1.59
2026-04-20	136	0.208	12.95
2026-04-20	195	1	2.25
2026-04-20	27	1	2.59
2026-04-20	138	1.024	4.59
2026-04-20	66	2	1.59
2026-04-20	145	0.14	22.95
2026-04-20	26	0.235	1.19
2026-04-20	33	4.44	1.59
2026-04-20	81	4	1.25
2026-04-20	219	1	0.99
2026-04-20	226	1	1.35
2026-04-20	117	0.448	2.5
2026-04-20	65	2	1.45
2026-04-20	142	0.294	6.95
2026-04-20	186	1	2.25
2026-04-20	47	0.243	3
2026-04-20	158	1	2.29
2026-04-20	130	3	1.89
2026-04-20	93	2	3
2026-04-20	38	2.815	1.89
2026-04-20	78	6	1.09
2026-04-20	124	1.355	1.55
2026-04-20	112	1.691	2.59
2026-04-20	83	2.205	2.39
2026-04-20	146	0.163	14.39
2026-04-20	141	0.128	11.89
2026-04-20	125	1	2.35
2026-04-20	52	6.646	0.99
2026-04-20	128	1	2.25
2026-04-20	166	4	2.45
2026-04-20	11	0.815	3.95
2026-04-20	111	2.2	1.75
2026-04-20	93	4	3
2026-04-20	79	4	1.55
2026-04-20	54	2	2.59
2026-04-20	213	2	2.85
2026-04-20	194	0.24	2.75
2026-04-20	73	2	1.49
2026-04-20	17	1	1.69
2026-04-20	248	0.007	10.95
2026-04-20	82	5	0.99
2026-04-20	118	0.138	4
2026-04-20	175	1	1.59
2026-04-20	124	2.761	1.55
2026-04-20	122	0.05	2.99
2026-04-20	146	0.605	14.39
2026-04-20	208	1	0.95
2026-04-20	30	3	1.89
2026-04-20	158	1	2.29
2026-04-20	153	1	1.99
2026-04-20	218	4	1.39
2026-04-20	194	5.189	2.75
2026-04-20	144	0.295	5.39
2026-04-20	114	1.278	4.5
2026-04-20	98	0.891	2.3
2026-04-20	214	1	2.79
2026-04-20	140	0.201	12.95
2026-04-20	101	1.063	3
2026-04-20	102	0.211	1.75
2026-04-20	93	4	3
2026-04-20	91	16.942	0.69
2026-04-20	187	1.594	5.45
2026-04-20	12	1.067	2.25
2026-04-20	92	5.449	0.89
2026-04-20	89	9.165	0.79
2026-04-20	4	4	1.05
2026-04-20	125	2	2.35
2026-04-20	190	4	3.15
2026-04-20	199	2.059	2.19
2026-04-20	135	0.331	12.95
2026-04-20	227	1	1.69
2026-04-20	121	1.558	1.29
2026-04-20	195	1	2.25
2026-04-20	23	1	1.25
2026-04-20	71	1	1.99
2026-04-20	195	3	2.25
2026-04-20	127	1	2.49
2026-04-20	8	1	2.25
2026-04-20	41	1.995	1.85
2026-04-20	12	1.529	2.25
2026-04-20	99	0.672	2.99
2026-04-20	209	1	1.19
2026-04-20	148	0.172	5.99
2026-04-20	94	3.677	2.85
2026-04-20	59	0.078	4
2026-04-20	155	1	0.85
2026-04-20	77	1	2.35
2026-04-20	211	2	1.15
2026-04-20	113	0.019	4.25
2026-04-20	43	5.587	1.79
2026-04-20	77	1	2.35
2026-04-20	93	2	3
2026-04-20	189	2	3.15
2026-04-20	27	1	2.59
2026-04-20	3	1	1.45
2026-04-20	1	1	1.5
2026-04-20	89	8.696	0.79
2026-04-20	167	3	1.59
2026-04-20	99	0.408	2.99
2026-04-20	44	3.983	1.75
2026-04-20	134	0.156	14.75
2026-04-20	23	2	1.25
2026-04-20	197	1	2.25
2026-04-20	207	1	1.29
2026-04-20	24	1.025	1.19
2026-04-20	72	4	0.95
2026-04-20	95	4.025	2.39
2026-04-20	74	1	2.35
2026-04-20	35	1	1.35
2026-04-20	121	9.093	1.29
2026-04-20	53	1	2.59
2026-04-20	121	10.016	1.29
2026-04-20	189	1	3.15
2026-04-20	43	2.76	1.79
2026-04-20	42	5.245	1.39
2026-04-20	46	0.27	3
2026-04-20	249	1	2.29
2026-04-20	91	0.739	0.69
2026-04-20	97	0.206	1.75
2026-04-20	31	0.381	5.69
2026-04-20	185	2	1.99
2026-04-20	69	5	1.25
2026-04-20	149	0.307	4.99
2026-04-20	93	1	3
2026-04-20	224	1	0.99
2026-04-20	194	0.887	2.75
2026-04-21	47	0.257	3
2026-04-21	128	1	2.25
2026-04-21	91	18.058	0.69
2026-04-21	52	13.283	0.99
2026-04-21	155	1	0.85
2026-04-21	193	1	2.5
2026-04-21	165	1.27	5
2026-04-21	39	2.316	3.99
2026-04-21	41	4.908	1.85
2026-04-21	189	2	3.15
2026-04-21	137	0.356	18.75
2026-04-21	193	3	2.5
2026-04-21	101	4.61	3
2026-04-21	196	1	3.15
2026-04-21	76	1	0.79
2026-04-21	141	0.135	11.89
2026-04-21	26	0.252	1.19
2026-04-21	56	3	3.49
2026-04-21	153	1	1.99
2026-04-21	109	0.44	2.59
2026-04-21	107	2.392	1.99
2026-04-21	91	0.725	0.69
2026-04-21	31	0.404	5.69
2026-04-21	59	0.083	4
2026-04-21	40	2	1.99
2026-04-21	65	2	1.45
2026-04-21	144	0.314	5.39
2026-04-21	248	0.007	10.95
2026-04-21	89	2.962	0.79
2026-04-21	93	2	3
2026-04-21	3	1	1.45
2026-04-21	11	2.165	3.95
2026-04-21	127	1	2.49
2026-04-21	96	0.952	2.5
2026-04-21	48	1	1.99
2026-04-21	187	0.294	5.45
2026-04-21	42	5.576	1.39
2026-04-21	154	1	1.99
2026-04-21	114	2.147	4.5
2026-04-21	194	2.585	2.75
2026-04-21	125	3	2.35
2026-04-21	121	11.023	1.29
2026-04-21	186	1	2.25
2026-04-21	127	3	2.49
2026-04-21	84	5	1.59
2026-04-21	148	0.182	5.99
2026-04-21	93	1	3
2026-04-21	4	4	1.05
2026-04-21	61	1	1.89
2026-04-21	73	2	1.49
2026-04-21	121	4.194	1.29
2026-04-21	18	2.348	1.35
2026-04-21	27	1	2.59
2026-04-21	27	1	2.59
2026-04-21	190	3	3.15
2026-04-21	77	2	2.35
2026-04-21	135	0.352	12.95
2026-04-21	95	2.782	2.39
2026-04-21	142	0.312	6.95
2026-04-21	44	1.223	1.75
2026-04-21	226	2	1.35
2026-04-21	80	1	2.99
2026-04-21	166	4	2.45
2026-04-21	209	2	1.19
2026-04-21	102	0.223	1.75
2026-04-21	224	1	0.99
2026-04-21	124	4.245	1.55
2026-04-21	12	2.756	2.25
2026-04-21	218	1	1.39
2026-04-21	111	2.337	1.75
2026-04-21	23	3	1.25
2026-04-21	206	1	1.95
2026-04-21	89	9.911	0.79
2026-04-21	149	0.327	4.99
2026-04-21	105	1.537	1.75
2026-04-21	100	0.364	2.69
2026-04-21	190	1	3.15
2026-04-21	187	2.099	5.45
2026-04-21	93	2	3
2026-04-21	72	2	0.95
2026-04-21	219	2	0.99
2026-04-21	196	1	3.15
2026-04-21	114	1.238	4.5
2026-04-21	18	6.267	1.35
2026-04-21	71	1	1.99
2026-04-21	114	0.776	4.5
2026-04-21	140	0.399	12.95
2026-04-21	130	3	1.89
2026-04-21	185	2	1.99
2026-04-21	117	0.476	2.5
2026-04-21	152	1	1.75
2026-04-21	98	0.952	2.3
2026-04-21	43	5.927	1.79
2026-04-21	162	1	1.19
2026-04-21	213	1	2.85
2026-04-21	81	2	1.25
2026-04-21	93	2	3
2026-04-21	66	2	1.59
2026-04-21	48	1	1.99
2026-04-21	216	1	2.79
2026-04-21	218	3	1.39
2026-04-21	52	4.576	0.99
2026-04-21	146	0.3	14.39
2026-04-21	28	4	2.85
2026-04-21	33	1.239	1.59
2026-04-21	136	0.222	12.95
2026-04-21	24	1.084	1.19
2026-04-21	70	2	1.49
2026-04-21	21	1	0.99
2026-04-21	89	11.633	0.79
2026-04-21	194	1.625	2.75
2026-04-21	55	3	2.99
2026-04-21	71	1	1.99
2026-04-21	58	1.249	2.49
2026-04-21	208	4	0.95
2026-04-21	28	1	2.85
2026-04-21	190	1	3.15
2026-04-21	134	0.492	14.75
2026-04-21	50	1	3
2026-04-21	201	0.636	1.95
2026-04-21	46	0.287	3
2026-04-21	197	4.916	2.25
2026-04-21	95	1.49	2.39
2026-04-21	60	1	2.75
2026-04-21	16	1.216	1.25
2026-04-21	167	3	1.59
2026-04-21	113	0.021	4.25
2026-04-21	108	0.183	2.35
2026-04-21	211	2	1.15
2026-04-21	207	1	1.29
2026-04-21	106	5.101	1.99
2026-04-21	82	3	0.99
2026-04-21	68	1	1.99
2026-04-21	57	1	1.35
2026-04-21	38	1.169	1.89
2026-04-21	214	1	2.79
2026-04-21	158	1	2.29
2026-04-21	93	5	3
2026-04-21	198	6.218	1.19
2026-04-21	165	0.92	5
2026-04-21	54	2	2.59
2026-04-21	87	3	1.39
2026-04-21	88	1.219	2.19
2026-04-21	124	5.961	1.55
2026-04-21	17	1	1.69
2026-04-21	122	0.054	2.99
2026-04-21	190	1	3.15
2026-04-21	33	3.478	1.59
2026-04-21	121	10.798	1.29
2026-04-21	138	1.58	4.59
2026-04-21	207	1	1.29
2026-04-21	78	6	1.09
2026-04-21	53	1	2.59
2026-04-21	145	0.149	22.95
2026-04-21	35	1	1.35
2026-04-21	76	13	0.79
2026-04-21	38	4.19	1.89
2026-04-21	195	5	2.25
2026-04-21	57	1	1.35
2026-04-21	8	1	2.25
2026-04-21	218	1	1.39
2026-04-21	97	0.217	1.75
2026-04-21	94	1	2.85
2026-04-21	69	5	1.25
2026-04-21	146	0.15	14.39
2026-04-21	189	1	3.15
2026-04-21	92	5.787	0.89
2026-04-21	43	2.939	1.79
2026-04-21	146	0.367	14.39
2026-04-21	1	1	1.5
2026-04-21	88	0.32	2.19
2026-04-21	249	1	2.29
2026-04-21	49	1	3
2026-04-21	83	2.343	2.39
2026-04-21	250	0.251	2.39
2026-04-21	74	1	2.35
2026-04-21	93	1	3
2026-04-21	85	1	1.49
2026-04-21	118	0.148	4
2026-04-21	112	1.795	2.59
2026-04-21	44	8.326	1.75
2026-04-21	75	3	1.59
2026-04-21	30	3	1.89
2026-04-21	196	1	3.15
2026-04-21	99	1.147	2.99
2026-04-21	178	0.532	3.29
2026-04-21	158	1	2.29
2026-04-21	79	4	1.55
2026-04-21	81	2	1.25
2026-04-21	139	0.234	14.95
2026-04-21	94	3.298	2.85
2026-04-21	213	1	2.85
2026-04-21	227	1	1.69
2026-04-21	199	2.589	2.19
2026-04-21	114	1.836	4.5
2026-04-21	9	2	0.85
2026-04-21	93	1	3
2026-04-21	194	2.505	2.75
2026-04-21	103	1.155	2.19
2026-04-21	175	1	1.59
2026-04-21	190	1	3.15
2026-04-21	215	1	2.79
2026-04-22	124	1.406	1.55
2026-04-22	189	2	3.15
2026-04-22	59	0.087	4
2026-04-22	56	3	3.49
2026-04-22	114	1.662	4.5
2026-04-22	135	0.373	12.95
2026-04-22	57	2	1.35
2026-04-22	9	3	0.85
2026-04-22	56	1	3.49
2026-04-22	201	0.677	1.95
2026-04-22	70	2	1.49
2026-04-22	198	4.538	1.19
2026-04-22	49	1	3
2026-04-22	94	3.902	2.85
2026-04-22	48	1	1.99
2026-04-22	50	1	3
2026-04-22	152	1	1.75
2026-04-22	55	3	2.99
2026-04-22	145	0.158	22.95
2026-04-22	73	2	1.49
2026-04-22	28	2	2.85
2026-04-22	8	1	2.25
2026-04-22	227	1	1.69
2026-04-22	194	2.142	2.75
2026-04-22	93	2	3
2026-04-22	214	1	2.79
2026-04-22	76	13	0.79
2026-04-22	108	0.191	2.35
2026-04-22	35	1	1.35
2026-04-22	107	2.492	1.99
2026-04-22	130	1	1.89
2026-04-22	58	1.056	2.49
2026-04-22	60	1	2.75
2026-04-22	122	0.057	2.99
2026-04-22	146	0.611	14.39
2026-04-22	92	6.124	0.89
2026-04-22	66	2	1.59
2026-04-22	98	1.009	2.3
2026-04-22	11	2.134	3.95
2026-04-22	102	0.24	1.75
2026-04-22	89	8.392	0.79
2026-04-22	146	0.254	14.39
2026-04-22	26	0.269	1.19
2026-04-22	190	1	3.15
2026-04-22	112	1.9	2.59
2026-04-22	178	0.562	3.29
2026-04-22	187	0.277	5.45
2026-04-22	52	4.172	0.99
2026-04-22	218	4	1.39
2026-04-22	148	0.194	5.99
2026-04-22	93	4	3
2026-04-22	193	3	2.5
2026-04-22	189	1	3.15
2026-04-22	31	0.429	5.69
2026-04-22	101	4.017	3
2026-04-22	138	0.632	4.59
2026-04-22	167	1	1.59
2026-04-22	23	3	1.25
2026-04-22	52	2.101	0.99
2026-04-22	38	5.672	1.89
2026-04-22	113	0.021	4.25
2026-04-22	75	2	1.59
2026-04-22	165	1.528	5
2026-04-22	134	0.42	14.75
2026-04-22	139	0.247	14.95
2026-04-22	194	1.029	2.75
2026-04-22	153	1	1.99
2026-04-22	121	8.333	1.29
2026-04-22	185	1	1.99
2026-04-22	206	1	1.95
2026-04-22	8	1	2.25
2026-04-22	21	1	0.99
2026-04-22	124	9.4	1.55
2026-04-22	195	5	2.25
2026-04-22	61	1	1.89
2026-04-22	44	5.303	1.75
2026-04-22	84	4	1.59
2026-04-22	42	1.482	1.39
2026-04-22	199	2.74	2.19
2026-04-22	93	2	3
2026-04-22	211	2	1.15
2026-04-22	53	1	2.59
2026-04-22	96	1.008	2.5
2026-04-22	109	0.467	2.59
2026-04-22	89	7.899	0.79
2026-04-22	93	2	3
2026-04-22	215	1	2.79
2026-04-22	190	4	3.15
2026-04-22	137	0.154	18.75
2026-04-22	72	4	0.95
2026-04-22	70	1	1.49
2026-04-22	125	3	2.35
2026-04-22	138	1.039	4.59
2026-04-22	39	2.454	3.99
2026-04-22	85	1	1.49
2026-04-22	24	1.151	1.19
2026-04-22	144	0.332	5.39
2026-04-22	52	4.697	0.99
2026-04-22	46	0.307	3
2026-04-22	194	2.607	2.75
2026-04-22	91	13.986	0.69
2026-04-22	83	2.477	2.39
2026-04-22	216	1	2.79
2026-04-22	121	8.798	1.29
2026-04-22	17	1	1.69
2026-04-22	4	4	1.05
2026-04-22	154	1	1.99
2026-04-22	136	0.235	12.95
2026-04-22	103	1.224	2.19
2026-04-22	91	5.913	0.69
2026-04-22	28	1	2.85
2026-04-22	198	2.261	1.19
2026-04-22	130	3	1.89
2026-04-22	141	0.144	11.89
2026-04-22	52	7.929	0.99
2026-04-22	42	4.424	1.39
2026-04-22	30	3	1.89
2026-04-22	207	1	1.29
2026-04-22	97	0.229	1.75
2026-04-22	218	1	1.39
2026-04-22	197	3.569	2.25
2026-04-22	78	7	1.09
2026-04-22	140	0.423	12.95
2026-04-22	33	4.994	1.59
2026-04-22	149	0.345	4.99
2026-04-22	44	4.806	1.75
2026-04-22	209	2	1.19
2026-04-22	193	1	2.5
2026-04-22	162	1	1.19
2026-04-22	166	1	2.45
2026-04-22	74	1	2.35
2026-04-22	94	0.649	2.85
2026-04-22	158	1	2.29
2026-04-22	79	4	1.55
2026-04-22	194	1.331	2.75
2026-04-22	43	1.056	1.79
2026-04-22	186	1	2.25
2026-04-22	62	1	1.85
2026-04-22	27	1	2.59
2026-04-22	80	1	2.99
2026-04-22	196	3	3.15
2026-04-22	84	1	1.59
2026-04-22	3	1	1.45
2026-04-22	66	1	1.59
2026-04-22	127	4	2.49
2026-04-22	222	1	2.75
2026-04-22	187	2.255	5.45
2026-04-22	105	1.629	1.75
2026-04-22	93	2	3
2026-04-22	114	2.067	4.5
2026-04-22	48	1	1.99
2026-04-22	118	0.155	4
2026-04-22	71	1	1.99
2026-04-22	249	1	2.29
2026-04-22	213	2	2.85
2026-04-22	185	2	1.99
2026-04-22	167	3	1.59
2026-04-22	75	1	1.59
2026-04-22	77	2	2.35
2026-04-22	55	1	2.99
2026-04-22	128	1	2.25
2026-04-22	155	1	0.85
2026-04-22	111	2.474	1.75
2026-04-22	93	2	3
2026-04-22	16	1.288	1.25
2026-04-22	175	1	1.59
2026-04-22	207	1	1.29
2026-04-22	165	0.794	5
2026-04-22	18	9.133	1.35
2026-04-22	49	1	3
2026-04-22	41	4.081	1.85
2026-04-22	27	1	2.59
2026-04-22	54	2	2.59
2026-04-22	89	9.671	0.79
2026-04-22	224	1	0.99
2026-04-22	121	10.411	1.29
2026-04-22	166	4	2.45
2026-04-22	114	2.62	4.5
2026-04-22	101	0.863	3
2026-04-22	134	0.1	14.75
2026-04-22	99	1.214	2.99
2026-04-22	28	2	2.85
2026-04-22	117	0.504	2.5
2026-04-22	61	1	1.89
2026-04-22	137	0.223	18.75
2026-04-22	250	0.264	2.39
2026-04-22	40	2	1.99
2026-04-22	208	2	0.95
2026-04-22	100	0.387	2.69
2026-04-22	41	1.119	1.85
2026-04-22	81	4	1.25
2026-04-22	69	6	1.25
2026-04-22	226	2	1.35
2026-04-22	43	8.363	1.79
2026-04-22	68	1	1.99
2026-04-22	248	0.008	10.95
2026-04-22	65	2	1.45
2026-04-22	225	1	1.65
2026-04-22	1	1	1.5
2026-04-22	87	3	1.39
2026-04-22	19	1	2.5
2026-04-22	11	0.157	3.95
2026-04-22	58	0.265	2.49
2026-04-22	190	2	3.15
2026-04-22	106	5.402	1.99
2026-04-22	219	3	0.99
2026-04-22	54	1	2.59
2026-04-22	82	3	0.99
2026-04-22	95	1.289	2.39
2026-04-22	88	1.635	2.19
2026-04-22	142	0.331	6.95
2026-04-22	47	0.273	3
2026-04-22	197	1.853	2.25
2026-04-22	95	3.234	2.39
2026-04-22	12	2.916	2.25
2026-04-23	146	0.899	14.39
2026-04-23	165	2.45	5
2026-04-23	107	1.945	1.99
2026-04-23	113	0.021	4.25
2026-04-23	8	1	2.25
2026-04-23	48	1	1.99
2026-04-23	95	2.272	2.39
2026-04-23	138	1.765	4.59
2026-04-23	44	4.429	1.75
2026-04-23	81	1	1.25
2026-04-23	30	3	1.89
2026-04-23	103	1.297	2.19
2026-04-23	1	1	1.5
2026-04-23	9	4	0.85
2026-04-23	48	1	1.99
2026-04-23	19	1	2.5
2026-04-23	121	6.953	1.29
2026-04-23	55	3	2.99
2026-04-23	61	1	1.89
2026-04-23	236	1	2.95
2026-04-23	81	3	1.25
2026-04-23	3	1	1.45
2026-04-23	21	1	0.99
2026-04-23	26	0.277	1.19
2026-04-23	28	4	2.85
2026-04-23	12	3.08	2.25
2026-04-23	40	2	1.99
2026-04-23	79	4	1.55
2026-04-23	72	2	0.95
2026-04-23	61	1	1.89
2026-04-23	52	9.141	0.99
2026-04-23	44	2.234	1.75
2026-04-23	218	5	1.39
2026-04-23	142	0.348	6.95
2026-04-23	97	0.24	1.75
2026-04-23	93	4	3
2026-04-23	55	1	2.99
2026-04-23	114	2.542	4.5
2026-04-23	135	0.394	12.95
2026-04-23	194	3.425	2.75
2026-04-23	206	1	1.95
2026-04-23	208	3	0.95
2026-04-23	77	2	2.35
2026-04-23	69	6	1.25
2026-04-23	89	10.873	0.79
2026-04-23	39	2.589	3.99
2026-04-23	190	4	3.15
2026-04-23	219	2	0.99
2026-04-23	50	1	3
2026-04-23	8	1	2.25
2026-04-23	222	1	2.75
2026-04-23	114	0.72	4.5
2026-04-23	43	6.497	1.79
2026-04-23	153	1	1.99
2026-04-23	47	0.287	3
2026-04-23	56	3	3.49
2026-04-23	23	3	1.25
2026-04-23	227	1	1.69
2026-04-23	101	0.68	3
2026-04-23	28	1	2.85
2026-04-23	139	0.262	14.95
2026-04-23	94	1.628	2.85
2026-04-23	100	0.409	2.69
2026-04-23	99	1.284	2.99
2026-04-23	134	0.549	14.75
2026-04-23	44	3.371	1.75
2026-04-23	93	4	3
2026-04-23	75	3	1.59
2026-04-23	73	2	1.49
2026-04-23	194	4.08	2.75
2026-04-23	53	1	2.59
2026-04-23	198	5.706	1.19
2026-04-23	148	0.204	5.99
2026-04-23	178	0.593	3.29
2026-04-23	195	1	2.25
2026-04-23	124	6.432	1.55
2026-04-23	93	3	3
2026-04-23	44	0.634	1.75
2026-04-23	78	7	1.09
2026-04-23	43	3.408	1.79
2026-04-23	186	1	2.25
2026-04-23	190	1	3.15
2026-04-23	101	4.473	3
2026-04-23	105	1.714	1.75
2026-04-23	91	8.609	0.69
2026-04-23	195	5	2.25
2026-04-23	149	0.365	4.99
2026-04-23	94	3.123	2.85
2026-04-23	250	0.28	2.39
2026-04-23	154	1	1.99
2026-04-23	216	1	2.79
2026-04-23	17	1	1.69
2026-04-23	152	1	1.75
2026-04-23	95	2.506	2.39
2026-04-23	30	1	1.89
2026-04-23	201	0.713	1.95
2026-04-23	33	5.27	1.59
2026-04-23	88	1.256	2.19
2026-04-23	62	1	1.85
2026-04-23	226	2	1.35
2026-04-23	248	0.008	10.95
2026-04-23	211	2	1.15
2026-04-23	89	16.519	0.79
2026-04-23	209	2	1.19
2026-04-23	83	2.565	2.39
2026-04-23	137	0.398	18.75
2026-04-23	193	4	2.5
2026-04-23	144	0.349	5.39
2026-04-23	197	4.369	2.25
2026-04-23	207	2	1.29
2026-04-23	185	2	1.99
2026-04-23	72	2	0.95
2026-04-23	158	2	2.29
2026-04-23	162	1	1.19
2026-04-23	35	1	1.35
2026-04-23	199	2.89	2.19
2026-04-23	198	1.471	1.19
2026-04-23	140	0.446	12.95
2026-04-23	57	2	1.35
2026-04-23	76	13	0.79
2026-04-23	85	1	1.49
2026-04-23	197	1.351	2.25
2026-04-23	93	3	3
2026-04-23	11	1.633	3.95
2026-04-23	58	1.394	2.49
2026-04-23	136	0.249	12.95
2026-04-23	189	3	3.15
2026-04-23	187	2.626	5.45
2026-04-23	114	2.771	4.5
2026-04-23	102	0.251	1.75
2026-04-23	84	1	1.59
2026-04-23	49	1	3
2026-04-23	16	1.36	1.25
2026-04-23	68	1	1.99
2026-04-23	84	2	1.59
2026-04-23	54	1	2.59
2026-04-23	27	1	2.59
2026-04-23	49	1	3
2026-04-23	60	1	2.75
2026-04-23	11	0.785	3.95
2026-04-23	121	0.806	1.29
2026-04-23	91	12.246	0.69
2026-04-23	81	1	1.25
2026-04-23	196	3	3.15
2026-04-23	133	1	1.49
2026-04-23	41	4.032	1.85
2026-04-23	87	3	1.39
2026-04-23	118	0.165	4
2026-04-23	66	3	1.59
2026-04-23	96	1.064	2.5
2026-04-23	107	0.724	1.99
2026-04-23	121	7.62	1.29
2026-04-23	82	5	0.99
2026-04-23	185	1	1.99
2026-04-23	141	0.151	11.89
2026-04-23	190	2	3.15
2026-04-23	28	1	2.85
2026-04-23	108	0.2	2.35
2026-04-23	249	1	2.29
2026-04-23	92	2.202	0.89
2026-04-23	92	4.258	0.89
2026-04-23	122	0.06	2.99
2026-04-23	215	1	2.79
2026-04-23	84	3	1.59
2026-04-23	175	1	1.59
2026-04-23	59	0.092	4
2026-04-23	18	9.637	1.35
2026-04-23	31	0.452	5.69
2026-04-23	38	1.847	1.89
2026-04-23	225	1	1.65
2026-04-23	121	2.426	1.29
2026-04-23	114	0.669	4.5
2026-04-23	41	1.27	1.85
2026-04-23	127	4	2.49
2026-04-23	88	0.47	2.19
2026-04-23	71	1	1.99
2026-04-23	111	2.611	1.75
2026-04-23	205	1	3.65
2026-04-23	125	3	2.35
2026-04-23	42	6.23	1.39
2026-04-23	65	2	1.45
2026-04-23	98	1	2.3
2026-04-23	38	1.46	1.89
2026-04-23	74	1	2.35
2026-04-23	130	4	1.89
2026-04-23	190	1	3.15
2026-04-23	54	2	2.59
2026-04-23	4	5	1.05
2026-04-23	167	4	1.59
2026-04-23	214	1	2.79
2026-04-23	80	1	2.99
2026-04-23	117	0.532	2.5
2026-04-23	155	1	0.85
2026-04-23	46	0.323	3
2026-04-23	124	1.903	1.55
2026-04-23	56	1	3.49
2026-04-23	213	2	2.85
2026-04-23	70	3	1.49
2026-04-23	211	1	1.15
2026-04-23	24	1.21	1.19
2026-04-23	121	9.597	1.29
2026-04-23	52	10.808	0.99
2026-04-23	124	3.071	1.55
2026-04-23	121	1.667	1.29
2026-04-23	75	1	1.59
2026-04-23	112	2.008	2.59
2026-04-23	109	0.494	2.59
2026-04-23	166	5	2.45
2026-04-23	93	1	3
2026-04-23	106	5.704	1.99
2026-04-23	145	0.167	22.95
2026-04-23	38	2.677	1.89
2026-04-23	128	1	2.25
2026-04-23	224	1	0.99
2026-04-24	185	3	1.99
2026-04-24	213	1	2.85
2026-04-24	195	1	2.25
2026-04-24	33	0.912	1.59
2026-04-24	219	2	0.99
2026-04-24	108	0.247	2.35
2026-04-24	81	1	1.25
2026-04-24	215	1	2.79
2026-04-24	105	2.08	1.75
2026-04-24	138	1.974	4.59
2026-04-24	53	1	2.59
2026-04-24	35	1	1.35
2026-04-24	190	2	3.15
2026-04-24	165	1.632	5
2026-04-24	99	1.06	2.99
2026-04-24	18	0.815	1.35
2026-04-24	201	0.862	1.95
2026-04-24	38	4.889	1.89
2026-04-24	53	1	2.59
2026-04-24	158	2	2.29
2026-04-24	199	3.114	2.19
2026-04-24	62	1	1.85
2026-04-24	21	1	0.99
2026-04-24	211	3	1.15
2026-04-24	12	0.511	2.25
2026-04-24	79	1	1.55
2026-04-24	130	4	1.89
2026-04-24	56	2	3.49
2026-04-24	118	0.198	4
2026-04-24	124	3.606	1.55
2026-04-24	18	5.667	1.35
2026-04-24	195	4	2.25
2026-04-24	214	1	2.79
2026-04-24	125	4	2.35
2026-04-24	218	2	1.39
2026-04-24	141	0.183	11.89
2026-04-24	93	3	3
2026-04-24	40	1	1.99
2026-04-24	167	1	1.59
2026-04-24	213	2	2.85
2026-04-24	89	11.506	0.79
2026-04-24	76	12	0.79
2026-04-24	190	3	3.15
2026-04-24	17	1	1.69
2026-04-24	214	1	2.79
2026-04-24	50	1	3
2026-04-24	194	4.818	2.75
2026-04-24	146	0.194	14.39
2026-04-24	43	4.86	1.79
2026-04-24	12	3.218	2.25
2026-04-24	91	3.594	0.69
2026-04-24	165	1.028	5
2026-04-24	98	1.287	2.3
2026-04-24	222	1	2.75
2026-04-24	44	1.549	1.75
2026-04-24	175	1	1.59
2026-04-24	76	6	0.79
2026-04-24	106	2.111	1.99
2026-04-24	97	0.291	1.75
2026-04-24	138	0.161	4.59
2026-04-24	135	0.476	12.95
2026-04-24	186	1	2.25
2026-04-24	195	2	2.25
2026-04-24	93	3	3
2026-04-24	209	2	1.19
2026-04-24	19	1	2.5
2026-04-24	139	0.316	14.95
2026-04-24	144	0.423	5.39
2026-04-24	30	2	1.89
2026-04-24	114	2.382	4.5
2026-04-24	94	2.225	2.85
2026-04-24	216	1	2.79
2026-04-24	114	1.029	4.5
2026-04-24	227	1	1.69
2026-04-24	106	1.698	1.99
2026-04-24	124	2.213	1.55
2026-04-24	49	1	3
2026-04-24	114	1.447	4.5
2026-04-24	101	1.133	3
2026-04-24	248	0.01	10.95
2026-04-24	189	2	3.15
2026-04-24	153	1	1.99
2026-04-24	100	0.494	2.69
2026-04-24	134	0.205	14.75
2026-04-24	140	0.269	12.95
2026-04-24	178	0.717	3.29
2026-04-24	146	0.188	14.39
2026-04-24	54	2	2.59
2026-04-24	145	0.027	22.95
2026-04-24	206	1	1.95
2026-04-24	28	2	2.85
2026-04-24	77	2	2.35
2026-04-24	31	0.547	5.69
2026-04-24	127	1	2.49
2026-04-24	107	2.261	1.99
2026-04-24	44	2.331	1.75
2026-04-24	124	4.245	1.55
2026-04-24	44	2.291	1.75
2026-04-24	146	0.483	14.39
2026-04-24	149	0.441	4.99
2026-04-24	109	0.598	2.59
2026-04-24	79	4	1.55
2026-04-24	111	3.16	1.75
2026-04-24	4	1	1.05
2026-04-24	224	1	0.99
2026-04-24	167	4	1.59
2026-04-24	3	1	1.45
2026-04-24	80	1	2.99
2026-04-24	38	1.085	1.89
2026-04-24	66	2	1.59
2026-04-24	83	3.167	2.39
2026-04-24	199	0.388	2.19
2026-04-24	91	6.638	0.69
2026-04-24	113	0.026	4.25
2026-04-24	43	3.19	1.79
2026-04-24	140	0.271	12.95
2026-04-24	194	2.829	2.75
2026-04-24	218	4	1.39
2026-04-24	75	2	1.59
2026-04-24	61	2	1.89
2026-04-24	93	2	3
2026-04-24	23	4	1.25
2026-04-24	91	15.188	0.69
2026-04-24	60	1	2.75
2026-04-24	152	1	1.75
2026-04-24	121	9.031	1.29
2026-04-24	41	0.454	1.85
2026-04-24	128	1	2.25
2026-04-24	69	5	1.25
2026-04-24	81	5	1.25
2026-04-24	127	3	2.49
2026-04-24	4	5	1.05
2026-04-24	89	14.949	0.79
2026-04-24	39	0.709	3.99
2026-04-24	205	1	3.65
2026-04-24	74	1	2.35
2026-04-24	54	1	2.59
2026-04-24	162	1	1.19
2026-04-24	190	4	3.15
2026-04-24	47	0.347	3
2026-04-24	42	1.115	1.39
2026-04-24	82	6	0.99
2026-04-24	26	0.336	1.19
2026-04-24	127	1	2.49
2026-04-24	96	1.288	2.5
2026-04-24	148	0.247	5.99
2026-04-24	52	6.859	0.99
2026-04-24	33	5.465	1.59
2026-04-24	101	1.28	3
2026-04-24	18	5.178	1.35
2026-04-24	249	1	2.29
2026-04-24	121	8.744	1.29
2026-04-24	197	3.378	2.25
2026-04-24	208	3	0.95
2026-04-24	187	0.906	5.45
2026-04-24	16	1.64	1.25
2026-04-24	58	1.687	2.49
2026-04-24	71	1	1.99
2026-04-24	187	1.004	5.45
2026-04-24	44	5.4	1.75
2026-04-24	28	1	2.85
2026-04-24	84	1	1.59
2026-04-24	121	3.667	1.29
2026-04-24	88	2.023	2.19
2026-04-24	56	1	3.49
2026-04-24	145	0.175	22.95
2026-04-24	154	1	1.99
2026-04-24	207	2	1.29
2026-04-24	85	1	1.49
2026-04-24	11	1.623	3.95
2026-04-24	20	1	0.99
2026-04-24	41	6.189	1.85
2026-04-24	198	8.689	1.19
2026-04-24	87	1	1.39
2026-04-24	59	0.112	4
2026-04-24	72	4	0.95
2026-04-24	89	6.709	0.79
2026-04-24	65	2	1.45
2026-04-24	9	4	0.85
2026-04-24	137	0.482	18.75
2026-04-24	146	0.24	14.39
2026-04-24	52	6.939	0.99
2026-04-24	52	10.343	0.99
2026-04-24	38	1.275	1.89
2026-04-24	48	1	1.99
2026-04-24	189	2	3.15
2026-04-24	133	1	1.49
2026-04-24	11	0.797	3.95
2026-04-24	94	3.593	2.85
2026-04-24	30	1	1.89
2026-04-24	46	0.39	3
2026-04-24	1	1	1.5
2026-04-24	226	2	1.35
2026-04-24	42	6.432	1.39
2026-04-24	57	2	1.35
2026-04-24	93	2	3
2026-04-24	43	3.944	1.79
2026-04-24	40	2	1.99
2026-04-24	197	3.547	2.25
2026-04-24	121	7.388	1.29
2026-04-24	24	1.471	1.19
2026-04-24	28	4	2.85
2026-04-24	166	2	2.45
2026-04-24	95	1.782	2.39
2026-04-24	155	1	0.85
2026-04-24	124	3.748	1.55
2026-04-24	142	0.422	6.95
2026-04-24	55	4	2.99
2026-04-24	122	0.07	2.99
2026-04-24	56	1	3.49
2026-04-24	166	4	2.45
2026-04-24	68	1	1.99
2026-04-24	106	3.095	1.99
2026-04-24	134	0.46	14.75
2026-04-24	78	7	1.09
2026-04-24	103	1.566	2.19
2026-04-24	44	1.343	1.75
2026-04-24	107	0.97	1.99
2026-04-24	75	2	1.59
2026-04-24	194	1.436	2.75
2026-04-24	27	1	2.59
2026-04-24	11	0.506	3.95
2026-04-24	117	0.644	2.5
2026-04-24	93	4	3
2026-04-24	101	3.827	3
2026-04-24	165	0.304	5
2026-04-24	39	2.426	3.99
2026-04-24	114	0.824	4.5
2026-04-24	130	1	1.89
2026-04-24	84	6	1.59
2026-04-24	69	2	1.25
2026-04-24	102	0.303	1.75
2026-04-24	99	0.492	2.99
2026-04-24	232	1	1.49
2026-04-24	95	4.004	2.39
2026-04-24	93	4	3
2026-04-24	87	3	1.39
2026-04-24	196	1	3.15
2026-04-24	236	1	2.95
2026-04-24	30	1	1.89
2026-04-24	66	1	1.59
2026-04-24	250	0.339	2.39
2026-04-24	92	7.831	0.89
2026-04-24	193	5	2.5
2026-04-24	70	3	1.49
2026-04-24	114	0.902	4.5
2026-04-24	136	0.301	12.95
2026-04-24	112	2.429	2.59
2026-04-24	225	1	1.65
2026-04-24	114	1.529	4.5
2026-04-24	73	3	1.49
2026-04-24	121	2.202	1.29
2026-04-24	121	4.163	1.29
2026-04-24	8	1	2.25
2026-04-24	85	1	1.49
2026-04-24	187	1.327	5.45
2026-04-24	78	2	1.09
2026-04-25	28	4	2.85
2026-04-25	201	1.015	1.95
2026-04-25	117	0.756	2.5
2026-04-25	162	1	1.19
2026-04-25	52	8.727	0.99
2026-04-25	193	2	2.5
2026-04-25	83	1.619	2.39
2026-04-25	17	1	1.69
2026-04-25	227	1	1.69
2026-04-25	194	3.189	2.75
2026-04-25	75	4	1.59
2026-04-25	93	3	3
2026-04-25	39	3.672	3.99
2026-04-25	105	2.44	1.75
2026-04-25	42	6.633	1.39
2026-04-25	43	5.721	1.79
2026-04-25	218	5	1.39
2026-04-25	27	1	2.59
2026-04-25	139	0.372	14.95
2026-04-25	49	1	3
2026-04-25	93	3	3
2026-04-25	134	0.233	14.75
2026-04-25	134	0.049	14.75
2026-04-25	70	4	1.49
2026-04-25	146	0.468	14.39
2026-04-25	98	1.509	2.3
2026-04-25	52	8.424	0.99
2026-04-25	84	4	1.59
2026-04-25	185	3	1.99
2026-04-25	82	7	0.99
2026-04-25	144	0.495	5.39
2026-04-25	122	0.084	2.99
2026-04-25	27	1	2.59
2026-04-25	226	1	1.35
2026-04-25	57	2	1.35
2026-04-25	186	1	2.25
2026-04-25	54	1	2.59
2026-04-25	41	4.622	1.85
2026-04-25	12	4.378	2.25
2026-04-25	142	0.495	6.95
2026-04-25	138	2.508	4.59
2026-04-25	190	4	3.15
2026-04-25	250	0.397	2.39
2026-04-25	121	2.31	1.29
2026-04-25	42	0.655	1.39
2026-04-25	133	1	1.49
2026-04-25	91	3.71	0.69
2026-04-25	18	10.637	1.35
2026-04-25	125	2	2.35
2026-04-25	99	1.823	2.99
2026-04-25	52	6.02	0.99
2026-04-25	101	3.393	3
2026-04-25	54	1	2.59
2026-04-25	108	0.289	2.35
2026-04-25	195	1	2.25
2026-04-25	204	1	3.09
2026-04-25	130	4	1.89
2026-04-25	74	1	2.35
2026-04-25	76	8	0.79
2026-04-25	209	1	1.19
2026-04-25	44	8.286	1.75
2026-04-25	38	3.36	1.89
2026-04-25	114	2.92	4.5
2026-04-25	224	1	0.99
2026-04-25	91	16.174	0.69
2026-04-25	76	3	0.79
2026-04-25	77	1	2.35
2026-04-25	33	5.283	1.59
2026-04-25	80	1	2.99
2026-04-25	50	1	3
2026-04-25	83	2.105	2.39
2026-04-25	69	3	1.25
2026-04-25	136	0.353	12.95
2026-04-25	89	3.81	0.79
2026-04-25	94	1.688	2.85
2026-04-25	100	0.58	2.69
2026-04-25	114	1.958	4.5
2026-04-25	124	8.89	1.55
2026-04-25	114	0.864	4.5
2026-04-25	101	1.727	3
2026-04-25	189	2	3.15
2026-04-25	79	2	1.55
2026-04-25	30	5	1.89
2026-04-25	135	0.137	12.95
2026-04-25	4	7	1.05
2026-04-25	60	1	2.75
2026-04-25	44	5.2	1.75
2026-04-25	127	1	2.49
2026-04-25	190	2	3.15
2026-04-25	195	1	2.25
2026-04-25	211	4	1.15
2026-04-25	72	5	0.95
2026-04-25	91	9.957	0.69
2026-04-25	19	1	2.5
2026-04-25	194	2.916	2.75
2026-04-25	178	0.845	3.29
2026-04-25	124	3.284	1.55
2026-04-25	248	0.012	10.95
2026-04-25	187	1.782	5.45
2026-04-25	97	0.343	1.75
2026-04-25	68	1	1.99
2026-04-25	130	1	1.89
2026-04-25	73	3	1.49
2026-04-25	62	1	1.85
2026-04-25	213	2	2.85
2026-04-25	56	2	3.49
2026-04-25	71	1	1.99
2026-04-25	112	1.846	2.59
2026-04-25	187	0.886	5.45
2026-04-25	190	2	3.15
2026-04-25	107	3.794	1.99
2026-04-25	112	1.004	2.59
2026-04-25	196	2	3.15
2026-04-25	33	2.208	1.59
2026-04-25	3	1	1.45
2026-04-25	77	2	2.35
2026-04-25	193	4	2.5
2026-04-25	158	2	2.29
2026-04-25	109	0.703	2.59
2026-04-25	199	3.055	2.19
2026-04-25	47	0.41	3
2026-04-25	93	1	3
2026-04-25	121	10.791	1.29
2026-04-25	89	12.025	0.79
2026-04-25	89	17.481	0.79
2026-04-25	81	1	1.25
2026-04-25	43	3.263	1.79
2026-04-25	146	0.706	14.39
2026-04-25	93	3	3
2026-04-25	76	11	0.79
2026-04-25	44	1.674	1.75
2026-04-25	152	1	1.75
2026-04-25	197	6.276	2.25
2026-04-25	153	1	1.99
2026-04-25	190	1	3.15
2026-04-25	145	0.237	22.95
2026-04-25	69	1	1.25
2026-04-25	190	2	3.15
2026-04-25	141	0.215	11.89
2026-04-25	124	4.045	1.55
2026-04-25	227	1	1.69
2026-04-25	135	0.422	12.95
2026-04-25	165	2.54	5
2026-04-25	149	0.519	4.99
2026-04-25	61	2	1.89
2026-04-25	96	0.6	2.5
2026-04-25	9	3	0.85
2026-04-25	121	1.581	1.29
2026-04-25	196	2	3.15
2026-04-25	38	1.275	1.89
2026-04-25	187	1.132	5.45
2026-04-25	113	0.031	4.25
2026-04-25	206	1	1.95
2026-04-25	195	3	2.25
2026-04-25	216	1	2.79
2026-04-25	236	1	2.95
2026-04-25	78	5	1.09
2026-04-25	205	1	3.65
2026-04-25	166	4	2.45
2026-04-25	196	1	3.15
2026-04-25	89	5.608	0.79
2026-04-25	24	1.723	1.19
2026-04-25	222	1	2.75
2026-04-25	1	1	1.5
2026-04-25	16	1.928	1.25
2026-04-25	128	1	2.25
2026-04-25	87	4	1.39
2026-04-25	79	4	1.55
2026-04-25	195	3	2.25
2026-04-25	71	2	1.99
2026-04-25	249	1	2.29
2026-04-25	185	1	1.99
2026-04-25	38	3.873	1.89
2026-04-25	143	1	2.99
2026-04-25	52	3.717	0.99
2026-04-25	121	6.775	1.29
2026-04-25	146	0.124	14.39
2026-04-25	194	4.56	2.75
2026-04-25	166	3	2.45
2026-04-25	103	0.74	2.19
2026-04-25	215	1	2.79
2026-04-25	20	1	0.99
2026-04-25	55	1	2.99
2026-04-25	103	1.1	2.19
2026-04-25	121	3.868	1.29
2026-04-25	85	2	1.49
2026-04-25	81	5	1.25
2026-04-25	175	1	1.59
2026-04-25	46	0.457	3
2026-04-25	56	3	3.49
2026-04-25	21	1	0.99
2026-04-25	114	1.438	4.5
2026-04-25	106	2.99	1.99
2026-04-25	225	1	1.65
2026-04-25	58	1.98	2.49
2026-04-25	214	2	2.79
2026-04-25	68	1	1.99
2026-04-25	218	2	1.39
2026-04-25	208	5	0.95
2026-04-25	65	3	1.45
2026-04-25	93	2	3
2026-04-25	53	2	2.59
2026-04-25	121	7.845	1.29
2026-04-25	213	1	2.85
2026-04-25	28	1	2.85
2026-04-25	189	1	3.15
2026-04-25	189	1	3.15
2026-04-25	69	5	1.25
2026-04-25	219	3	0.99
2026-04-25	84	4	1.59
2026-04-25	54	2	2.59
2026-04-25	52	1.465	0.99
2026-04-25	96	0.912	2.5
2026-04-25	148	0.29	5.99
2026-04-25	42	1.568	1.39
2026-04-25	23	4	1.25
2026-04-25	43	5.095	1.79
2026-04-25	94	5.137	2.85
2026-04-25	95	0.577	2.39
2026-04-25	189	1	3.15
2026-04-25	118	0.233	4
2026-04-25	127	3	2.49
2026-04-25	78	5	1.09
2026-04-25	27	1	2.59
2026-04-25	88	2.452	2.19
2026-04-25	50	1	3
2026-04-25	197	1.28	2.25
2026-04-25	106	5.116	1.99
2026-04-25	8	1	2.25
2026-04-25	59	0.13	4
2026-04-25	137	0.565	18.75
2026-04-25	66	2	1.59
2026-04-25	199	1.055	2.19
2026-04-25	41	3.022	1.85
2026-04-25	154	1	1.99
2026-04-25	114	1.862	4.5
2026-04-25	216	1	2.79
2026-04-25	26	0.395	1.19
2026-04-25	93	4	3
2026-04-25	95	6.213	2.39
2026-04-25	140	0.397	12.95
2026-04-25	31	0.643	5.69
2026-04-25	197	0.573	2.25
2026-04-25	55	4	2.99
2026-04-25	207	2	1.29
2026-04-25	165	0.932	5
2026-04-25	167	5	1.59
2026-04-25	102	0.36	1.75
2026-04-25	155	2	0.85
2026-04-25	114	0.482	4.5
2026-04-25	101	2.203	3
2026-04-25	92	9.18	0.89
2026-04-25	198	3.832	1.19
2026-04-25	134	0.498	14.75
2026-04-25	18	3.059	1.35
2026-04-25	40	1	1.99
2026-04-25	28	3	2.85
2026-04-25	93	5	3
2026-04-25	158	1	2.29
2026-04-25	11	0.253	3.95
2026-04-25	11	3.182	3.95
2026-04-25	198	6.37	1.19
2026-04-25	140	0.237	12.95
2026-04-25	48	1	1.99
2026-04-25	121	8.14	1.29
2026-04-25	209	2	1.19
2026-04-25	35	2	1.35
2026-04-25	111	3.714	1.75
2026-04-27	205	1	3.65
2026-04-27	70	2	1.49
2026-04-27	54	2	2.59
2026-04-27	3	1	1.45
2026-04-27	97	0.206	1.75
2026-04-27	56	3	3.49
2026-04-27	167	3	1.59
2026-04-27	21	1	0.99
2026-04-27	95	2.331	2.39
2026-04-27	114	0.678	4.5
2026-04-27	141	0.128	11.89
2026-04-27	105	1.446	1.75
2026-04-27	231	1	1.39
2026-04-27	218	4	1.39
2026-04-27	75	3	1.59
2026-04-27	175	1	1.59
2026-04-27	165	0.722	5
2026-04-27	194	1.465	2.75
2026-04-27	198	6.05	1.19
2026-04-27	227	1	1.69
2026-04-27	106	1.357	1.99
2026-04-27	18	1.511	1.35
2026-04-27	50	1	3
2026-04-27	59	0.078	4
2026-04-27	152	1	1.75
2026-04-27	125	2	2.35
2026-04-27	92	0.618	0.89
2026-04-27	101	2.567	3
2026-04-27	38	4.317	1.89
2026-04-27	213	2	2.85
2026-04-27	31	0.381	5.69
2026-04-27	42	4.705	1.39
2026-04-27	23	2	1.25
2026-04-27	84	5	1.59
2026-04-27	82	4	0.99
2026-04-27	26	0.235	1.19
2026-04-27	124	6.484	1.55
2026-04-27	121	1.984	1.29
2026-04-27	87	1	1.39
2026-04-27	165	0.214	5
2026-04-27	80	1	2.99
2026-04-27	118	0.138	4
2026-04-27	95	1.69	2.39
2026-04-27	55	2	2.99
2026-04-27	199	1.096	2.19
2026-04-27	187	1.538	5.45
2026-04-27	33	4.44	1.59
2026-04-27	134	0.462	14.75
2026-04-27	226	1	1.35
2026-04-27	148	0.172	5.99
2026-04-27	195	1	2.25
2026-04-27	1	1	1.5
2026-04-27	107	0.543	1.99
2026-04-27	55	1	2.99
2026-04-27	17	1	1.69
2026-04-27	112	0.637	2.59
2026-04-27	87	2	1.39
2026-04-27	219	2	0.99
2026-04-27	4	4	1.05
2026-04-27	42	0.54	1.39
2026-04-27	203	1	2.89
2026-04-27	190	2	3.15
2026-04-27	52	10.818	0.99
2026-04-27	121	4.488	1.29
2026-04-27	157	1	3.55
2026-04-27	144	0.295	5.39
2026-04-27	178	0.498	3.29
2026-04-27	216	1	2.79
2026-04-27	135	0.331	12.95
2026-04-27	121	2.481	1.29
2026-04-27	28	3	2.85
2026-04-27	69	5	1.25
2026-04-27	111	0.709	1.75
2026-04-27	43	1.911	1.79
2026-04-27	158	1	2.29
2026-04-27	110	1	3
2026-04-27	160	1	1.8
2026-04-27	204	1	3.09
2026-04-27	58	1.084	2.49
2026-04-27	194	0.913	2.75
2026-04-27	43	2.408	1.79
2026-04-27	94	1.175	2.85
2026-04-27	30	3	1.89
2026-04-27	250	0.234	2.39
2026-04-27	211	2	1.15
2026-04-27	71	1	1.99
2026-04-27	146	0.265	14.39
2026-04-27	166	4	2.45
2026-04-27	146	0.411	14.39
2026-04-27	165	1.126	5
2026-04-27	117	0.448	2.5
2026-04-27	81	4	1.25
2026-04-27	27	1	2.59
2026-04-27	136	0.208	12.95
2026-04-27	114	2.009	4.5
2026-04-27	201	0.6	1.95
2026-04-27	76	5	0.79
2026-04-27	92	4.831	0.89
2026-04-27	111	1.491	1.75
2026-04-27	196	2	3.15
2026-04-27	194	3.193	2.75
2026-04-27	195	1	2.25
2026-04-27	41	1.222	1.85
2026-04-27	72	1	0.95
2026-04-27	214	1	2.79
2026-04-27	222	1	2.75
2026-04-27	44	4.291	1.75
2026-04-27	57	1	1.35
2026-04-27	121	4.07	1.29
2026-04-27	202	1	3.15
2026-04-27	121	7.085	1.29
2026-04-27	193	1	2.5
2026-04-27	38	0.725	1.89
2026-04-27	12	2.596	2.25
2026-04-27	52	5.98	0.99
2026-04-27	23	1	1.25
2026-04-27	236	1	2.95
2026-04-27	154	1	1.99
2026-04-27	113	0.019	4.25
2026-04-27	78	6	1.09
2026-04-27	196	1	3.15
2026-04-27	93	1	3
2026-04-27	127	2	2.49
2026-04-27	187	0.439	5.45
2026-04-27	197	4.818	2.25
2026-04-27	89	6	0.79
2026-04-27	41	3.405	1.85
2026-04-27	8	1	2.25
2026-04-27	48	1	1.99
2026-04-27	73	2	1.49
2026-04-27	18	6.6	1.35
2026-04-27	153	1	1.99
2026-04-27	122	0.05	2.99
2026-04-27	195	3	2.25
2026-04-27	185	2	1.99
2026-04-27	93	3	3
2026-04-27	44	4.691	1.75
2026-04-27	125	1	2.35
2026-04-27	215	1	2.79
2026-04-27	93	1	3
2026-04-27	190	1	3.15
2026-04-27	146	0.093	14.39
2026-04-27	27	1	2.59
2026-04-27	124	3.123	1.55
2026-04-27	187	0.275	5.45
2026-04-27	226	1	1.35
2026-04-27	101	1.773	3
2026-04-27	49	1	3
2026-04-27	79	4	1.55
2026-04-27	112	1.054	2.59
2026-04-27	60	1	2.75
2026-04-27	72	2	0.95
2026-04-27	139	0.22	14.95
2026-04-27	68	1	1.99
2026-04-27	149	0.307	4.99
2026-04-27	94	2.87	2.85
2026-04-27	128	1	2.25
2026-04-27	121	0.775	1.29
2026-04-27	93	1	3
2026-04-27	20	1	0.99
2026-04-27	190	2	3.15
2026-04-27	11	2.035	3.95
2026-04-27	35	1	1.35
2026-04-27	186	1	2.25
2026-04-27	143	1	2.99
2026-04-27	88	1.452	2.19
2026-04-27	19	1	2.5
2026-04-27	71	1	1.99
2026-04-27	140	0.376	12.95
2026-04-27	249	1	2.29
2026-04-27	109	0.417	2.59
2026-04-27	85	1	1.49
2026-04-27	93	4	3
2026-04-27	142	0.294	6.95
2026-04-27	127	1	2.49
2026-04-27	48	1	1.99
2026-04-27	206	1	1.95
2026-04-27	74	1	2.35
2026-04-27	248	0.007	10.95
2026-04-27	121	3.597	1.29
2026-04-27	40	2	1.99
2026-04-27	103	1.087	2.19
2026-04-27	145	0.14	22.95
2026-04-27	91	5.275	0.69
2026-04-27	91	0.855	0.69
2026-04-27	209	1	1.19
2026-04-27	114	2.958	4.5
2026-04-27	107	1.709	1.99
2026-04-27	224	1	0.99
2026-04-27	91	11.551	0.69
2026-04-27	199	1.338	2.19
2026-04-27	100	0.342	2.69
2026-04-27	43	4.022	1.79
2026-04-27	130	3	1.89
2026-04-27	16	1.144	1.25
2026-04-27	133	1	1.49
2026-04-27	76	7	0.79
2026-04-27	77	1	2.35
2026-04-27	209	1	1.19
2026-04-27	62	1	1.85
2026-04-27	137	0.335	18.75
2026-04-27	66	2	1.59
2026-04-27	194	0.745	2.75
2026-04-27	24	1.025	1.19
2026-04-27	65	2	1.45
2026-04-27	190	1	3.15
2026-04-27	193	3	2.5
2026-04-27	106	1.754	1.99
2026-04-27	83	2.205	2.39
2026-04-27	138	1.486	4.59
2026-04-27	99	1.08	2.99
2026-04-27	47	0.243	3
2026-04-27	102	0.211	1.75
2026-04-27	207	1	1.29
2026-04-27	98	0.891	2.3
2026-04-27	53	1	2.59
2026-04-27	108	0.17	2.35
2026-04-27	39	0.241	3.99
2026-04-27	158	1	2.29
2026-04-27	208	1	0.95
2026-04-27	28	2	2.85
2026-04-27	106	1.693	1.99
2026-04-27	61	1	1.89
2026-04-27	162	1	1.19
2026-04-27	77	1	2.35
2026-04-27	9	3	0.85
2026-04-27	46	0.27	3
2026-04-27	225	1	1.65
2026-04-27	96	0.896	2.5
2026-04-27	93	2	3
2026-04-27	127	1	2.49
2026-04-27	89	17.063	0.79
2026-04-27	189	3	3.15
2026-04-27	39	1.94	3.99
2026-04-27	155	1	0.85
2026-04-27	93	1	3
2026-04-28	76	7	0.79
2026-04-28	53	1	2.59
2026-04-28	58	1.249	2.49
2026-04-28	88	1.543	2.19
2026-04-28	199	2.589	2.19
2026-04-28	187	2.394	5.45
2026-04-28	12	2.756	2.25
2026-04-28	81	4	1.25
2026-04-28	56	2	3.49
2026-04-28	82	4	0.99
2026-04-28	17	1	1.69
2026-04-28	144	0.314	5.39
2026-04-28	35	1	1.35
2026-04-28	87	3	1.39
2026-04-28	247	1	1.99
2026-04-28	93	4	3
2026-04-28	79	4	1.55
2026-04-28	56	1	3.49
2026-04-28	137	0.172	18.75
2026-04-28	159	1	1.8
2026-04-28	121	10.752	1.29
2026-04-28	84	3	1.59
2026-04-28	42	5.014	1.39
2026-04-28	106	1.804	1.99
2026-04-28	152	1	1.75
2026-04-28	200	1	2.25
2026-04-28	89	7.481	0.79
2026-04-28	202	1	3.15
2026-04-28	139	0.178	14.95
2026-04-28	31	0.404	5.69
2026-04-28	113	0.021	4.25
2026-04-28	218	2	1.39
2026-04-28	185	2	1.99
2026-04-28	68	1	1.99
2026-04-28	204	1	3.09
2026-04-28	3	1	1.45
2026-04-28	121	6.031	1.29
2026-04-28	44	7.909	1.75
2026-04-28	101	4.367	3
2026-04-28	30	2	1.89
2026-04-28	80	1	2.99
2026-04-28	224	1	0.99
2026-04-28	167	1	1.59
2026-04-28	194	2.156	2.75
2026-04-28	196	2	3.15
2026-04-28	75	3	1.59
2026-04-28	59	0.083	4
2026-04-28	160	1	1.8
2026-04-28	207	1	1.29
2026-04-28	93	1	3
2026-04-28	194	4.56	2.75
2026-04-28	153	1	1.99
2026-04-28	196	1	3.15
2026-04-28	213	1	2.85
2026-04-28	114	1.302	4.5
2026-04-28	225	1	1.65
2026-04-28	38	5.36	1.89
2026-04-28	65	2	1.45
2026-04-28	195	1	2.25
2026-04-28	57	1	1.35
2026-04-28	193	4	2.5
2026-04-28	141	0.135	11.89
2026-04-28	84	2	1.59
2026-04-28	92	5.787	0.89
2026-04-28	162	1	1.19
2026-04-28	71	1	1.99
2026-04-28	201	0.636	1.95
2026-04-28	138	1.58	4.59
2026-04-28	77	1	2.35
2026-04-28	128	1	2.25
2026-04-28	125	3	2.35
2026-04-28	8	1	2.25
2026-04-28	78	6	1.09
2026-04-28	114	1.342	4.5
2026-04-28	143	1	2.99
2026-04-28	208	3	0.95
2026-04-28	155	1	0.85
2026-04-28	121	5.465	1.29
2026-04-28	97	0.217	1.75
2026-04-28	130	3	1.89
2026-04-28	95	2.381	2.39
2026-04-28	195	4	2.25
2026-04-28	186	1	2.25
2026-04-28	4	4	1.05
2026-04-28	110	1	3
2026-04-28	227	1	1.69
2026-04-28	134	0.492	14.75
2026-04-28	100	0.364	2.69
2026-04-28	248	0.007	10.95
2026-04-28	209	2	1.19
2026-04-28	76	6	0.79
2026-04-28	170	1	1.29
2026-04-28	42	0.554	1.39
2026-04-28	49	1	3
2026-04-28	96	0.952	2.5
2026-04-28	103	1.155	2.19
2026-04-28	214	1	2.79
2026-04-28	148	0.182	5.99
2026-04-28	122	0.054	2.99
2026-04-28	108	0.183	2.35
2026-04-28	54	2	2.59
2026-04-28	216	1	2.79
2026-04-28	197	3.982	2.25
2026-04-28	46	0.287	3
2026-04-28	106	3.296	1.99
2026-04-28	121	2.109	1.29
2026-04-28	43	3.358	1.79
2026-04-28	189	1	3.15
2026-04-28	154	1	1.99
2026-04-28	28	2	2.85
2026-04-28	99	1.147	2.99
2026-04-28	55	3	2.99
2026-04-28	93	4	3
2026-04-28	207	1	1.29
2026-04-28	50	1	3
2026-04-28	157	1	3.55
2026-04-28	206	1	1.95
2026-04-28	18	5.556	1.35
2026-04-28	44	1.64	1.75
2026-04-28	198	6.429	1.19
2026-04-28	72	3	0.95
2026-04-28	231	1	1.39
2026-04-28	69	5	1.25
2026-04-28	52	5.879	0.99
2026-04-28	107	2.392	1.99
2026-04-28	215	1	2.79
2026-04-28	48	1	1.99
2026-04-28	213	1	2.85
2026-04-28	197	1.133	2.25
2026-04-28	16	1.216	1.25
2026-04-28	18	3.067	1.35
2026-04-28	66	2	1.59
2026-04-28	71	1	1.99
2026-04-28	70	2	1.49
2026-04-28	23	3	1.25
2026-04-28	249	1	2.29
2026-04-28	102	0.223	1.75
2026-04-28	26	0.252	1.19
2026-04-28	101	0.243	3
2026-04-28	41	2.114	1.85
2026-04-28	158	1	2.29
2026-04-28	178	0.532	3.29
2026-04-28	190	3	3.15
2026-04-28	30	1	1.89
2026-04-28	52	11.97	0.99
2026-04-28	142	0.312	6.95
2026-04-28	109	0.44	2.59
2026-04-28	40	2	1.99
2026-04-28	21	1	0.99
2026-04-28	111	2.337	1.75
2026-04-28	94	3.211	2.85
2026-04-28	218	1	1.39
2026-04-28	222	1	2.75
2026-04-28	43	0.67	1.79
2026-04-28	165	1.564	5
2026-04-28	91	1.13	0.69
2026-04-28	219	2	0.99
2026-04-28	158	1	2.29
2026-04-28	145	0.149	22.95
2026-04-28	166	2	2.45
2026-04-28	47	0.257	3
2026-04-28	175	1	1.59
2026-04-28	48	1	1.99
2026-04-28	85	1	1.49
2026-04-28	20	1	0.99
2026-04-28	60	1	2.75
2026-04-28	236	1	2.95
2026-04-28	94	1.088	2.85
2026-04-28	1	1	1.5
2026-04-28	140	0.399	12.95
2026-04-28	98	0.952	2.3
2026-04-28	190	1	3.15
2026-04-28	166	2	2.45
2026-04-28	127	1	2.49
2026-04-28	114	1.216	4.5
2026-04-28	127	3	2.49
2026-04-28	11	2.165	3.95
2026-04-28	167	2	1.59
2026-04-28	89	2.962	0.79
2026-04-28	139	0.056	14.95
2026-04-28	124	7.755	1.55
2026-04-28	93	2	3
2026-04-28	27	1	2.59
2026-04-28	203	1	2.89
2026-04-28	62	1	1.85
2026-04-28	205	1	3.65
2026-04-28	61	1	1.89
2026-04-28	41	2.795	1.85
2026-04-28	9	1	0.85
2026-04-28	28	3	2.85
2026-04-28	118	0.148	4
2026-04-28	135	0.352	12.95
2026-04-28	43	4.838	1.79
2026-04-28	24	1.084	1.19
2026-04-28	112	1.795	2.59
2026-04-28	211	2	1.15
2026-04-28	165	0.628	5
2026-04-28	117	0.476	2.5
2026-04-28	133	1	1.49
2026-04-28	77	1	2.35
2026-04-28	89	13.772	0.79
2026-04-28	124	2.458	1.55
2026-04-28	19	1	2.5
2026-04-28	73	2	1.49
2026-04-28	114	2.136	4.5
2026-04-28	218	2	1.39
2026-04-28	136	0.222	12.95
2026-04-28	74	1	2.35
2026-04-28	250	0.251	2.39
2026-04-28	189	2	3.15
2026-04-28	39	2.316	3.99
2026-04-28	105	1.537	1.75
2026-04-28	95	1.828	2.39
2026-04-28	137	0.184	18.75
2026-04-28	91	17.652	0.69
2026-04-28	149	0.327	4.99
2026-04-28	93	2	3
2026-04-28	83	2.343	2.39
2026-04-28	221	1	2.35
2026-04-28	121	1.659	1.29
2026-04-28	226	2	1.35
2026-04-28	57	1	1.35
2026-04-28	27	1	2.59
2026-04-28	33	4.717	1.59
2026-04-28	190	3	3.15
2026-04-28	93	1	3
2026-04-28	146	0.817	14.39
2026-04-29	208	4	0.95
2026-04-29	220	1	2.75
2026-04-29	52	10.364	0.99
2026-04-29	26	0.269	1.19
2026-04-29	218	3	1.39
2026-04-29	98	1.009	2.3
2026-04-29	82	4	0.99
2026-04-29	75	1	1.59
2026-04-29	201	0.677	1.95
2026-04-29	146	0.22	14.39
2026-04-29	148	0.194	5.99
2026-04-29	124	3.787	1.55
2026-04-29	62	1	1.85
2026-04-29	74	1	2.35
2026-04-29	69	6	1.25
2026-04-29	140	0.423	12.95
2026-04-29	112	1.9	2.59
2026-04-29	138	1.671	4.59
2026-04-29	159	1	1.8
2026-04-29	194	4.127	2.75
2026-04-29	52	3.263	0.99
2026-04-29	73	2	1.49
2026-04-29	190	2	3.15
2026-04-29	96	1.008	2.5
2026-04-29	166	1	2.45
2026-04-29	47	0.273	3
2026-04-29	124	6.723	1.55
2026-04-29	8	1	2.25
2026-04-29	87	3	1.39
2026-04-29	61	1	1.89
2026-04-29	77	2	2.35
2026-04-29	48	1	1.99
2026-04-29	27	1	2.59
2026-04-29	70	2	1.49
2026-04-29	121	10.62	1.29
2026-04-29	55	1	2.99
2026-04-29	217	1	1.59
2026-04-29	48	1	1.99
2026-04-29	187	0.229	5.45
2026-04-29	93	1	3
2026-04-29	20	1	0.99
2026-04-29	185	1	1.99
2026-04-29	249	1	2.29
2026-04-29	162	1	1.19
2026-04-29	167	1	1.59
2026-04-29	84	5	1.59
2026-04-29	132	1	1.25
2026-04-29	130	3	1.89
2026-04-29	99	0.826	2.99
2026-04-29	130	1	1.89
2026-04-29	106	3.307	1.99
2026-04-29	157	1	3.55
2026-04-29	221	1	2.35
2026-04-29	216	1	2.79
2026-04-29	154	1	1.99
2026-04-29	8	1	2.25
2026-04-29	149	0.345	4.99
2026-04-29	3	1	1.45
2026-04-29	40	2	1.99
2026-04-29	17	1	1.69
2026-04-29	218	2	1.39
2026-04-29	143	1	2.99
2026-04-29	54	1	2.59
2026-04-29	56	3	3.49
2026-04-29	66	2	1.59
2026-04-29	127	1	2.49
2026-04-29	185	2	1.99
2026-04-29	110	1	3
2026-04-29	214	1	2.79
2026-04-29	101	2.797	3
2026-04-29	81	2	1.25
2026-04-29	19	1	2.5
2026-04-29	92	6.124	0.89
2026-04-29	56	1	3.49
2026-04-29	93	2	3
2026-04-29	41	5.2	1.85
2026-04-29	231	1	1.39
2026-04-29	76	10	0.79
2026-04-29	93	3	3
2026-04-29	166	3	2.45
2026-04-29	136	0.235	12.95
2026-04-29	121	11.457	1.29
2026-04-29	118	0.155	4
2026-04-29	91	4.812	0.69
2026-04-29	121	3.45	1.29
2026-04-29	117	0.504	2.5
2026-04-29	16	1.288	1.25
2026-04-29	43	4.542	1.79
2026-04-29	55	2	2.99
2026-04-29	33	3.403	1.59
2026-04-29	206	1	1.95
2026-04-29	12	1.738	2.25
2026-04-29	141	0.144	11.89
2026-04-29	24	1.151	1.19
2026-04-29	97	0.229	1.75
2026-04-29	66	1	1.59
2026-04-29	161	1	1.25
2026-04-29	57	2	1.35
2026-04-29	200	1	2.25
2026-04-29	196	3	3.15
2026-04-29	127	1	2.49
2026-04-29	102	0.24	1.75
2026-04-29	88	0.306	2.19
2026-04-29	94	2.586	2.85
2026-04-29	195	1	2.25
2026-04-29	250	0.264	2.39
2026-04-29	9	3	0.85
2026-04-29	133	1	1.49
2026-04-29	113	0.021	4.25
2026-04-29	127	2	2.49
2026-04-29	152	1	1.75
2026-04-29	61	1	1.89
2026-04-29	215	1	2.79
2026-04-29	46	0.307	3
2026-04-29	189	3	3.15
2026-04-29	111	2.474	1.75
2026-04-29	101	2.083	3
2026-04-29	198	6.798	1.19
2026-04-29	213	1	2.85
2026-04-29	100	0.387	2.69
2026-04-29	11	2.291	3.95
2026-04-29	52	5.273	0.99
2026-04-29	145	0.158	22.95
2026-04-29	247	1	1.99
2026-04-29	89	2.418	0.79
2026-04-29	204	1	3.09
2026-04-29	139	0.247	14.95
2026-04-29	213	1	2.85
2026-04-29	85	1	1.49
2026-04-29	91	15.087	0.69
2026-04-29	135	0.373	12.95
2026-04-29	88	1.329	2.19
2026-04-29	144	0.332	5.39
2026-04-29	65	2	1.45
2026-04-29	4	4	1.05
2026-04-29	194	2.982	2.75
2026-04-29	106	2.095	1.99
2026-04-29	50	1	3
2026-04-29	35	1	1.35
2026-04-29	33	1.591	1.59
2026-04-29	99	0.388	2.99
2026-04-29	53	1	2.59
2026-04-29	18	1.311	1.35
2026-04-29	125	3	2.35
2026-04-29	142	0.331	6.95
2026-04-29	12	1.178	2.25
2026-04-29	79	4	1.55
2026-04-29	80	1	2.99
2026-04-29	166	1	2.45
2026-04-29	122	0.057	2.99
2026-04-29	95	4.527	2.39
2026-04-29	38	2.852	1.89
2026-04-29	197	5.422	2.25
2026-04-29	128	1	2.25
2026-04-29	49	1	3
2026-04-29	30	3	1.89
2026-04-29	58	1.321	2.49
2026-04-29	44	3.457	1.75
2026-04-29	94	1.965	2.85
2026-04-29	114	1.864	4.5
2026-04-29	222	1	2.75
2026-04-29	114	2.64	4.5
2026-04-29	190	3	3.15
2026-04-29	225	1	1.65
2026-04-29	226	2	1.35
2026-04-29	165	2.32	5
2026-04-29	195	1	2.25
2026-04-29	207	1	1.29
2026-04-29	78	7	1.09
2026-04-29	158	2	2.29
2026-04-29	224	1	0.99
2026-04-29	60	1	2.75
2026-04-29	38	2.815	1.89
2026-04-29	203	1	2.89
2026-04-29	18	7.815	1.35
2026-04-29	167	3	1.59
2026-04-29	43	4.844	1.79
2026-04-29	31	0.429	5.69
2026-04-29	93	1	3
2026-04-29	202	1	3.15
2026-04-29	153	1	1.99
2026-04-29	81	2	1.25
2026-04-29	49	1	3
2026-04-29	190	2	3.15
2026-04-29	28	4	2.85
2026-04-29	199	2.74	2.19
2026-04-29	54	2	2.59
2026-04-29	227	1	1.69
2026-04-29	42	4.906	1.39
2026-04-29	121	2.016	1.29
2026-04-29	89	9.671	0.79
2026-04-29	72	3	0.95
2026-04-29	134	0.485	14.75
2026-04-29	186	1	2.25
2026-04-29	236	1	2.95
2026-04-29	193	2	2.5
2026-04-29	42	0.993	1.39
2026-04-29	71	2	1.99
2026-04-29	68	1	1.99
2026-04-29	134	0.035	14.75
2026-04-29	39	2.454	3.99
2026-04-29	75	2	1.59
2026-04-29	27	1	2.59
2026-04-29	93	4	3
2026-04-29	175	1	1.59
2026-04-29	28	1	2.85
2026-04-29	155	1	0.85
2026-04-29	108	0.191	2.35
2026-04-29	76	4	0.79
2026-04-29	248	0.008	10.95
2026-04-29	23	3	1.25
2026-04-29	160	1	1.8
2026-04-29	107	2.533	1.99
2026-04-29	219	2	0.99
2026-04-29	21	1	0.99
2026-04-29	211	2	1.15
2026-04-29	205	1	3.65
2026-04-29	209	2	1.19
2026-04-29	89	13.861	0.79
2026-04-29	55	1	2.99
2026-04-29	195	3	2.25
2026-04-29	105	1.629	1.75
2026-04-29	114	1.844	4.5
2026-04-29	70	1	1.49
2026-04-29	146	0.457	14.39
2026-04-29	187	2.303	5.45
2026-04-29	207	1	1.29
2026-04-29	44	6.651	1.75
2026-04-29	1	1	1.5
2026-04-29	146	0.187	14.39
2026-04-29	193	2	2.5
2026-04-29	137	0.352	18.75
2026-04-29	93	3	3
2026-04-29	83	2.276	2.39
2026-04-29	59	0.087	4
2026-04-29	109	0.467	2.59
2026-04-29	178	0.562	3.29
2026-04-29	103	1.224	2.19
2026-04-29	170	1	1.29
2026-04-30	198	7.16	1.19
2026-04-30	78	7	1.09
2026-04-30	43	6.564	1.79
2026-04-30	134	0.378	14.75
2026-04-30	185	1	1.99
2026-04-30	162	1	1.19
2026-04-30	220	1	2.75
2026-04-30	74	1	2.35
2026-04-30	186	1	2.25
2026-04-30	137	0.388	18.75
2026-04-30	132	1	1.25
2026-04-30	194	0.956	2.75
2026-04-30	209	2	1.19
2026-04-30	1	1	1.5
2026-04-30	114	0.46	4.5
2026-04-30	190	1	3.15
2026-04-30	50	1	3
2026-04-30	93	4	3
2026-04-30	38	3.46	1.89
2026-04-30	75	3	1.59
2026-04-30	28	1	2.85
2026-04-30	93	3	3
2026-04-30	12	1.356	2.25
2026-04-30	187	1.958	5.45
2026-04-30	28	2	2.85
2026-04-30	139	0.262	14.95
2026-04-30	35	1	1.35
2026-04-30	124	3.065	1.55
2026-04-30	39	2.581	3.99
2026-04-30	199	2.301	2.19
2026-04-30	31	0.457	5.69
2026-04-30	149	0.369	4.99
2026-04-30	190	2	3.15
2026-04-30	101	1.493	3
2026-04-30	33	1.736	1.59
2026-04-30	61	1	1.89
2026-04-30	143	1	2.99
2026-04-30	136	0.25	12.95
2026-04-30	69	5	1.25
2026-04-30	189	3	3.15
2026-04-30	11	0.375	3.95
2026-04-30	109	0.498	2.59
2026-04-30	102	0.246	1.75
2026-04-30	20	1	0.99
2026-04-30	87	3	1.39
2026-04-30	62	1	1.85
2026-04-30	59	0.092	4
2026-04-30	159	1	1.8
2026-04-30	18	7.459	1.35
2026-04-30	248	0.005	10.95
2026-04-30	105	1.709	1.75
2026-04-30	49	1	3
2026-04-30	249	1	2.29
2026-04-30	94	3.8	2.85
2026-04-30	44	4.326	1.75
2026-04-30	57	2	1.35
2026-04-30	46	0.327	3
2026-04-30	95	1.695	2.39
2026-04-30	27	1	2.59
2026-04-30	127	4	2.49
2026-04-30	42	6.223	1.39
2026-04-30	166	5	2.45
2026-04-30	135	0.264	12.95
2026-04-30	61	1	1.89
2026-04-30	60	1	2.75
2026-04-30	3	1	1.45
2026-04-30	85	1	1.49
2026-04-30	158	2	2.29
2026-04-30	197	1.053	2.25
2026-04-30	161	1	1.25
2026-04-30	76	3	0.79
2026-04-30	8	1	2.25
2026-04-30	128	1	2.25
2026-04-30	193	2	2.5
2026-04-30	214	1	2.79
2026-04-30	247	1	1.99
2026-04-30	97	0.229	1.75
2026-04-30	211	1	1.15
2026-04-30	91	4.812	0.69
2026-04-30	193	2	2.5
2026-04-30	195	5	2.25
2026-04-30	79	4	1.55
2026-04-30	223	1	2.15
2026-04-30	206	1	1.95
2026-04-30	56	1	3.49
2026-04-30	167	2	1.59
2026-04-30	98	1.039	2.3
2026-04-30	216	1	2.79
2026-04-30	130	4	1.89
2026-04-30	24	1.193	1.19
2026-04-30	190	4	3.15
2026-04-30	106	5.709	1.99
2026-04-30	145	0.166	22.95
2026-04-30	28	1	2.85
2026-04-30	56	1	3.49
2026-04-30	41	5.47	1.85
2026-04-30	96	1.028	2.5
2026-04-30	201	0.713	1.95
2026-04-30	54	1	2.59
2026-04-30	40	2	1.99
2026-04-30	93	1	3
2026-04-30	95	3.088	2.39
2026-04-30	71	2	1.99
2026-04-30	250	0.251	2.39
2026-04-30	196	1	3.15
2026-04-30	154	1	1.99
2026-04-30	144	0.338	5.39
2026-04-30	55	1	2.99
2026-04-30	199	0.63	2.19
2026-04-30	178	0.614	3.29
2026-04-30	82	5	0.99
2026-04-30	213	2	2.85
2026-04-30	81	1	1.25
2026-04-30	135	0.135	12.95
2026-04-30	133	1	1.49
2026-04-30	146	0.673	14.39
2026-04-30	175	1	1.59
2026-04-30	165	0.372	5
2026-04-30	118	0.165	4
2026-04-30	122	0.047	2.99
2026-04-30	187	0.719	5.45
2026-04-30	124	1.303	1.55
2026-04-30	19	1	2.5
2026-04-30	121	9.233	1.29
2026-04-30	30	1	1.89
2026-04-30	100	0.416	2.69
2026-04-30	194	5.036	2.75
2026-04-30	54	1	2.59
2026-04-30	200	1	2.25
2026-04-30	117	0.552	2.5
2026-04-30	226	2	1.35
2026-04-30	30	3	1.89
2026-04-30	125	3	2.35
2026-04-30	196	1	3.15
2026-04-30	84	1	1.59
2026-04-30	92	6.191	0.89
2026-04-30	222	1	2.75
2026-04-30	197	4.676	2.25
2026-04-30	124	1.987	1.55
2026-04-30	17	1	1.69
2026-04-30	26	0.311	1.19
2026-04-30	84	5	1.59
2026-04-30	8	1	2.25
2026-04-30	43	3.363	1.79
2026-04-30	165	1.58	5
2026-04-30	70	3	1.49
2026-04-30	77	2	2.35
2026-04-30	91	14.638	0.69
2026-04-30	190	1	3.15
2026-04-30	134	0.171	14.75
2026-04-30	38	2.545	1.89
2026-04-30	124	5.045	1.55
2026-04-30	89	10.848	0.79
2026-04-30	185	2	1.99
2026-04-30	44	4.206	1.75
2026-04-30	83	2	2.39
2026-04-30	203	1	2.89
2026-04-30	89	16.076	0.79
2026-04-30	9	3	0.85
2026-04-30	44	2.137	1.75
2026-04-30	155	1	0.85
2026-04-30	114	2.229	4.5
2026-04-30	148	0.202	5.99
2026-04-30	81	1	1.25
2026-04-30	101	1.487	3
2026-04-30	75	1	1.59
2026-04-30	204	1	3.09
2026-04-30	54	1	2.59
2026-04-30	194	1.349	2.75
2026-04-30	107	2.704	1.99
2026-04-30	48	1	1.99
2026-04-30	93	3	3
2026-04-30	231	1	1.39
2026-04-30	207	2	1.29
2026-04-30	205	1	3.65
2026-04-30	141	0.158	11.89
2026-04-30	202	1	3.15
2026-04-30	195	1	2.25
2026-04-30	224	1	0.99
2026-04-30	140	0.446	12.95
2026-04-30	110	1	3
2026-04-30	56	2	3.49
2026-04-30	211	2	1.15
2026-04-30	142	0.35	6.95
2026-04-30	225	1	1.65
2026-04-30	18	2.17	1.35
2026-04-30	52	14.404	0.99
2026-04-30	157	1	3.55
2026-04-30	94	0.993	2.85
2026-04-30	170	1	1.29
2026-04-30	72	4	0.95
2026-04-30	114	1.164	4.5
2026-04-30	208	3	0.95
2026-04-30	21	1	0.99
2026-04-30	76	11	0.79
2026-04-30	113	0.026	4.25
2026-04-30	81	3	1.25
2026-04-30	108	0.191	2.35
2026-04-30	48	1	1.99
2026-04-30	121	6.271	1.29
2026-04-30	112	2.042	2.59
2026-04-30	165	0.494	5
2026-04-30	196	1	3.15
2026-04-30	49	1	3
2026-04-30	4	5	1.05
2026-04-30	152	1	1.75
2026-04-30	111	2.629	1.75
2026-04-30	103	1.32	2.19
2026-04-30	221	1	2.35
2026-04-30	58	1.394	2.49
2026-04-30	236	1	2.95
2026-04-30	93	4	3
2026-04-30	66	3	1.59
2026-04-30	88	1.699	2.19
2026-04-30	73	2	1.49
2026-04-30	138	1.765	4.59
2026-04-30	11	2.048	3.95
2026-04-30	12	1.716	2.25
2026-04-30	227	1	1.69
2026-04-30	121	4.504	1.29
2026-04-30	28	2	2.85
2026-04-30	53	1	2.59
2026-04-30	68	1	1.99
2026-04-30	23	3	1.25
2026-04-30	91	1.58	0.69
2026-04-30	33	3.528	1.59
2026-04-30	80	1	2.99
2026-04-30	218	5	1.39
2026-04-30	167	2	1.59
2026-04-30	16	1.32	1.25
2026-04-30	153	1	1.99
2026-04-30	121	9.07	1.29
2026-04-30	217	1	1.59
2026-04-30	52	5.556	0.99
2026-04-30	83	0.615	2.39
2026-04-30	65	2	1.45
2026-04-30	160	1	1.8
2026-04-30	114	2.86	4.5
2026-04-30	47	0.287	3
2026-04-30	146	0.232	14.39
2026-04-30	99	1.301	2.99
2026-04-30	215	1	2.79
2026-04-30	69	1	1.25
2026-04-30	219	2	0.99
2026-04-30	101	2.18	3
2026-04-30	55	3	2.99
2026-05-01	28	1	2.85
2026-05-01	91	2.681	0.69
2026-05-01	197	3.551	2.25
2026-05-01	114	1.813	4.5
2026-05-01	56	1	3.49
2026-05-01	56	1	3.49
2026-05-01	105	2.051	1.75
2026-05-01	11	2.881	3.95
2026-05-01	187	0.228	5.45
2026-05-01	57	1	1.35
2026-05-01	72	4	0.95
2026-05-01	65	1	1.45
2026-05-01	93	2	3
2026-05-01	111	3.109	1.75
2026-05-01	44	3.783	1.75
2026-05-01	87	1	1.39
2026-05-01	43	1.324	1.79
2026-05-01	8	1	2.25
2026-05-01	178	0.705	3.29
2026-05-01	38	3.28	1.89
2026-05-01	44	2.886	1.75
2026-05-01	12	3.676	2.25
2026-05-01	89	14.646	0.79
2026-05-01	148	0.242	5.99
2026-05-01	194	0.865	2.75
2026-05-01	54	1	2.59
2026-05-01	109	0.587	2.59
2026-05-01	124	2.968	1.55
2026-05-01	167	1	1.59
2026-05-01	43	3.318	1.79
2026-05-01	185	1	1.99
2026-05-01	193	1	2.5
2026-05-01	224	1	0.99
2026-05-01	121	6.287	1.29
2026-05-01	47	0.343	3
2026-05-01	85	1	1.49
2026-05-01	75	2	1.59
2026-05-01	124	2.419	1.55
2026-05-01	82	6	0.99
2026-05-01	61	1	1.89
2026-05-01	142	0.416	6.95
2026-05-01	165	0.458	5
2026-05-01	248	0.01	10.95
2026-05-01	187	0.761	5.45
2026-05-01	4	5	1.05
2026-05-01	137	0.443	18.75
2026-05-01	70	3	1.49
2026-05-01	58	1.647	2.49
2026-05-01	71	1	1.99
2026-05-01	197	1.609	2.25
2026-05-01	190	1	3.15
2026-05-01	118	0.195	4
2026-05-01	93	4	3
2026-05-01	167	2	1.59
2026-05-01	55	2	2.99
2026-05-01	135	0.469	12.95
2026-05-01	59	0.11	4
2026-05-01	134	0.218	14.75
2026-05-01	195	3	2.25
2026-05-01	155	1	0.85
2026-05-01	93	4	3
2026-05-01	77	1	2.35
2026-05-01	101	2.623	3
2026-05-01	96	0.9	2.5
2026-05-01	114	1.213	4.5
2026-05-01	52	8.697	0.99
2026-05-01	194	2.593	2.75
2026-05-01	85	1	1.49
2026-05-01	78	8	1.09
2026-05-01	75	2	1.59
2026-05-01	121	10.729	1.29
2026-05-01	41	3.962	1.85
2026-05-01	201	0.846	1.95
2026-05-01	199	2.854	2.19
2026-05-01	199	0.584	2.19
2026-05-01	48	1	1.99
2026-05-01	219	2	0.99
2026-05-01	101	1.573	3
2026-05-01	121	3.186	1.29
2026-05-01	117	0.632	2.5
2026-05-01	46	0.383	3
2026-05-01	134	0.434	14.75
2026-05-01	78	1	1.09
2026-05-01	190	2	3.15
2026-05-01	124	1.477	1.55
2026-05-01	94	5.056	2.85
2026-05-01	30	4	1.89
2026-05-01	33	3.289	1.59
2026-05-01	88	2.05	2.19
2026-05-01	84	1	1.59
2026-05-01	23	3	1.25
2026-05-01	165	0.736	5
2026-05-01	146	0.191	14.39
2026-05-01	93	3	3
2026-05-01	89	2.671	0.79
2026-05-01	127	1	2.49
2026-05-01	136	0.295	12.95
2026-05-01	158	1	2.29
2026-05-01	26	0.336	1.19
2026-05-01	84	6	1.59
2026-05-01	112	2.39	2.59
2026-05-01	28	1	2.85
2026-05-01	93	1	3
2026-05-01	23	1	1.25
2026-05-01	40	1	1.99
2026-05-01	73	1	1.49
2026-05-01	83	3.088	2.39
2026-05-01	166	2	2.45
2026-05-01	27	1	2.59
2026-05-01	190	1	3.15
2026-05-01	53	1	2.59
2026-05-01	195	3	2.25
2026-05-01	97	0.286	1.75
2026-05-01	66	3	1.59
2026-05-01	106	6.432	1.99
2026-05-01	69	7	1.25
2026-05-01	187	1.273	5.45
2026-05-01	145	0.2	22.95
2026-05-01	94	0.646	2.85
2026-05-01	43	5.575	1.79
2026-05-01	137	0.028	18.75
2026-05-01	55	2	2.99
2026-05-01	89	15.203	0.79
2026-05-01	194	5.411	2.75
2026-05-01	214	1	2.79
2026-05-01	96	0.364	2.5
2026-05-01	31	0.536	5.69
2026-05-01	114	0.776	4.5
2026-05-01	114	3.14	4.5
2026-05-01	41	2.541	1.85
2026-05-01	53	1	2.59
2026-05-01	208	3	0.95
2026-05-01	9	3	0.85
2026-05-01	189	2	3.15
2026-05-01	101	1.923	3
2026-05-01	166	4	2.45
2026-05-01	40	1	1.99
2026-05-01	165	0.978	5
2026-05-01	108	0.243	2.35
2026-05-01	187	0.916	5.45
2026-05-01	124	1.987	1.55
2026-05-01	130	4	1.89
2026-05-01	81	4	1.25
2026-05-01	93	1	3
2026-05-01	79	1	1.55
2026-05-01	195	1	2.25
2026-05-01	107	3.176	1.99
2026-05-01	113	0.026	4.25
2026-05-01	24	1.437	1.19
2026-05-01	33	2.962	1.59
2026-05-01	98	1.27	2.3
2026-05-01	121	2.395	1.29
2026-05-01	28	4	2.85
2026-05-01	81	1	1.25
2026-05-01	140	0.528	12.95
2026-05-01	213	1	2.85
2026-05-01	127	1	2.49
2026-05-01	114	1.022	4.5
2026-05-01	102	0.297	1.75
2026-05-01	91	6.116	0.69
2026-05-01	18	2.541	1.35
2026-05-01	190	2	3.15
2026-05-01	165	0.662	5
2026-05-01	193	3	2.5
2026-05-01	196	1	3.15
2026-05-01	42	7.381	1.39
2026-05-01	52	11.535	0.99
2026-05-01	43	1.559	1.79
2026-05-01	44	1.011	1.75
2026-05-01	149	0.433	4.99
2026-05-01	124	4.697	1.55
2026-05-01	198	8.529	1.19
2026-05-01	38	1.608	1.89
2026-05-01	76	18	0.79
2026-05-01	121	3.364	1.29
2026-05-01	95	0.787	2.39
2026-05-01	207	1	1.29
2026-05-01	218	6	1.39
2026-05-01	91	16.174	0.69
2026-05-01	52	3.424	0.99
2026-05-01	106	0.347	1.99
2026-05-01	99	1.525	2.99
2026-05-01	125	1	2.35
2026-05-01	21	2	0.99
2026-05-01	146	0.893	14.39
2026-05-01	209	1	1.19
2026-05-01	226	1	1.35
2026-05-01	18	8.926	1.35
2026-05-01	95	4.895	2.39
2026-05-01	211	4	1.15
2026-05-01	138	2.096	4.59
2026-05-01	141	0.18	11.89
2026-05-01	38	2.233	1.89
2026-05-01	16	1.608	1.25
2026-05-01	144	0.416	5.39
2026-05-01	92	7.652	0.89
2026-05-01	197	1.649	2.25
2026-05-01	213	1	2.85
2026-05-01	122	0.07	2.99
2026-05-01	44	5	1.75
2026-05-01	139	0.311	14.95
2026-05-01	103	1.525	2.19
2026-05-01	121	8.581	1.29
2026-05-01	93	2	3
2026-05-01	100	0.483	2.69
2026-05-01	250	0.331	2.39
2026-05-01	79	4	1.55
2026-05-01	40	1	1.99
2026-05-01	39	3.07	3.99
2026-05-01	189	2	3.15
2026-05-01	28	1	2.85
2026-05-02	197	1.218	2.25
2026-05-02	214	1	2.79
2026-05-02	44	7.823	1.75
2026-05-02	33	1.535	1.59
2026-05-02	78	7	1.09
2026-05-02	43	8.095	1.79
2026-05-02	185	1	1.99
2026-05-02	43	5.732	1.79
2026-05-02	121	6.101	1.29
2026-05-02	196	1	3.15
2026-05-02	199	1.055	2.19
2026-05-02	117	0.744	2.5
2026-05-02	226	1	1.35
2026-05-02	124	9.187	1.55
2026-05-02	121	10.248	1.29
2026-05-02	144	0.486	5.39
2026-05-02	70	1	1.49
2026-05-02	114	1.218	4.5
2026-05-02	130	2	1.89
2026-05-02	194	1.076	2.75
2026-05-02	218	2	1.39
2026-05-02	83	0.795	2.39
2026-05-02	89	16.418	0.79
2026-05-02	54	2	2.59
2026-05-02	38	2.799	1.89
2026-05-02	121	3.729	1.29
2026-05-02	73	3	1.49
2026-05-02	89	6.152	0.79
2026-05-02	93	3	3
2026-05-02	52	4.414	0.99
2026-05-02	187	0.18	5.45
2026-05-02	194	4.527	2.75
2026-05-02	91	19.188	0.69
2026-05-02	93	3	3
2026-05-02	41	6.043	1.85
2026-05-02	75	2	1.59
2026-05-02	248	0.012	10.95
2026-05-02	95	1.649	2.39
2026-05-02	98	1.487	2.3
2026-05-02	127	2	2.49
2026-05-02	47	0.4	3
2026-05-02	52	1.545	0.99
2026-05-02	28	1	2.85
2026-05-02	81	6	1.25
2026-05-02	79	2	1.55
2026-05-02	209	1	1.19
2026-05-02	52	7.071	0.99
2026-05-02	56	1	3.49
2026-05-02	56	1	3.49
2026-05-02	38	5.561	1.89
2026-05-02	54	1	2.59
2026-05-02	195	2	2.25
2026-05-02	44	2.566	1.75
2026-05-02	21	2	0.99
2026-05-02	95	3.749	2.39
2026-05-02	178	0.827	3.29
2026-05-02	208	3	0.95
2026-05-02	18	9.296	1.35
2026-05-02	107	3.724	1.99
2026-05-02	111	3.503	1.75
2026-05-02	76	15	0.79
2026-05-02	187	1.673	5.45
2026-05-02	91	9.42	0.69
2026-05-02	211	1	1.15
2026-05-02	134	0.294	14.75
2026-05-02	75	3	1.59
2026-05-02	139	0.365	14.95
2026-05-02	108	0.281	2.35
2026-05-02	99	1.789	2.99
2026-05-02	55	3	2.99
2026-05-02	136	0.347	12.95
2026-05-02	55	2	2.99
2026-05-02	142	0.488	6.95
2026-05-02	138	0.73	4.59
2026-05-02	65	1	1.45
2026-05-02	214	1	2.79
2026-05-02	149	0.509	4.99
2026-05-02	94	4.439	2.85
2026-05-02	218	5	1.39
2026-05-02	53	1	2.59
2026-05-02	40	1	1.99
2026-05-02	88	0.484	2.19
2026-05-02	113	0.031	4.25
2026-05-02	250	0.389	2.39
2026-05-02	18	4.156	1.35
2026-05-02	77	1	2.35
2026-05-02	28	1	2.85
2026-05-02	56	1	3.49
2026-05-02	87	2	1.39
2026-05-02	165	0.994	5
2026-05-02	106	0.472	1.99
2026-05-02	199	2.982	2.19
2026-05-02	84	1	1.59
2026-05-02	8	1	2.25
2026-05-02	137	0.054	18.75
2026-05-02	77	1	2.35
2026-05-02	93	1	3
2026-05-02	96	1.488	2.5
2026-05-02	103	1.79	2.19
2026-05-02	101	3.773	3
2026-05-02	33	1.881	1.59
2026-05-02	146	0.473	14.39
2026-05-02	198	3.739	1.19
2026-05-02	33	2.623	1.59
2026-05-02	71	1	1.99
2026-05-02	102	0.349	1.75
2026-05-02	66	1	1.59
2026-05-02	121	10.473	1.29
2026-05-02	197	5.889	2.25
2026-05-02	224	2	0.99
2026-05-02	101	1.477	3
2026-05-02	146	0.035	14.39
2026-05-02	189	1	3.15
2026-05-02	16	1.896	1.25
2026-05-02	114	1.584	4.5
2026-05-02	72	4	0.95
2026-05-02	46	0.45	3
2026-05-02	24	1.689	1.19
2026-05-02	30	3	1.89
2026-05-02	122	0.084	2.99
2026-05-02	94	2.253	2.85
2026-05-02	196	3	3.15
2026-05-02	198	6.277	1.19
2026-05-02	31	0.587	5.69
2026-05-02	146	0.764	14.39
2026-05-02	209	1	1.19
2026-05-02	114	1.998	4.5
2026-05-02	27	1	2.59
2026-05-02	195	1	2.25
2026-05-02	28	1	2.85
2026-05-02	100	0.569	2.69
2026-05-02	118	0.228	4
2026-05-02	190	1	3.15
2026-05-02	207	2	1.29
2026-05-02	42	1.777	1.39
2026-05-02	89	5.114	0.79
2026-05-02	166	2	2.45
2026-05-02	109	0.687	2.59
2026-05-02	88	1.922	2.19
2026-05-02	138	1.73	4.59
2026-05-02	57	1	1.35
2026-05-02	28	1	2.85
2026-05-02	95	1.272	2.39
2026-05-02	82	7	0.99
2026-05-02	190	4	3.15
2026-05-02	194	3.818	2.75
2026-05-02	84	1	1.59
2026-05-02	197	0.88	2.25
2026-05-02	39	2.148	3.99
2026-05-02	114	2.489	4.5
2026-05-02	12	1.311	2.25
2026-05-02	127	1	2.49
2026-05-02	134	0.472	14.75
2026-05-02	12	2.031	2.25
2026-05-02	33	1.302	1.59
2026-05-02	166	2	2.45
2026-05-02	26	0.395	1.19
2026-05-02	41	1.589	1.85
2026-05-02	92	9.034	0.89
2026-05-02	158	1	2.29
2026-05-02	69	1	1.25
2026-05-02	189	1	3.15
2026-05-02	39	1.456	3.99
2026-05-02	114	2.06	4.5
2026-05-02	219	1	0.99
2026-05-02	59	0.13	4
2026-05-02	201	0.995	1.95
2026-05-02	137	0.499	18.75
2026-05-02	97	0.337	1.75
2026-05-02	93	3	3
2026-05-02	93	4	3
2026-05-02	106	7.482	1.99
2026-05-02	112	2.811	2.59
2026-05-02	83	2.837	2.39
2026-05-02	52	14.737	0.99
2026-05-02	125	2	2.35
2026-05-02	4	6	1.05
2026-05-02	121	6.349	1.29
2026-05-02	93	3	3
2026-05-02	85	1	1.49
2026-05-02	187	1.16	5.45
2026-05-02	193	4	2.5
2026-05-02	193	2	2.5
2026-05-02	141	0.211	11.89
2026-05-02	76	7	0.79
2026-05-02	23	1	1.25
2026-05-02	48	1	1.99
2026-05-02	194	1.044	2.75
2026-05-02	101	1.933	3
2026-05-02	28	1	2.85
2026-05-02	105	2.406	1.75
2026-05-02	167	2	1.59
2026-05-02	166	3	2.45
2026-05-02	226	1	1.35
2026-05-02	125	1	2.35
2026-05-02	165	2.428	5
2026-05-02	127	3	2.49
2026-05-02	130	3	1.89
2026-05-02	58	1.932	2.49
2026-05-02	35	1	1.35
2026-05-02	135	0.551	12.95
2026-05-02	9	3	0.85
2026-05-02	140	0.62	12.95
2026-05-02	44	4.497	1.75
2026-05-02	124	6.723	1.55
2026-05-02	11	3.278	3.95
2026-05-02	213	1	2.85
2026-05-02	72	3	0.95
2026-05-02	187	0.716	5.45
2026-05-02	8	1	2.25
2026-05-02	69	7	1.25
2026-05-02	155	2	0.85
2026-05-02	28	3	2.85
2026-05-02	54	1	2.59
2026-05-02	56	2	3.49
2026-05-02	213	1	2.85
2026-05-02	121	3.651	1.29
2026-05-02	61	1	1.89
2026-05-02	195	5	2.25
2026-05-02	158	1	2.29
2026-05-02	185	1	1.99
2026-05-02	148	0.284	5.99
2026-05-02	12	0.973	2.25
2026-05-02	211	3	1.15
2026-05-02	196	1	3.15
2026-05-02	190	2	3.15
2026-05-02	42	6.885	1.39
2026-05-02	89	10.481	0.79
2026-05-02	145	0.234	22.95
2026-05-04	117	0.44	2.5
2026-05-04	121	3.023	1.29
2026-05-04	219	2	0.99
2026-05-04	28	1	2.85
2026-05-04	89	18.722	0.79
2026-05-04	89	3.899	0.79
2026-05-04	199	2.393	2.19
2026-05-04	185	2	1.99
2026-05-04	71	1	1.99
2026-05-04	71	1	1.99
2026-05-04	53	1	2.59
2026-05-04	155	1	0.85
2026-05-04	12	2.56	2.25
2026-05-04	57	1	1.35
2026-05-04	33	4.346	1.59
2026-05-04	194	2.858	2.75
2026-05-04	135	0.327	12.95
2026-05-04	23	1	1.25
2026-05-04	158	1	2.29
2026-05-04	195	1	2.25
2026-05-04	43	2.117	1.79
2026-05-04	187	2.211	5.45
2026-05-04	197	2.431	2.25
2026-05-04	4	2	1.05
2026-05-04	52	1.354	0.99
2026-05-04	54	2	2.59
2026-05-04	167	3	1.59
2026-05-04	16	1.12	1.25
2026-05-04	38	2.228	1.89
2026-05-04	95	1.891	2.39
2026-05-04	149	0.301	4.99
2026-05-04	165	1.918	5
2026-05-04	70	2	1.49
2026-05-04	93	2	3
2026-05-04	98	0.878	2.3
2026-05-04	49	1	3
2026-05-04	227	1	1.69
2026-05-04	95	2.067	2.39
2026-05-04	40	1	1.99
2026-05-04	69	5	1.25
2026-05-04	122	0.05	2.99
2026-05-04	8	1	2.25
2026-05-04	207	1	1.29
2026-05-04	101	3.533	3
2026-05-04	21	1	0.99
2026-05-04	91	8.87	0.69
2026-05-04	91	5.812	0.69
2026-05-04	91	2.696	0.69
2026-05-04	248	0.007	10.95
2026-05-04	113	0.019	4.25
2026-05-04	124	8.477	1.55
2026-05-04	43	2.33	1.79
2026-05-04	73	2	1.49
2026-05-04	195	1	2.25
2026-05-04	99	1.06	2.99
2026-05-04	75	3	1.59
2026-05-04	146	0.755	14.39
2026-05-04	97	0.2	1.75
2026-05-04	148	0.169	5.99
2026-05-04	127	1	2.49
2026-05-04	94	1.947	2.85
2026-05-04	58	1.145	2.49
2026-05-04	65	2	1.45
2026-05-04	39	0.817	3.99
2026-05-04	88	1.283	2.19
2026-05-04	214	1	2.79
2026-05-04	28	3	2.85
2026-05-04	209	1	1.19
2026-05-04	114	0.32	4.5
2026-05-04	136	0.205	12.95
2026-05-04	226	1	1.35
2026-05-04	194	3.345	2.75
2026-05-04	103	1.059	2.19
2026-05-04	85	1	1.49
2026-05-04	139	0.216	14.95
2026-05-04	23	2	1.25
2026-05-04	43	1.615	1.79
2026-05-04	140	0.294	12.95
2026-05-04	101	0.723	3
2026-05-04	68	1	1.99
2026-05-04	165	0.108	5
2026-05-04	84	3	1.59
2026-05-04	211	2	1.15
2026-05-04	52	8.253	0.99
2026-05-04	83	2.146	2.39
2026-05-04	102	0.206	1.75
2026-05-04	94	2.021	2.85
2026-05-04	195	3	2.25
2026-05-04	142	0.289	6.95
2026-05-04	59	0.075	4
2026-05-04	125	3	2.35
2026-05-04	114	0.973	4.5
2026-05-04	77	1	2.35
2026-05-04	27	1	2.59
2026-05-04	35	1	1.35
2026-05-04	48	1	1.99
2026-05-04	56	1	3.49
2026-05-04	30	3	1.89
2026-05-04	178	0.489	3.29
2026-05-04	81	4	1.25
2026-05-04	138	1.342	4.59
2026-05-04	196	1	3.15
2026-05-04	18	2.222	1.35
2026-05-04	66	2	1.59
2026-05-04	250	0.23	2.39
2026-05-04	114	1.376	4.5
2026-05-04	31	0.374	5.69
2026-05-04	134	0.454	14.75
2026-05-04	27	1	2.59
2026-05-04	77	1	2.35
2026-05-04	96	0.88	2.5
2026-05-04	138	0.118	4.59
2026-05-04	42	5.137	1.39
2026-05-04	76	12	0.79
2026-05-04	82	5	0.99
2026-05-04	193	1	2.5
2026-05-04	78	2	1.09
2026-05-04	108	0.166	2.35
2026-05-04	93	1	3
2026-05-04	93	4	3
2026-05-04	79	1	1.55
2026-05-04	124	0.948	1.55
2026-05-04	78	4	1.09
2026-05-04	112	1.664	2.59
2026-05-04	79	3	1.55
2026-05-04	158	1	2.29
2026-05-04	213	2	2.85
2026-05-04	121	4.86	1.29
2026-05-04	193	1	2.5
2026-05-04	141	0.125	11.89
2026-05-04	107	2.206	1.99
2026-05-04	193	2	2.5
2026-05-04	201	0.59	1.95
2026-05-04	224	1	0.99
2026-05-04	26	0.235	1.19
2026-05-04	198	5.933	1.19
2026-05-04	137	0.327	18.75
2026-05-04	87	1	1.39
2026-05-04	24	1	1.19
2026-05-04	121	11.426	1.29
2026-05-04	226	1	1.35
2026-05-04	196	1	3.15
2026-05-04	4	2	1.05
2026-05-04	87	2	1.39
2026-05-04	145	0.129	22.95
2026-05-04	92	5	0.89
2026-05-04	52	3.768	0.99
2026-05-04	144	0.288	5.39
2026-05-04	55	2	2.99
2026-05-04	111	2.166	1.75
2026-05-04	118	0.135	4
2026-05-04	38	2.492	1.89
2026-05-04	140	0.073	12.95
2026-05-04	44	4.954	1.75
2026-05-04	189	3	3.15
2026-05-04	127	3	2.49
2026-05-04	93	1	3
2026-05-04	106	4.714	1.99
2026-05-04	166	1	2.45
2026-05-04	130	3	1.89
2026-05-04	72	4	0.95
2026-05-04	18	5.756	1.35
2026-05-04	190	2	3.15
2026-05-04	100	0.338	2.69
2026-05-04	44	3.863	1.75
2026-05-04	114	2.871	4.5
2026-05-04	162	1	1.19
2026-05-04	41	4.524	1.85
2026-05-04	39	1.321	3.99
2026-05-04	109	0.409	2.59
2026-05-04	93	1	3
2026-05-04	121	4.721	1.29
2026-05-04	61	1	1.89
2026-05-04	196	1	3.15
2026-05-04	9	2	0.85
2026-05-04	11	2.005	3.95
2026-05-04	84	2	1.59
2026-05-04	105	1.423	1.75
2026-05-04	209	1	1.19
2026-05-04	197	2.302	2.25
2026-05-04	166	3	2.45
2026-05-04	52	3.081	0.99
2026-05-04	28	1	2.85
2026-05-04	208	2	0.95
2026-05-04	46	0.267	3
2026-05-04	43	2.134	1.79
2026-05-04	190	4	3.15
2026-05-04	218	4	1.39
2026-05-04	55	1	2.99
2026-05-04	47	0.237	3
2026-05-05	121	8.085	1.29
2026-05-05	208	3	0.95
2026-05-05	195	2	2.25
2026-05-05	73	2	1.49
2026-05-05	138	0.416	4.59
2026-05-05	44	4.88	1.75
2026-05-05	56	1	3.49
2026-05-05	33	4.616	1.59
2026-05-05	43	5.112	1.79
2026-05-05	122	0.054	2.99
2026-05-05	93	1	3
2026-05-05	72	3	0.95
2026-05-05	190	1	3.15
2026-05-05	127	2	2.49
2026-05-05	114	0.929	4.5
2026-05-05	99	1.127	2.99
2026-05-05	47	0.253	3
2026-05-05	18	7.593	1.35
2026-05-05	56	1	3.49
2026-05-05	11	2.129	3.95
2026-05-05	9	2	0.85
2026-05-05	41	1.546	1.85
2026-05-05	31	0.397	5.69
2026-05-05	24	1.067	1.19
2026-05-05	28	1	2.85
2026-05-05	166	2	2.45
2026-05-05	216	1	2.79
2026-05-05	48	1	1.99
2026-05-05	35	1	1.35
2026-05-05	26	0.244	1.19
2026-05-05	218	4	1.39
2026-05-05	28	3	2.85
2026-05-05	195	2	2.25
2026-05-05	213	1	2.85
2026-05-05	89	3.342	0.79
2026-05-05	140	0.328	12.95
2026-05-05	109	0.432	2.59
2026-05-05	140	0.063	12.95
2026-05-05	118	0.145	4
2026-05-05	144	0.306	5.39
2026-05-05	114	2.556	4.5
2026-05-05	94	0.789	2.85
2026-05-05	39	1.496	3.99
2026-05-05	87	3	1.39
2026-05-05	145	0.147	22.95
2026-05-05	112	0.564	2.59
2026-05-05	106	5.01	1.99
2026-05-05	198	6.303	1.19
2026-05-05	187	1.215	5.45
2026-05-05	121	10.907	1.29
2026-05-05	196	3	3.15
2026-05-05	56	1	3.49
2026-05-05	125	1	2.35
2026-05-05	137	0.348	18.75
2026-05-05	185	2	1.99
2026-05-05	69	5	1.25
2026-05-05	71	1	1.99
2026-05-05	189	1	3.15
2026-05-05	190	1	3.15
2026-05-05	214	1	2.79
2026-05-05	88	1.516	2.19
2026-05-05	142	0.308	6.95
2026-05-05	101	4.523	3
2026-05-05	165	0.176	5
2026-05-05	27	1	2.59
2026-05-05	195	1	2.25
2026-05-05	199	1.53	2.19
2026-05-05	43	3.592	1.79
2026-05-05	16	1.192	1.25
2026-05-05	83	1.431	2.39
2026-05-05	21	1	0.99
2026-05-05	93	3	3
2026-05-05	134	0.482	14.75
2026-05-05	27	1	2.59
2026-05-05	194	0.862	2.75
2026-05-05	138	1.135	4.59
2026-05-05	78	6	1.09
2026-05-05	149	0.321	4.99
2026-05-05	155	1	0.85
2026-05-05	71	1	1.99
2026-05-05	121	5.775	1.29
2026-05-05	81	2	1.25
2026-05-05	76	8	0.79
2026-05-05	113	0.019	4.25
2026-05-05	39	0.581	3.99
2026-05-05	121	0.767	1.29
2026-05-05	92	5.697	0.89
2026-05-05	250	0.243	2.39
2026-05-05	96	0.932	2.5
2026-05-05	112	1.205	2.59
2026-05-05	213	1	2.85
2026-05-05	54	2	2.59
2026-05-05	189	2	3.15
2026-05-05	130	3	1.89
2026-05-05	105	1.514	1.75
2026-05-05	114	2.402	4.5
2026-05-05	124	2.845	1.55
2026-05-05	41	3.259	1.85
2026-05-05	82	5	0.99
2026-05-05	89	16.38	0.79
2026-05-05	8	1	2.25
2026-05-05	44	3.331	1.75
2026-05-05	146	0.093	14.39
2026-05-05	61	1	1.89
2026-05-05	94	3.421	2.85
2026-05-05	125	2	2.35
2026-05-05	127	1	2.49
2026-05-05	153	1	1.99
2026-05-05	190	2	3.15
2026-05-05	12	2.72	2.25
2026-05-05	30	3	1.89
2026-05-05	98	0.935	2.3
2026-05-05	38	3.672	1.89
2026-05-05	70	2	1.49
2026-05-05	75	3	1.59
2026-05-05	148	0.179	5.99
2026-05-05	102	0.223	1.75
2026-05-05	141	0.133	11.89
2026-05-05	103	1.128	2.19
2026-05-05	38	1.593	1.89
2026-05-05	59	0.08	4
2026-05-05	52	11.646	0.99
2026-05-05	44	1.16	1.75
2026-05-05	194	4.389	2.75
2026-05-05	89	4.316	0.79
2026-05-05	226	1	1.35
2026-05-05	207	1	1.29
2026-05-05	97	0.211	1.75
2026-05-05	66	2	1.59
2026-05-05	85	1	1.49
2026-05-05	91	18.464	0.69
2026-05-05	93	4	3
2026-05-05	42	5.453	1.39
2026-05-05	124	7.168	1.55
2026-05-05	55	3	2.99
2026-05-05	48	1	1.99
2026-05-05	248	0.007	10.95
2026-05-05	201	0.626	1.95
2026-05-05	100	0.357	2.69
2026-05-05	4	4	1.05
2026-05-05	65	2	1.45
2026-05-05	190	3	3.15
2026-05-05	158	1	2.29
2026-05-05	68	1	1.99
2026-05-05	165	1.976	5
2026-05-05	57	1	1.35
2026-05-05	146	0.155	14.39
2026-05-05	93	3	3
2026-05-05	23	3	1.25
2026-05-05	162	1	1.19
2026-05-05	146	0.552	14.39
2026-05-05	158	1	2.29
2026-05-05	81	2	1.25
2026-05-05	18	0.874	1.35
2026-05-05	111	2.303	1.75
2026-05-05	227	1	1.69
2026-05-05	117	0.468	2.5
2026-05-05	93	2	3
2026-05-05	52	5.838	0.99
2026-05-05	219	2	0.99
2026-05-05	194	1.338	2.75
2026-05-05	135	0.347	12.95
2026-05-05	77	1	2.35
2026-05-05	199	1.009	2.19
2026-05-05	107	2.347	1.99
2026-05-05	224	1	0.99
2026-05-05	127	1	2.49
2026-05-05	79	4	1.55
2026-05-05	53	1	2.59
2026-05-05	187	1.134	5.45
2026-05-05	197	4.853	2.25
2026-05-05	193	4	2.5
2026-05-05	209	1	1.19
2026-05-05	178	0.52	3.29
2026-05-05	46	0.283	3
2026-05-05	84	5	1.59
2026-05-05	95	4.205	2.39
2026-05-05	136	0.219	12.95
2026-05-05	166	2	2.45
2026-05-05	139	0.229	14.95
2026-05-05	167	3	1.59
2026-05-05	57	1	1.35
2026-05-05	83	0.854	2.39
2026-05-05	39	0.19	3.99
2026-05-05	28	1	2.85
2026-05-05	58	1.217	2.49
2026-05-05	108	0.179	2.35
2026-05-05	49	1	3
2026-05-05	211	2	1.15
2026-05-05	76	5	0.79
2026-05-05	40	1	1.99
2026-05-06	48	1	1.99
2026-05-06	199	1.356	2.19
2026-05-06	136	0.231	12.95
2026-05-06	75	3	1.59
2026-05-06	82	2	0.99
2026-05-06	141	0.14	11.89
2026-05-06	187	2.442	5.45
2026-05-06	18	3.259	1.35
2026-05-06	219	2	0.99
2026-05-06	148	0.19	5.99
2026-05-06	95	4.452	2.39
2026-05-06	127	1	2.49
2026-05-06	106	1.789	1.99
2026-05-06	105	1.6	1.75
2026-05-06	121	5.395	1.29
2026-05-06	114	0.831	4.5
2026-05-06	54	2	2.59
2026-05-06	28	1	2.85
2026-05-06	167	1	1.59
2026-05-06	85	1	1.49
2026-05-06	218	5	1.39
2026-05-06	52	3.061	0.99
2026-05-06	227	1	1.69
2026-05-06	130	3	1.89
2026-05-06	103	1.192	2.19
2026-05-06	140	0.414	12.95
2026-05-06	91	19.551	0.69
2026-05-06	81	2	1.25
2026-05-06	135	0.213	12.95
2026-05-06	55	2	2.99
2026-05-06	43	4.447	1.79
2026-05-06	27	1	2.59
2026-05-06	39	1.431	3.99
2026-05-06	113	0.021	4.25
2026-05-06	12	2.876	2.25
2026-05-06	189	3	3.15
2026-05-06	30	1	1.89
2026-05-06	56	1	3.49
2026-05-06	84	3	1.59
2026-05-06	185	2	1.99
2026-05-06	125	3	2.35
2026-05-06	153	1	1.99
2026-05-06	88	1.607	2.19
2026-05-06	207	1	1.29
2026-05-06	33	2.962	1.59
2026-05-06	24	1.126	1.19
2026-05-06	195	5	2.25
2026-05-06	124	6.806	1.55
2026-05-06	35	1	1.35
2026-05-06	70	1	1.49
2026-05-06	194	3.804	2.75
2026-05-06	145	0.156	22.95
2026-05-06	213	2	2.85
2026-05-06	162	1	1.19
2026-05-06	66	1	1.59
2026-05-06	196	2	3.15
2026-05-06	56	2	3.49
2026-05-06	211	2	1.15
2026-05-06	209	1	1.19
2026-05-06	28	1	2.85
2026-05-06	30	2	1.89
2026-05-06	130	1	1.89
2026-05-06	96	0.992	2.5
2026-05-06	167	3	1.59
2026-05-06	147	0.118	3.99
2026-05-06	94	4.46	2.85
2026-05-06	18	0.533	1.35
2026-05-06	137	0.369	18.75
2026-05-06	47	0.267	3
2026-05-06	112	1.873	2.59
2026-05-06	118	0.153	4
2026-05-06	66	2	1.59
2026-05-06	49	1	3
2026-05-06	40	2	1.99
2026-05-06	69	3	1.25
2026-05-06	61	1	1.89
2026-05-06	59	0.085	4
2026-05-06	158	1	2.29
2026-05-06	11	2.253	3.95
2026-05-06	109	0.459	2.59
2026-05-06	21	1	0.99
2026-05-06	142	0.325	6.95
2026-05-06	124	3.8	1.55
2026-05-06	43	4.765	1.79
2026-05-06	89	10.19	0.79
2026-05-06	79	4	1.55
2026-05-06	111	2.434	1.75
2026-05-06	121	10.705	1.29
2026-05-06	26	0.261	1.19
2026-05-06	139	0.243	14.95
2026-05-06	61	1	1.89
2026-05-06	82	2	0.99
2026-05-06	214	1	2.79
2026-05-06	207	1	1.29
2026-05-06	101	1.153	3
2026-05-06	127	3	2.49
2026-05-06	9	3	0.85
2026-05-06	44	2.754	1.75
2026-05-06	165	0.294	5
2026-05-06	166	4	2.45
2026-05-06	149	0.339	4.99
2026-05-06	27	1	2.59
2026-05-06	114	1.14	4.5
2026-05-06	76	14	0.79
2026-05-06	39	0.972	3.99
2026-05-06	93	1	3
2026-05-06	72	3	0.95
2026-05-06	68	1	1.99
2026-05-06	93	3	3
2026-05-06	65	2	1.45
2026-05-06	98	0.996	2.3
2026-05-06	71	1	1.99
2026-05-06	28	3	2.85
2026-05-06	166	1	2.45
2026-05-06	224	1	0.99
2026-05-06	42	3.453	1.39
2026-05-06	165	1.984	5
2026-05-06	77	1	2.35
2026-05-06	41	5.086	1.85
2026-05-06	197	5.329	2.25
2026-05-06	101	3.633	3
2026-05-06	70	2	1.49
2026-05-06	190	2	3.15
2026-05-06	185	1	1.99
2026-05-06	93	2	3
2026-05-06	49	1	3
2026-05-06	89	15.253	0.79
2026-05-06	53	1	2.59
2026-05-06	138	0.458	4.59
2026-05-06	18	5.178	1.35
2026-05-06	144	0.323	5.39
2026-05-06	99	1.194	2.99
2026-05-06	81	2	1.25
2026-05-06	121	8.349	1.29
2026-05-06	135	0.154	12.95
2026-05-06	33	1.931	1.59
2026-05-06	190	2	3.15
2026-05-06	38	5.571	1.89
2026-05-06	196	1	3.15
2026-05-06	83	2.418	2.39
2026-05-06	248	0.008	10.95
2026-05-06	114	2.533	4.5
2026-05-06	42	2.324	1.39
2026-05-06	46	0.3	3
2026-05-06	16	1.264	1.25
2026-05-06	71	1	1.99
2026-05-06	69	3	1.25
2026-05-06	121	2.589	1.29
2026-05-06	134	0.511	14.75
2026-05-06	201	0.662	1.95
2026-05-06	194	3.175	2.75
2026-05-06	52	9.253	0.99
2026-05-06	52	6.202	0.99
2026-05-06	93	1	3
2026-05-06	102	0.234	1.75
2026-05-06	57	1	1.35
2026-05-06	78	7	1.09
2026-05-06	226	1	1.35
2026-05-06	56	1	3.49
2026-05-06	199	1.333	2.19
2026-05-06	58	1.289	2.49
2026-05-06	190	2	3.15
2026-05-06	216	1	2.79
2026-05-06	73	2	1.49
2026-05-06	55	1	2.99
2026-05-06	92	6.022	0.89
2026-05-06	208	3	0.95
2026-05-06	93	3	3
2026-05-06	4	4	1.05
2026-05-06	100	0.379	2.69
2026-05-06	122	0.054	2.99
2026-05-06	44	7.171	1.75
2026-05-06	31	0.42	5.69
2026-05-06	108	0.187	2.35
2026-05-06	23	3	1.25
2026-05-06	93	1	3
2026-05-06	48	1	1.99
2026-05-06	178	0.553	3.29
2026-05-06	97	0.223	1.75
2026-05-06	193	4	2.5
2026-05-06	146	0.565	14.39
2026-05-06	106	3.513	1.99
2026-05-06	87	3	1.39
2026-05-06	8	1	2.25
2026-05-06	198	6.42	1.19
2026-05-06	117	0.496	2.5
2026-05-06	190	1	3.15
2026-05-06	114	1.729	4.5
2026-05-06	138	1.155	4.59
2026-05-06	155	1	0.85
2026-05-06	84	2	1.59
2026-05-06	146	0.283	14.39
2026-05-06	107	2.482	1.99
2026-05-06	250	0.259	2.39
2026-05-07	166	5	2.45
2026-05-07	41	1.195	1.85
2026-05-07	49	1	3
2026-05-07	117	0.524	2.5
2026-05-07	77	1	2.35
2026-05-07	55	1	2.99
2026-05-07	226	1	1.35
2026-05-07	190	1	3.15
2026-05-07	44	4.446	1.75
2026-05-07	26	0.277	1.19
2026-05-07	27	1	2.59
2026-05-07	41	2.481	1.85
2026-05-07	153	1	1.99
2026-05-07	146	0.896	14.39
2026-05-07	94	1.34	2.85
2026-05-07	89	10.443	0.79
2026-05-07	194	1.298	2.75
2026-05-07	112	1.977	2.59
2026-05-07	44	0.589	1.75
2026-05-07	51	0.145	2
2026-05-07	28	1	2.85
2026-05-07	82	4	0.99
2026-05-07	121	8.147	1.29
2026-05-07	199	2.84	2.19
2026-05-07	38	3.55	1.89
2026-05-07	185	2	1.99
2026-05-07	219	2	0.99
2026-05-07	124	2.187	1.55
2026-05-07	106	4.955	1.99
2026-05-07	54	2	2.59
2026-05-07	56	1	3.49
2026-05-07	91	11.928	0.69
2026-05-07	30	3	1.89
2026-05-07	9	3	0.85
2026-05-07	21	1	0.99
2026-05-07	66	2	1.59
2026-05-07	94	1.126	2.85
2026-05-07	47	0.283	3
2026-05-07	154	1	1.99
2026-05-07	95	4.669	2.39
2026-05-07	39	0.306	3.99
2026-05-07	111	2.069	1.75
2026-05-07	12	2.84	2.25
2026-05-07	137	0.277	18.75
2026-05-07	216	1	2.79
2026-05-07	122	0.057	2.99
2026-05-07	194	0.742	2.75
2026-05-07	227	1	1.69
2026-05-07	121	11.341	1.29
2026-05-07	61	1	1.89
2026-05-07	114	2.791	4.5
2026-05-07	39	2.231	3.99
2026-05-07	196	3	3.15
2026-05-07	189	3	3.15
2026-05-07	8	1	2.25
2026-05-07	145	0.165	22.95
2026-05-07	93	1	3
2026-05-07	93	4	3
2026-05-07	209	1	1.19
2026-05-07	65	2	1.45
2026-05-07	70	3	1.49
2026-05-07	148	0.2	5.99
2026-05-07	48	1	1.99
2026-05-07	11	2.382	3.95
2026-05-07	55	2	2.99
2026-05-07	84	5	1.59
2026-05-07	27	1	2.59
2026-05-07	24	1.193	1.19
2026-05-07	93	1	3
2026-05-07	130	1	1.89
2026-05-07	134	0.532	14.75
2026-05-07	190	1	3.15
2026-05-07	101	2.19	3
2026-05-07	58	0.297	2.49
2026-05-07	130	3	1.89
2026-05-07	53	1	2.59
2026-05-07	16	1.328	1.25
2026-05-07	83	2.552	2.39
2026-05-07	31	0.443	5.69
2026-05-07	87	3	1.39
2026-05-07	208	3	0.95
2026-05-07	78	7	1.09
2026-05-07	43	1.184	1.79
2026-05-07	190	4	3.15
2026-05-07	149	0.359	4.99
2026-05-07	144	0.343	5.39
2026-05-07	162	1	1.19
2026-05-07	106	0.643	1.99
2026-05-07	207	2	1.29
2026-05-07	96	1.048	2.5
2026-05-07	61	1	1.89
2026-05-07	28	1	2.85
2026-05-07	89	16.418	0.79
2026-05-07	195	5	2.25
2026-05-07	165	2.392	5
2026-05-07	124	9.006	1.55
2026-05-07	121	3.767	1.29
2026-05-07	198	7.05	1.19
2026-05-07	178	0.584	3.29
2026-05-07	92	6.36	0.89
2026-05-07	55	1	2.99
2026-05-07	136	0.244	12.95
2026-05-07	155	1	0.85
2026-05-07	103	1.26	2.19
2026-05-07	66	1	1.59
2026-05-07	82	1	0.99
2026-05-07	125	1	2.35
2026-05-07	50	1	3
2026-05-07	68	1	1.99
2026-05-07	127	3	2.49
2026-05-07	218	3	1.39
2026-05-07	48	1	1.99
2026-05-07	138	0.231	4.59
2026-05-07	197	3.6	2.25
2026-05-07	40	2	1.99
2026-05-07	111	0.503	1.75
2026-05-07	167	4	1.59
2026-05-07	44	5.44	1.75
2026-05-07	218	2	1.39
2026-05-07	8	1	2.25
2026-05-07	59	0.09	4
2026-05-07	121	2.837	1.29
2026-05-07	137	0.112	18.75
2026-05-07	194	5.32	2.75
2026-05-07	71	1	1.99
2026-05-07	94	2.239	2.85
2026-05-07	81	4	1.25
2026-05-07	35	1	1.35
2026-05-07	185	1	1.99
2026-05-07	52	12.869	0.99
2026-05-07	102	0.246	1.75
2026-05-07	18	3.126	1.35
2026-05-07	57	1	1.35
2026-05-07	81	1	1.25
2026-05-07	43	7.872	1.79
2026-05-07	56	3	3.49
2026-05-07	108	0.2	2.35
2026-05-07	93	4	3
2026-05-07	75	3	1.59
2026-05-07	250	0.272	2.39
2026-05-07	213	2	2.85
2026-05-07	38	2.333	1.89
2026-05-07	76	11	0.79
2026-05-07	93	2	3
2026-05-07	141	0.149	11.89
2026-05-07	118	0.16	4
2026-05-07	73	2	1.49
2026-05-07	142	0.344	6.95
2026-05-07	224	1	0.99
2026-05-07	248	0.008	10.95
2026-05-07	211	2	1.15
2026-05-07	101	2.867	3
2026-05-07	4	1	1.05
2026-05-07	76	3	0.79
2026-05-07	41	1.697	1.85
2026-05-07	193	4	2.5
2026-05-07	201	0.697	1.95
2026-05-07	190	1	3.15
2026-05-07	72	4	0.95
2026-05-07	114	1.724	4.5
2026-05-07	52	6.677	0.99
2026-05-07	28	4	2.85
2026-05-07	138	1.501	4.59
2026-05-07	69	3	1.25
2026-05-07	18	6.341	1.35
2026-05-07	23	3	1.25
2026-05-07	197	2.013	2.25
2026-05-07	43	0.67	1.79
2026-05-07	85	1	1.49
2026-05-07	91	8.71	0.69
2026-05-07	99	1.261	2.99
2026-05-07	114	0.924	4.5
2026-05-07	100	0.401	2.69
2026-05-07	187	0.994	5.45
2026-05-07	49	1	3
2026-05-07	46	0.317	3
2026-05-07	114	1.138	4.5
2026-05-07	107	2.623	1.99
2026-05-07	4	4	1.05
2026-05-07	139	0.257	14.95
2026-05-07	79	4	1.55
2026-05-07	140	0.436	12.95
2026-05-07	158	1	2.29
2026-05-07	54	1	2.59
2026-05-07	42	6.101	1.39
2026-05-07	135	0.388	12.95
2026-05-07	93	2	3
2026-05-07	58	1.064	2.49
2026-05-07	187	1.629	5.45
2026-05-07	105	1.691	1.75
2026-05-07	214	1	2.79
2026-05-07	113	0.021	4.25
2026-05-07	109	0.486	2.59
2026-05-07	97	0.234	1.75
2026-05-07	88	1.694	2.19
2026-05-07	33	5.164	1.59
2026-05-07	93	1	3
2026-05-07	84	1	1.59
2026-05-07	125	2	2.35
2026-05-07	121	2.442	1.29
2026-05-07	69	3	1.25
2026-05-07	98	1.048	2.3
2026-05-08	112	2.39	2.59
2026-05-08	109	0.587	2.59
2026-05-08	76	4	0.79
2026-05-08	139	0.311	14.95
2026-05-08	187	1.222	5.45
2026-05-08	207	2	1.29
2026-05-08	121	5.442	1.29
2026-05-08	219	2	0.99
2026-05-08	142	0.416	6.95
2026-05-08	106	6.095	1.99
2026-05-08	100	0.483	2.69
2026-05-08	27	1	2.59
2026-05-08	153	1	1.99
2026-05-08	42	1.446	1.39
2026-05-08	121	5.209	1.29
2026-05-08	158	1	2.29
2026-05-08	89	7.228	0.79
2026-05-08	125	1	2.35
2026-05-08	167	4	1.59
2026-05-08	21	1	0.99
2026-05-08	137	0.076	18.75
2026-05-08	83	1.812	2.39
2026-05-08	135	0.469	12.95
2026-05-08	124	3.277	1.55
2026-05-08	79	2	1.55
2026-05-08	197	3.391	2.25
2026-05-08	50	1	3
2026-05-08	93	2	3
2026-05-08	121	7.031	1.29
2026-05-08	88	2.05	2.19
2026-05-08	195	1	2.25
2026-05-08	107	1.07	1.99
2026-05-08	226	1	1.35
2026-05-08	122	0.07	2.99
2026-05-08	38	3.169	1.89
2026-05-08	130	4	1.89
2026-05-08	42	5.935	1.39
2026-05-08	213	1	2.85
2026-05-08	124	6.845	1.55
2026-05-08	72	4	0.95
2026-05-08	105	2.051	1.75
2026-05-08	209	1	1.19
2026-05-08	52	3.889	0.99
2026-05-08	92	2.82	0.89
2026-05-08	30	4	1.89
2026-05-08	114	0.756	4.5
2026-05-08	84	6	1.59
2026-05-08	85	1	1.49
2026-05-08	77	1	2.35
2026-05-08	193	1	2.5
2026-05-08	93	1	3
2026-05-08	190	3	3.15
2026-05-08	82	5	0.99
2026-05-08	99	1.525	2.99
2026-05-08	213	1	2.85
2026-05-08	248	0.01	10.95
2026-05-08	214	1	2.79
2026-05-08	114	2.262	4.5
2026-05-08	185	1	1.99
2026-05-08	79	3	1.55
2026-05-08	23	1	1.25
2026-05-08	165	2.808	5
2026-05-08	166	1	2.45
2026-05-08	107	2.106	1.99
2026-05-08	190	2	3.15
2026-05-08	146	0.701	14.39
2026-05-08	23	3	1.25
2026-05-08	101	4.897	3
2026-05-08	148	0.242	5.99
2026-05-08	28	1	2.85
2026-05-08	73	3	1.49
2026-05-08	18	4.311	1.35
2026-05-08	113	0.026	4.25
2026-05-08	101	1.22	3
2026-05-08	68	1	1.99
2026-05-08	44	8.371	1.75
2026-05-08	214	1	2.79
2026-05-08	74	1	2.35
2026-05-08	33	6.258	1.59
2026-05-08	198	0.664	1.19
2026-05-08	194	4.585	2.75
2026-05-08	98	1.27	2.3
2026-05-08	140	0.445	12.95
2026-05-08	199	2.196	2.19
2026-05-08	70	3	1.49
2026-05-08	89	12.089	0.79
2026-05-08	44	4.314	1.75
2026-05-08	28	4	2.85
2026-05-08	197	0.529	2.25
2026-05-08	40	2	1.99
2026-05-08	57	2	1.35
2026-05-08	53	1	2.59
2026-05-08	18	6.37	1.35
2026-05-08	55	1	2.99
2026-05-08	52	8.162	0.99
2026-05-08	114	0.68	4.5
2026-05-08	95	0.933	2.39
2026-05-08	83	1.276	2.39
2026-05-08	71	1	1.99
2026-05-08	93	3	3
2026-05-08	198	7.866	1.19
2026-05-08	18	0.778	1.35
2026-05-08	106	0.683	1.99
2026-05-08	201	0.846	1.95
2026-05-08	125	1	2.35
2026-05-08	114	2.129	4.5
2026-05-08	103	1.525	2.19
2026-05-08	54	1	2.59
2026-05-08	40	1	1.99
2026-05-08	56	1	3.49
2026-05-08	41	4.757	1.85
2026-05-08	144	0.416	5.39
2026-05-08	12	1.356	2.25
2026-05-08	224	1	0.99
2026-05-08	138	2.096	4.59
2026-05-08	165	0.104	5
2026-05-08	136	0.295	12.95
2026-05-08	118	0.195	4
2026-05-08	117	0.632	2.5
2026-05-08	31	0.536	5.69
2026-05-08	4	6	1.05
2026-05-08	189	1	3.15
2026-05-08	12	2.324	2.25
2026-05-08	194	4.331	2.75
2026-05-08	26	0.336	1.19
2026-05-08	137	0.395	18.75
2026-05-08	76	1	0.79
2026-05-08	75	4	1.59
2026-05-08	8	1	2.25
2026-05-08	227	1	1.69
2026-05-08	84	1	1.59
2026-05-08	78	8	1.09
2026-05-08	28	2	2.85
2026-05-08	55	3	2.99
2026-05-08	114	0.473	4.5
2026-05-08	250	0.331	2.39
2026-05-08	111	3.109	1.75
2026-05-08	78	1	1.09
2026-05-08	218	4	1.39
2026-05-08	149	0.433	4.99
2026-05-08	108	0.243	2.35
2026-05-08	11	0.701	3.95
2026-05-08	16	1.608	1.25
2026-05-08	53	1	2.59
2026-05-08	48	1	1.99
2026-05-08	178	0.705	3.29
2026-05-08	102	0.297	1.75
2026-05-08	11	2.18	3.95
2026-05-08	140	0.083	12.95
2026-05-08	95	0.285	2.39
2026-05-08	59	0.11	4
2026-05-08	190	4	3.15
2026-05-08	96	1.268	2.5
2026-05-08	93	3	3
2026-05-08	199	1.242	2.19
2026-05-08	47	0.343	3
2026-05-08	213	1	2.85
2026-05-08	125	1	2.35
2026-05-08	91	13.623	0.69
2026-05-08	211	3	1.15
2026-05-08	58	1.647	2.49
2026-05-08	89	13.203	0.79
2026-05-08	197	2.884	2.25
2026-05-08	65	2	1.45
2026-05-08	141	0.18	11.89
2026-05-08	24	1.437	1.19
2026-05-08	61	1	1.89
2026-05-08	91	11.348	0.69
2026-05-08	81	4	1.25
2026-05-08	187	1.369	5.45
2026-05-08	93	1	3
2026-05-08	94	3.007	2.85
2026-05-08	94	2.695	2.85
2026-05-08	121	11.326	1.29
2026-05-08	121	5.535	1.29
2026-05-08	127	1	2.49
2026-05-08	39	3.07	3.99
2026-05-08	43	0.916	1.79
2026-05-08	124	3.426	1.55
2026-05-08	93	5	3
2026-05-08	52	11.606	0.99
2026-05-08	196	1	3.15
2026-05-08	56	1	3.49
2026-05-08	41	1.746	1.85
2026-05-08	187	0.382	5.45
2026-05-08	92	4.876	0.89
2026-05-08	154	1	1.99
2026-05-08	146	0.383	14.39
2026-05-08	69	4	1.25
2026-05-08	81	1	1.25
2026-05-08	187	0.204	5.45
2026-05-08	43	6.045	1.79
2026-05-08	76	12	0.79
2026-05-08	9	3	0.85
2026-05-08	97	0.286	1.75
2026-05-08	114	1.664	4.5
2026-05-08	93	3	3
2026-05-08	85	1	1.49
2026-05-08	155	2	0.85
2026-05-08	125	1	2.35
2026-05-08	208	3	0.95
2026-05-08	35	1	1.35
2026-05-08	195	1	2.25
2026-05-08	87	4	1.39
2026-05-08	46	0.383	3
2026-05-08	216	1	2.79
2026-05-08	38	3.952	1.89
2026-05-08	145	0.2	22.95
2026-05-08	66	3	1.59
2026-05-08	43	4.816	1.79
2026-05-08	134	0.653	14.75
2026-05-08	218	2	1.39
2026-05-08	69	3	1.25
2026-05-08	95	1.017	2.39
2026-05-08	49	1	3
2026-05-08	95	3.444	2.39
2026-05-08	56	2	3.49
2026-05-08	162	1	1.19
2026-05-09	21	1	0.99
2026-05-09	196	2	3.15
2026-05-09	219	2	0.99
2026-05-09	248	0.012	10.95
2026-05-09	9	4	0.85
2026-05-09	75	3	1.59
2026-05-09	153	1	1.99
2026-05-09	43	1.263	1.79
2026-05-09	85	1	1.49
2026-05-09	84	4	1.59
2026-05-09	193	4	2.5
2026-05-09	187	0.62	5.45
2026-05-09	53	1	2.59
2026-05-09	52	7.404	0.99
2026-05-09	130	1	1.89
2026-05-09	77	1	2.35
2026-05-09	40	1	1.99
2026-05-09	162	1	1.19
2026-05-09	28	1	2.85
2026-05-09	198	0.597	1.19
2026-05-09	83	0.31	2.39
2026-05-09	35	1	1.35
2026-05-09	71	1	1.99
2026-05-09	189	1	3.15
2026-05-09	78	10	1.09
2026-05-09	52	5.717	0.99
2026-05-09	82	2	0.99
2026-05-09	98	0.252	2.3
2026-05-09	38	6.185	1.89
2026-05-09	48	1	1.99
2026-05-09	158	1	2.29
2026-05-09	102	0.349	1.75
2026-05-09	140	0.385	12.95
2026-05-09	54	1	2.59
2026-05-09	98	1.235	2.3
2026-05-09	137	0.427	18.75
2026-05-09	56	3	3.49
2026-05-09	75	2	1.59
2026-05-09	68	1	1.99
2026-05-09	198	4.269	1.19
2026-05-09	109	0.687	2.59
2026-05-09	187	1.354	5.45
2026-05-09	127	2	2.49
2026-05-09	76	6	0.79
2026-05-09	178	0.827	3.29
2026-05-09	41	5.605	1.85
2026-05-09	92	9.034	0.89
2026-05-09	187	0.431	5.45
2026-05-09	165	0.452	5
2026-05-09	211	1	1.15
2026-05-09	55	3	2.99
2026-05-09	216	1	2.79
2026-05-09	87	4	1.39
2026-05-09	201	0.995	1.95
2026-05-09	57	2	1.35
2026-05-09	154	1	1.99
2026-05-09	47	0.4	3
2026-05-09	44	5.526	1.75
2026-05-09	208	4	0.95
2026-05-09	107	1.518	1.99
2026-05-09	50	1	3
2026-05-09	125	4	2.35
2026-05-09	117	0.744	2.5
2026-05-09	167	5	1.59
2026-05-09	148	0.284	5.99
2026-05-09	38	2.175	1.89
2026-05-09	95	3.82	2.39
2026-05-09	27	1	2.59
2026-05-09	209	1	1.19
2026-05-09	35	1	1.35
2026-05-09	18	4.341	1.35
2026-05-09	213	1	2.85
2026-05-09	76	14	0.79
2026-05-09	155	2	0.85
2026-05-09	121	4.938	1.29
2026-05-09	18	3.637	1.35
2026-05-09	66	2	1.59
2026-05-09	93	1	3
2026-05-09	107	1.829	1.99
2026-05-09	194	0.924	2.75
2026-05-09	127	1	2.49
2026-05-09	194	5.164	2.75
2026-05-09	69	8	1.25
2026-05-09	39	0.872	3.99
2026-05-09	196	1	3.15
2026-05-09	93	4	3
2026-05-09	18	4.667	1.35
2026-05-09	224	1	0.99
2026-05-09	196	2	3.15
2026-05-09	134	0.767	14.75
2026-05-09	28	1	2.85
2026-05-09	187	0.387	5.45
2026-05-09	73	3	1.49
2026-05-09	42	5.561	1.39
2026-05-09	68	1	1.99
2026-05-09	122	0.084	2.99
2026-05-09	106	3.864	1.99
2026-05-09	94	2.018	2.85
2026-05-09	111	3.651	1.75
2026-05-09	4	3	1.05
2026-05-09	113	0.031	4.25
2026-05-09	84	1	1.59
2026-05-09	56	1	3.49
2026-05-09	214	1	2.79
2026-05-09	33	5.038	1.59
2026-05-09	72	3	0.95
2026-05-09	141	0.211	11.89
2026-05-09	218	1	1.39
2026-05-09	44	8.211	1.75
2026-05-09	190	4	3.15
2026-05-09	26	0.395	1.19
2026-05-09	199	4.037	2.19
2026-05-09	30	3	1.89
2026-05-09	24	1.689	1.19
2026-05-09	190	4	3.15
2026-05-09	49	1	3
2026-05-09	89	8.595	0.79
2026-05-09	195	1	2.25
2026-05-09	185	1	1.99
2026-05-09	226	1	1.35
2026-05-09	100	0.569	2.69
2026-05-09	11	0.382	3.95
2026-05-09	91	18.493	0.69
2026-05-09	44	1.149	1.75
2026-05-09	198	2.025	1.19
2026-05-09	93	4	3
2026-05-09	140	0.236	12.95
2026-05-09	198	3.126	1.19
2026-05-09	54	1	2.59
2026-05-09	4	3	1.05
2026-05-09	106	4.09	1.99
2026-05-09	103	1.79	2.19
2026-05-09	124	8	1.55
2026-05-09	193	1	2.5
2026-05-09	194	1.251	2.75
2026-05-09	43	8.168	1.79
2026-05-09	55	1	2.99
2026-05-09	114	2.889	4.5
2026-05-09	227	1	1.69
2026-05-09	142	0.488	6.95
2026-05-09	185	1	1.99
2026-05-09	125	1	2.35
2026-05-09	83	3.318	2.39
2026-05-09	17	1	1.69
2026-05-09	41	2.027	1.85
2026-05-09	81	6	1.25
2026-05-09	89	3.342	0.79
2026-05-09	105	2.406	1.75
2026-05-09	91	7.275	0.69
2026-05-09	52	5.667	0.99
2026-05-09	197	2.978	2.25
2026-05-09	95	2.849	2.39
2026-05-09	30	2	1.89
2026-05-09	135	0.551	12.95
2026-05-09	166	3	2.45
2026-05-09	43	2.503	1.79
2026-05-09	127	3	2.49
2026-05-09	70	3	1.49
2026-05-09	209	1	1.19
2026-05-09	195	1	2.25
2026-05-09	12	4.156	2.25
2026-05-09	88	2.406	2.19
2026-05-09	190	2	3.15
2026-05-09	101	3.783	3
2026-05-09	77	1	2.35
2026-05-09	101	1.127	3
2026-05-09	79	6	1.55
2026-05-09	16	1.896	1.25
2026-05-09	121	9.031	1.29
2026-05-09	99	1.538	2.99
2026-05-09	226	1	1.35
2026-05-09	43	1.894	1.79
2026-05-09	56	1	3.49
2026-05-09	72	2	0.95
2026-05-09	96	1.488	2.5
2026-05-09	138	1.529	4.59
2026-05-09	158	1	2.29
2026-05-09	189	2	3.15
2026-05-09	89	3.203	0.79
2026-05-09	145	0.234	22.95
2026-05-09	137	0.125	18.75
2026-05-09	11	2.997	3.95
2026-05-09	194	3.127	2.75
2026-05-09	101	1.167	3
2026-05-09	187	0.936	5.45
2026-05-09	101	1.103	3
2026-05-09	112	1.131	2.59
2026-05-09	121	5.178	1.29
2026-05-09	70	1	1.49
2026-05-09	93	3	3
2026-05-09	42	3.101	1.39
2026-05-09	128	1	2.25
2026-05-09	65	1	1.45
2026-05-09	93	3	3
2026-05-09	108	0.281	2.35
2026-05-09	52	2.212	0.99
2026-05-09	139	0.365	14.95
2026-05-09	195	1	2.25
2026-05-09	136	0.347	12.95
2026-05-09	74	1	2.35
2026-05-09	250	0.389	2.39
2026-05-09	218	6	1.39
2026-05-09	124	7.91	1.55
2026-05-09	121	8.256	1.29
2026-05-09	89	8.38	0.79
2026-05-09	121	6.085	1.29
2026-05-09	28	2	2.85
2026-05-09	82	4	0.99
2026-05-09	18	0.8	1.35
2026-05-09	149	0.509	4.99
2026-05-09	158	1	2.29
2026-05-09	93	2	3
2026-05-09	46	0.45	3
2026-05-09	112	1.68	2.59
2026-05-09	59	0.13	4
2026-05-09	99	0.251	2.99
2026-05-09	31	0.629	5.69
2026-05-09	58	1.932	2.49
2026-05-09	197	0.364	2.25
2026-05-09	193	1	2.5
2026-05-09	118	0.228	4
2026-05-09	207	2	1.29
2026-05-09	52	6.768	0.99
2026-05-09	107	0.377	1.99
2026-05-09	23	1	1.25
2026-05-09	146	0.477	14.39
2026-05-09	114	1.753	4.5
2026-05-09	138	0.932	4.59
2026-05-09	114	0.998	4.5
2026-05-09	61	1	1.89
2026-05-09	166	4	2.45
2026-05-09	50	1	3
2026-05-09	146	0.796	14.39
2026-05-09	89	14.646	0.79
2026-05-09	165	2.97	5
2026-05-09	33	2.302	1.59
2026-05-09	197	4.64	2.25
2026-05-09	40	2	1.99
2026-05-09	97	0.337	1.75
2026-05-09	91	3.536	0.69
2026-05-09	8	1	2.25
2026-05-09	227	1	1.69
2026-05-09	211	3	1.15
2026-05-09	114	1.136	4.5
2026-05-09	94	4.519	2.85
2026-05-09	114	2.573	4.5
2026-05-09	144	0.486	5.39
2026-05-09	121	7.062	1.29
2026-05-09	39	2.734	3.99
2026-05-09	93	4	3
2026-05-11	201	0.59	1.95
2026-05-11	211	2	1.15
2026-05-11	95	3.958	2.39
2026-05-11	9	2	0.85
2026-05-11	154	1	1.99
2026-05-11	23	1	1.25
2026-05-11	112	1.664	2.59
2026-05-11	77	1	2.35
2026-05-11	89	18.544	0.79
2026-05-11	12	2.56	2.25
2026-05-11	194	2.92	2.75
2026-05-11	99	1.06	2.99
2026-05-11	134	0.454	14.75
2026-05-11	57	1	1.35
2026-05-11	93	4	3
2026-05-11	42	1.151	1.39
2026-05-11	38	1.429	1.89
2026-05-11	79	3	1.55
2026-05-11	138	1.2	4.59
2026-05-11	218	4	1.39
2026-05-11	199	1.936	2.19
2026-05-11	53	1	2.59
2026-05-11	17	1	1.69
2026-05-11	158	1	2.29
2026-05-11	213	1	2.85
2026-05-11	121	4.574	1.29
2026-05-11	30	3	1.89
2026-05-11	55	1	2.99
2026-05-11	121	1.992	1.29
2026-05-11	219	2	0.99
2026-05-11	52	14.354	0.99
2026-05-11	117	0.44	2.5
2026-05-11	193	1	2.5
2026-05-11	146	0.086	14.39
2026-05-11	18	7.97	1.35
2026-05-11	194	0.36	2.75
2026-05-11	165	0.764	5
2026-05-11	69	2	1.25
2026-05-11	61	1	1.89
2026-05-11	195	4	2.25
2026-05-11	189	3	3.15
2026-05-11	121	9.209	1.29
2026-05-11	130	3	1.89
2026-05-11	78	6	1.09
2026-05-11	44	3.36	1.75
2026-05-11	199	0.457	2.19
2026-05-11	44	5.457	1.75
2026-05-11	8	1	2.25
2026-05-11	72	3	0.95
2026-05-11	84	5	1.59
2026-05-11	140	0.368	12.95
2026-05-11	127	1	2.49
2026-05-11	87	2	1.39
2026-05-11	185	2	1.99
2026-05-11	109	0.409	2.59
2026-05-11	28	2	2.85
2026-05-11	194	2.124	2.75
2026-05-11	94	3.965	2.85
2026-05-11	70	2	1.49
2026-05-11	91	10.275	0.69
2026-05-11	137	0.327	18.75
2026-05-11	226	1	1.35
2026-05-11	250	0.23	2.39
2026-05-11	100	0.338	2.69
2026-05-11	42	3.986	1.39
2026-05-11	128	1	2.25
2026-05-11	88	1.429	2.19
2026-05-11	49	1	3
2026-05-11	197	0.658	2.25
2026-05-11	107	0.477	1.99
2026-05-11	248	0.007	10.95
2026-05-11	33	2.34	1.59
2026-05-11	59	0.075	4
2026-05-11	193	3	2.5
2026-05-11	68	1	1.99
2026-05-11	28	1	2.85
2026-05-11	111	2.166	1.75
2026-05-11	81	4	1.25
2026-05-11	74	1	2.35
2026-05-11	27	1	2.59
2026-05-11	196	3	3.15
2026-05-11	127	1	2.49
2026-05-11	114	3.062	4.5
2026-05-11	227	1	1.69
2026-05-11	224	1	0.99
2026-05-11	41	4.524	1.85
2026-05-11	167	3	1.59
2026-05-11	101	2.99	3
2026-05-11	125	2	2.35
2026-05-11	97	0.2	1.75
2026-05-11	146	0.669	14.39
2026-05-11	106	4.714	1.99
2026-05-11	23	2	1.25
2026-05-11	190	3	3.15
2026-05-11	40	2	1.99
2026-05-11	125	1	2.35
2026-05-11	16	1.12	1.25
2026-05-11	213	1	2.85
2026-05-11	136	0.205	12.95
2026-05-11	96	0.88	2.5
2026-05-11	33	1.912	1.59
2026-05-11	93	3	3
2026-05-11	65	2	1.45
2026-05-11	195	1	2.25
2026-05-11	66	2	1.59
2026-05-11	93	3	3
2026-05-11	69	3	1.25
2026-05-11	24	1	1.19
2026-05-11	43	1.291	1.79
2026-05-11	54	2	2.59
2026-05-11	73	2	1.49
2026-05-11	50	1	3
2026-05-11	103	1.059	2.19
2026-05-11	38	3.524	1.89
2026-05-11	47	0.237	3
2026-05-11	166	4	2.45
2026-05-11	43	6.804	1.79
2026-05-11	145	0.139	22.95
2026-05-11	98	0.878	2.3
2026-05-11	79	1	1.55
2026-05-11	91	7.101	0.69
2026-05-11	142	0.289	6.95
2026-05-11	226	1	1.35
2026-05-11	190	3	3.15
2026-05-11	26	0.235	1.19
2026-05-11	93	1	3
2026-05-11	209	1	1.19
2026-05-11	209	1	1.19
2026-05-11	75	2	1.59
2026-05-11	144	0.288	5.39
2026-05-11	35	1	1.35
2026-05-11	118	0.135	4
2026-05-11	92	5.36	0.89
2026-05-11	85	1	1.49
2026-05-11	114	2.231	4.5
2026-05-11	135	0.327	12.95
2026-05-11	89	4.076	0.79
2026-05-11	139	0.216	14.95
2026-05-11	114	0.247	4.5
2026-05-11	71	1	1.99
2026-05-11	124	9.206	1.55
2026-05-11	187	1.334	5.45
2026-05-11	39	2.135	3.99
2026-05-11	214	1	2.79
2026-05-11	158	1	2.29
2026-05-11	113	0.019	4.25
2026-05-11	101	1.267	3
2026-05-11	122	0.05	2.99
2026-05-11	141	0.125	11.89
2026-05-11	11	2.005	3.95
2026-05-11	56	3	3.49
2026-05-11	107	1.729	1.99
2026-05-11	127	2	2.49
2026-05-11	108	0.166	2.35
2026-05-11	55	2	2.99
2026-05-11	121	3.721	1.29
2026-05-11	194	0.796	2.75
2026-05-11	153	1	1.99
2026-05-11	162	1	1.19
2026-05-11	121	4.535	1.29
2026-05-11	82	4	0.99
2026-05-11	27	1	2.59
2026-05-11	46	0.267	3
2026-05-11	31	0.374	5.69
2026-05-11	138	0.259	4.59
2026-05-11	207	1	1.29
2026-05-11	28	1	2.85
2026-05-11	77	1	2.35
2026-05-11	208	2	0.95
2026-05-11	148	0.169	5.99
2026-05-11	178	0.489	3.29
2026-05-11	52	2.101	0.99
2026-05-11	155	1	0.85
2026-05-11	216	1	2.79
2026-05-11	75	1	1.59
2026-05-11	198	5.933	1.19
2026-05-11	83	0.695	2.39
2026-05-11	197	4.076	2.25
2026-05-11	4	4	1.05
2026-05-11	105	1.423	1.75
2026-05-11	187	0.877	5.45
2026-05-11	149	0.301	4.99
2026-05-11	21	1	0.99
2026-05-11	71	1	1.99
2026-05-11	102	0.206	1.75
2026-05-11	28	1	2.85
2026-05-11	93	2	3
2026-05-11	83	1.452	2.39
2026-05-11	165	1.262	5
2026-05-11	87	1	1.39
2026-05-11	48	1	1.99
2026-05-11	58	1.145	2.49
2026-05-11	76	12	0.79
2026-05-12	117	0.468	2.5
2026-05-12	195	1	2.25
2026-05-12	112	0.429	2.59
2026-05-12	4	2	1.05
2026-05-12	213	1	2.85
2026-05-12	27	1	2.59
2026-05-12	146	0.353	14.39
2026-05-12	92	5.697	0.89
2026-05-12	93	5	3
2026-05-12	66	2	1.59
2026-05-12	68	1	1.99
2026-05-12	105	1.514	1.75
2026-05-12	89	14.19	0.79
2026-05-12	71	1	1.99
2026-05-12	166	4	2.45
2026-05-12	189	3	3.15
2026-05-12	190	3	3.15
2026-05-12	33	1.887	1.59
2026-05-12	18	2.644	1.35
2026-05-12	93	4	3
2026-05-12	227	1	1.69
2026-05-12	69	3	1.25
2026-05-12	100	0.357	2.69
2026-05-12	91	1.101	0.69
2026-05-12	94	1.674	2.85
2026-05-12	75	3	1.59
2026-05-12	54	2	2.59
2026-05-12	97	0.211	1.75
2026-05-12	125	3	2.35
2026-05-12	190	3	3.15
2026-05-12	77	1	2.35
2026-05-12	17	1	1.69
2026-05-12	94	2.54	2.85
2026-05-12	41	4.805	1.85
2026-05-12	84	5	1.59
2026-05-12	9	2	0.85
2026-05-12	114	3.162	4.5
2026-05-12	48	1	1.99
2026-05-12	74	1	2.35
2026-05-12	61	1	1.89
2026-05-12	40	2	1.99
2026-05-12	50	1	3
2026-05-12	43	0.352	1.79
2026-05-12	218	4	1.39
2026-05-12	82	4	0.99
2026-05-12	211	2	1.15
2026-05-12	101	2.563	3
2026-05-12	26	0.244	1.19
2026-05-12	43	3.078	1.79
2026-05-12	196	3	3.15
2026-05-12	154	1	1.99
2026-05-12	57	1	1.35
2026-05-12	136	0.219	12.95
2026-05-12	142	0.308	6.95
2026-05-12	149	0.321	4.99
2026-05-12	83	0.372	2.39
2026-05-12	103	1.128	2.19
2026-05-12	49	1	3
2026-05-12	11	0.858	3.95
2026-05-12	73	2	1.49
2026-05-12	12	1.818	2.25
2026-05-12	250	0.243	2.39
2026-05-12	38	5.265	1.89
2026-05-12	23	3	1.25
2026-05-12	88	1.516	2.19
2026-05-12	42	5.453	1.39
2026-05-12	226	1	1.35
2026-05-12	101	1.963	3
2026-05-12	197	1.956	2.25
2026-05-12	46	0.283	3
2026-05-12	197	2.258	2.25
2026-05-12	98	0.935	2.3
2026-05-12	113	0.019	4.25
2026-05-12	124	4.116	1.55
2026-05-12	194	2.189	2.75
2026-05-12	56	3	3.49
2026-05-12	102	0.223	1.75
2026-05-12	114	0.251	4.5
2026-05-12	137	0.348	18.75
2026-05-12	185	2	1.99
2026-05-12	33	1.912	1.59
2026-05-12	198	6.303	1.19
2026-05-12	158	1	2.29
2026-05-12	118	0.145	4
2026-05-12	199	1.507	2.19
2026-05-12	52	3	0.99
2026-05-12	43	1.575	1.79
2026-05-12	248	0.007	10.95
2026-05-12	111	2.303	1.75
2026-05-12	24	1.067	1.19
2026-05-12	187	1.675	5.45
2026-05-12	146	0.185	14.39
2026-05-12	70	2	1.49
2026-05-12	107	2.347	1.99
2026-05-12	138	0.488	4.59
2026-05-12	79	4	1.55
2026-05-12	96	0.932	2.5
2026-05-12	35	1	1.35
2026-05-12	194	4.291	2.75
2026-05-12	39	1.11	3.99
2026-05-12	130	3	1.89
2026-05-12	121	1.798	1.29
2026-05-12	135	0.347	12.95
2026-05-12	199	1.032	2.19
2026-05-12	207	1	1.29
2026-05-12	55	1	2.99
2026-05-12	52	2.293	0.99
2026-05-12	141	0.133	11.89
2026-05-12	85	1	1.49
2026-05-12	140	0.391	12.95
2026-05-12	81	4	1.25
2026-05-12	193	4	2.5
2026-05-12	219	2	0.99
2026-05-12	21	1	0.99
2026-05-12	106	5.01	1.99
2026-05-12	139	0.229	14.95
2026-05-12	124	5.897	1.55
2026-05-12	165	2.152	5
2026-05-12	8	1	2.25
2026-05-12	214	1	2.79
2026-05-12	167	3	1.59
2026-05-12	11	0.643	3.95
2026-05-12	122	0.054	2.99
2026-05-12	39	1.16	3.99
2026-05-12	155	1	0.85
2026-05-12	87	3	1.39
2026-05-12	187	0.673	5.45
2026-05-12	91	17.362	0.69
2026-05-12	4	2	1.05
2026-05-12	47	0.253	3
2026-05-12	121	1.55	1.29
2026-05-12	48	1	1.99
2026-05-12	195	4	2.25
2026-05-12	65	2	1.45
2026-05-12	59	0.08	4
2026-05-12	190	1	3.15
2026-05-12	213	1	2.85
2026-05-12	57	1	1.35
2026-05-12	44	2.794	1.75
2026-05-12	208	3	0.95
2026-05-12	146	0.263	14.39
2026-05-12	99	1.127	2.99
2026-05-12	16	1.192	1.25
2026-05-12	93	4	3
2026-05-12	53	1	2.59
2026-05-12	109	0.432	2.59
2026-05-12	11	0.63	3.95
2026-05-12	43	3.698	1.79
2026-05-12	76	9	0.79
2026-05-12	114	2.473	4.5
2026-05-12	71	1	1.99
2026-05-12	108	0.179	2.35
2026-05-12	58	1.217	2.49
2026-05-12	27	1	2.59
2026-05-12	28	3	2.85
2026-05-12	144	0.306	5.39
2026-05-12	127	1	2.49
2026-05-12	201	0.626	1.95
2026-05-12	69	2	1.25
2026-05-12	83	1.908	2.39
2026-05-12	18	5.83	1.35
2026-05-12	89	9.848	0.79
2026-05-12	127	2	2.49
2026-05-12	145	0.147	22.95
2026-05-12	33	0.818	1.59
2026-05-12	158	1	2.29
2026-05-12	72	1	0.95
2026-05-12	52	12.192	0.99
2026-05-12	127	1	2.49
2026-05-12	148	0.179	5.99
2026-05-12	55	2	2.99
2026-05-12	134	0.482	14.75
2026-05-12	162	1	1.19
2026-05-12	138	1.063	4.59
2026-05-12	121	9.07	1.29
2026-05-12	28	2	2.85
2026-05-12	31	0.397	5.69
2026-05-12	44	6.577	1.75
2026-05-12	95	4.205	2.39
2026-05-12	216	1	2.79
2026-05-12	128	1	2.25
2026-05-12	72	2	0.95
2026-05-12	224	1	0.99
2026-05-12	76	4	0.79
2026-05-12	112	1.336	2.59
2026-05-12	121	5.822	1.29
2026-05-12	178	0.52	3.29
2026-05-12	153	1	1.99
2026-05-12	209	1	1.19
2026-05-12	78	6	1.09
2026-05-12	12	0.902	2.25
2026-05-12	30	3	1.89
2026-05-12	197	0.813	2.25
2026-05-12	121	7.295	1.29
2026-05-13	58	1.289	2.49
2026-05-13	136	0.231	12.95
2026-05-13	39	0.902	3.99
2026-05-13	167	1	1.59
2026-05-13	190	4	3.15
2026-05-13	57	2	1.35
2026-05-13	139	0.243	14.95
2026-05-13	26	0.261	1.19
2026-05-13	83	0.736	2.39
2026-05-13	103	1.192	2.19
2026-05-13	100	0.379	2.69
2026-05-13	12	2.876	2.25
2026-05-13	94	2.481	2.85
2026-05-13	190	1	3.15
2026-05-13	43	1.045	1.79
2026-05-13	112	1.873	2.59
2026-05-13	114	2.147	4.5
2026-05-13	11	1.263	3.95
2026-05-13	111	2.434	1.75
2026-05-13	71	1	1.99
2026-05-13	44	0.349	1.75
2026-05-13	189	2	3.15
2026-05-13	190	2	3.15
2026-05-13	74	1	2.35
2026-05-13	28	1	2.85
2026-05-13	152	1	1.75
2026-05-13	4	4	1.05
2026-05-13	227	1	1.69
2026-05-13	146	0.267	14.39
2026-05-13	82	4	0.99
2026-05-13	70	1	1.49
2026-05-13	250	0.259	2.39
2026-05-13	61	1	1.89
2026-05-13	89	9.203	0.79
2026-05-13	135	0.368	12.95
2026-05-13	30	1	1.89
2026-05-13	52	13.747	0.99
2026-05-13	96	0.992	2.5
2026-05-13	69	6	1.25
2026-05-13	185	1	1.99
2026-05-13	85	1	1.49
2026-05-13	66	1	1.59
2026-05-13	166	1	2.45
2026-05-13	196	3	3.15
2026-05-13	65	2	1.45
2026-05-13	124	5.703	1.55
2026-05-13	106	0.518	1.99
2026-05-13	109	0.459	2.59
2026-05-13	8	1	2.25
2026-05-13	197	2.107	2.25
2026-05-13	146	0.581	14.39
2026-05-13	92	3.404	0.89
2026-05-13	117	0.496	2.5
2026-05-13	44	3.737	1.75
2026-05-13	48	1	1.99
2026-05-13	73	2	1.49
2026-05-13	79	4	1.55
2026-05-13	17	1	1.69
2026-05-13	43	1.413	1.79
2026-05-13	197	3.222	2.25
2026-05-13	81	3	1.25
2026-05-13	207	1	1.29
2026-05-13	153	1	1.99
2026-05-13	122	0.054	2.99
2026-05-13	107	2.482	1.99
2026-05-13	93	4	3
2026-05-13	114	0.833	4.5
2026-05-13	18	2.007	1.35
2026-05-13	226	1	1.35
2026-05-13	18	1.963	1.35
2026-05-13	166	4	2.45
2026-05-13	84	5	1.59
2026-05-13	187	1.633	5.45
2026-05-13	42	5.777	1.39
2026-05-13	54	2	2.59
2026-05-13	137	0.158	18.75
2026-05-13	224	1	0.99
2026-05-13	125	1	2.35
2026-05-13	145	0.156	22.95
2026-05-13	101	3.857	3
2026-05-13	97	0.223	1.75
2026-05-13	49	1	3
2026-05-13	33	2.138	1.59
2026-05-13	195	5	2.25
2026-05-13	83	1.678	2.39
2026-05-13	194	1.091	2.75
2026-05-13	68	1	1.99
2026-05-13	248	0.008	10.95
2026-05-13	77	1	2.35
2026-05-13	158	1	2.29
2026-05-13	102	0.234	1.75
2026-05-13	125	2	2.35
2026-05-13	87	3	1.39
2026-05-13	18	1.8	1.35
2026-05-13	142	0.325	6.95
2026-05-13	11	0.99	3.95
2026-05-13	28	4	2.85
2026-05-13	194	1.28	2.75
2026-05-13	216	1	2.79
2026-05-13	21	1	0.99
2026-05-13	38	5.571	1.89
2026-05-13	59	0.085	4
2026-05-13	215	1	2.79
2026-05-13	138	1.641	4.59
2026-05-13	75	1	1.59
2026-05-13	141	0.14	11.89
2026-05-13	47	0.267	3
2026-05-13	3	1	1.45
2026-05-13	55	1	2.99
2026-05-13	18	3.207	1.35
2026-05-13	140	0.414	12.95
2026-05-13	218	5	1.39
2026-05-13	81	1	1.25
2026-05-13	66	2	1.59
2026-05-13	128	1	2.25
2026-05-13	40	1	1.99
2026-05-13	35	1	1.35
2026-05-13	56	3	3.49
2026-05-13	149	0.339	4.99
2026-05-13	40	1	1.99
2026-05-13	193	3	2.5
2026-05-13	108	0.187	2.35
2026-05-13	41	2.957	1.85
2026-05-13	71	1	1.99
2026-05-13	121	1.915	1.29
2026-05-13	78	7	1.09
2026-05-13	89	7.949	0.79
2026-05-13	27	1	2.59
2026-05-13	208	3	0.95
2026-05-13	194	4.604	2.75
2026-05-13	44	5.834	1.75
2026-05-13	198	6.681	1.19
2026-05-13	121	6.016	1.29
2026-05-13	72	3	0.95
2026-05-13	118	0.153	4
2026-05-13	94	1.982	2.85
2026-05-13	121	6.132	1.29
2026-05-13	101	0.93	3
2026-05-13	41	2.13	1.85
2026-05-13	53	1	2.59
2026-05-13	93	1	3
2026-05-13	61	1	1.89
2026-05-13	178	0.553	3.29
2026-05-13	43	4.335	1.79
2026-05-13	121	10.907	1.29
2026-05-13	201	0.662	1.95
2026-05-13	162	1	1.19
2026-05-13	95	3.866	2.39
2026-05-13	76	3	0.79
2026-05-13	76	11	0.79
2026-05-13	24	1.126	1.19
2026-05-13	39	1.501	3.99
2026-05-13	130	3	1.89
2026-05-13	75	2	1.59
2026-05-13	98	0.996	2.3
2026-05-13	95	0.582	2.39
2026-05-13	55	1	2.99
2026-05-13	144	0.323	5.39
2026-05-13	187	0.174	5.45
2026-05-13	130	1	1.89
2026-05-13	30	2	1.89
2026-05-13	9	3	0.85
2026-05-13	27	1	2.59
2026-05-13	154	1	1.99
2026-05-13	91	19.551	0.69
2026-05-13	105	1.6	1.75
2026-05-13	137	0.21	18.75
2026-05-13	31	0.42	5.69
2026-05-13	209	1	1.19
2026-05-13	193	1	2.5
2026-05-13	89	8.291	0.79
2026-05-13	33	2.755	1.59
2026-05-13	213	2	2.85
2026-05-13	46	0.3	3
2026-05-13	55	1	2.99
2026-05-13	121	2.07	1.29
2026-05-13	214	1	2.79
2026-05-13	93	5	3
2026-05-13	124	4.226	1.55
2026-05-13	93	4	3
2026-05-13	49	1	3
2026-05-13	99	1.194	2.99
2026-05-13	124	0.677	1.55
2026-05-13	56	1	3.49
2026-05-13	189	1	3.15
2026-05-13	167	3	1.59
2026-05-13	50	1	3
2026-05-13	185	2	1.99
2026-05-13	127	4	2.49
2026-05-13	70	2	1.49
2026-05-13	219	2	0.99
2026-05-13	52	3.949	0.99
2026-05-13	165	2.28	5
2026-05-13	114	3.253	4.5
2026-05-13	134	0.511	14.75
2026-05-13	113	0.021	4.25
2026-05-13	187	0.679	5.45
2026-05-13	52	0.818	0.99
2026-05-13	106	4.784	1.99
2026-05-13	43	2.419	1.79
2026-05-13	92	2.416	0.89
2026-05-13	23	3	1.25
2026-05-13	207	1	1.29
2026-05-13	16	1.264	1.25
2026-05-13	199	2.689	2.19
2026-05-13	211	2	1.15
2026-05-13	88	1.607	2.19
2026-05-13	48	1	1.99
2026-05-13	148	0.19	5.99
2026-05-13	155	1	0.85
2026-05-14	224	1	0.99
2026-05-14	106	1.317	1.99
2026-05-14	52	2.364	0.99
2026-05-14	93	3	3
2026-05-14	165	2.366	5
2026-05-14	27	1	2.59
2026-05-14	47	0.283	3
2026-05-14	48	1	1.99
2026-05-14	41	5.373	1.85
2026-05-14	55	3	2.99
2026-05-14	215	1	2.79
2026-05-14	124	1.652	1.55
2026-05-14	81	4	1.25
2026-05-14	114	1.949	4.5
2026-05-14	144	0.343	5.39
2026-05-14	134	0.191	14.75
2026-05-14	139	0.257	14.95
2026-05-14	74	1	2.35
2026-05-14	92	6.36	0.89
2026-05-14	48	1	1.99
2026-05-14	197	2.6	2.25
2026-05-14	106	1.558	1.99
2026-05-14	9	2	0.85
2026-05-14	58	1.361	2.49
2026-05-14	52	9.98	0.99
2026-05-14	94	3.358	2.85
2026-05-14	12	2.111	2.25
2026-05-14	55	1	2.99
2026-05-14	124	8.187	1.55
2026-05-14	187	0.706	5.45
2026-05-14	89	12.392	0.79
2026-05-14	61	1	1.89
2026-05-14	248	0.008	10.95
2026-05-14	208	3	0.95
2026-05-14	136	0.244	12.95
2026-05-14	114	0.629	4.5
2026-05-14	18	9.467	1.35
2026-05-14	226	2	1.35
2026-05-14	89	9.19	0.79
2026-05-14	167	4	1.59
2026-05-14	219	2	0.99
2026-05-14	112	1.977	2.59
2026-05-14	149	0.359	4.99
2026-05-14	42	1.338	1.39
2026-05-14	162	1	1.19
2026-05-14	76	12	0.79
2026-05-14	125	3	2.35
2026-05-14	66	1	1.59
2026-05-14	128	1	2.25
2026-05-14	54	1	2.59
2026-05-14	199	2.84	2.19
2026-05-14	196	2	3.15
2026-05-14	155	1	0.85
2026-05-14	97	0.234	1.75
2026-05-14	30	3	1.89
2026-05-14	105	1.691	1.75
2026-05-14	91	19.478	0.69
2026-05-14	213	2	2.85
2026-05-14	52	4.515	0.99
2026-05-14	141	0.149	11.89
2026-05-14	130	3	1.89
2026-05-14	59	0.09	4
2026-05-14	194	3.658	2.75
2026-05-14	109	0.486	2.59
2026-05-14	113	0.021	4.25
2026-05-14	57	2	1.35
2026-05-14	138	1.732	4.59
2026-05-14	49	1	3
2026-05-14	11	1.38	3.95
2026-05-14	12	0.924	2.25
2026-05-14	101	3.27	3
2026-05-14	3	1	1.45
2026-05-14	195	2	2.25
2026-05-14	93	3	3
2026-05-14	77	1	2.35
2026-05-14	121	3.202	1.29
2026-05-14	4	5	1.05
2026-05-14	250	0.272	2.39
2026-05-14	33	5.164	1.59
2026-05-14	43	5.598	1.79
2026-05-14	17	1	1.69
2026-05-14	82	4	0.99
2026-05-14	91	1.159	0.69
2026-05-14	193	1	2.5
2026-05-14	187	0.967	5.45
2026-05-14	121	1.581	1.29
2026-05-14	107	2.623	1.99
2026-05-14	85	1	1.49
2026-05-14	56	1	3.49
2026-05-14	135	0.388	12.95
2026-05-14	42	1.489	1.39
2026-05-14	185	1	1.99
2026-05-14	189	2	3.15
2026-05-14	8	1	2.25
2026-05-14	137	0.179	18.75
2026-05-14	49	1	3
2026-05-14	65	2	1.45
2026-05-14	93	4	3
2026-05-14	94	1.347	2.85
2026-05-14	118	0.16	4
2026-05-14	190	4	3.15
2026-05-14	140	0.211	12.95
2026-05-14	75	3	1.59
2026-05-14	154	1	1.99
2026-05-14	198	3.193	1.19
2026-05-14	103	1.26	2.19
2026-05-14	61	1	1.89
2026-05-14	31	0.443	5.69
2026-05-14	28	1	2.85
2026-05-14	214	1	2.79
2026-05-14	101	0.323	3
2026-05-14	207	2	1.29
2026-05-14	187	0.952	5.45
2026-05-14	82	1	0.99
2026-05-14	56	1	3.49
2026-05-14	84	1	1.59
2026-05-14	28	1	2.85
2026-05-14	158	1	2.29
2026-05-14	84	1	1.59
2026-05-14	87	3	1.39
2026-05-14	11	1	3.95
2026-05-14	93	1	3
2026-05-14	89	5.278	0.79
2026-05-14	146	0.818	14.39
2026-05-14	83	2.552	2.39
2026-05-14	81	1	1.25
2026-05-14	35	1	1.35
2026-05-14	43	1.961	1.79
2026-05-14	40	2	1.99
2026-05-14	8	1	2.25
2026-05-14	117	0.524	2.5
2026-05-14	100	0.401	2.69
2026-05-14	16	1.328	1.25
2026-05-14	194	0.218	2.75
2026-05-14	153	1	1.99
2026-05-14	101	1.46	3
2026-05-14	114	1.827	4.5
2026-05-14	70	3	1.49
2026-05-14	68	1	1.99
2026-05-14	193	3	2.5
2026-05-14	71	1	1.99
2026-05-14	56	2	3.49
2026-05-14	50	1	3
2026-05-14	52	2.687	0.99
2026-05-14	124	1.355	1.55
2026-05-14	39	0.84	3.99
2026-05-14	76	2	0.79
2026-05-14	140	0.225	12.95
2026-05-14	190	1	3.15
2026-05-14	42	1.799	1.39
2026-05-14	111	2.571	1.75
2026-05-14	102	0.246	1.75
2026-05-14	44	3.263	1.75
2026-05-14	121	10.372	1.29
2026-05-14	28	3	2.85
2026-05-14	146	0.078	14.39
2026-05-14	53	1	2.59
2026-05-14	28	1	2.85
2026-05-14	127	4	2.49
2026-05-14	79	3	1.55
2026-05-14	142	0.344	6.95
2026-05-14	166	3	2.45
2026-05-14	227	1	1.69
2026-05-14	166	2	2.45
2026-05-14	24	1.193	1.19
2026-05-14	84	4	1.59
2026-05-14	145	0.165	22.95
2026-05-14	9	1	0.85
2026-05-14	93	3	3
2026-05-14	23	3	1.25
2026-05-14	39	1.697	3.99
2026-05-14	95	4.665	2.39
2026-05-14	21	1	0.99
2026-05-14	46	0.317	3
2026-05-14	93	1	3
2026-05-14	114	2.053	4.5
2026-05-14	134	0.348	14.75
2026-05-14	66	2	1.59
2026-05-14	148	0.2	5.99
2026-05-14	44	7.217	1.75
2026-05-14	216	1	2.79
2026-05-14	152	1	1.75
2026-05-14	197	3.018	2.25
2026-05-14	26	0.277	1.19
2026-05-14	209	2	1.19
2026-05-14	96	1.048	2.5
2026-05-14	130	1	1.89
2026-05-14	78	7	1.09
2026-05-14	211	2	1.15
2026-05-14	189	1	3.15
2026-05-14	201	0.697	1.95
2026-05-14	54	2	2.59
2026-05-14	69	1	1.25
2026-05-14	218	5	1.39
2026-05-14	122	0.057	2.99
2026-05-14	79	1	1.55
2026-05-14	178	0.584	3.29
2026-05-14	73	2	1.49
2026-05-14	42	1.475	1.39
2026-05-14	43	2.179	1.79
2026-05-14	121	5.225	1.29
2026-05-14	72	4	0.95
2026-05-14	88	1.694	2.19
2026-05-14	185	2	1.99
2026-05-14	190	2	3.15
2026-05-14	121	2.326	1.29
2026-05-14	108	0.2	2.35
2026-05-14	98	1.048	2.3
2026-05-14	114	0.12	4.5
2026-05-14	196	1	3.15
2026-05-14	106	2.724	1.99
2026-05-14	121	5.829	1.29
2026-05-14	69	5	1.25
2026-05-14	38	5.884	1.89
2026-05-14	194	3.491	2.75
2026-05-14	99	1.261	2.99
2026-05-14	137	0.21	18.75
2026-05-14	195	3	2.25
2026-05-14	198	3.866	1.19
2026-05-15	18	3.896	1.35
2026-05-15	93	4	3
2026-05-15	146	0.074	14.39
2026-05-15	121	2.767	1.29
2026-05-15	187	0.817	5.45
2026-05-15	21	1	0.99
2026-05-15	92	4.775	0.89
2026-05-15	39	1.133	3.99
2026-05-15	41	4.027	1.85
2026-05-15	226	2	1.35
2026-05-15	149	0.433	4.99
2026-05-15	89	18.38	0.79
2026-05-15	165	0.412	5
2026-05-15	88	2.05	2.19
2026-05-15	71	1	1.99
2026-05-15	99	1.525	2.99
2026-05-15	39	0.614	3.99
2026-05-15	75	4	1.59
2026-05-15	28	1	2.85
2026-05-15	53	1	2.59
2026-05-15	124	9.632	1.55
2026-05-15	28	1	2.85
2026-05-15	105	2.051	1.75
2026-05-15	114	3.304	4.5
2026-05-15	74	1	2.35
2026-05-15	122	0.07	2.99
2026-05-15	125	2	2.35
2026-05-15	65	2	1.45
2026-05-15	250	0.331	2.39
2026-05-15	93	2	3
2026-05-15	91	4.29	0.69
2026-05-15	137	0.197	18.75
2026-05-15	190	2	3.15
2026-05-15	55	4	2.99
2026-05-15	70	3	1.49
2026-05-15	195	1	2.25
2026-05-15	93	4	3
2026-05-15	40	2	1.99
2026-05-15	57	2	1.35
2026-05-15	47	0.343	3
2026-05-15	194	1.084	2.75
2026-05-15	33	6.258	1.59
2026-05-15	11	2.881	3.95
2026-05-15	14	0.389	0.95
2026-05-15	195	1	2.25
2026-05-15	215	1	2.79
2026-05-15	219	2	0.99
2026-05-15	24	1.437	1.19
2026-05-15	137	0.274	18.75
2026-05-15	207	2	1.29
2026-05-15	148	0.242	5.99
2026-05-15	92	2.921	0.89
2026-05-15	121	7.163	1.29
2026-05-15	216	1	2.79
2026-05-15	118	0.195	4
2026-05-15	142	0.416	6.95
2026-05-15	30	4	1.89
2026-05-15	153	1	1.99
2026-05-15	187	1.215	5.45
2026-05-15	155	2	0.85
2026-05-15	166	5	2.45
2026-05-15	83	3.088	2.39
2026-05-15	167	4	1.59
2026-05-15	68	1	1.99
2026-05-15	124	2.774	1.55
2026-05-15	89	2.911	0.79
2026-05-15	138	2.096	4.59
2026-05-15	166	1	2.45
2026-05-15	94	1.179	2.85
2026-05-15	56	1	3.49
2026-05-15	66	3	1.59
2026-05-15	42	7.381	1.39
2026-05-15	102	0.297	1.75
2026-05-15	211	3	1.15
2026-05-15	108	0.243	2.35
2026-05-15	84	1	1.59
2026-05-15	134	0.171	14.75
2026-05-15	136	0.295	12.95
2026-05-15	52	10.071	0.99
2026-05-15	106	0.95	1.99
2026-05-15	97	0.286	1.75
2026-05-15	49	1	3
2026-05-15	199	3.438	2.19
2026-05-15	178	0.705	3.29
2026-05-15	46	0.383	3
2026-05-15	17	1	1.69
2026-05-15	40	1	1.99
2026-05-15	91	7.377	0.69
2026-05-15	101	1.12	3
2026-05-15	93	3	3
2026-05-15	39	1.323	3.99
2026-05-15	214	1	2.79
2026-05-15	78	1	1.09
2026-05-15	82	5	0.99
2026-05-15	121	3.147	1.29
2026-05-15	196	2	3.15
2026-05-15	114	2.089	4.5
2026-05-15	134	0.152	14.75
2026-05-15	121	7.791	1.29
2026-05-15	85	1	1.49
2026-05-15	41	2.476	1.85
2026-05-15	213	1	2.85
2026-05-15	27	1	2.59
2026-05-15	152	1	1.75
2026-05-15	125	1	2.35
2026-05-15	112	2.39	2.59
2026-05-15	162	1	1.19
2026-05-15	76	2	0.79
2026-05-15	130	4	1.89
2026-05-15	145	0.2	22.95
2026-05-15	72	4	0.95
2026-05-15	141	0.18	11.89
2026-05-15	158	1	2.29
2026-05-15	193	1	2.5
2026-05-15	218	2	1.39
2026-05-15	224	1	0.99
2026-05-15	44	6.703	1.75
2026-05-15	91	13.319	0.69
2026-05-15	69	4	1.25
2026-05-15	3	1	1.45
2026-05-15	127	1	2.49
2026-05-15	48	1	1.99
2026-05-15	79	5	1.55
2026-05-15	38	1.746	1.89
2026-05-15	117	0.632	2.5
2026-05-15	50	1	3
2026-05-15	139	0.311	14.95
2026-05-15	114	2.331	4.5
2026-05-15	84	6	1.59
2026-05-15	31	0.536	5.69
2026-05-15	197	1.342	2.25
2026-05-15	189	3	3.15
2026-05-15	185	3	1.99
2026-05-15	89	6.215	0.79
2026-05-15	28	1	2.85
2026-05-15	4	6	1.05
2026-05-15	198	4.95	1.19
2026-05-15	78	8	1.09
2026-05-15	125	1	2.35
2026-05-15	23	3	1.25
2026-05-15	12	3.676	2.25
2026-05-15	52	13.586	0.99
2026-05-15	43	6.514	1.79
2026-05-15	187	1.147	5.45
2026-05-15	165	1.258	5
2026-05-15	107	2.462	1.99
2026-05-15	195	5	2.25
2026-05-15	208	3	0.95
2026-05-15	201	0.846	1.95
2026-05-15	128	1	2.25
2026-05-15	190	4	3.15
2026-05-15	214	1	2.79
2026-05-15	26	0.336	1.19
2026-05-15	106	5.829	1.99
2026-05-15	140	0.528	12.95
2026-05-15	165	1.176	5
2026-05-15	186	1	2.25
2026-05-15	16	1.608	1.25
2026-05-15	121	6.512	1.29
2026-05-15	198	3.588	1.19
2026-05-15	81	3	1.25
2026-05-15	197	1.009	2.25
2026-05-15	81	2	1.25
2026-05-15	100	0.483	2.69
2026-05-15	77	1	2.35
2026-05-15	135	0.469	12.95
2026-05-15	58	1.647	2.49
2026-05-15	85	1	1.49
2026-05-15	93	3	3
2026-05-15	76	15	0.79
2026-05-15	69	3	1.25
2026-05-15	209	2	1.19
2026-05-15	146	0.646	14.39
2026-05-15	113	0.026	4.25
2026-05-15	194	2.593	2.75
2026-05-15	103	0.301	2.19
2026-05-15	121	7.163	1.29
2026-05-15	53	1	2.59
2026-05-15	98	1.126	2.3
2026-05-15	175	1	1.59
2026-05-15	248	0.01	10.95
2026-05-15	56	1	3.49
2026-05-15	96	1.268	2.5
2026-05-15	77	1	2.35
2026-05-15	144	0.391	5.39
2026-05-15	101	0.907	3
2026-05-15	146	0.364	14.39
2026-05-15	8	1	2.25
2026-05-15	114	0.24	4.5
2026-05-15	197	4.453	2.25
2026-05-15	89	5.013	0.79
2026-05-15	59	0.11	4
2026-05-15	107	0.714	1.99
2026-05-15	38	5.376	1.89
2026-05-15	189	1	3.15
2026-05-15	154	1	1.99
2026-05-15	213	2	2.85
2026-05-15	87	4	1.39
2026-05-15	9	3	0.85
2026-05-15	73	3	1.49
2026-05-15	109	0.587	2.59
2026-05-15	158	1	2.29
2026-05-15	23	1	1.25
2026-05-15	35	1	1.35
2026-05-15	18	7.563	1.35
2026-05-15	54	2	2.59
2026-05-15	103	1.224	2.19
2026-05-15	93	2	3
2026-05-15	194	5.236	2.75
2026-05-15	190	3	3.15
2026-05-15	94	4.519	2.85
2026-05-15	134	0.329	14.75
2026-05-15	124	1.142	1.55
2026-05-15	44	5.983	1.75
2026-05-15	95	5.682	2.39
2026-05-15	227	1	1.69
2026-05-15	43	5.263	1.79
2026-05-15	218	4	1.39
2026-05-15	56	2	3.49
2026-05-15	111	3.109	1.75
2026-05-15	101	4.09	3
2026-05-15	61	1	1.89
2026-05-16	38	2.889	1.89
2026-05-16	121	11.031	1.29
2026-05-16	196	3	3.15
2026-05-16	218	4	1.39
2026-05-16	93	5	3
2026-05-16	190	3	3.15
2026-05-16	28	1	2.85
2026-05-16	55	4	2.99
2026-05-16	106	2.05	1.99
2026-05-16	195	1	2.25
2026-05-16	165	2.034	5
2026-05-16	187	1.062	5.45
2026-05-16	166	3	2.45
2026-05-16	72	5	0.95
2026-05-16	65	1	1.45
2026-05-16	100	0.569	2.69
2026-05-16	76	9	0.79
2026-05-16	134	0.041	14.75
2026-05-16	207	2	1.29
2026-05-16	24	1.689	1.19
2026-05-16	124	2.742	1.55
2026-05-16	23	2	1.25
2026-05-16	44	1.48	1.75
2026-05-16	154	1	1.99
2026-05-16	66	2	1.59
2026-05-16	3	1	1.45
2026-05-16	194	0.873	2.75
2026-05-16	88	0.936	2.19
2026-05-16	193	1	2.5
2026-05-16	43	6.33	1.79
2026-05-16	158	1	2.29
2026-05-16	17	1	1.69
2026-05-16	196	1	3.15
2026-05-16	69	3	1.25
2026-05-16	81	2	1.25
2026-05-16	141	0.211	11.89
2026-05-16	106	5.905	1.99
2026-05-16	71	1	1.99
2026-05-16	101	3.933	3
2026-05-16	87	4	1.39
2026-05-16	190	3	3.15
2026-05-16	79	6	1.55
2026-05-16	127	2	2.49
2026-05-16	46	0.45	3
2026-05-16	35	1	1.35
2026-05-16	248	0.012	10.95
2026-05-16	193	2	2.5
2026-05-16	114	2.636	4.5
2026-05-16	140	0.62	12.95
2026-05-16	35	1	1.35
2026-05-16	175	1	1.59
2026-05-16	148	0.284	5.99
2026-05-16	114	2.22	4.5
2026-05-16	114	1.578	4.5
2026-05-16	134	0.146	14.75
2026-05-16	214	1	2.79
2026-05-16	66	2	1.59
2026-05-16	152	1	1.75
2026-05-16	16	1.896	1.25
2026-05-16	199	1.708	2.19
2026-05-16	89	10.089	0.79
2026-05-16	137	0.454	18.75
2026-05-16	128	1	2.25
2026-05-16	33	5.145	1.59
2026-05-16	102	0.349	1.75
2026-05-16	209	2	1.19
2026-05-16	44	3.034	1.75
2026-05-16	18	6.252	1.35
2026-05-16	69	5	1.25
2026-05-16	89	14.139	0.79
2026-05-16	43	3.296	1.79
2026-05-16	134	0.58	14.75
2026-05-16	138	1.601	4.59
2026-05-16	144	0.486	5.39
2026-05-16	94	1.46	2.85
2026-05-16	189	3	3.15
2026-05-16	52	11.455	0.99
2026-05-16	187	0.453	5.45
2026-05-16	48	1	1.99
2026-05-16	94	1.042	2.85
2026-05-16	185	1	1.99
2026-05-16	109	0.687	2.59
2026-05-16	219	3	0.99
2026-05-16	197	5.844	2.25
2026-05-16	39	2.018	3.99
2026-05-16	146	0.265	14.39
2026-05-16	193	1	2.5
2026-05-16	93	1	3
2026-05-16	105	2.309	1.75
2026-05-16	92	0.618	0.89
2026-05-16	89	5.152	0.79
2026-05-16	94	0.828	2.85
2026-05-16	85	1	1.49
2026-05-16	193	1	2.5
2026-05-16	92	8.416	0.89
2026-05-16	227	1	1.69
2026-05-16	226	1	1.35
2026-05-16	21	1	0.99
2026-05-16	130	5	1.89
2026-05-16	44	5.886	1.75
2026-05-16	42	2.439	1.39
2026-05-16	82	6	0.99
2026-05-16	98	1.487	2.3
2026-05-16	124	9.071	1.55
2026-05-16	193	1	2.5
2026-05-16	12	4.32	2.25
2026-05-16	73	3	1.49
2026-05-16	118	0.228	4
2026-05-16	54	2	2.59
2026-05-16	52	7.646	0.99
2026-05-16	121	10.558	1.29
2026-05-16	94	3.358	2.85
2026-05-16	83	1.874	2.39
2026-05-16	59	0.13	4
2026-05-16	195	1	2.25
2026-05-16	208	4	0.95
2026-05-16	113	0.031	4.25
2026-05-16	213	1	2.85
2026-05-16	194	4.291	2.75
2026-05-16	178	0.827	3.29
2026-05-16	18	7.2	1.35
2026-05-16	28	1	2.85
2026-05-16	38	4.069	1.89
2026-05-16	121	6.876	1.29
2026-05-16	76	3	0.79
2026-05-16	56	1	3.49
2026-05-16	39	0.569	3.99
2026-05-16	226	2	1.35
2026-05-16	121	8.155	1.29
2026-05-16	76	8	0.79
2026-05-16	89	6.076	0.79
2026-05-16	56	2	3.49
2026-05-16	214	1	2.79
2026-05-16	122	0.084	2.99
2026-05-16	38	1.407	1.89
2026-05-16	81	2	1.25
2026-05-16	47	0.4	3
2026-05-16	49	1	3
2026-05-16	121	3.93	1.29
2026-05-16	190	1	3.15
2026-05-16	96	1.488	2.5
2026-05-16	88	1.475	2.19
2026-05-16	199	0.868	2.19
2026-05-16	39	1.018	3.99
2026-05-16	107	2.286	1.99
2026-05-16	4	6	1.05
2026-05-16	77	2	2.35
2026-05-16	95	1.285	2.39
2026-05-16	44	4.36	1.75
2026-05-16	93	4	3
2026-05-16	136	0.347	12.95
2026-05-16	196	1	3.15
2026-05-16	81	2	1.25
2026-05-16	27	1	2.59
2026-05-16	103	0.735	2.19
2026-05-16	33	2.195	1.59
2026-05-16	185	3	1.99
2026-05-16	155	2	0.85
2026-05-16	57	2	1.35
2026-05-16	9	4	0.85
2026-05-16	31	0.629	5.69
2026-05-16	48	1	1.99
2026-05-16	187	2.213	5.45
2026-05-16	89	2.709	0.79
2026-05-16	215	1	2.79
2026-05-16	95	1.506	2.39
2026-05-16	101	3.25	3
2026-05-16	43	2.849	1.79
2026-05-16	61	2	1.89
2026-05-16	58	1.932	2.49
2026-05-16	195	6	2.25
2026-05-16	50	1	3
2026-05-16	166	2	2.45
2026-05-16	41	4.119	1.85
2026-05-16	149	0.509	4.99
2026-05-16	103	1.055	2.19
2026-05-16	165	1.386	5
2026-05-16	42	6.223	1.39
2026-05-16	135	0.527	12.95
2026-05-16	75	3	1.59
2026-05-16	54	1	2.59
2026-05-16	216	1	2.79
2026-05-16	224	1	0.99
2026-05-16	80	1	2.99
2026-05-16	114	0.844	4.5
2026-05-16	41	2.054	1.85
2026-05-16	95	3.879	2.39
2026-05-16	99	1.773	2.99
2026-05-16	190	3	3.15
2026-05-16	138	0.858	4.59
2026-05-16	40	1	1.99
2026-05-16	186	1	2.25
2026-05-16	162	1	1.19
2026-05-16	83	1.586	2.39
2026-05-16	142	0.488	6.95
2026-05-16	70	2	1.49
2026-05-16	146	0.795	14.39
2026-05-16	78	10	1.09
2026-05-16	250	0.389	2.39
2026-05-16	125	3	2.35
2026-05-16	8	1	2.25
2026-05-16	112	0.575	2.59
2026-05-16	111	1.36	1.75
2026-05-16	50	1	3
2026-05-16	146	0.199	14.39
2026-05-16	127	1	2.49
2026-05-16	167	5	1.59
2026-05-16	43	1.352	1.79
2026-05-16	49	1	3
2026-05-16	54	1	2.59
2026-05-16	112	2.236	2.59
2026-05-16	107	1.437	1.99
2026-05-16	201	0.995	1.95
2026-05-16	77	1	2.35
2026-05-16	166	2	2.45
2026-05-16	91	19.42	0.69
2026-05-16	84	2	1.59
2026-05-16	117	0.744	2.5
2026-05-16	93	4	3
2026-05-16	84	6	1.59
2026-05-16	127	3	2.49
2026-05-16	68	1	1.99
2026-05-16	198	10.017	1.19
2026-05-16	227	1	1.69
2026-05-16	153	1	1.99
2026-05-16	55	1	2.99
2026-05-16	199	1.461	2.19
2026-05-16	197	2.142	2.25
2026-05-16	56	2	3.49
2026-05-16	28	1	2.85
2026-05-16	28	1	2.85
2026-05-16	209	1	1.19
2026-05-16	139	0.365	14.95
2026-05-16	189	1	3.15
2026-05-16	93	3	3
2026-05-16	211	3	1.15
2026-05-16	124	4.09	1.55
2026-05-16	52	8.667	0.99
2026-05-16	41	1.459	1.85
2026-05-16	11	3.304	3.95
2026-05-16	145	0.234	22.95
2026-05-16	114	2.071	4.5
2026-05-16	108	0.281	2.35
2026-05-16	93	4	3
2026-05-16	189	1	3.15
2026-05-16	125	1	2.35
2026-05-16	137	0.098	18.75
2026-05-16	158	1	2.29
2026-05-16	30	5	1.89
2026-05-16	194	4.004	2.75
2026-05-16	91	9.899	0.69
2026-05-16	53	1	2.59
2026-05-16	70	2	1.49
2026-05-16	97	0.337	1.75
2026-05-16	125	1	2.35
2026-05-16	68	1	1.99
2026-05-16	194	1.298	2.75
2026-05-16	211	1	1.15
2026-05-16	111	2.291	1.75
2026-05-16	74	1	2.35
2026-05-16	26	0.395	1.19
2026-05-18	83	2.146	2.39
2026-05-18	248	0.007	10.95
2026-05-18	111	2.166	1.75
2026-05-18	71	1	1.99
2026-05-18	57	1	1.35
2026-05-18	190	3	3.15
2026-05-18	76	7	0.79
2026-05-18	42	5.137	1.39
2026-05-18	107	1.452	1.99
2026-05-18	121	8.566	1.29
2026-05-18	105	1.423	1.75
2026-05-18	130	3	1.89
2026-05-18	226	1	1.35
2026-05-18	158	1	2.29
2026-05-18	3	1	1.45
2026-05-18	175	1	1.59
2026-05-18	140	0.368	12.95
2026-05-18	193	2	2.5
2026-05-18	193	1	2.5
2026-05-18	30	3	1.89
2026-05-18	127	1	2.49
2026-05-18	76	5	0.79
2026-05-18	23	2	1.25
2026-05-18	193	1	2.5
2026-05-18	158	1	2.29
2026-05-18	98	0.878	2.3
2026-05-18	35	1	1.35
2026-05-18	89	10.759	0.79
2026-05-18	17	1	1.69
2026-05-18	190	2	3.15
2026-05-18	56	2	3.49
2026-05-18	55	3	2.99
2026-05-18	99	1.06	2.99
2026-05-18	114	1.764	4.5
2026-05-18	46	0.267	3
2026-05-18	134	0.311	14.75
2026-05-18	124	8.045	1.55
2026-05-18	81	4	1.25
2026-05-18	162	1	1.19
2026-05-18	43	7.05	1.79
2026-05-18	92	5.36	0.89
2026-05-18	16	1.12	1.25
2026-05-18	77	1	2.35
2026-05-18	187	0.171	5.45
2026-05-18	44	2.314	1.75
2026-05-18	137	0.327	18.75
2026-05-18	213	2	2.85
2026-05-18	208	2	0.95
2026-05-18	93	1	3
2026-05-18	127	3	2.49
2026-05-18	148	0.169	5.99
2026-05-18	52	3.929	0.99
2026-05-18	226	1	1.35
2026-05-18	106	4.714	1.99
2026-05-18	201	0.59	1.95
2026-05-18	128	1	2.25
2026-05-18	194	4.905	2.75
2026-05-18	91	17.377	0.69
2026-05-18	26	0.235	1.19
2026-05-18	108	0.166	2.35
2026-05-18	122	0.05	2.99
2026-05-18	195	1	2.25
2026-05-18	100	0.338	2.69
2026-05-18	75	2	1.59
2026-05-18	190	1	3.15
2026-05-18	107	0.754	1.99
2026-05-18	219	2	0.99
2026-05-18	165	2.026	5
2026-05-18	53	1	2.59
2026-05-18	125	3	2.35
2026-05-18	31	0.374	5.69
2026-05-18	109	0.409	2.59
2026-05-18	94	1.944	2.85
2026-05-18	87	1	1.39
2026-05-18	199	2.393	2.19
2026-05-18	28	2	2.85
2026-05-18	88	1.429	2.19
2026-05-18	96	0.88	2.5
2026-05-18	142	0.289	6.95
2026-05-18	23	1	1.25
2026-05-18	121	2.357	1.29
2026-05-18	68	1	1.99
2026-05-18	65	2	1.45
2026-05-18	216	1	2.79
2026-05-18	41	2.303	1.85
2026-05-18	166	4	2.45
2026-05-18	9	2	0.85
2026-05-18	117	0.44	2.5
2026-05-18	95	1.615	2.39
2026-05-18	71	1	1.99
2026-05-18	43	1.14	1.79
2026-05-18	138	1.431	4.59
2026-05-18	41	2.222	1.85
2026-05-18	18	7.748	1.35
2026-05-18	114	1.756	4.5
2026-05-18	121	1.434	1.29
2026-05-18	196	1	3.15
2026-05-18	209	1	1.19
2026-05-18	77	1	2.35
2026-05-18	103	1.059	2.19
2026-05-18	66	2	1.59
2026-05-18	215	1	2.79
2026-05-18	141	0.125	11.89
2026-05-18	44	6.126	1.75
2026-05-18	49	1	3
2026-05-18	74	1	2.35
2026-05-18	33	4.346	1.59
2026-05-18	218	1	1.39
2026-05-18	149	0.301	4.99
2026-05-18	78	6	1.09
2026-05-18	196	2	3.15
2026-05-18	102	0.206	1.75
2026-05-18	38	3.677	1.89
2026-05-18	69	5	1.25
2026-05-18	44	0.377	1.75
2026-05-18	38	1.275	1.89
2026-05-18	73	2	1.49
2026-05-18	209	1	1.19
2026-05-18	21	1	0.99
2026-05-18	145	0.139	22.95
2026-05-18	207	1	1.29
2026-05-18	50	1	3
2026-05-18	93	1	3
2026-05-18	114	2.02	4.5
2026-05-18	187	2.04	5.45
2026-05-18	94	2.025	2.85
2026-05-18	70	2	1.49
2026-05-18	101	2.447	3
2026-05-18	39	2.135	3.99
2026-05-18	153	1	1.99
2026-05-18	146	0.416	14.39
2026-05-18	121	3.922	1.29
2026-05-18	124	1.381	1.55
2026-05-18	58	1.145	2.49
2026-05-18	186	1	2.25
2026-05-18	95	2.343	2.39
2026-05-18	198	5.933	1.19
2026-05-18	152	1	1.75
2026-05-18	146	0.338	14.39
2026-05-18	93	1	3
2026-05-18	89	11.861	0.79
2026-05-18	27	1	2.59
2026-05-18	75	1	1.59
2026-05-18	87	2	1.39
2026-05-18	28	1	2.85
2026-05-18	139	0.216	14.95
2026-05-18	85	1	1.49
2026-05-18	154	1	1.99
2026-05-18	185	2	1.99
2026-05-18	54	2	2.59
2026-05-18	136	0.205	12.95
2026-05-18	101	1.813	3
2026-05-18	224	1	0.99
2026-05-18	12	2.56	2.25
2026-05-18	59	0.075	4
2026-05-18	82	4	0.99
2026-05-18	93	5	3
2026-05-18	214	1	2.79
2026-05-18	250	0.23	2.39
2026-05-18	52	12.525	0.99
2026-05-18	48	1	1.99
2026-05-18	113	0.019	4.25
2026-05-18	134	0.143	14.75
2026-05-18	40	2	1.99
2026-05-18	167	3	1.59
2026-05-18	227	1	1.69
2026-05-18	194	1.295	2.75
2026-05-18	4	4	1.05
2026-05-18	195	4	2.25
2026-05-18	80	1	2.99
2026-05-18	56	1	3.49
2026-05-18	121	5.938	1.29
2026-05-18	135	0.327	12.95
2026-05-18	11	1	3.95
2026-05-18	72	3	0.95
2026-05-18	93	3	3
2026-05-18	178	0.489	3.29
2026-05-18	197	4.573	2.25
2026-05-18	211	2	1.15
2026-05-18	121	1.814	1.29
2026-05-18	8	1	2.25
2026-05-18	84	5	1.59
2026-05-18	79	3	1.55
2026-05-18	112	1.51	2.59
2026-05-18	11	1.005	3.95
2026-05-18	189	3	3.15
2026-05-18	155	1	0.85
2026-05-18	93	2	3
2026-05-18	47	0.237	3
2026-05-18	24	1	1.19
2026-05-18	79	1	1.55
2026-05-18	144	0.288	5.39
2026-05-18	27	1	2.59
2026-05-18	61	1	1.89
2026-05-18	97	0.2	1.75
2026-05-18	118	0.135	4
2026-05-18	218	3	1.39
2026-05-18	28	2	2.85
2026-05-19	209	2	1.19
2026-05-19	114	2.418	4.5
2026-05-19	43	1.402	1.79
2026-05-19	194	1.502	2.75
2026-05-19	189	3	3.15
2026-05-19	155	1	0.85
2026-05-19	85	1	1.49
2026-05-19	12	2.72	2.25
2026-05-19	97	0.211	1.75
2026-05-19	55	1	2.99
2026-05-19	81	4	1.25
2026-05-19	135	0.164	12.95
2026-05-19	44	2.034	1.75
2026-05-19	71	1	1.99
2026-05-19	196	3	3.15
2026-05-19	99	1.127	2.99
2026-05-19	21	1	0.99
2026-05-19	135	0.183	12.95
2026-05-19	44	3.811	1.75
2026-05-19	144	0.306	5.39
2026-05-19	121	6.674	1.29
2026-05-19	124	3.026	1.55
2026-05-19	190	3	3.15
2026-05-19	139	0.229	14.95
2026-05-19	107	0.291	1.99
2026-05-19	101	3.413	3
2026-05-19	197	3.573	2.25
2026-05-19	66	2	1.59
2026-05-19	73	2	1.49
2026-05-19	18	6.052	1.35
2026-05-19	199	2.539	2.19
2026-05-19	117	0.468	2.5
2026-05-19	93	4	3
2026-05-19	114	0.969	4.5
2026-05-19	65	2	1.45
2026-05-19	69	5	1.25
2026-05-19	136	0.219	12.95
2026-05-19	219	2	0.99
2026-05-19	28	1	2.85
2026-05-19	153	1	1.99
2026-05-19	127	1	2.49
2026-05-19	52	3.596	0.99
2026-05-19	111	2.303	1.75
2026-05-19	227	1	1.69
2026-05-19	55	2	2.99
2026-05-19	158	1	2.29
2026-05-19	162	1	1.19
2026-05-19	112	1.768	2.59
2026-05-19	60	1	2.75
2026-05-19	226	2	1.35
2026-05-19	128	1	2.25
2026-05-19	134	0.207	14.75
2026-05-19	194	4.698	2.75
2026-05-19	30	3	1.89
2026-05-19	70	2	1.49
2026-05-19	207	1	1.29
2026-05-19	95	4.205	2.39
2026-05-19	68	1	1.99
2026-05-19	198	3.193	1.19
2026-05-19	165	1.042	5
2026-05-19	105	1.514	1.75
2026-05-19	92	5.697	0.89
2026-05-19	94	1.007	2.85
2026-05-19	100	0.357	2.69
2026-05-19	33	3.195	1.59
2026-05-19	27	1	2.59
2026-05-19	26	0.244	1.19
2026-05-19	137	0.1	18.75
2026-05-19	113	0.019	4.25
2026-05-19	24	1.067	1.19
2026-05-19	56	1	3.49
2026-05-19	138	0.88	4.59
2026-05-19	57	1	1.35
2026-05-19	94	0.596	2.85
2026-05-19	87	3	1.39
2026-05-19	74	1	2.35
2026-05-19	43	7.229	1.79
2026-05-19	56	1	3.49
2026-05-19	107	2.055	1.99
2026-05-19	91	10.826	0.69
2026-05-19	76	1	0.79
2026-05-19	71	1	1.99
2026-05-19	58	1.217	2.49
2026-05-19	138	0.671	4.59
2026-05-19	48	1	1.99
2026-05-19	102	0.223	1.75
2026-05-19	187	1.191	5.45
2026-05-19	84	5	1.59
2026-05-19	42	2.122	1.39
2026-05-19	54	2	2.59
2026-05-19	93	4	3
2026-05-19	130	3	1.89
2026-05-19	78	6	1.09
2026-05-19	17	1	1.69
2026-05-19	80	1	2.99
2026-05-19	49	1	3
2026-05-19	211	2	1.15
2026-05-19	44	3.526	1.75
2026-05-19	41	4.805	1.85
2026-05-19	103	1.128	2.19
2026-05-19	47	0.253	3
2026-05-19	186	1	2.25
2026-05-19	250	0.243	2.39
2026-05-19	42	3.331	1.39
2026-05-19	114	1.06	4.5
2026-05-19	28	1	2.85
2026-05-19	98	0.935	2.3
2026-05-19	216	1	2.79
2026-05-19	118	0.145	4
2026-05-19	23	3	1.25
2026-05-19	96	0.932	2.5
2026-05-19	38	3.751	1.89
2026-05-19	46	0.283	3
2026-05-19	9	2	0.85
2026-05-19	28	1	2.85
2026-05-19	52	11.414	0.99
2026-05-19	124	2.71	1.55
2026-05-19	152	1	1.75
2026-05-19	4	4	1.05
2026-05-19	137	0.247	18.75
2026-05-19	215	1	2.79
2026-05-19	134	0.275	14.75
2026-05-19	190	1	3.15
2026-05-19	194	0.389	2.75
2026-05-19	94	1.26	2.85
2026-05-19	93	5	3
2026-05-19	33	1.421	1.59
2026-05-19	27	1	2.59
2026-05-19	121	8.628	1.29
2026-05-19	198	3.118	1.19
2026-05-19	16	1.192	1.25
2026-05-19	125	3	2.35
2026-05-19	218	4	1.39
2026-05-19	121	10.233	1.29
2026-05-19	61	1	1.89
2026-05-19	28	2	2.85
2026-05-19	75	3	1.59
2026-05-19	8	1	2.25
2026-05-19	89	14.873	0.79
2026-05-19	141	0.133	11.89
2026-05-19	82	4	0.99
2026-05-19	31	0.397	5.69
2026-05-19	208	3	0.95
2026-05-19	124	4.271	1.55
2026-05-19	48	1	1.99
2026-05-19	94	1.344	2.85
2026-05-19	149	0.321	4.99
2026-05-19	145	0.147	22.95
2026-05-19	91	7.638	0.69
2026-05-19	76	12	0.79
2026-05-19	35	1	1.35
2026-05-19	224	1	0.99
2026-05-19	18	2.422	1.35
2026-05-19	3	1	1.45
2026-05-19	127	3	2.49
2026-05-19	142	0.308	6.95
2026-05-19	108	0.179	2.35
2026-05-19	148	0.179	5.99
2026-05-19	166	3	2.45
2026-05-19	201	0.626	1.95
2026-05-19	114	1.44	4.5
2026-05-19	83	2.28	2.39
2026-05-19	57	1	1.35
2026-05-19	109	0.432	2.59
2026-05-19	39	2.15	3.99
2026-05-19	77	2	2.35
2026-05-19	88	1.516	2.19
2026-05-19	248	0.007	10.95
2026-05-19	59	0.08	4
2026-05-19	40	2	1.99
2026-05-19	53	1	2.59
2026-05-19	185	2	1.99
2026-05-19	52	2.475	0.99
2026-05-19	106	3.035	1.99
2026-05-19	106	1.975	1.99
2026-05-19	193	4	2.5
2026-05-19	154	1	1.99
2026-05-19	178	0.52	3.29
2026-05-19	122	0.054	2.99
2026-05-19	11	2.129	3.95
2026-05-19	50	1	3
2026-05-19	187	1.158	5.45
2026-05-19	158	1	2.29
2026-05-19	190	2	3.15
2026-05-19	190	1	3.15
2026-05-19	79	4	1.55
2026-05-19	101	1.11	3
2026-05-19	175	1	1.59
2026-05-19	89	9.165	0.79
2026-05-19	213	2	2.85
2026-05-19	72	3	0.95
2026-05-19	146	0.801	14.39
2026-05-19	167	3	1.59
2026-05-19	56	1	3.49
2026-05-19	197	1.458	2.25
2026-05-19	165	1.112	5
2026-05-19	166	1	2.45
2026-05-19	214	1	2.79
2026-05-19	140	0.391	12.95
2026-05-19	195	5	2.25
2026-05-19	38	1.513	1.89
2026-05-20	53	1	2.59
2026-05-20	185	2	1.99
2026-05-20	91	4.71	0.69
2026-05-20	101	2.667	3
2026-05-20	139	0.069	14.95
2026-05-20	49	1	3
2026-05-20	93	1	3
2026-05-20	166	4	2.45
2026-05-20	11	0.228	3.95
2026-05-20	113	0.021	4.25
2026-05-20	69	6	1.25
2026-05-20	94	4.46	2.85
2026-05-20	95	1.925	2.39
2026-05-20	136	0.231	12.95
2026-05-20	121	4.333	1.29
2026-05-20	140	0.414	12.95
2026-05-20	91	3.232	0.69
2026-05-20	218	1	1.39
2026-05-20	219	2	0.99
2026-05-20	42	3.137	1.39
2026-05-20	39	1.679	3.99
2026-05-20	27	1	2.59
2026-05-20	84	5	1.59
2026-05-20	40	2	1.99
2026-05-20	18	2.763	1.35
2026-05-20	87	3	1.39
2026-05-20	208	3	0.95
2026-05-20	66	1	1.59
2026-05-20	88	1.607	2.19
2026-05-20	194	4.829	2.75
2026-05-20	52	4.778	0.99
2026-05-20	96	0.992	2.5
2026-05-20	75	3	1.59
2026-05-20	60	1	2.75
2026-05-20	28	2	2.85
2026-05-20	33	1.321	1.59
2026-05-20	127	1	2.49
2026-05-20	54	2	2.59
2026-05-20	167	3	1.59
2026-05-20	4	4	1.05
2026-05-20	91	11.594	0.69
2026-05-20	26	0.261	1.19
2026-05-20	46	0.3	3
2026-05-20	218	4	1.39
2026-05-20	213	2	2.85
2026-05-20	135	0.368	12.95
2026-05-20	77	1	2.35
2026-05-20	152	1	1.75
2026-05-20	28	3	2.85
2026-05-20	42	2.64	1.39
2026-05-20	250	0.259	2.39
2026-05-20	114	0.509	4.5
2026-05-20	70	2	1.49
2026-05-20	93	4	3
2026-05-20	201	0.662	1.95
2026-05-20	23	3	1.25
2026-05-20	57	2	1.35
2026-05-20	89	10.987	0.79
2026-05-20	48	1	1.99
2026-05-20	121	4.07	1.29
2026-05-20	206	1	1.95
2026-05-20	72	3	0.95
2026-05-20	198	5.546	1.19
2026-05-20	124	3.271	1.55
2026-05-20	224	1	0.99
2026-05-20	41	5.086	1.85
2026-05-20	93	1	3
2026-05-20	89	4.658	0.79
2026-05-20	117	0.496	2.5
2026-05-20	158	1	2.29
2026-05-20	76	11	0.79
2026-05-20	31	0.42	5.69
2026-05-20	100	0.379	2.69
2026-05-20	248	0.008	10.95
2026-05-20	149	0.339	4.99
2026-05-20	48	1	1.99
2026-05-20	194	1.687	2.75
2026-05-20	211	2	1.15
2026-05-20	121	6.496	1.29
2026-05-20	154	1	1.99
2026-05-20	71	1	1.99
2026-05-20	43	3.587	1.79
2026-05-20	12	2.876	2.25
2026-05-20	130	1	1.89
2026-05-20	21	1	0.99
2026-05-20	92	6.022	0.89
2026-05-20	144	0.323	5.39
2026-05-20	101	1.063	3
2026-05-20	106	5.302	1.99
2026-05-20	68	1	1.99
2026-05-20	77	1	2.35
2026-05-20	114	2.107	4.5
2026-05-20	55	3	2.99
2026-05-20	197	1.787	2.25
2026-05-20	52	9.333	0.99
2026-05-20	78	4	1.09
2026-05-20	80	1	2.99
2026-05-20	78	3	1.09
2026-05-20	44	5.446	1.75
2026-05-20	103	1.192	2.19
2026-05-20	93	2	3
2026-05-20	107	2.482	1.99
2026-05-20	197	3.542	2.25
2026-05-20	199	2.689	2.19
2026-05-20	166	1	2.45
2026-05-20	187	2.028	5.45
2026-05-20	146	0.849	14.39
2026-05-20	27	1	2.59
2026-05-20	18	1.763	1.35
2026-05-20	216	1	2.79
2026-05-20	35	1	1.35
2026-05-20	189	3	3.15
2026-05-20	114	1.253	4.5
2026-05-20	138	0.562	4.59
2026-05-20	111	2.434	1.75
2026-05-20	9	3	0.85
2026-05-20	93	2	3
2026-05-20	61	1	1.89
2026-05-20	118	0.153	4
2026-05-20	114	0.956	4.5
2026-05-20	38	5.571	1.89
2026-05-20	101	1.057	3
2026-05-20	97	0.223	1.75
2026-05-20	127	3	2.49
2026-05-20	226	2	1.35
2026-05-20	105	1.6	1.75
2026-05-20	121	2.24	1.29
2026-05-20	11	2.025	3.95
2026-05-20	207	1	1.29
2026-05-20	52	4.404	0.99
2026-05-20	185	1	1.99
2026-05-20	196	3	3.15
2026-05-20	17	1	1.69
2026-05-20	162	1	1.19
2026-05-20	190	3	3.15
2026-05-20	137	0.369	18.75
2026-05-20	134	0.321	14.75
2026-05-20	207	1	1.29
2026-05-20	108	0.187	2.35
2026-05-20	121	9.899	1.29
2026-05-20	130	3	1.89
2026-05-20	1	1	1.5
2026-05-20	3	1	1.45
2026-05-20	195	5	2.25
2026-05-20	61	1	1.89
2026-05-20	76	3	0.79
2026-05-20	95	2.527	2.39
2026-05-20	186	1	2.25
2026-05-20	33	3.572	1.59
2026-05-20	66	2	1.59
2026-05-20	44	1.743	1.75
2026-05-20	187	0.459	5.45
2026-05-20	142	0.325	6.95
2026-05-20	30	3	1.89
2026-05-20	190	3	3.15
2026-05-20	79	2	1.55
2026-05-20	102	0.234	1.75
2026-05-20	79	2	1.55
2026-05-20	85	1	1.49
2026-05-20	114	1.409	4.5
2026-05-20	65	2	1.45
2026-05-20	71	1	1.99
2026-05-20	124	1.723	1.55
2026-05-20	109	0.459	2.59
2026-05-20	175	1	1.59
2026-05-20	190	1	3.15
2026-05-20	227	1	1.69
2026-05-20	145	0.149	22.95
2026-05-20	125	3	2.35
2026-05-20	56	1	3.49
2026-05-20	81	3	1.25
2026-05-20	214	1	2.79
2026-05-20	209	2	1.19
2026-05-20	153	1	1.99
2026-05-20	167	1	1.59
2026-05-20	82	4	0.99
2026-05-20	18	4.444	1.35
2026-05-20	193	4	2.5
2026-05-20	198	1.134	1.19
2026-05-20	59	0.085	4
2026-05-20	83	1.506	2.39
2026-05-20	56	1	3.49
2026-05-20	165	2.28	5
2026-05-20	249	1	2.29
2026-05-20	81	1	1.25
2026-05-20	112	1.873	2.59
2026-05-20	98	0.996	2.3
2026-05-20	43	5.631	1.79
2026-05-20	8	1	2.25
2026-05-20	128	1	2.25
2026-05-20	134	0.189	14.75
2026-05-20	122	0.054	2.99
2026-05-20	124	5.613	1.55
2026-05-20	194	0.458	2.75
2026-05-20	74	1	2.35
2026-05-20	58	1.289	2.49
2026-05-20	44	2.731	1.75
2026-05-20	47	0.267	3
2026-05-20	24	1.126	1.19
2026-05-20	93	4	3
2026-05-20	89	9.797	0.79
2026-05-20	148	0.19	5.99
2026-05-20	155	1	0.85
2026-05-20	50	1	3
2026-05-20	178	0.553	3.29
2026-05-20	49	1	3
2026-05-20	39	0.724	3.99
2026-05-20	141	0.14	11.89
2026-05-20	215	1	2.79
2026-05-20	56	2	3.49
2026-05-20	73	2	1.49
2026-05-20	138	1.078	4.59
2026-05-20	139	0.175	14.95
2026-05-20	83	0.912	2.39
2026-05-20	70	1	1.49
2026-05-20	99	1.194	2.99
2026-05-20	16	1.264	1.25
2026-05-21	146	0.896	14.39
2026-05-21	94	2.439	2.85
2026-05-21	3	1	1.45
2026-05-21	50	1	3
2026-05-21	121	6.147	1.29
2026-05-21	106	4.548	1.99
2026-05-21	140	0.436	12.95
2026-05-21	122	0.057	2.99
2026-05-21	19	1	2.5
2026-05-21	38	3.889	1.89
2026-05-21	195	5	2.25
2026-05-21	114	1.462	4.5
2026-05-21	101	1.323	3
2026-05-21	106	1.05	1.99
2026-05-21	185	1	1.99
2026-05-21	93	3	3
2026-05-21	91	9.116	0.69
2026-05-21	138	1.732	4.59
2026-05-21	153	1	1.99
2026-05-21	155	1	0.85
2026-05-21	93	1	3
2026-05-21	218	3	1.39
2026-05-21	44	6.137	1.75
2026-05-21	66	1	1.59
2026-05-21	41	3.665	1.85
2026-05-21	77	2	2.35
2026-05-21	108	0.2	2.35
2026-05-21	189	3	3.15
2026-05-21	48	1	1.99
2026-05-21	114	2.771	4.5
2026-05-21	41	1.708	1.85
2026-05-21	44	4.337	1.75
2026-05-21	82	5	0.99
2026-05-21	66	2	1.59
2026-05-21	71	2	1.99
2026-05-21	112	1.019	2.59
2026-05-21	84	5	1.59
2026-05-21	76	6	0.79
2026-05-21	91	10.377	0.69
2026-05-21	130	3	1.89
2026-05-21	215	1	2.79
2026-05-21	185	1	1.99
2026-05-21	84	1	1.59
2026-05-21	54	1	2.59
2026-05-21	43	5.38	1.79
2026-05-21	113	0.021	4.25
2026-05-21	197	1.787	2.25
2026-05-21	193	2	2.5
2026-05-21	58	1.361	2.49
2026-05-21	124	2.09	1.55
2026-05-21	18	7.911	1.35
2026-05-21	194	3.975	2.75
2026-05-21	57	2	1.35
2026-05-21	214	1	2.79
2026-05-21	175	1	1.59
2026-05-21	135	0.388	12.95
2026-05-21	61	1	1.89
2026-05-21	43	2.408	1.79
2026-05-21	55	1	2.99
2026-05-21	137	0.389	18.75
2026-05-21	60	1	2.75
2026-05-21	194	0.684	2.75
2026-05-21	40	2	1.99
2026-05-21	130	1	1.89
2026-05-21	199	2.84	2.19
2026-05-21	92	6.36	0.89
2026-05-21	250	0.272	2.39
2026-05-21	114	0.531	4.5
2026-05-21	158	1	2.29
2026-05-21	88	1.694	2.19
2026-05-21	118	0.16	4
2026-05-21	53	1	2.59
2026-05-21	167	4	1.59
2026-05-21	141	0.149	11.89
2026-05-21	187	0.73	5.45
2026-05-21	72	1	0.95
2026-05-21	124	1.419	1.55
2026-05-21	56	3	3.49
2026-05-21	16	1.328	1.25
2026-05-21	91	1.13	0.69
2026-05-21	11	0.742	3.95
2026-05-21	197	3.836	2.25
2026-05-21	21	1	0.99
2026-05-21	81	1	1.25
2026-05-21	194	1.044	2.75
2026-05-21	26	0.277	1.19
2026-05-21	213	2	2.85
2026-05-21	27	1	2.59
2026-05-21	43	1.547	1.79
2026-05-21	249	1	2.29
2026-05-21	145	0.165	22.95
2026-05-21	8	1	2.25
2026-05-21	219	2	0.99
2026-05-21	75	3	1.59
2026-05-21	59	0.09	4
2026-05-21	111	1.069	1.75
2026-05-21	152	1	1.75
2026-05-21	52	10.111	0.99
2026-05-21	43	0.397	1.79
2026-05-21	165	1.366	5
2026-05-21	46	0.317	3
2026-05-21	166	3	2.45
2026-05-21	194	1.662	2.75
2026-05-21	107	2.623	1.99
2026-05-21	30	3	1.89
2026-05-21	124	7.684	1.55
2026-05-21	166	1	2.45
2026-05-21	185	1	1.99
2026-05-21	186	1	2.25
2026-05-21	112	0.958	2.59
2026-05-21	154	1	1.99
2026-05-21	68	1	1.99
2026-05-21	93	1	3
2026-05-21	100	0.401	2.69
2026-05-21	76	8	0.79
2026-05-21	80	1	2.99
2026-05-21	72	3	0.95
2026-05-21	190	4	3.15
2026-05-21	93	3	3
2026-05-21	52	9.434	0.99
2026-05-21	227	1	1.69
2026-05-21	89	6.215	0.79
2026-05-21	101	1.663	3
2026-05-21	48	1	1.99
2026-05-21	109	0.486	2.59
2026-05-21	105	1.606	1.75
2026-05-21	12	2.751	2.25
2026-05-21	99	1.261	2.99
2026-05-21	38	2	1.89
2026-05-21	165	1.042	5
2026-05-21	56	1	3.49
2026-05-21	196	2	3.15
2026-05-21	224	1	0.99
2026-05-21	211	2	1.15
2026-05-21	33	2.937	1.59
2026-05-21	144	0.343	5.39
2026-05-21	162	1	1.19
2026-05-21	83	2.552	2.39
2026-05-21	114	1.813	4.5
2026-05-21	111	1.503	1.75
2026-05-21	8	1	2.25
2026-05-21	73	2	1.49
2026-05-21	69	3	1.25
2026-05-21	18	1.548	1.35
2026-05-21	54	2	2.59
2026-05-21	121	4.31	1.29
2026-05-21	121	10.915	1.29
2026-05-21	226	2	1.35
2026-05-21	69	3	1.25
2026-05-21	93	5	3
2026-05-21	89	8.747	0.79
2026-05-21	248	0.008	10.95
2026-05-21	190	1	3.15
2026-05-21	178	0.584	3.29
2026-05-21	136	0.244	12.95
2026-05-21	121	7.163	1.29
2026-05-21	96	1.048	2.5
2026-05-21	61	1	1.89
2026-05-21	142	0.344	6.95
2026-05-21	70	3	1.49
2026-05-21	85	1	1.49
2026-05-21	42	1.525	1.39
2026-05-21	103	1.26	2.19
2026-05-21	218	2	1.39
2026-05-21	101	0.267	3
2026-05-21	117	0.524	2.5
2026-05-21	1	1	1.5
2026-05-21	148	0.2	5.99
2026-05-21	4	5	1.05
2026-05-21	93	2	3
2026-05-21	166	1	2.45
2026-05-21	28	1	2.85
2026-05-21	9	3	0.85
2026-05-21	216	1	2.79
2026-05-21	134	0.539	14.75
2026-05-21	208	3	0.95
2026-05-21	128	1	2.25
2026-05-21	207	2	1.29
2026-05-21	74	1	2.35
2026-05-21	149	0.359	4.99
2026-05-21	95	4.54	2.39
2026-05-21	23	3	1.25
2026-05-21	101	1.803	3
2026-05-21	12	0.284	2.25
2026-05-21	87	3	1.39
2026-05-21	65	2	1.45
2026-05-21	193	2	2.5
2026-05-21	97	0.234	1.75
2026-05-21	42	4.576	1.39
2026-05-21	31	0.443	5.69
2026-05-21	196	1	3.15
2026-05-21	127	4	2.49
2026-05-21	102	0.246	1.75
2026-05-21	198	7.05	1.19
2026-05-21	139	0.257	14.95
2026-05-21	49	1	3
2026-05-21	49	1	3
2026-05-21	98	1.048	2.3
2026-05-21	55	3	2.99
2026-05-21	125	3	2.35
2026-05-21	28	3	2.85
2026-05-21	17	1	1.69
2026-05-21	11	1.641	3.95
2026-05-21	28	1	2.85
2026-05-21	187	1.448	5.45
2026-05-21	94	2.27	2.85
2026-05-21	201	0.697	1.95
2026-05-21	24	1.193	1.19
2026-05-21	190	2	3.15
2026-05-21	209	2	1.19
2026-05-21	81	4	1.25
2026-05-21	33	2.226	1.59
2026-05-21	47	0.283	3
2026-05-21	89	11.899	0.79
2026-05-21	206	1	1.95
2026-05-21	78	7	1.09
2026-05-21	79	4	1.55
2026-05-21	35	1	1.35
2026-05-21	39	2.536	3.99
2026-05-21	28	1	2.85
2026-05-21	187	0.446	5.45
2026-05-22	112	1.135	2.59
2026-05-22	33	2.151	1.59
2026-05-22	158	1	2.29
2026-05-22	114	2.091	4.5
2026-05-22	118	0.195	4
2026-05-22	50	1	3
2026-05-22	205	1	3.65
2026-05-22	122	0.07	2.99
2026-05-22	49	1	3
2026-05-22	55	4	2.99
2026-05-22	206	1	1.95
2026-05-22	134	0.209	14.75
2026-05-22	146	0.241	14.39
2026-05-22	95	2.385	2.39
2026-05-22	79	5	1.55
2026-05-22	140	0.297	12.95
2026-05-22	194	1.258	2.75
2026-05-22	121	1.62	1.29
2026-05-22	125	3	2.35
2026-05-22	69	5	1.25
2026-05-22	124	7.219	1.55
2026-05-22	112	1.255	2.59
2026-05-22	153	1	1.99
2026-05-22	12	3.676	2.25
2026-05-22	178	0.705	3.29
2026-05-22	40	1	1.99
2026-05-22	249	1	2.29
2026-05-22	216	1	2.79
2026-05-22	226	2	1.35
2026-05-22	8	2	2.25
2026-05-22	57	2	1.35
2026-05-22	44	3.617	1.75
2026-05-22	33	4.101	1.59
2026-05-22	80	1	2.99
2026-05-22	3	1	1.45
2026-05-22	194	3.015	2.75
2026-05-22	68	1	1.99
2026-05-22	93	1	3
2026-05-22	42	0.806	1.39
2026-05-22	9	3	0.85
2026-05-22	84	2	1.59
2026-05-22	93	2	3
2026-05-22	106	6.779	1.99
2026-05-22	74	1	2.35
2026-05-22	114	2.587	4.5
2026-05-22	61	2	1.89
2026-05-22	78	4	1.09
2026-05-22	83	3.088	2.39
2026-05-22	197	1.347	2.25
2026-05-22	35	1	1.35
2026-05-22	93	5	3
2026-05-22	248	0.01	10.95
2026-05-22	108	0.243	2.35
2026-05-22	197	2.409	2.25
2026-05-22	41	3.676	1.85
2026-05-22	198	5.706	1.19
2026-05-22	85	1	1.49
2026-05-22	11	2.623	3.95
2026-05-22	93	1	3
2026-05-22	197	3.049	2.25
2026-05-22	218	6	1.39
2026-05-22	69	2	1.25
2026-05-22	30	2	1.89
2026-05-22	189	4	3.15
2026-05-22	81	5	1.25
2026-05-22	23	1	1.25
2026-05-22	190	2	3.15
2026-05-22	209	2	1.19
2026-05-22	92	7.697	0.89
2026-05-22	53	1	2.59
2026-05-22	88	2.05	2.19
2026-05-22	214	1	2.79
2026-05-22	227	1	1.69
2026-05-22	140	0.231	12.95
2026-05-22	102	0.297	1.75
2026-05-22	195	6	2.25
2026-05-22	136	0.295	12.95
2026-05-22	26	0.336	1.19
2026-05-22	121	6.636	1.29
2026-05-22	84	1	1.59
2026-05-22	41	1.297	1.85
2026-05-22	73	3	1.49
2026-05-22	18	2.822	1.35
2026-05-22	137	0.455	18.75
2026-05-22	121	11.527	1.29
2026-05-22	78	1	1.09
2026-05-22	38	0.661	1.89
2026-05-22	146	0.371	14.39
2026-05-22	77	2	2.35
2026-05-22	187	0.927	5.45
2026-05-22	85	1	1.49
2026-05-22	56	1	3.49
2026-05-22	193	1	2.5
2026-05-22	213	1	2.85
2026-05-22	21	1	0.99
2026-05-22	27	1	2.59
2026-05-22	52	9.354	0.99
2026-05-22	219	2	0.99
2026-05-22	91	9.681	0.69
2026-05-22	127	3	2.49
2026-05-22	11	0.258	3.95
2026-05-22	222	1	2.75
2026-05-22	134	0.142	14.75
2026-05-22	130	2	1.89
2026-05-22	43	6.05	1.79
2026-05-22	214	1	2.79
2026-05-22	1	1	1.5
2026-05-22	47	0.343	3
2026-05-22	18	8.644	1.35
2026-05-22	190	2	3.15
2026-05-22	195	1	2.25
2026-05-22	190	1	3.15
2026-05-22	93	2	3
2026-05-22	155	2	0.85
2026-05-22	167	4	1.59
2026-05-22	114	3.144	4.5
2026-05-22	165	0.858	5
2026-05-22	193	4	2.5
2026-05-22	145	0.2	22.95
2026-05-22	94	1.218	2.85
2026-05-22	75	4	1.59
2026-05-22	103	0.416	2.19
2026-05-22	117	0.632	2.5
2026-05-22	224	1	0.99
2026-05-22	89	11.62	0.79
2026-05-22	94	1.765	2.85
2026-05-22	89	13.392	0.79
2026-05-22	95	2.205	2.39
2026-05-22	213	1	2.85
2026-05-22	96	1.188	2.5
2026-05-22	113	0.026	4.25
2026-05-22	109	0.587	2.59
2026-05-22	42	6.576	1.39
2026-05-22	44	1.64	1.75
2026-05-22	41	1.53	1.85
2026-05-22	125	1	2.35
2026-05-22	225	1	1.65
2026-05-22	135	0.456	12.95
2026-05-22	87	4	1.39
2026-05-22	127	2	2.49
2026-05-22	148	0.242	5.99
2026-05-22	190	2	3.15
2026-05-22	99	1.525	2.99
2026-05-22	128	1	2.25
2026-05-22	130	2	1.89
2026-05-22	71	2	1.99
2026-05-22	44	7.429	1.75
2026-05-22	39	1.985	3.99
2026-05-22	4	6	1.05
2026-05-22	65	2	1.45
2026-05-22	28	3	2.85
2026-05-22	121	7.969	1.29
2026-05-22	98	1.27	2.3
2026-05-22	94	2.719	2.85
2026-05-22	59	0.11	4
2026-05-22	250	0.331	2.39
2026-05-22	207	2	1.29
2026-05-22	194	2.025	2.75
2026-05-22	48	1	1.99
2026-05-22	199	3.438	2.19
2026-05-22	185	3	1.99
2026-05-22	165	0.652	5
2026-05-22	124	1.903	1.55
2026-05-22	165	1.402	5
2026-05-22	16	1.608	1.25
2026-05-22	139	0.311	14.95
2026-05-22	93	3	3
2026-05-22	46	0.383	3
2026-05-22	187	1.53	5.45
2026-05-22	105	2.051	1.75
2026-05-22	149	0.433	4.99
2026-05-22	62	1	1.85
2026-05-22	82	5	0.99
2026-05-22	97	0.286	1.75
2026-05-22	144	0.416	5.39
2026-05-22	196	1	3.15
2026-05-22	40	2	1.99
2026-05-22	190	1	3.15
2026-05-22	54	3	2.59
2026-05-22	30	2	1.89
2026-05-22	114	0.142	4.5
2026-05-22	213	1	2.85
2026-05-22	103	1.11	2.19
2026-05-22	208	3	0.95
2026-05-22	190	1	3.15
2026-05-22	17	1	1.69
2026-05-22	186	1	2.25
2026-05-22	43	5.486	1.79
2026-05-22	138	2.096	4.59
2026-05-22	146	0.471	14.39
2026-05-22	28	1	2.85
2026-05-22	78	4	1.09
2026-05-22	28	1	2.85
2026-05-22	76	12	0.79
2026-05-22	72	4	0.95
2026-05-22	19	1	2.5
2026-05-22	187	0.721	5.45
2026-05-22	76	5	0.79
2026-05-22	198	2.824	1.19
2026-05-22	39	1.085	3.99
2026-05-22	154	1	1.99
2026-05-22	124	4.432	1.55
2026-05-22	141	0.18	11.89
2026-05-22	52	14.303	0.99
2026-05-22	142	0.386	6.95
2026-05-22	101	3.867	3
2026-05-22	121	6.791	1.29
2026-05-22	194	2.615	2.75
2026-05-22	201	0.846	1.95
2026-05-22	100	0.483	2.69
2026-05-22	152	1	1.75
2026-05-22	107	3.176	1.99
2026-05-22	89	7.506	0.79
2026-05-22	95	1.092	2.39
2026-05-22	60	1	2.75
2026-05-22	166	2	2.45
2026-05-22	28	2	2.85
2026-05-22	53	1	2.59
2026-05-22	58	1.647	2.49
2026-05-22	211	3	1.15
2026-05-22	93	2	3
2026-05-22	162	1	1.19
2026-05-22	38	6.46	1.89
2026-05-22	134	0.301	14.75
2026-05-22	23	3	1.25
2026-05-22	24	1.437	1.19
2026-05-22	84	4	1.59
2026-05-22	91	15.29	0.69
2026-05-22	93	2	3
2026-05-22	101	2.253	3
2026-05-22	70	3	1.49
2026-05-22	31	0.536	5.69
2026-05-22	175	1	1.59
2026-05-22	111	3.109	1.75
2026-05-22	196	3	3.15
2026-05-22	215	1	2.79
2026-05-22	66	3	1.59
2026-05-23	194	5.011	2.75
2026-05-23	211	3	1.15
2026-05-23	130	5	1.89
2026-05-23	114	1.902	4.5
2026-05-23	226	2	1.35
2026-05-23	95	5.163	2.39
2026-05-23	146	0.179	14.39
2026-05-23	12	2.929	2.25
2026-05-23	76	13	0.79
2026-05-23	1	1	1.5
2026-05-23	52	0.677	0.99
2026-05-23	76	7	0.79
2026-05-23	155	2	0.85
2026-05-23	106	1.226	1.99
2026-05-23	42	6.806	1.39
2026-05-23	134	0.198	14.75
2026-05-23	74	1	2.35
2026-05-23	58	1.932	2.49
2026-05-23	92	6.674	0.89
2026-05-23	193	3	2.5
2026-05-23	93	1	3
2026-05-23	166	1	2.45
2026-05-23	121	11.403	1.29
2026-05-23	124	8.065	1.55
2026-05-23	122	0.084	2.99
2026-05-23	109	0.687	2.59
2026-05-23	218	7	1.39
2026-05-23	18	4.593	1.35
2026-05-23	185	1	1.99
2026-05-23	38	2.069	1.89
2026-05-23	201	0.995	1.95
2026-05-23	175	1	1.59
2026-05-23	213	2	2.85
2026-05-23	62	1	1.85
2026-05-23	194	0.502	2.75
2026-05-23	166	3	2.45
2026-05-23	124	3.89	1.55
2026-05-23	194	3.295	2.75
2026-05-23	187	0.332	5.45
2026-05-23	224	1	0.99
2026-05-23	107	3.724	1.99
2026-05-23	190	2	3.15
2026-05-23	236	1	2.95
2026-05-23	28	3	2.85
2026-05-23	149	0.509	4.99
2026-05-23	113	0.031	4.25
2026-05-23	66	2	1.59
2026-05-23	43	5.615	1.79
2026-05-23	81	6	1.25
2026-05-23	250	0.389	2.39
2026-05-23	153	1	1.99
2026-05-23	89	5.608	0.79
2026-05-23	193	2	2.5
2026-05-23	189	3	3.15
2026-05-23	194	1.658	2.75
2026-05-23	48	1	1.99
2026-05-23	101	2.137	3
2026-05-23	167	5	1.59
2026-05-23	215	1	2.79
2026-05-23	195	6	2.25
2026-05-23	89	16.608	0.79
2026-05-23	91	20.159	0.69
2026-05-23	98	1.487	2.3
2026-05-23	41	6.281	1.85
2026-05-23	69	6	1.25
2026-05-23	61	2	1.89
2026-05-23	121	7.233	1.29
2026-05-23	93	3	3
2026-05-23	56	3	3.49
2026-05-23	99	1.789	2.99
2026-05-23	101	2.083	3
2026-05-23	40	1	1.99
2026-05-23	84	7	1.59
2026-05-23	102	0.349	1.75
2026-05-23	114	2.74	4.5
2026-05-23	207	2	1.29
2026-05-23	222	1	2.75
2026-05-23	94	4.151	2.85
2026-05-23	140	0.62	12.95
2026-05-23	24	1.689	1.19
2026-05-23	112	2.772	2.59
2026-05-23	57	2	1.35
2026-05-23	249	1	2.29
2026-05-23	190	3	3.15
2026-05-23	93	2	3
2026-05-23	60	1	2.75
2026-05-23	79	6	1.55
2026-05-23	137	0.507	18.75
2026-05-23	49	1	3
2026-05-23	187	2.209	5.45
2026-05-23	135	0.551	12.95
2026-05-23	4	3	1.05
2026-05-23	39	1.905	3.99
2026-05-23	213	1	2.85
2026-05-23	219	3	0.99
2026-05-23	118	0.228	4
2026-05-23	121	3.132	1.29
2026-05-23	68	1	1.99
2026-05-23	225	1	1.65
2026-05-23	208	4	0.95
2026-05-23	146	0.762	14.39
2026-05-23	30	5	1.89
2026-05-23	73	3	1.49
2026-05-23	136	0.347	12.95
2026-05-23	28	2	2.85
2026-05-23	18	5.044	1.35
2026-05-23	165	1.724	5
2026-05-23	35	1	1.35
2026-05-23	114	2.349	4.5
2026-05-23	53	1	2.59
2026-05-23	77	2	2.35
2026-05-23	141	0.211	11.89
2026-05-23	121	2.791	1.29
2026-05-23	78	3	1.09
2026-05-23	101	1.827	3
2026-05-23	189	1	3.15
2026-05-23	69	2	1.25
2026-05-23	56	2	3.49
2026-05-23	195	1	2.25
2026-05-23	93	1	3
2026-05-23	196	1	3.15
2026-05-23	137	0.046	18.75
2026-05-23	196	2	3.15
2026-05-23	121	5.171	1.29
2026-05-23	12	1.391	2.25
2026-05-23	87	4	1.39
2026-05-23	152	1	1.75
2026-05-23	125	4	2.35
2026-05-23	68	1	1.99
2026-05-23	248	0.012	10.95
2026-05-23	196	1	3.15
2026-05-23	101	1.14	3
2026-05-23	154	1	1.99
2026-05-23	226	1	1.35
2026-05-23	71	2	1.99
2026-05-23	93	4	3
2026-05-23	93	4	3
2026-05-23	139	0.365	14.95
2026-05-23	9	4	0.85
2026-05-23	227	1	1.69
2026-05-23	197	4.467	2.25
2026-05-23	18	3.815	1.35
2026-05-23	11	2.868	3.95
2026-05-23	82	2	0.99
2026-05-23	27	2	2.59
2026-05-23	124	3.948	1.55
2026-05-23	96	1.488	2.5
2026-05-23	31	0.629	5.69
2026-05-23	100	0.569	2.69
2026-05-23	108	0.281	2.35
2026-05-23	133	1	1.49
2026-05-23	189	1	3.15
2026-05-23	205	1	3.65
2026-05-23	28	1	2.85
2026-05-23	42	1.856	1.39
2026-05-23	83	2.653	2.39
2026-05-23	199	4.037	2.19
2026-05-23	77	1	2.35
2026-05-23	80	1	2.99
2026-05-23	187	1.187	5.45
2026-05-23	70	3	1.49
2026-05-23	193	1	2.5
2026-05-23	105	1.891	1.75
2026-05-23	43	4	1.79
2026-05-23	166	3	2.45
2026-05-23	33	3.075	1.59
2026-05-23	93	2	3
2026-05-23	8	2	2.25
2026-05-23	125	1	2.35
2026-05-23	78	7	1.09
2026-05-23	127	2	2.49
2026-05-23	165	1.272	5
2026-05-23	44	1.554	1.75
2026-05-23	11	0.514	3.95
2026-05-23	138	0.375	4.59
2026-05-23	17	1	1.69
2026-05-23	3	1	1.45
2026-05-23	39	1.699	3.99
2026-05-23	209	2	1.19
2026-05-23	19	1	2.5
2026-05-23	127	3	2.49
2026-05-23	47	0.4	3
2026-05-23	178	0.827	3.29
2026-05-23	158	1	2.29
2026-05-23	48	1	1.99
2026-05-23	91	9.159	0.69
2026-05-23	38	4.624	1.89
2026-05-23	59	0.13	4
2026-05-23	197	3.52	2.25
2026-05-23	38	1.672	1.89
2026-05-23	28	2	2.85
2026-05-23	190	1	3.15
2026-05-23	23	2	1.25
2026-05-23	142	0.488	6.95
2026-05-23	127	1	2.49
2026-05-23	111	3.651	1.75
2026-05-23	66	2	1.59
2026-05-23	44	5.371	1.75
2026-05-23	41	1.351	1.85
2026-05-23	216	1	2.79
2026-05-23	206	1	1.95
2026-05-23	103	1.79	2.19
2026-05-23	146	0.139	14.39
2026-05-23	121	9.682	1.29
2026-05-23	55	2	2.99
2026-05-23	165	0.426	5
2026-05-23	33	2.956	1.59
2026-05-23	52	14.384	0.99
2026-05-23	46	0.45	3
2026-05-23	84	1	1.59
2026-05-23	33	1.308	1.59
2026-05-23	145	0.234	22.95
2026-05-23	54	1	2.59
2026-05-23	21	1	0.99
2026-05-23	138	2.085	4.59
2026-05-23	54	2	2.59
2026-05-23	4	3	1.05
2026-05-23	198	1.118	1.19
2026-05-23	72	5	0.95
2026-05-23	94	2.54	2.85
2026-05-23	23	2	1.25
2026-05-23	117	0.744	2.5
2026-05-23	186	1	2.25
2026-05-23	162	1	1.19
2026-05-23	196	1	3.15
2026-05-23	82	4	0.99
2026-05-23	134	0.265	14.75
2026-05-23	54	1	2.59
2026-05-23	146	0.192	14.39
2026-05-23	158	1	2.29
2026-05-23	144	0.486	5.39
2026-05-23	85	1	1.49
2026-05-23	44	2.566	1.75
2026-05-23	227	1	1.69
2026-05-23	93	4	3
2026-05-23	211	1	1.15
2026-05-23	190	4	3.15
2026-05-23	50	1	3
2026-05-23	43	4.212	1.79
2026-05-23	35	1	1.35
2026-05-23	89	12.949	0.79
2026-05-23	92	2.36	0.89
2026-05-23	134	0.303	14.75
2026-05-23	209	1	1.19
2026-05-23	114	2.358	4.5
2026-05-23	50	1	3
2026-05-23	106	6.729	1.99
2026-05-23	198	8.891	1.19
2026-05-23	148	0.284	5.99
2026-05-23	195	1	2.25
2026-05-23	95	1.51	2.39
2026-05-23	214	1	2.79
2026-05-23	44	5.389	1.75
2026-05-23	65	2	1.45
2026-05-23	16	1.896	1.25
2026-05-23	75	5	1.59
2026-05-23	128	1	2.25
2026-05-23	55	3	2.99
2026-05-23	185	3	1.99
2026-05-23	88	2.406	2.19
2026-05-23	105	0.509	1.75
2026-05-23	26	0.395	1.19
2026-05-23	89	3	0.79
2026-05-23	97	0.337	1.75
2026-05-23	52	12.707	0.99
2026-05-23	121	1.14	1.29
2026-05-23	83	0.979	2.39
2026-05-25	101	4.257	3
2026-05-25	124	1.8	1.55
2026-05-25	95	2.213	2.39
2026-05-25	226	1	1.35
2026-05-25	218	4	1.39
2026-05-25	124	2.665	1.55
2026-05-25	89	2.013	0.79
2026-05-25	57	1	1.35
2026-05-25	93	4	3
2026-05-25	28	1	2.85
2026-05-25	11	0.866	3.95
2026-05-25	93	1	3
2026-05-25	104	0.121	2.15
2026-05-25	99	1.06	2.99
2026-05-25	23	2	1.25
2026-05-25	70	2	1.49
2026-05-25	146	0.433	14.39
2026-05-25	225	1	1.65
2026-05-25	61	1	1.89
2026-05-25	113	0.019	4.25
2026-05-25	83	2.146	2.39
2026-05-25	43	7.095	1.79
2026-05-25	146	0.321	14.39
2026-05-25	197	4.298	2.25
2026-05-25	106	4.714	1.99
2026-05-25	211	2	1.15
2026-05-25	189	2	3.15
2026-05-25	91	6.275	0.69
2026-05-25	91	11.101	0.69
2026-05-25	72	3	0.95
2026-05-25	114	1.478	4.5
2026-05-25	56	3	3.49
2026-05-25	26	0.235	1.19
2026-05-25	17	1	1.69
2026-05-25	92	2.91	0.89
2026-05-25	27	1	2.59
2026-05-25	40	2	1.99
2026-05-25	155	1	0.85
2026-05-25	158	1	2.29
2026-05-25	93	2	3
2026-05-25	165	1.066	5
2026-05-25	55	3	2.99
2026-05-25	198	2.983	1.19
2026-05-25	199	2.393	2.19
2026-05-25	194	2.2	2.75
2026-05-25	114	0.629	4.5
2026-05-25	76	11	0.79
2026-05-25	122	0.05	2.99
2026-05-25	54	2	2.59
2026-05-25	114	1.133	4.5
2026-05-25	178	0.489	3.29
2026-05-25	114	1.833	4.5
2026-05-25	153	1	1.99
2026-05-25	154	1	1.99
2026-05-25	73	2	1.49
2026-05-25	158	1	2.29
2026-05-25	224	1	0.99
2026-05-25	19	1	2.5
2026-05-25	35	1	1.35
2026-05-25	162	1	1.19
2026-05-25	249	1	2.29
2026-05-25	148	0.169	5.99
2026-05-25	28	3	2.85
2026-05-25	209	1	1.19
2026-05-25	108	0.166	2.35
2026-05-25	216	1	2.79
2026-05-25	9	2	0.85
2026-05-25	121	6.535	1.29
2026-05-25	197	0.436	2.25
2026-05-25	137	0.222	18.75
2026-05-25	66	2	1.59
2026-05-25	79	1	1.55
2026-05-25	58	1.145	2.49
2026-05-25	52	0.535	0.99
2026-05-25	107	2.206	1.99
2026-05-25	205	1	3.65
2026-05-25	222	1	2.75
2026-05-25	130	3	1.89
2026-05-25	38	4.952	1.89
2026-05-25	135	0.327	12.95
2026-05-25	201	0.59	1.95
2026-05-25	248	0.007	10.95
2026-05-25	121	11.426	1.29
2026-05-25	105	1.423	1.75
2026-05-25	193	1	2.5
2026-05-25	167	3	1.59
2026-05-25	195	4	2.25
2026-05-25	76	1	0.79
2026-05-25	80	1	2.99
2026-05-25	44	5.434	1.75
2026-05-25	42	5.137	1.39
2026-05-25	127	2	2.49
2026-05-25	27	1	2.59
2026-05-25	187	2.211	5.45
2026-05-25	33	0.491	1.59
2026-05-25	134	0.402	14.75
2026-05-25	92	2.449	0.89
2026-05-25	48	1	1.99
2026-05-25	118	0.135	4
2026-05-25	195	1	2.25
2026-05-25	53	1	2.59
2026-05-25	49	1	3
2026-05-25	69	5	1.25
2026-05-25	88	1.429	2.19
2026-05-25	65	2	1.45
2026-05-25	117	0.44	2.5
2026-05-25	79	3	1.55
2026-05-25	18	7.97	1.35
2026-05-25	206	1	1.95
2026-05-25	77	1	2.35
2026-05-25	85	1	1.49
2026-05-25	215	1	2.79
2026-05-25	109	0.409	2.59
2026-05-25	227	1	1.69
2026-05-25	59	0.075	4
2026-05-25	16	1.12	1.25
2026-05-25	186	1	2.25
2026-05-25	8	1	2.25
2026-05-25	207	1	1.29
2026-05-25	250	0.23	2.39
2026-05-25	121	4.209	1.29
2026-05-25	124	4.168	1.55
2026-05-25	3	1	1.45
2026-05-25	89	7.785	0.79
2026-05-25	4	4	1.05
2026-05-25	136	0.205	12.95
2026-05-25	194	2.309	2.75
2026-05-25	46	0.267	3
2026-05-25	21	1	0.99
2026-05-25	145	0.139	22.95
2026-05-25	193	3	2.5
2026-05-25	1	1	1.5
2026-05-25	94	3.965	2.85
2026-05-25	189	1	3.15
2026-05-25	24	1	1.19
2026-05-25	114	0.467	4.5
2026-05-25	111	2.166	1.75
2026-05-25	82	4	0.99
2026-05-25	52	5.465	0.99
2026-05-25	103	1.059	2.19
2026-05-25	31	0.374	5.69
2026-05-25	23	1	1.25
2026-05-25	149	0.301	4.99
2026-05-25	194	1.687	2.75
2026-05-25	74	1	2.35
2026-05-25	71	1	1.99
2026-05-25	166	4	2.45
2026-05-25	100	0.338	2.69
2026-05-25	30	3	1.89
2026-05-25	196	3	3.15
2026-05-25	133	1	1.49
2026-05-25	41	4.524	1.85
2026-05-25	12	2.498	2.25
2026-05-25	198	2.95	1.19
2026-05-25	190	2	3.15
2026-05-25	95	1.745	2.39
2026-05-25	140	0.368	12.95
2026-05-25	121	1.86	1.29
2026-05-25	138	1.346	4.59
2026-05-25	213	2	2.85
2026-05-25	28	1	2.85
2026-05-25	141	0.125	11.89
2026-05-25	102	0.206	1.75
2026-05-25	87	2	1.39
2026-05-25	84	5	1.59
2026-05-25	96	0.88	2.5
2026-05-25	52	10.455	0.99
2026-05-25	127	1	2.49
2026-05-25	152	1	1.75
2026-05-25	139	0.216	14.95
2026-05-25	20	1	0.99
2026-05-25	87	1	1.39
2026-05-25	208	2	0.95
2026-05-25	190	3	3.15
2026-05-25	47	0.237	3
2026-05-25	226	1	1.35
2026-05-25	77	1	2.35
2026-05-25	62	1	1.85
2026-05-25	33	3.855	1.59
2026-05-25	236	1	2.95
2026-05-25	232	1	1.49
2026-05-25	138	0.113	4.59
2026-05-25	97	0.2	1.75
2026-05-25	78	6	1.09
2026-05-25	93	3	3
2026-05-25	142	0.289	6.95
2026-05-25	60	1	2.75
2026-05-25	124	0.787	1.55
2026-05-25	219	2	0.99
2026-05-25	50	1	3
2026-05-25	71	1	1.99
2026-05-25	190	1	3.15
2026-05-25	39	2.135	3.99
2026-05-25	137	0.105	18.75
2026-05-25	11	1.139	3.95
2026-05-25	93	1	3
2026-05-25	43	1.095	1.79
2026-05-25	128	1	2.25
2026-05-25	165	0.962	5
2026-05-25	89	12.823	0.79
2026-05-25	44	2.491	1.75
2026-05-25	209	1	1.19
2026-05-25	68	1	1.99
2026-05-25	144	0.288	5.39
2026-05-25	98	0.878	2.3
2026-05-25	134	0.052	14.75
2026-05-25	127	1	2.49
2026-05-25	112	1.664	2.59
2026-05-25	44	0.891	1.75
2026-05-25	214	1	2.79
2026-05-25	75	3	1.59
2026-05-25	93	2	3
2026-05-25	81	4	1.25
2026-05-25	185	2	1.99
2026-05-25	175	1	1.59
2026-05-25	125	3	2.35
2026-05-26	52	10.172	0.99
2026-05-26	84	5	1.59
2026-05-26	62	1	1.85
2026-05-26	201	0.626	1.95
2026-05-26	18	5.904	1.35
2026-05-26	101	1.11	3
2026-05-26	187	0.604	5.45
2026-05-26	44	5.394	1.75
2026-05-26	143	1	2.99
2026-05-26	35	1	1.35
2026-05-26	43	1.419	1.79
2026-05-26	162	1	1.19
2026-05-26	195	4	2.25
2026-05-26	166	3	2.45
2026-05-26	102	0.223	1.75
2026-05-26	20	1	0.99
2026-05-26	167	3	1.59
2026-05-26	66	2	1.59
2026-05-26	46	0.283	3
2026-05-26	114	0.644	4.5
2026-05-26	124	7.535	1.55
2026-05-26	134	0.482	14.75
2026-05-26	222	1	2.75
2026-05-26	30	3	1.89
2026-05-26	250	0.243	2.39
2026-05-26	199	2.539	2.19
2026-05-26	74	1	2.35
2026-05-26	121	1.729	1.29
2026-05-26	226	2	1.35
2026-05-26	127	1	2.49
2026-05-26	111	2.303	1.75
2026-05-26	21	1	0.99
2026-05-26	122	0.054	2.99
2026-05-26	138	1.551	4.59
2026-05-26	60	1	2.75
2026-05-26	198	6.303	1.19
2026-05-26	195	1	2.25
2026-05-26	127	2	2.49
2026-05-26	94	3.102	2.85
2026-05-26	27	1	2.59
2026-05-26	121	9.147	1.29
2026-05-26	61	1	1.89
2026-05-26	165	0.408	5
2026-05-26	76	13	0.79
2026-05-26	42	5.453	1.39
2026-05-26	55	2	2.99
2026-05-26	153	1	1.99
2026-05-26	208	3	0.95
2026-05-26	190	1	3.15
2026-05-26	130	3	1.89
2026-05-26	144	0.306	5.39
2026-05-26	248	0.007	10.95
2026-05-26	48	1	1.99
2026-05-26	205	1	3.65
2026-05-26	8	1	2.25
2026-05-26	139	0.229	14.95
2026-05-26	178	0.52	3.29
2026-05-26	117	0.468	2.5
2026-05-26	124	2.477	1.55
2026-05-26	152	1	1.75
2026-05-26	40	2	1.99
2026-05-26	207	1	1.29
2026-05-26	211	2	1.15
2026-05-26	194	1.607	2.75
2026-05-26	219	2	0.99
2026-05-26	4	4	1.05
2026-05-26	38	5.265	1.89
2026-05-26	105	1.514	1.75
2026-05-26	190	3	3.15
2026-05-26	81	4	1.25
2026-05-26	121	3.574	1.29
2026-05-26	128	1	2.25
2026-05-26	112	1.768	2.59
2026-05-26	101	0.953	3
2026-05-26	58	1.217	2.49
2026-05-26	194	1.247	2.75
2026-05-26	47	0.253	3
2026-05-26	137	0.348	18.75
2026-05-26	187	0.477	5.45
2026-05-26	236	1	2.95
2026-05-26	127	1	2.49
2026-05-26	145	0.147	22.95
2026-05-26	249	1	2.29
2026-05-26	146	0.581	14.39
2026-05-26	43	1.313	1.79
2026-05-26	89	8.051	0.79
2026-05-26	88	1.516	2.19
2026-05-26	89	5.532	0.79
2026-05-26	114	2.273	4.5
2026-05-26	121	4.527	1.29
2026-05-26	16	1.192	1.25
2026-05-26	158	1	2.29
2026-05-26	142	0.308	6.95
2026-05-26	135	0.347	12.95
2026-05-26	165	1.034	5
2026-05-26	141	0.133	11.89
2026-05-26	28	4	2.85
2026-05-26	158	1	2.29
2026-05-26	190	1	3.15
2026-05-26	23	3	1.25
2026-05-26	75	3	1.59
2026-05-26	98	0.935	2.3
2026-05-26	165	0.712	5
2026-05-26	71	1	1.99
2026-05-26	113	0.019	4.25
2026-05-26	193	4	2.5
2026-05-26	78	3	1.09
2026-05-26	118	0.145	4
2026-05-26	186	1	2.25
2026-05-26	196	1	3.15
2026-05-26	78	3	1.09
2026-05-26	44	3.977	1.75
2026-05-26	94	1.109	2.85
2026-05-26	43	0.95	1.79
2026-05-26	225	1	1.65
2026-05-26	71	1	1.99
2026-05-26	95	2.611	2.39
2026-05-26	54	2	2.59
2026-05-26	27	1	2.59
2026-05-26	140	0.391	12.95
2026-05-26	85	1	1.49
2026-05-26	56	1	3.49
2026-05-26	89	6.418	0.79
2026-05-26	190	2	3.15
2026-05-26	196	2	3.15
2026-05-26	146	0.22	14.39
2026-05-26	18	2.57	1.35
2026-05-26	216	1	2.79
2026-05-26	55	1	2.99
2026-05-26	50	1	3
2026-05-26	26	0.244	1.19
2026-05-26	213	2	2.85
2026-05-26	215	1	2.79
2026-05-26	39	0.511	3.99
2026-05-26	155	1	0.85
2026-05-26	224	1	0.99
2026-05-26	108	0.179	2.35
2026-05-26	214	1	2.79
2026-05-26	3	1	1.45
2026-05-26	187	0.818	5.45
2026-05-26	197	1.969	2.25
2026-05-26	48	1	1.99
2026-05-26	189	3	3.15
2026-05-26	59	0.08	4
2026-05-26	91	18.464	0.69
2026-05-26	70	2	1.49
2026-05-26	41	2.843	1.85
2026-05-26	73	2	1.49
2026-05-26	87	3	1.39
2026-05-26	194	3.524	2.75
2026-05-26	197	3.058	2.25
2026-05-26	77	2	2.35
2026-05-26	41	1.962	1.85
2026-05-26	209	2	1.19
2026-05-26	89	4.038	0.79
2026-05-26	106	5.01	1.99
2026-05-26	96	0.932	2.5
2026-05-26	56	1	3.49
2026-05-26	101	2.46	3
2026-05-26	1	1	1.5
2026-05-26	136	0.219	12.95
2026-05-26	227	1	1.69
2026-05-26	19	1	2.5
2026-05-26	57	1	1.35
2026-05-26	80	1	2.99
2026-05-26	185	2	1.99
2026-05-26	194	0.211	2.75
2026-05-26	79	4	1.55
2026-05-26	43	5.017	1.79
2026-05-26	100	0.357	2.69
2026-05-26	121	6.558	1.29
2026-05-26	83	1.427	2.39
2026-05-26	175	1	1.59
2026-05-26	52	7.313	0.99
2026-05-26	72	3	0.95
2026-05-26	99	1.127	2.99
2026-05-26	149	0.321	4.99
2026-05-26	57	1	1.35
2026-05-26	133	1	1.49
2026-05-26	65	2	1.45
2026-05-26	49	1	3
2026-05-26	53	1	2.59
2026-05-26	95	1.594	2.39
2026-05-26	31	0.397	5.69
2026-05-26	206	1	1.95
2026-05-26	93	5	3
2026-05-26	12	2.72	2.25
2026-05-26	69	5	1.25
2026-05-26	68	1	1.99
2026-05-26	154	1	1.99
2026-05-26	109	0.432	2.59
2026-05-26	107	2.347	1.99
2026-05-26	125	3	2.35
2026-05-26	17	1	1.69
2026-05-26	28	1	2.85
2026-05-26	97	0.211	1.75
2026-05-26	103	1.128	2.19
2026-05-26	82	4	0.99
2026-05-26	93	3	3
2026-05-26	56	1	3.49
2026-05-26	187	0.448	5.45
2026-05-26	39	1.757	3.99
2026-05-26	92	5.697	0.89
2026-05-26	114	2.969	4.5
2026-05-26	24	1.067	1.19
2026-05-26	9	2	0.85
2026-05-26	83	0.858	2.39
2026-05-26	204	1	3.09
2026-05-26	166	1	2.45
2026-05-26	148	0.179	5.99
2026-05-26	11	2.129	3.95
2026-05-26	93	5	3
2026-05-26	33	4.616	1.59
2026-05-26	218	4	1.39
2026-05-27	49	1	3
2026-05-27	224	1	0.99
2026-05-27	112	1.873	2.59
2026-05-27	94	1.358	2.85
2026-05-27	249	1	2.29
2026-05-27	165	0.574	5
2026-05-27	127	3	2.49
2026-05-27	91	7.87	0.69
2026-05-27	144	0.323	5.39
2026-05-27	213	2	2.85
2026-05-27	166	4	2.45
2026-05-27	26	0.261	1.19
2026-05-27	24	1.126	1.19
2026-05-27	125	1	2.35
2026-05-27	39	2.404	3.99
2026-05-27	28	5	2.85
2026-05-27	124	2.961	1.55
2026-05-27	103	1.192	2.19
2026-05-27	60	1	2.75
2026-05-27	196	3	3.15
2026-05-27	57	2	1.35
2026-05-27	93	1	3
2026-05-27	19	1	2.5
2026-05-27	206	1	1.95
2026-05-27	71	1	1.99
2026-05-27	95	2.498	2.39
2026-05-27	38	1.392	1.89
2026-05-27	187	1.472	5.45
2026-05-27	152	1	1.75
2026-05-27	40	2	1.99
2026-05-27	195	1	2.25
2026-05-27	189	1	3.15
2026-05-27	47	0.267	3
2026-05-27	95	1.954	2.39
2026-05-27	227	1	1.69
2026-05-27	93	3	3
2026-05-27	55	1	2.99
2026-05-27	4	4	1.05
2026-05-27	194	2.691	2.75
2026-05-27	44	1.371	1.75
2026-05-27	108	0.187	2.35
2026-05-27	134	0.043	14.75
2026-05-27	20	1	0.99
2026-05-27	91	6.406	0.69
2026-05-27	44	1.326	1.75
2026-05-27	121	9.767	1.29
2026-05-27	75	2	1.59
2026-05-27	61	1	1.89
2026-05-27	43	7.43	1.79
2026-05-27	167	3	1.59
2026-05-27	118	0.153	4
2026-05-27	190	1	3.15
2026-05-27	216	1	2.79
2026-05-27	56	1	3.49
2026-05-27	61	1	1.89
2026-05-27	81	4	1.25
2026-05-27	3	1	1.45
2026-05-27	44	1.754	1.75
2026-05-27	58	1.289	2.49
2026-05-27	117	0.496	2.5
2026-05-27	70	2	1.49
2026-05-27	89	15.848	0.79
2026-05-27	91	5.275	0.69
2026-05-27	225	1	1.65
2026-05-27	41	2.438	1.85
2026-05-27	141	0.14	11.89
2026-05-27	18	8.97	1.35
2026-05-27	111	2.434	1.75
2026-05-27	229	1	1.89
2026-05-27	11	1.727	3.95
2026-05-27	77	2	2.35
2026-05-27	52	9.485	0.99
2026-05-27	162	1	1.19
2026-05-27	83	2.418	2.39
2026-05-27	207	1	1.29
2026-05-27	130	1	1.89
2026-05-27	50	1	3
2026-05-27	199	2.689	2.19
2026-05-27	219	2	0.99
2026-05-27	42	3.007	1.39
2026-05-27	98	0.996	2.3
2026-05-27	128	1	2.25
2026-05-27	193	2	2.5
2026-05-27	102	0.234	1.75
2026-05-27	69	6	1.25
2026-05-27	113	0.021	4.25
2026-05-27	68	1	1.99
2026-05-27	27	1	2.59
2026-05-27	38	2.169	1.89
2026-05-27	11	0.529	3.95
2026-05-27	93	4	3
2026-05-27	205	1	3.65
2026-05-27	185	2	1.99
2026-05-27	12	2.876	2.25
2026-05-27	204	1	3.09
2026-05-27	92	3.213	0.89
2026-05-27	114	1.147	4.5
2026-05-27	137	0.369	18.75
2026-05-27	82	1	0.99
2026-05-27	154	1	1.99
2026-05-27	114	1.58	4.5
2026-05-27	97	0.223	1.75
2026-05-27	8	1	2.25
2026-05-27	194	1.676	2.75
2026-05-27	148	0.19	5.99
2026-05-27	42	2.77	1.39
2026-05-27	138	1.405	4.59
2026-05-27	178	0.553	3.29
2026-05-27	190	3	3.15
2026-05-27	30	3	1.89
2026-05-27	84	4	1.59
2026-05-27	46	0.3	3
2026-05-27	121	1.465	1.29
2026-05-27	48	1	1.99
2026-05-27	114	1.493	4.5
2026-05-27	146	0.254	14.39
2026-05-27	62	1	1.85
2026-05-27	121	5.178	1.29
2026-05-27	93	1	3
2026-05-27	149	0.339	4.99
2026-05-27	125	2	2.35
2026-05-27	23	3	1.25
2026-05-27	100	0.379	2.69
2026-05-27	79	4	1.55
2026-05-27	106	5.302	1.99
2026-05-27	140	0.414	12.95
2026-05-27	59	0.085	4
2026-05-27	122	0.054	2.99
2026-05-27	82	3	0.99
2026-05-27	127	1	2.49
2026-05-27	88	0.662	2.19
2026-05-27	214	1	2.79
2026-05-27	41	2.649	1.85
2026-05-27	165	0.316	5
2026-05-27	142	0.325	6.95
2026-05-27	33	4.893	1.59
2026-05-27	160	1	1.8
2026-05-27	186	1	2.25
2026-05-27	16	1.264	1.25
2026-05-27	65	2	1.45
2026-05-27	187	1.015	5.45
2026-05-27	124	5.69	1.55
2026-05-27	139	0.243	14.95
2026-05-27	143	1	2.99
2026-05-27	53	1	2.59
2026-05-27	66	1	1.59
2026-05-27	203	1	2.89
2026-05-27	107	2.126	1.99
2026-05-27	121	2.233	1.29
2026-05-27	27	1	2.59
2026-05-27	136	0.231	12.95
2026-05-27	208	3	0.95
2026-05-27	175	1	1.59
2026-05-27	226	2	1.35
2026-05-27	1	1	1.5
2026-05-27	133	1	1.49
2026-05-27	38	2.016	1.89
2026-05-27	165	1.388	5
2026-05-27	248	0.008	10.95
2026-05-27	201	0.662	1.95
2026-05-27	250	0.259	2.39
2026-05-27	89	9.595	0.79
2026-05-27	222	1	2.75
2026-05-27	78	7	1.09
2026-05-27	96	0.992	2.5
2026-05-27	55	2	2.99
2026-05-27	236	1	2.95
2026-05-27	56	2	3.49
2026-05-27	56	1	3.49
2026-05-27	114	1.718	4.5
2026-05-27	21	1	0.99
2026-05-27	93	3	3
2026-05-27	130	3	1.89
2026-05-27	73	2	1.49
2026-05-27	135	0.368	12.95
2026-05-27	198	6.681	1.19
2026-05-27	88	0.945	2.19
2026-05-27	94	3.102	2.85
2026-05-27	52	2.828	0.99
2026-05-27	207	1	1.29
2026-05-27	158	2	2.29
2026-05-27	146	0.595	14.39
2026-05-27	202	1	3.15
2026-05-27	99	1.194	2.99
2026-05-27	85	1	1.49
2026-05-27	105	1.6	1.75
2026-05-27	80	1	2.99
2026-05-27	54	2	2.59
2026-05-27	194	2.604	2.75
2026-05-27	9	3	0.85
2026-05-27	17	1	1.69
2026-05-27	231	1	1.39
2026-05-27	153	1	1.99
2026-05-27	197	2.476	2.25
2026-05-27	93	2	3
2026-05-27	138	0.235	4.59
2026-05-27	121	5.101	1.29
2026-05-27	66	2	1.59
2026-05-27	190	2	3.15
2026-05-27	124	1.955	1.55
2026-05-27	70	1	1.49
2026-05-27	157	1	3.55
2026-05-27	110	1	3
2026-05-27	49	1	3
2026-05-27	218	5	1.39
2026-05-27	48	1	1.99
2026-05-27	76	14	0.79
2026-05-27	101	4.653	3
2026-05-27	211	2	1.15
2026-05-27	44	5.469	1.75
2026-05-27	121	3.295	1.29
2026-05-27	75	1	1.59
2026-05-27	193	2	2.5
2026-05-27	155	1	0.85
2026-05-27	215	1	2.79
2026-05-27	209	2	1.19
2026-05-27	84	1	1.59
2026-05-27	52	6.202	0.99
2026-05-27	166	1	2.45
2026-05-27	134	0.467	14.75
2026-05-27	74	1	2.35
2026-05-27	87	3	1.39
2026-05-27	109	0.459	2.59
2026-05-27	195	4	2.25
2026-05-27	114	0.296	4.5
2026-05-27	197	2.849	2.25
2026-05-27	92	2.809	0.89
2026-05-27	145	0.138	22.95
2026-05-27	35	1	1.35
2026-05-27	190	1	3.15
2026-05-27	189	2	3.15
2026-05-27	43	1.788	1.79
2026-05-27	107	0.357	1.99
2026-05-27	185	1	1.99
2026-05-27	72	3	0.95
2026-05-27	31	0.42	5.69
2026-05-27	167	1	1.59
2026-05-27	71	1	1.99
2026-05-28	199	2.84	2.19
2026-05-28	137	0.097	18.75
2026-05-28	57	2	1.35
2026-05-28	144	0.343	5.39
2026-05-28	20	1	0.99
2026-05-28	121	4.767	1.29
2026-05-28	72	1	0.95
2026-05-28	3	1	1.45
2026-05-28	249	1	2.29
2026-05-28	47	0.283	3
2026-05-28	187	1.683	5.45
2026-05-28	138	1.732	4.59
2026-05-28	31	0.443	5.69
2026-05-28	89	7.418	0.79
2026-05-28	203	1	2.89
2026-05-28	127	2	2.49
2026-05-28	190	1	3.15
2026-05-28	66	1	1.59
2026-05-28	170	1	1.29
2026-05-28	28	3	2.85
2026-05-28	114	1.062	4.5
2026-05-28	11	2.137	3.95
2026-05-28	111	2.571	1.75
2026-05-28	221	1	2.35
2026-05-28	211	2	1.15
2026-05-28	54	1	2.59
2026-05-28	137	0.292	18.75
2026-05-28	205	1	3.65
2026-05-28	110	1	3
2026-05-28	186	1	2.25
2026-05-28	94	0.656	2.85
2026-05-28	83	2.552	2.39
2026-05-28	24	1.193	1.19
2026-05-28	78	4	1.09
2026-05-28	48	1	1.99
2026-05-28	207	2	1.29
2026-05-28	195	2	2.25
2026-05-28	39	2.291	3.99
2026-05-28	81	1	1.25
2026-05-28	91	8.348	0.69
2026-05-28	194	1.215	2.75
2026-05-28	68	1	1.99
2026-05-28	140	0.091	12.95
2026-05-28	162	1	1.19
2026-05-28	145	0.054	22.95
2026-05-28	128	1	2.25
2026-05-28	198	2.882	1.19
2026-05-28	17	1	1.69
2026-05-28	118	0.16	4
2026-05-28	124	2.929	1.55
2026-05-28	60	1	2.75
2026-05-28	117	0.524	2.5
2026-05-28	71	1	1.99
2026-05-28	140	0.345	12.95
2026-05-28	114	2.751	4.5
2026-05-28	52	6.677	0.99
2026-05-28	44	2.863	1.75
2026-05-28	28	1	2.85
2026-05-28	96	1.048	2.5
2026-05-28	50	1	3
2026-05-28	200	1	2.25
2026-05-28	38	3.847	1.89
2026-05-28	73	2	1.49
2026-05-28	87	3	1.39
2026-05-28	148	0.2	5.99
2026-05-28	185	2	1.99
2026-05-28	42	1.504	1.39
2026-05-28	91	3.13	0.69
2026-05-28	136	0.244	12.95
2026-05-28	227	1	1.69
2026-05-28	12	2.44	2.25
2026-05-28	77	2	2.35
2026-05-28	99	1.261	2.99
2026-05-28	106	2.171	1.99
2026-05-28	114	1.284	4.5
2026-05-28	197	4.924	2.25
2026-05-28	209	2	1.19
2026-05-28	95	2.059	2.39
2026-05-28	190	1	3.15
2026-05-28	23	3	1.25
2026-05-28	109	0.486	2.59
2026-05-28	100	0.401	2.69
2026-05-28	59	0.09	4
2026-05-28	92	6.36	0.89
2026-05-28	157	1	3.55
2026-05-28	135	0.348	12.95
2026-05-28	4	5	1.05
2026-05-28	149	0.359	4.99
2026-05-28	224	1	0.99
2026-05-28	194	0.531	2.75
2026-05-28	127	1	2.49
2026-05-28	219	2	0.99
2026-05-28	26	0.277	1.19
2026-05-28	130	1	1.89
2026-05-28	54	2	2.59
2026-05-28	38	2.042	1.89
2026-05-28	102	0.246	1.75
2026-05-28	107	2.623	1.99
2026-05-28	41	4.178	1.85
2026-05-28	11	0.243	3.95
2026-05-28	113	0.021	4.25
2026-05-28	187	0.585	5.45
2026-05-28	93	3	3
2026-05-28	42	2.849	1.39
2026-05-28	19	1	2.5
2026-05-28	196	2	3.15
2026-05-28	8	1	2.25
2026-05-28	88	1.694	2.19
2026-05-28	166	2	2.45
2026-05-28	79	2	1.55
2026-05-28	48	1	1.99
2026-05-28	196	1	3.15
2026-05-28	75	3	1.59
2026-05-28	44	2.017	1.75
2026-05-28	213	2	2.85
2026-05-28	121	1.38	1.29
2026-05-28	218	5	1.39
2026-05-28	43	5.419	1.79
2026-05-28	12	0.6	2.25
2026-05-28	56	1	3.49
2026-05-28	18	9.222	1.35
2026-05-28	114	1.48	4.5
2026-05-28	41	1.195	1.85
2026-05-28	93	3	3
2026-05-28	121	8.752	1.29
2026-05-28	167	4	1.59
2026-05-28	16	1.328	1.25
2026-05-28	8	1	2.25
2026-05-28	89	6.392	0.79
2026-05-28	146	0.18	14.39
2026-05-28	76	14	0.79
2026-05-28	56	3	3.49
2026-05-28	93	3	3
2026-05-28	21	1	0.99
2026-05-28	81	4	1.25
2026-05-28	195	3	2.25
2026-05-28	139	0.257	14.95
2026-05-28	49	1	3
2026-05-28	130	3	1.89
2026-05-28	49	1	3
2026-05-28	112	1.977	2.59
2026-05-28	121	6.488	1.29
2026-05-28	197	0.693	2.25
2026-05-28	155	1	0.85
2026-05-28	93	1	3
2026-05-28	33	1.604	1.59
2026-05-28	30	1	1.89
2026-05-28	127	1	2.49
2026-05-28	154	1	1.99
2026-05-28	91	9.145	0.69
2026-05-28	145	0.112	22.95
2026-05-28	250	0.272	2.39
2026-05-28	53	1	2.59
2026-05-28	65	2	1.45
2026-05-28	35	1	1.35
2026-05-28	194	4.644	2.75
2026-05-28	43	4.313	1.79
2026-05-28	146	0.716	14.39
2026-05-28	46	0.317	3
2026-05-28	201	0.697	1.95
2026-05-28	30	2	1.89
2026-05-28	141	0.149	11.89
2026-05-28	9	3	0.85
2026-05-28	193	2	2.5
2026-05-28	98	0.996	2.3
2026-05-28	175	1	1.59
2026-05-28	134	0.539	14.75
2026-05-28	178	0.584	3.29
2026-05-28	55	1	2.99
2026-05-28	193	2	2.5
2026-05-28	42	1.748	1.39
2026-05-28	84	1	1.59
2026-05-28	1	1	1.5
2026-05-28	121	7.147	1.29
2026-05-28	101	1.293	3
2026-05-28	93	3	3
2026-05-28	33	3.56	1.59
2026-05-28	231	1	1.39
2026-05-28	165	2.408	5
2026-05-28	206	1	1.95
2026-05-28	84	5	1.59
2026-05-28	214	1	2.79
2026-05-28	185	1	1.99
2026-05-28	158	2	2.29
2026-05-28	208	3	0.95
2026-05-28	52	2.121	0.99
2026-05-28	198	4.168	1.19
2026-05-28	78	3	1.09
2026-05-28	105	1.28	1.75
2026-05-28	105	0.411	1.75
2026-05-28	122	0.057	2.99
2026-05-28	61	1	1.89
2026-05-28	55	3	2.99
2026-05-28	135	0.039	12.95
2026-05-28	215	1	2.79
2026-05-28	80	1	2.99
2026-05-28	124	4.406	1.55
2026-05-28	72	3	0.95
2026-05-28	40	2	1.99
2026-05-28	108	0.2	2.35
2026-05-28	93	1	3
2026-05-28	97	0.234	1.75
2026-05-28	166	3	2.45
2026-05-28	70	3	1.49
2026-05-28	69	6	1.25
2026-05-28	194	0.975	2.75
2026-05-28	236	1	2.95
2026-05-28	190	3	3.15
2026-05-28	39	0.246	3.99
2026-05-28	71	1	1.99
2026-05-28	74	1	2.35
2026-05-28	62	1	1.85
2026-05-28	204	1	3.09
2026-05-28	143	1	2.99
2026-05-28	189	3	3.15
2026-05-28	95	2.64	2.39
2026-05-28	61	1	1.89
2026-05-28	125	3	2.35
2026-05-28	222	1	2.75
2026-05-28	160	1	1.8
2026-05-28	248	0.008	10.95
2026-05-28	44	5.594	1.75
2026-05-28	58	1.361	2.49
2026-05-28	94	2.119	2.85
2026-05-28	101	3.76	3
2026-05-28	94	1.933	2.85
2026-05-28	103	1.26	2.19
2026-05-28	159	1	1.8
2026-05-28	106	3.427	1.99
2026-05-28	82	5	0.99
2026-05-28	52	10.747	0.99
2026-05-28	66	2	1.59
2026-05-28	225	1	1.65
2026-05-28	153	1	1.99
2026-05-28	85	1	1.49
2026-05-28	27	2	2.59
2026-05-28	202	1	3.15
2026-05-28	247	1	1.99
2026-05-28	79	2	1.55
2026-05-28	89	13.051	0.79
2026-05-28	226	2	1.35
2026-05-28	28	1	2.85
2026-05-28	28	1	2.85
2026-05-28	187	0.354	5.45
2026-05-28	133	1	1.49
2026-05-28	124	3.858	1.55
2026-05-28	216	1	2.79
2026-05-28	142	0.344	6.95
2026-05-28	152	1	1.75
2026-05-28	93	1	3
2026-05-28	190	2	3.15
2026-05-29	88	1.041	2.19
2026-05-29	76	6	0.79
2026-05-29	193	2	2.5
2026-05-29	4	6	1.05
2026-05-29	143	1	2.99
2026-05-29	166	2	2.45
2026-05-29	118	0.195	4
2026-05-29	113	0.026	4.25
2026-05-29	203	1	2.89
2026-05-29	9	3	0.85
2026-05-29	68	1	1.99
2026-05-29	84	1	1.59
2026-05-29	85	1	1.49
2026-05-29	18	3.548	1.35
2026-05-29	135	0.469	12.95
2026-05-29	78	1	1.09
2026-05-29	122	0.07	2.99
2026-05-29	201	0.846	1.95
2026-05-29	145	0.2	22.95
2026-05-29	196	2	3.15
2026-05-29	18	7.911	1.35
2026-05-29	137	0.125	18.75
2026-05-29	48	1	1.99
2026-05-29	161	1	1.25
2026-05-29	213	2	2.85
2026-05-29	20	1	0.99
2026-05-29	43	2.933	1.79
2026-05-29	154	1	1.99
2026-05-29	11	1.549	3.95
2026-05-29	111	3.109	1.75
2026-05-29	93	1	3
2026-05-29	12	1.387	2.25
2026-05-29	30	2	1.89
2026-05-29	248	0.01	10.95
2026-05-29	19	1	2.5
2026-05-29	121	1.07	1.29
2026-05-29	43	2.922	1.79
2026-05-29	12	2.293	2.25
2026-05-29	98	1.27	2.3
2026-05-29	41	1.589	1.85
2026-05-29	127	3	2.49
2026-05-29	33	4.478	1.59
2026-05-29	44	2.063	1.75
2026-05-29	39	3.07	3.99
2026-05-29	76	11	0.79
2026-05-29	106	2.774	1.99
2026-05-29	217	1	1.59
2026-05-29	149	0.433	4.99
2026-05-29	46	0.383	3
2026-05-29	60	1	2.75
2026-05-29	166	2	2.45
2026-05-29	73	3	1.49
2026-05-29	121	4.163	1.29
2026-05-29	208	3	0.95
2026-05-29	91	5.812	0.69
2026-05-29	137	0.039	18.75
2026-05-29	141	0.18	11.89
2026-05-29	42	5.187	1.39
2026-05-29	231	1	1.39
2026-05-29	38	7.026	1.89
2026-05-29	40	1	1.99
2026-05-29	247	1	1.99
2026-05-29	250	0.331	2.39
2026-05-29	28	1	2.85
2026-05-29	74	1	2.35
2026-05-29	194	4.8	2.75
2026-05-29	202	1	3.15
2026-05-29	89	11.101	0.79
2026-05-29	227	1	1.69
2026-05-29	94	1.056	2.85
2026-05-29	121	7.302	1.29
2026-05-29	198	4.857	1.19
2026-05-29	102	0.297	1.75
2026-05-29	187	0.424	5.45
2026-05-29	100	0.483	2.69
2026-05-29	124	5.213	1.55
2026-05-29	175	1	1.59
2026-05-29	62	1	1.85
2026-05-29	121	5.62	1.29
2026-05-29	52	10.788	0.99
2026-05-29	70	2	1.49
2026-05-29	94	3.004	2.85
2026-05-29	195	1	2.25
2026-05-29	114	0.542	4.5
2026-05-29	124	4.361	1.55
2026-05-29	222	1	2.75
2026-05-29	78	8	1.09
2026-05-29	214	1	2.79
2026-05-29	83	2.632	2.39
2026-05-29	28	1	2.85
2026-05-29	42	2.194	1.39
2026-05-29	187	1.316	5.45
2026-05-29	24	1.437	1.19
2026-05-29	157	1	3.55
2026-05-29	221	1	2.35
2026-05-29	52	3.293	0.99
2026-05-29	11	1.332	3.95
2026-05-29	23	3	1.25
2026-05-29	8	2	2.25
2026-05-29	82	5	0.99
2026-05-29	114	1.371	4.5
2026-05-29	114	2.978	4.5
2026-05-29	130	2	1.89
2026-05-29	219	2	0.99
2026-05-29	31	0.536	5.69
2026-05-29	110	1	3
2026-05-29	216	1	2.79
2026-05-29	218	6	1.39
2026-05-29	213	1	2.85
2026-05-29	23	1	1.25
2026-05-29	84	2	1.59
2026-05-29	225	1	1.65
2026-05-29	54	1	2.59
2026-05-29	49	1	3
2026-05-29	97	0.286	1.75
2026-05-29	93	2	3
2026-05-29	190	3	3.15
2026-05-29	148	0.242	5.99
2026-05-29	93	5	3
2026-05-29	165	0.494	5
2026-05-29	43	2.525	1.79
2026-05-29	211	3	1.15
2026-05-29	35	1	1.35
2026-05-29	236	1	2.95
2026-05-29	165	2.42	5
2026-05-29	160	1	1.8
2026-05-29	94	1.642	2.85
2026-05-29	125	4	2.35
2026-05-29	69	3	1.25
2026-05-29	190	2	3.15
2026-05-29	91	18.826	0.69
2026-05-29	83	0.456	2.39
2026-05-29	54	1	2.59
2026-05-29	197	3.684	2.25
2026-05-29	69	4	1.25
2026-05-29	139	0.311	14.95
2026-05-29	40	2	1.99
2026-05-29	224	1	0.99
2026-05-29	133	1	1.49
2026-05-29	185	3	1.99
2026-05-29	146	0.855	14.39
2026-05-29	249	1	2.29
2026-05-29	112	2.39	2.59
2026-05-29	158	2	2.29
2026-05-29	153	1	1.99
2026-05-29	17	1	1.69
2026-05-29	89	6.127	0.79
2026-05-29	197	3.124	2.25
2026-05-29	56	1	3.49
2026-05-29	101	2.093	3
2026-05-29	205	1	3.65
2026-05-29	108	0.243	2.35
2026-05-29	41	2.984	1.85
2026-05-29	117	0.632	2.5
2026-05-29	167	4	1.59
2026-05-29	146	0.229	14.39
2026-05-29	144	0.416	5.39
2026-05-29	155	2	0.85
2026-05-29	142	0.416	6.95
2026-05-29	95	1.067	2.39
2026-05-29	195	3	2.25
2026-05-29	53	1	2.59
2026-05-29	152	1	1.75
2026-05-29	58	1.647	2.49
2026-05-29	136	0.285	12.95
2026-05-29	30	2	1.89
2026-05-29	138	2.096	4.59
2026-05-29	193	3	2.5
2026-05-29	81	5	1.25
2026-05-29	215	1	2.79
2026-05-29	56	3	3.49
2026-05-29	226	2	1.35
2026-05-29	132	1	1.25
2026-05-29	71	2	1.99
2026-05-29	137	0.187	18.75
2026-05-29	77	2	2.35
2026-05-29	57	2	1.35
2026-05-29	49	1	3
2026-05-29	93	2	3
2026-05-29	84	4	1.59
2026-05-29	85	1	1.49
2026-05-29	54	1	2.59
2026-05-29	89	11.797	0.79
2026-05-29	134	0.653	14.75
2026-05-29	178	0.705	3.29
2026-05-29	96	1.268	2.5
2026-05-29	114	1.62	4.5
2026-05-29	166	2	2.45
2026-05-29	33	1.774	1.59
2026-05-29	95	4.615	2.39
2026-05-29	170	1	1.29
2026-05-29	28	5	2.85
2026-05-29	103	1.525	2.19
2026-05-29	190	3	3.15
2026-05-29	206	1	1.95
2026-05-29	128	1	2.25
2026-05-29	53	1	2.59
2026-05-29	93	1	3
2026-05-29	93	5	3
2026-05-29	44	1.4	1.75
2026-05-29	209	2	1.19
2026-05-29	92	7.697	0.89
2026-05-29	220	1	2.75
2026-05-29	44	1.474	1.75
2026-05-29	27	2	2.59
2026-05-29	207	2	1.29
2026-05-29	3	1	1.45
2026-05-29	50	1	3
2026-05-29	127	2	2.49
2026-05-29	130	2	1.89
2026-05-29	107	3.176	1.99
2026-05-29	70	1	1.49
2026-05-29	55	1	2.99
2026-05-29	43	3.402	1.79
2026-05-29	55	3	2.99
2026-05-29	75	2	1.59
2026-05-29	186	1	2.25
2026-05-29	105	2.051	1.75
2026-05-29	162	1	1.19
2026-05-29	114	1.453	4.5
2026-05-29	47	0.343	3
2026-05-29	26	0.336	1.19
2026-05-29	1	1	1.5
2026-05-29	75	2	1.59
2026-05-29	121	8.798	1.29
2026-05-29	72	4	0.95
2026-05-29	200	1	2.25
2026-05-29	196	2	3.15
2026-05-29	88	1.014	2.19
2026-05-29	59	0.11	4
2026-05-29	140	0.528	12.95
2026-05-29	16	1.608	1.25
2026-05-29	198	3.681	1.19
2026-05-29	80	1	2.99
2026-05-29	190	1	3.15
2026-05-29	61	2	1.89
2026-05-29	89	3.494	0.79
2026-05-29	189	4	3.15
2026-05-29	194	4.116	2.75
2026-05-29	214	1	2.79
2026-05-29	41	1.93	1.85
2026-05-29	87	4	1.39
2026-05-29	109	0.587	2.59
2026-05-29	137	0.118	18.75
2026-05-29	199	3.438	2.19
2026-05-29	195	3	2.25
2026-05-29	79	5	1.55
2026-05-29	124	3.942	1.55
2026-05-29	65	2	1.45
2026-05-29	187	1.437	5.45
2026-05-29	44	7.749	1.75
2026-05-29	101	4.027	3
2026-05-29	21	1	0.99
2026-05-29	204	1	3.09
2026-05-29	159	1	1.8
2026-05-29	99	0.803	2.99
2026-05-29	93	2	3
2026-05-29	121	7.589	1.29
2026-05-29	99	0.722	2.99
2026-05-29	52	9.576	0.99
2026-05-29	106	4.005	1.99
2026-05-29	66	3	1.59
2026-05-30	137	0.554	18.75
2026-05-30	127	2	2.49
2026-05-30	95	1.552	2.39
2026-05-30	59	0.138	4
2026-05-30	194	2.658	2.75
2026-05-30	155	2	0.85
2026-05-30	165	2.952	5
2026-05-30	76	8	0.79
2026-05-30	107	2.025	1.99
2026-05-30	8	2	2.25
2026-05-30	218	6	1.39
2026-05-30	197	0.289	2.25
2026-05-30	211	1	1.15
2026-05-30	130	4	1.89
2026-05-30	189	2	3.15
2026-05-30	161	1	1.25
2026-05-30	82	6	0.99
2026-05-30	23	4	1.25
2026-05-30	28	2	2.85
2026-05-30	201	1.015	1.95
2026-05-30	132	1	1.25
2026-05-30	124	1.316	1.55
2026-05-30	70	4	1.49
2026-05-30	28	1	2.85
2026-05-30	138	0.919	4.59
2026-05-30	53	1	2.59
2026-05-30	223	1	2.15
2026-05-30	124	9.581	1.55
2026-05-30	214	1	2.79
2026-05-30	17	1	1.69
2026-05-30	20	1	0.99
2026-05-30	44	4.8	1.75
2026-05-30	73	3	1.49
2026-05-30	43	5.939	1.79
2026-05-30	211	3	1.15
2026-05-30	52	9.566	0.99
2026-05-30	114	2.804	4.5
2026-05-30	189	1	3.15
2026-05-30	21	1	0.99
2026-05-30	47	0.4	3
2026-05-30	42	1.892	1.39
2026-05-30	71	2	1.99
2026-05-30	217	1	1.59
2026-05-30	3	1	1.45
2026-05-30	216	1	2.79
2026-05-30	91	6.638	0.69
2026-05-30	28	1	2.85
2026-05-30	162	1	1.19
2026-05-30	166	3	2.45
2026-05-30	187	0.532	5.45
2026-05-30	157	1	3.55
2026-05-30	105	1.006	1.75
2026-05-30	1	1	1.5
2026-05-30	18	9.17	1.35
2026-05-30	124	1.045	1.55
2026-05-30	38	4.82	1.89
2026-05-30	222	1	2.75
2026-05-30	225	1	1.65
2026-05-30	158	1	2.29
2026-05-30	68	1	1.99
2026-05-30	146	0.174	14.39
2026-05-30	50	1	3
2026-05-30	125	3	2.35
2026-05-30	160	1	1.8
2026-05-30	121	3.07	1.29
2026-05-30	69	7	1.25
2026-05-30	118	0.233	4
2026-05-30	170	1	1.29
2026-05-30	39	2.546	3.99
2026-05-30	39	1.063	3.99
2026-05-30	91	6.928	0.69
2026-05-30	143	1	2.99
2026-05-30	100	0.584	2.69
2026-05-30	224	1	0.99
2026-05-30	121	3.341	1.29
2026-05-30	146	0.893	14.39
2026-05-30	38	3.529	1.89
2026-05-30	221	1	2.35
2026-05-30	93	3	3
2026-05-30	76	12	0.79
2026-05-30	57	2	1.35
2026-05-30	166	3	2.45
2026-05-30	196	1	3.15
2026-05-30	93	5	3
2026-05-30	79	1	1.55
2026-05-30	41	2.092	1.85
2026-05-30	11	2.542	3.95
2026-05-30	218	1	1.39
2026-05-30	167	5	1.59
2026-05-30	85	2	1.49
2026-05-30	80	1	2.99
2026-05-30	121	6.473	1.29
2026-05-30	87	4	1.39
2026-05-30	103	1.758	2.19
2026-05-30	186	1	2.25
2026-05-30	159	1	1.8
2026-05-30	145	0.074	22.95
2026-05-30	106	4.945	1.99
2026-05-30	54	3	2.59
2026-05-30	89	11.127	0.79
2026-05-30	43	7.196	1.79
2026-05-30	102	0.366	1.75
2026-05-30	196	3	3.15
2026-05-30	33	0.535	1.59
2026-05-30	30	5	1.89
2026-05-30	189	2	3.15
2026-05-30	166	1	2.45
2026-05-30	144	0.486	5.39
2026-05-30	194	3.331	2.75
2026-05-30	84	7	1.59
2026-05-30	89	3.494	0.79
2026-05-30	194	4.484	2.75
2026-05-30	178	0.833	3.29
2026-05-30	16	1.904	1.25
2026-05-30	94	0.818	2.85
2026-05-30	50	1	3
2026-05-30	153	1	1.99
2026-05-30	250	0.402	2.39
2026-05-30	61	1	1.89
2026-05-30	113	0.035	4.25
2026-05-30	35	1	1.35
2026-05-30	49	1	3
2026-05-30	158	1	2.29
2026-05-30	138	1.115	4.59
2026-05-30	44	3.72	1.75
2026-05-30	33	6.868	1.59
2026-05-30	187	1.563	5.45
2026-05-30	227	1	1.69
2026-05-30	128	1	2.25
2026-05-30	48	2	1.99
2026-05-30	31	0.457	5.69
2026-05-30	42	1.489	1.39
2026-05-30	93	2	3
2026-05-30	195	3	2.25
2026-05-30	31	0.176	5.69
2026-05-30	18	4.141	1.35
2026-05-30	106	1.347	1.99
2026-05-30	149	0.511	4.99
2026-05-30	24	1.714	1.19
2026-05-30	206	1	1.95
2026-05-30	4	6	1.05
2026-05-30	139	0.363	14.95
2026-05-30	74	1	2.35
2026-05-30	220	1	2.75
2026-05-30	52	6.222	0.99
2026-05-30	193	1	2.5
2026-05-30	198	3.739	1.19
2026-05-30	79	4	1.55
2026-05-30	203	1	2.89
2026-05-30	158	1	2.29
2026-05-30	165	0.462	5
2026-05-30	26	0.361	1.19
2026-05-30	226	2	1.35
2026-05-30	122	0.07	2.99
2026-05-30	56	2	3.49
2026-05-30	236	1	2.95
2026-05-30	66	4	1.59
2026-05-30	197	4.244	2.25
2026-05-30	101	1.583	3
2026-05-30	249	1	2.29
2026-05-30	60	1	2.75
2026-05-30	55	1	2.99
2026-05-30	12	2.467	2.25
2026-05-30	125	1	2.35
2026-05-30	72	5	0.95
2026-05-30	213	2	2.85
2026-05-30	46	0.44	3
2026-05-30	154	1	1.99
2026-05-30	91	15.797	0.69
2026-05-30	127	2	2.49
2026-05-30	81	6	1.25
2026-05-30	193	3	2.5
2026-05-30	78	4	1.09
2026-05-30	185	3	1.99
2026-05-30	121	5.38	1.29
2026-05-30	52	5.061	0.99
2026-05-30	227	1	1.69
2026-05-30	195	1	2.25
2026-05-30	93	4	3
2026-05-30	121	4.202	1.29
2026-05-30	208	4	0.95
2026-05-30	142	0.481	6.95
2026-05-30	58	1.916	2.49
2026-05-30	65	2	1.45
2026-05-30	187	1.172	5.45
2026-05-30	19	1	2.5
2026-05-30	93	1	3
2026-05-30	200	1	2.25
2026-05-30	219	3	0.99
2026-05-30	106	1.673	1.99
2026-05-30	121	6.643	1.29
2026-05-30	140	0.621	12.95
2026-05-30	195	3	2.25
2026-05-30	93	2	3
2026-05-30	190	4	3.15
2026-05-30	187	0.393	5.45
2026-05-30	124	4.013	1.55
2026-05-30	204	1	3.09
2026-05-30	11	0.843	3.95
2026-05-30	105	1.4	1.75
2026-05-30	97	0.349	1.75
2026-05-30	190	2	3.15
2026-05-30	207	2	1.29
2026-05-30	175	1	1.59
2026-05-30	94	4.54	2.85
2026-05-30	41	1.114	1.85
2026-05-30	75	5	1.59
2026-05-30	65	1	1.45
2026-05-30	127	1	2.49
2026-05-30	146	0.207	14.39
2026-05-30	9	3	0.85
2026-05-30	95	5.113	2.39
2026-05-30	111	1.617	1.75
2026-05-30	195	1	2.25
2026-05-30	68	1	1.99
2026-05-30	114	2.296	4.5
2026-05-30	138	0.427	4.59
2026-05-30	190	3	3.15
2026-05-30	226	1	1.35
2026-05-30	89	15.734	0.79
2026-05-30	121	11.465	1.29
2026-05-30	205	1	3.65
2026-05-30	185	1	1.99
2026-05-30	77	2	2.35
2026-05-30	79	1	1.55
2026-05-30	141	0.212	11.89
2026-05-30	198	3.748	1.19
2026-05-30	44	6.44	1.75
2026-05-30	148	0.289	5.99
2026-05-30	43	0.704	1.79
2026-05-30	101	0.907	3
2026-05-30	12	1.853	2.25
2026-05-30	56	3	3.49
2026-05-30	42	5.273	1.39
2026-05-30	54	1	2.59
2026-05-30	248	0.005	10.95
2026-05-30	111	2.023	1.75
2026-05-30	145	0.161	22.95
2026-05-30	9	1	0.85
2026-05-30	62	1	1.85
2026-05-30	93	1	3
2026-05-30	112	2.803	2.59
2026-05-30	198	2.521	1.19
2026-05-30	77	1	2.35
2026-05-30	88	2.411	2.19
2026-05-30	196	1	3.15
2026-05-30	127	1	2.49
2026-05-30	53	1	2.59
2026-05-30	28	4	2.85
2026-05-30	52	6.96	0.99
2026-05-30	49	1	3
2026-05-30	69	1	1.25
2026-05-30	193	2	2.5
2026-05-30	133	1	1.49
2026-05-30	107	1.698	1.99
2026-05-30	130	1	1.89
2026-05-30	190	1	3.15
2026-05-30	98	1.487	2.3
2026-05-30	117	0.74	2.5
2026-05-30	209	1	1.19
2026-05-30	41	4.438	1.85
2026-05-30	135	0.552	12.95
2026-05-30	134	0.772	14.75
2026-05-30	247	1	1.99
2026-05-30	89	7.797	0.79
2026-05-30	215	1	2.79
2026-05-30	152	1	1.75
2026-05-30	92	9	0.89
2026-05-30	35	1	1.35
2026-05-30	231	1	1.39
2026-05-30	209	2	1.19
2026-05-30	84	1	1.59
2026-05-30	108	0.277	2.35
2026-05-30	202	1	3.15
2026-05-30	101	4.71	3
2026-05-30	125	1	2.35
2026-05-30	199	4.009	2.19
2026-05-30	40	1	1.99
2026-05-30	61	1	1.89
2026-05-30	197	3.462	2.25
2026-05-30	109	0.691	2.59
2026-05-30	99	1.799	2.99
2026-05-30	96	1.48	2.5
2026-05-30	114	2.84	4.5
2026-05-30	27	2	2.59
2026-05-30	110	1	3
2026-05-30	114	1.396	4.5
2026-05-30	213	1	2.85
2026-05-30	78	4	1.09
2026-05-30	136	0.34	12.95
2026-05-30	94	1.34	2.85
2026-05-30	83	3.619	2.39
2026-05-30	93	3	3
2026-05-30	78	2	1.09
2026-06-01	189	2	3.15
2026-06-01	130	4	1.89
2026-06-01	23	1	1.25
2026-06-01	114	1.524	4.5
2026-06-01	66	2	1.59
2026-06-01	139	0.219	14.95
2026-06-01	199	2.443	2.19
2026-06-01	187	0.161	5.45
2026-06-01	121	1.558	1.29
2026-06-01	134	0.409	14.75
2026-06-01	4	4	1.05
2026-06-01	91	5.71	0.69
2026-06-01	167	1	1.59
2026-06-01	125	3	2.35
2026-06-01	82	4	0.99
2026-06-01	71	1	1.99
2026-06-01	190	1	3.15
2026-06-01	101	2.613	3
2026-06-01	43	5.38	1.79
2026-06-01	11	2.041	3.95
2026-06-01	136	0.208	12.95
2026-06-01	39	1.995	3.99
2026-06-01	52	11.465	0.99
2026-06-01	185	2	1.99
2026-06-01	111	2.206	1.75
2026-06-01	57	1	1.35
2026-06-01	101	0.717	3
2026-06-01	91	4.971	0.69
2026-06-01	55	2	2.99
2026-06-01	52	4.596	0.99
2026-06-01	89	11.633	0.79
2026-06-01	93	2	3
2026-06-01	77	1	2.35
2026-06-01	121	3.38	1.29
2026-06-01	218	4	1.39
2026-06-01	140	0.373	12.95
2026-06-01	121	2.915	1.29
2026-06-01	33	2.887	1.59
2026-06-01	194	5.32	2.75
2026-06-01	118	0.138	4
2026-06-01	84	5	1.59
2026-06-01	146	0.767	14.39
2026-06-01	89	3.228	0.79
2026-06-01	198	6.034	1.19
2026-06-01	93	4	3
2026-06-01	91	6.928	0.69
2026-06-01	189	1	3.15
2026-06-01	73	2	1.49
2026-06-01	190	1	3.15
2026-06-01	72	4	0.95
2026-06-01	40	1	1.99
2026-06-01	88	1.447	2.19
2026-06-01	44	4.211	1.75
2026-06-01	196	2	3.15
2026-06-01	95	1.121	2.39
2026-06-01	77	1	2.35
2026-06-01	49	1	3
2026-06-01	53	1	2.59
2026-06-01	155	1	0.85
2026-06-01	56	1	3.49
2026-06-01	97	0.2	1.75
2026-06-01	78	5	1.09
2026-06-01	103	1.078	2.19
2026-06-01	137	0.297	18.75
2026-06-01	138	0.373	4.59
2026-06-01	95	1.787	2.39
2026-06-01	213	1	2.85
2026-06-01	24	1.017	1.19
2026-06-01	134	0.052	14.75
2026-06-01	137	0.035	18.75
2026-06-01	52	0.657	0.99
2026-06-01	124	1.394	1.55
2026-06-01	47	0.24	3
2026-06-01	41	4.605	1.85
2026-06-01	201	0.6	1.95
2026-06-01	69	3	1.25
2026-06-01	193	3	2.5
2026-06-01	31	0.38	5.69
2026-06-01	148	0.172	5.99
2026-06-01	76	12	0.79
2026-06-01	141	0.127	11.89
2026-06-01	55	1	2.99
2026-06-01	38	5.026	1.89
2026-06-01	21	2	0.99
2026-06-01	127	1	2.49
2026-06-01	145	0.14	22.95
2026-06-01	121	10.597	1.29
2026-06-01	149	0.307	4.99
2026-06-01	187	2.079	5.45
2026-06-01	44	4.743	1.75
2026-06-01	124	3.355	1.55
2026-06-01	94	4.025	2.85
2026-06-01	98	0.891	2.3
2026-06-01	87	3	1.39
2026-06-01	112	1.683	2.59
2026-06-01	209	1	1.19
2026-06-01	196	1	3.15
2026-06-01	58	1.165	2.49
2026-06-01	79	4	1.55
2026-06-01	166	4	2.45
2026-06-01	248	0.007	10.95
2026-06-01	16	1.136	1.25
2026-06-01	9	3	0.85
2026-06-01	107	2.251	1.99
2026-06-01	117	0.448	2.5
2026-06-01	8	1	2.25
2026-06-01	39	0.17	3.99
2026-06-01	35	1	1.35
2026-06-01	178	0.498	3.29
2026-06-01	59	0.078	4
2026-06-01	208	2	0.95
2026-06-01	226	1	1.35
2026-06-01	108	0.17	2.35
2026-06-01	93	1	3
2026-06-01	28	1	2.85
2026-06-01	197	2.707	2.25
2026-06-01	158	1	2.29
2026-06-01	93	1	3
2026-06-01	26	0.235	1.19
2026-06-01	194	0.982	2.75
2026-06-01	105	1.44	1.75
2026-06-01	75	3	1.59
2026-06-01	190	1	3.15
2026-06-01	190	3	3.15
2026-06-01	43	2.939	1.79
2026-06-01	113	0.019	4.25
2026-06-01	114	1.711	4.5
2026-06-01	89	3.671	0.79
2026-06-01	12	2.591	2.25
2026-06-01	158	1	2.29
2026-06-01	224	2	0.99
2026-06-01	195	4	2.25
2026-06-01	93	4	3
2026-06-01	48	1	1.99
2026-06-01	226	1	1.35
2026-06-01	61	1	1.89
2026-06-01	207	1	1.29
2026-06-01	127	1	2.49
2026-06-01	100	0.342	2.69
2026-06-01	81	4	1.25
2026-06-01	106	4.794	1.99
2026-06-01	209	1	1.19
2026-06-01	99	1.08	2.99
2026-06-01	165	2.058	5
2026-06-01	102	0.211	1.75
2026-06-01	92	5.438	0.89
2026-06-01	65	1	1.45
2026-06-01	193	1	2.5
2026-06-01	69	2	1.25
2026-06-01	28	4	2.85
2026-06-01	109	0.413	2.59
2026-06-01	122	0.05	2.99
2026-06-01	121	5.969	1.29
2026-06-01	30	3	1.89
2026-06-01	89	4.456	0.79
2026-06-01	135	0.331	12.95
2026-06-01	23	2	1.25
2026-06-01	138	1.109	4.59
2026-06-01	144	0.291	5.39
2026-06-01	96	0.816	2.5
2026-06-01	18	8.089	1.35
2026-06-01	93	1	3
2026-06-01	211	2	1.15
2026-06-01	219	2	0.99
2026-06-01	78	1	1.09
2026-06-01	85	1	1.49
2026-06-01	214	1	2.79
2026-06-01	42	0.576	1.39
2026-06-01	70	2	1.49
2026-06-01	114	2.391	4.5
2026-06-01	71	1	1.99
2026-06-01	33	1.528	1.59
2026-06-01	95	1.117	2.39
2026-06-01	83	2.18	2.39
2026-06-01	250	0.234	2.39
2026-06-01	101	0.99	3
2026-06-01	167	2	1.59
2026-06-01	195	1	2.25
2026-06-01	42	4.647	1.39
2026-06-01	54	1	2.59
2026-06-01	197	2.089	2.25
2026-06-01	127	2	2.49
2026-06-01	124	4.819	1.55
2026-06-01	46	0.27	3
2026-06-01	142	0.292	6.95
2026-06-02	127	1	2.49
2026-06-02	96	0.956	2.5
2026-06-02	140	0.397	12.95
2026-06-02	18	2.237	1.35
2026-06-02	127	1	2.49
2026-06-02	125	3	2.35
2026-06-02	196	2	3.15
2026-06-02	75	3	1.59
2026-06-02	44	7.977	1.75
2026-06-02	87	3	1.39
2026-06-02	42	0.978	1.39
2026-06-02	97	0.217	1.75
2026-06-02	121	1.961	1.29
2026-06-02	187	0.361	5.45
2026-06-02	165	2.186	5
2026-06-02	65	2	1.45
2026-06-02	35	1	1.35
2026-06-02	44	1.537	1.75
2026-06-02	77	1	2.35
2026-06-02	100	0.364	2.69
2026-06-02	211	2	1.15
2026-06-02	137	0.307	18.75
2026-06-02	201	0.636	1.95
2026-06-02	56	2	3.49
2026-06-02	121	7.907	1.29
2026-06-02	193	1	2.5
2026-06-02	94	2.821	2.85
2026-06-02	24	1.084	1.19
2026-06-02	52	3.808	0.99
2026-06-02	124	1.929	1.55
2026-06-02	12	2.751	2.25
2026-06-02	91	7.029	0.69
2026-06-02	99	1.147	2.99
2026-06-02	141	0.135	11.89
2026-06-02	139	0.233	14.95
2026-06-02	218	4	1.39
2026-06-02	224	2	0.99
2026-06-02	33	4.233	1.59
2026-06-02	83	2.318	2.39
2026-06-02	105	1.531	1.75
2026-06-02	136	0.221	12.95
2026-06-02	190	1	3.15
2026-06-02	31	0.404	5.69
2026-06-02	43	5.525	1.79
2026-06-02	194	4.964	2.75
2026-06-02	52	8.354	0.99
2026-06-02	79	4	1.55
2026-06-02	146	0.288	14.39
2026-06-02	39	2.301	3.99
2026-06-02	134	0.291	14.75
2026-06-02	18	4.652	1.35
2026-06-02	197	1.809	2.25
2026-06-02	84	5	1.59
2026-06-02	219	2	0.99
2026-06-02	198	4.244	1.19
2026-06-02	148	0.182	5.99
2026-06-02	9	2	0.85
2026-06-02	137	0.046	18.75
2026-06-02	114	2.433	4.5
2026-06-02	166	4	2.45
2026-06-02	26	0.252	1.19
2026-06-02	108	0.179	2.35
2026-06-02	95	3.071	2.39
2026-06-02	114	0.953	4.5
2026-06-02	190	1	3.15
2026-06-02	11	1.534	3.95
2026-06-02	73	2	1.49
2026-06-02	76	13	0.79
2026-06-02	134	0.199	14.75
2026-06-02	158	1	2.29
2026-06-02	33	0.459	1.59
2026-06-02	135	0.351	12.95
2026-06-02	167	2	1.59
2026-06-02	190	1	3.15
2026-06-02	40	1	1.99
2026-06-02	196	1	3.15
2026-06-02	109	0.44	2.59
2026-06-02	189	2	3.15
2026-06-02	199	2.594	2.19
2026-06-02	113	0.02	4.25
2026-06-02	71	1	1.99
2026-06-02	145	0.149	22.95
2026-06-02	214	1	2.79
2026-06-02	101	0.563	3
2026-06-02	122	0.054	2.99
2026-06-02	187	2.02	5.45
2026-06-02	158	1	2.29
2026-06-02	95	1.205	2.39
2026-06-02	55	1	2.99
2026-06-02	57	1	1.35
2026-06-02	91	11.681	0.69
2026-06-02	59	0.083	4
2026-06-02	107	2.392	1.99
2026-06-02	38	5.339	1.89
2026-06-02	55	2	2.99
2026-06-02	127	1	2.49
2026-06-02	82	4	0.99
2026-06-02	92	5.775	0.89
2026-06-02	250	0.247	2.39
2026-06-02	208	3	0.95
2026-06-02	138	1.575	4.59
2026-06-02	213	2	2.85
2026-06-02	78	2	1.09
2026-06-02	52	3.909	0.99
2026-06-02	93	1	3
2026-06-02	178	0.529	3.29
2026-06-02	30	3	1.89
2026-06-02	167	1	1.59
2026-06-02	142	0.311	6.95
2026-06-02	189	1	3.15
2026-06-02	54	2	2.59
2026-06-02	46	0.287	3
2026-06-02	93	4	3
2026-06-02	89	12.101	0.79
2026-06-02	78	4	1.09
2026-06-02	190	2	3.15
2026-06-02	185	2	1.99
2026-06-02	118	0.145	4
2026-06-02	98	0.943	2.3
2026-06-02	11	0.633	3.95
2026-06-02	88	1.534	2.19
2026-06-02	52	1.687	0.99
2026-06-02	66	2	1.59
2026-06-02	21	2	0.99
2026-06-02	48	1	1.99
2026-06-02	117	0.476	2.5
2026-06-02	248	0.007	10.95
2026-06-02	121	6.395	1.29
2026-06-02	197	2.631	2.25
2026-06-02	195	2	2.25
2026-06-02	149	0.325	4.99
2026-06-02	121	9.69	1.29
2026-06-02	48	1	1.99
2026-06-02	114	2.591	4.5
2026-06-02	198	2.176	1.19
2026-06-02	72	4	0.95
2026-06-02	195	3	2.25
2026-06-02	42	4.568	1.39
2026-06-02	49	1	3
2026-06-02	94	1.456	2.85
2026-06-02	8	1	2.25
2026-06-02	71	1	1.99
2026-06-02	102	0.223	1.75
2026-06-02	41	4.795	1.85
2026-06-02	70	2	1.49
2026-06-02	16	1.208	1.25
2026-06-02	127	1	2.49
2026-06-02	226	1	1.35
2026-06-02	112	1.788	2.59
2026-06-02	155	1	0.85
2026-06-02	61	1	1.89
2026-06-02	58	1.237	2.49
2026-06-02	194	1.735	2.75
2026-06-02	146	0.527	14.39
2026-06-02	209	1	1.19
2026-06-02	101	4.03	3
2026-06-02	93	1	3
2026-06-02	106	5.09	1.99
2026-06-02	130	3	1.89
2026-06-02	111	2.343	1.75
2026-06-02	4	4	1.05
2026-06-02	28	1	2.85
2026-06-02	93	4	3
2026-06-02	218	1	1.39
2026-06-02	69	5	1.25
2026-06-02	47	0.257	3
2026-06-02	89	12.329	0.79
2026-06-02	57	1	1.35
2026-06-02	144	0.31	5.39
2026-06-02	23	3	1.25
2026-06-02	85	1	1.49
2026-06-02	93	4	3
2026-06-02	43	3.313	1.79
2026-06-02	53	1	2.59
2026-06-02	124	8.232	1.55
2026-06-02	18	1.696	1.35
2026-06-02	207	1	1.29
2026-06-02	207	1	1.29
2026-06-02	103	1.142	2.19
2026-06-02	190	2	3.15
2026-06-02	81	4	1.25
2026-06-02	197	0.658	2.25
2026-06-03	33	1.459	1.59
2026-06-03	49	1	3
2026-06-03	226	1	1.35
2026-06-03	227	1	1.69
2026-06-03	121	4.496	1.29
2026-06-03	75	3	1.59
2026-06-03	8	1	2.25
2026-06-03	146	0.212	14.39
2026-06-03	78	7	1.09
2026-06-03	142	0.329	6.95
2026-06-03	11	2.294	3.95
2026-06-03	111	2.48	1.75
2026-06-03	190	3	3.15
2026-06-03	178	0.559	3.29
2026-06-03	140	0.42	12.95
2026-06-03	94	0.509	2.85
2026-06-03	145	0.042	22.95
2026-06-03	89	9.038	0.79
2026-06-03	79	1	1.55
2026-06-03	196	2	3.15
2026-06-03	125	3	2.35
2026-06-03	33	3.509	1.59
2026-06-03	108	0.191	2.35
2026-06-03	12	0.933	2.25
2026-06-03	107	2.533	1.99
2026-06-03	57	1	1.35
2026-06-03	218	5	1.39
2026-06-03	114	1.087	4.5
2026-06-03	9	3	0.85
2026-06-03	148	0.192	5.99
2026-06-03	195	4	2.25
2026-06-03	187	1.119	5.45
2026-06-03	105	1.623	1.75
2026-06-03	117	0.504	2.5
2026-06-03	54	1	2.59
2026-06-03	124	9.652	1.55
2026-06-03	48	1	1.99
2026-06-03	55	2	2.99
2026-06-03	54	2	2.59
2026-06-03	93	3	3
2026-06-03	114	1.507	4.5
2026-06-03	39	1.145	3.99
2026-06-03	250	0.264	2.39
2026-06-03	44	3.84	1.75
2026-06-03	146	0.376	14.39
2026-06-03	189	1	3.15
2026-06-03	109	0.467	2.59
2026-06-03	138	0.673	4.59
2026-06-03	113	0.021	4.25
2026-06-03	185	2	1.99
2026-06-03	40	1	1.99
2026-06-03	23	1	1.25
2026-06-03	44	6.234	1.75
2026-06-03	193	3	2.5
2026-06-03	81	4	1.25
2026-06-03	94	2.6	2.85
2026-06-03	137	0.373	18.75
2026-06-03	114	0.998	4.5
2026-06-03	30	3	1.89
2026-06-03	167	1	1.59
2026-06-03	73	2	1.49
2026-06-03	208	3	0.95
2026-06-03	99	1.214	2.99
2026-06-03	187	0.563	5.45
2026-06-03	103	1.21	2.19
2026-06-03	101	4.81	3
2026-06-03	12	1.978	2.25
2026-06-03	121	8.093	1.29
2026-06-03	52	10.677	0.99
2026-06-03	93	2	3
2026-06-03	31	0.429	5.69
2026-06-03	201	0.672	1.95
2026-06-03	219	2	0.99
2026-06-03	47	0.273	3
2026-06-03	61	1	1.89
2026-06-03	224	1	0.99
2026-06-03	197	1.129	2.25
2026-06-03	87	3	1.39
2026-06-03	121	4.984	1.29
2026-06-03	66	2	1.59
2026-06-03	100	0.387	2.69
2026-06-03	55	1	2.99
2026-06-03	49	1	3
2026-06-03	207	1	1.29
2026-06-03	28	1	2.85
2026-06-03	52	8.131	0.99
2026-06-03	121	9.543	1.29
2026-06-03	144	0.328	5.39
2026-06-03	94	1.421	2.85
2026-06-03	65	2	1.45
2026-06-03	43	2.765	1.79
2026-06-03	197	4.271	2.25
2026-06-03	141	0.143	11.89
2026-06-03	21	1	0.99
2026-06-03	139	0.247	14.95
2026-06-03	146	0.275	14.39
2026-06-03	93	3	3
2026-06-03	145	0.115	22.95
2026-06-03	70	1	1.49
2026-06-03	53	1	2.59
2026-06-03	4	4	1.05
2026-06-03	79	3	1.55
2026-06-03	158	1	2.29
2026-06-03	85	1	1.49
2026-06-03	76	8	0.79
2026-06-03	134	0.519	14.75
2026-06-03	68	1	1.99
2026-06-03	195	1	2.25
2026-06-03	138	0.993	4.59
2026-06-03	69	6	1.25
2026-06-03	112	1.896	2.59
2026-06-03	185	1	1.99
2026-06-03	166	3	2.45
2026-06-03	46	0.303	3
2026-06-03	61	1	1.89
2026-06-03	93	2	3
2026-06-03	130	1	1.89
2026-06-03	214	1	2.79
2026-06-03	28	4	2.85
2026-06-03	89	8.608	0.79
2026-06-03	155	1	0.85
2026-06-03	58	1.309	2.49
2026-06-03	59	0.088	4
2026-06-03	66	1	1.59
2026-06-03	135	0.372	12.95
2026-06-03	136	0.234	12.95
2026-06-03	56	1	3.49
2026-06-03	56	3	3.49
2026-06-03	198	6.529	1.19
2026-06-03	51	0.13	2
2026-06-03	55	1	2.99
2026-06-03	43	6.592	1.79
2026-06-03	92	6.135	0.89
2026-06-03	93	2	3
2026-06-03	72	4	0.95
2026-06-03	98	1	2.3
2026-06-03	24	1.143	1.19
2026-06-03	38	4.296	1.89
2026-06-03	167	2	1.59
2026-06-03	199	2.749	2.19
2026-06-03	91	16.696	0.69
2026-06-03	193	1	2.5
2026-06-03	39	0.609	3.99
2026-06-03	118	0.155	4
2026-06-03	82	4	0.99
2026-06-03	76	6	0.79
2026-06-03	77	1	2.35
2026-06-03	42	5.878	1.39
2026-06-03	166	1	2.45
2026-06-03	211	2	1.15
2026-06-03	114	1.987	4.5
2026-06-03	91	3.116	0.69
2026-06-03	130	3	1.89
2026-06-03	89	8.241	0.79
2026-06-03	18	8.963	1.35
2026-06-03	95	4.414	2.39
2026-06-03	248	0.008	10.95
2026-06-03	93	2	3
2026-06-03	122	0.057	2.99
2026-06-03	124	1.11	1.55
2026-06-03	26	0.269	1.19
2026-06-03	102	0.234	1.75
2026-06-03	190	2	3.15
2026-06-03	97	0.229	1.75
2026-06-03	83	1.377	2.39
2026-06-03	35	1	1.35
2026-06-03	39	0.682	3.99
2026-06-03	127	1	2.49
2026-06-03	207	1	1.29
2026-06-03	167	1	1.59
2026-06-03	194	2.887	2.75
2026-06-03	88	1.626	2.19
2026-06-03	41	5.016	1.85
2026-06-03	190	2	3.15
2026-06-03	187	0.839	5.45
2026-06-03	8	1	2.25
2026-06-03	165	2.314	5
2026-06-03	194	1.022	2.75
2026-06-03	213	2	2.85
2026-06-03	70	2	1.49
2026-06-03	71	1	1.99
2026-06-03	23	2	1.25
2026-06-03	209	1	1.19
2026-06-03	106	5.392	1.99
2026-06-03	38	1.36	1.89
2026-06-03	96	1.012	2.5
2026-06-03	114	0.751	4.5
2026-06-03	194	3.178	2.75
2026-06-03	48	1	1.99
2026-06-03	83	1.075	2.39
2026-06-03	196	1	3.15
2026-06-03	77	1	2.35
2026-06-03	16	1.28	1.25
2026-06-03	84	5	1.59
2026-06-03	149	0.345	4.99
2026-06-03	166	1	2.45
2026-06-04	211	1	1.15
2026-06-04	93	4	3
2026-06-04	8	1	2.25
2026-06-04	28	3	2.85
2026-06-04	113	0.022	4.25
2026-06-04	208	3	0.95
2026-06-04	139	0.261	14.95
2026-06-04	49	1	3
2026-06-04	41	2.524	1.85
2026-06-04	41	0.492	1.85
2026-06-04	33	5.245	1.59
2026-06-04	48	1	1.99
2026-06-04	82	5	0.99
2026-06-04	106	3.714	1.99
2026-06-04	112	2	2.59
2026-06-04	100	0.405	2.69
2026-06-04	102	0.251	1.75
2026-06-04	24	1.21	1.19
2026-06-04	224	1	0.99
2026-06-04	124	7.329	1.55
2026-06-04	95	0.565	2.39
2026-06-04	193	3	2.5
2026-06-04	190	1	3.15
2026-06-04	134	0.071	14.75
2026-06-04	27	1	2.59
2026-06-04	30	1	1.89
2026-06-04	93	1	3
2026-06-04	39	1.687	3.99
2026-06-04	28	1	2.85
2026-06-04	114	1.909	4.5
2026-06-04	71	1	1.99
2026-06-04	213	2	2.85
2026-06-04	185	1	1.99
2026-06-04	218	5	1.39
2026-06-04	209	1	1.19
2026-06-04	134	0.252	14.75
2026-06-04	55	2	2.99
2026-06-04	98	1.057	2.3
2026-06-04	30	3	1.89
2026-06-04	16	1.352	1.25
2026-06-04	248	0.008	10.95
2026-06-04	94	3.726	2.85
2026-06-04	114	1.698	4.5
2026-06-04	73	2	1.49
2026-06-04	194	2.269	2.75
2026-06-04	85	1	1.49
2026-06-04	66	3	1.59
2026-06-04	84	1	1.59
2026-06-04	226	1	1.35
2026-06-04	185	2	1.99
2026-06-04	114	0.818	4.5
2026-06-04	135	0.392	12.95
2026-06-04	79	4	1.55
2026-06-04	42	2.058	1.39
2026-06-04	87	3	1.39
2026-06-04	93	3	3
2026-06-04	27	1	2.59
2026-06-04	89	11.392	0.79
2026-06-04	52	11.525	0.99
2026-06-04	99	1.281	2.99
2026-06-04	43	6.397	1.79
2026-06-04	196	2	3.15
2026-06-04	146	0.284	14.39
2026-06-04	107	1.754	1.99
2026-06-04	114	2.256	4.5
2026-06-04	127	4	2.49
2026-06-04	117	0.532	2.5
2026-06-04	69	6	1.25
2026-06-04	4	5	1.05
2026-06-04	49	1	3
2026-06-04	142	0.348	6.95
2026-06-04	26	0.277	1.19
2026-06-04	43	3.436	1.79
2026-06-04	109	0.494	2.59
2026-06-04	18	3.311	1.35
2026-06-04	148	0.204	5.99
2026-06-04	194	1.658	2.75
2026-06-04	106	1.975	1.99
2026-06-04	124	2.206	1.55
2026-06-04	55	1	2.99
2026-06-04	162	1	1.19
2026-06-04	190	1	3.15
2026-06-04	61	1	1.89
2026-06-04	59	0.093	4
2026-06-04	178	0.593	3.29
2026-06-04	189	1	3.15
2026-06-04	53	1	2.59
2026-06-04	58	1.382	2.49
2026-06-04	140	0.166	12.95
2026-06-04	190	1	3.15
2026-06-04	105	1.714	1.75
2026-06-04	70	3	1.49
2026-06-04	91	14.261	0.69
2026-06-04	42	4.151	1.39
2026-06-04	78	5	1.09
2026-06-04	167	3	1.59
2026-06-04	137	0.394	18.75
2026-06-04	166	4	2.45
2026-06-04	121	2.465	1.29
2026-06-04	108	0.2	2.35
2026-06-04	65	2	1.45
2026-06-04	219	2	0.99
2026-06-04	95	2.046	2.39
2026-06-04	121	2.411	1.29
2026-06-04	18	2.659	1.35
2026-06-04	48	1	1.99
2026-06-04	140	0.277	12.95
2026-06-04	95	2.172	2.39
2026-06-04	144	0.347	5.39
2026-06-04	207	1	1.29
2026-06-04	227	1	1.69
2026-06-04	145	0.105	22.95
2026-06-04	153	1	1.99
2026-06-04	201	0.713	1.95
2026-06-04	199	2.9	2.19
2026-06-04	194	3.502	2.75
2026-06-04	18	3.622	1.35
2026-06-04	56	3	3.49
2026-06-04	155	1	0.85
2026-06-04	46	0.32	3
2026-06-04	198	7.176	1.19
2026-06-04	83	1.464	2.39
2026-06-04	81	4	1.25
2026-06-04	190	1	3.15
2026-06-04	141	0.151	11.89
2026-06-04	72	5	0.95
2026-06-04	54	2	2.59
2026-06-04	122	0.06	2.99
2026-06-04	101	0.747	3
2026-06-04	61	1	1.89
2026-06-04	93	3	3
2026-06-04	190	1	3.15
2026-06-04	121	2.333	1.29
2026-06-04	83	1.126	2.39
2026-06-04	57	1	1.35
2026-06-04	56	1	3.49
2026-06-04	39	0.885	3.99
2026-06-04	88	1.717	2.19
2026-06-04	35	1	1.35
2026-06-04	41	2.449	1.85
2026-06-04	187	0.618	5.45
2026-06-04	38	5.968	1.89
2026-06-04	92	6.472	0.89
2026-06-04	23	2	1.25
2026-06-04	145	0.061	22.95
2026-06-04	97	0.24	1.75
2026-06-04	187	0.343	5.45
2026-06-04	28	1	2.85
2026-06-04	89	3.747	0.79
2026-06-04	195	1	2.25
2026-06-04	76	6	0.79
2026-06-04	84	5	1.59
2026-06-04	125	3	2.35
2026-06-04	138	1.758	4.59
2026-06-04	211	2	1.15
2026-06-04	47	0.287	3
2026-06-04	121	0.791	1.29
2026-06-04	75	3	1.59
2026-06-04	149	0.363	4.99
2026-06-04	107	0.92	1.99
2026-06-04	103	1.279	2.19
2026-06-04	101	4.387	3
2026-06-04	54	1	2.59
2026-06-04	68	1	1.99
2026-06-04	124	1.826	1.55
2026-06-04	55	1	2.99
2026-06-04	250	0.276	2.39
2026-06-04	134	0.224	14.75
2026-06-04	121	10.574	1.29
2026-06-04	78	2	1.09
2026-06-04	12	3.076	2.25
2026-06-04	214	1	2.79
2026-06-04	9	3	0.85
2026-06-04	187	1.699	5.45
2026-06-04	94	1.053	2.85
2026-06-04	91	6.652	0.69
2026-06-04	146	0.628	14.39
2026-06-04	167	1	1.59
2026-06-04	89	12.165	0.79
2026-06-04	130	4	1.89
2026-06-04	121	3.984	1.29
2026-06-04	111	2.457	1.75
2026-06-04	104	0.121	2.15
2026-06-04	31	0.452	5.69
2026-06-04	23	1	1.25
2026-06-04	118	0.163	4
2026-06-04	93	4	3
2026-06-04	52	8.323	0.99
2026-06-04	28	1	2.85
2026-06-04	158	1	2.29
2026-06-04	77	1	2.35
2026-06-04	121	6.442	1.29
2026-06-04	11	2.423	3.95
2026-06-04	96	1.068	2.5
2026-06-04	44	6.874	1.75
2026-06-04	44	3.76	1.75
2026-06-04	8	1	2.25
2026-06-04	76	9	0.79
2026-06-04	165	2.442	5
2026-06-04	197	5.702	2.25
2026-06-04	81	1	1.25
2026-06-04	136	0.247	12.95
2026-06-04	21	1	0.99
2026-06-04	195	3	2.25
2026-06-04	40	1	1.99
2026-06-05	130	2	1.89
2026-06-05	55	2	2.99
2026-06-05	134	0.254	14.75
2026-06-05	48	1	1.99
2026-06-05	43	2.341	1.79
2026-06-05	127	2	2.49
2026-06-05	125	1	2.35
2026-06-05	57	1	1.35
2026-06-05	101	4.753	3
2026-06-05	38	5.423	1.89
2026-06-05	135	0.157	12.95
2026-06-05	33	1.013	1.59
2026-06-05	213	1	2.85
2026-06-05	81	5	1.25
2026-06-05	93	3	3
2026-06-05	166	2	2.45
2026-06-05	107	1.181	1.99
2026-06-05	75	4	1.59
2026-06-05	78	7	1.09
2026-06-05	113	0.027	4.25
2026-06-05	207	1	1.29
2026-06-05	106	3.296	1.99
2026-06-05	122	0.07	2.99
2026-06-05	52	8.061	0.99
2026-06-05	99	1.555	2.99
2026-06-05	138	2.129	4.59
2026-06-05	112	0.799	2.59
2026-06-05	68	1	1.99
2026-06-05	44	3.526	1.75
2026-06-05	195	1	2.25
2026-06-05	146	0.646	14.39
2026-06-05	65	2	1.45
2026-06-05	125	3	2.35
2026-06-05	103	1.548	2.19
2026-06-05	70	3	1.49
2026-06-05	18	6.481	1.35
2026-06-05	185	1	1.99
2026-06-05	114	3.082	4.5
2026-06-05	162	1	1.19
2026-06-05	142	0.122	6.95
2026-06-05	153	1	1.99
2026-06-05	89	7.987	0.79
2026-06-05	124	6.181	1.55
2026-06-05	83	3.134	2.39
2026-06-05	121	5.202	1.29
2026-06-05	40	1	1.99
2026-06-05	93	4	3
2026-06-05	158	1	2.29
2026-06-05	23	1	1.25
2026-06-05	93	4	3
2026-06-05	105	2.074	1.75
2026-06-05	78	2	1.09
2026-06-05	91	7.884	0.69
2026-06-05	194	2.524	2.75
2026-06-05	9	3	0.85
2026-06-05	52	5.091	0.99
2026-06-05	58	0.225	2.49
2026-06-05	89	18.57	0.79
2026-06-05	213	2	2.85
2026-06-05	134	0.265	14.75
2026-06-05	137	0.444	18.75
2026-06-05	226	1	1.35
2026-06-05	127	3	2.49
2026-06-05	146	0.457	14.39
2026-06-05	190	3	3.15
2026-06-05	72	5	0.95
2026-06-05	73	2	1.49
2026-06-05	89	6.494	0.79
2026-06-05	196	1	3.15
2026-06-05	85	1	1.49
2026-06-05	93	1	3
2026-06-05	248	0.01	10.95
2026-06-05	42	4.245	1.39
2026-06-05	137	0.034	18.75
2026-06-05	84	1	1.59
2026-06-05	49	1	3
2026-06-05	66	3	1.59
2026-06-05	134	0.144	14.75
2026-06-05	87	1	1.39
2026-06-05	117	0.644	2.5
2026-06-05	12	3.72	2.25
2026-06-05	124	7.568	1.55
2026-06-05	4	6	1.05
2026-06-05	145	0.201	22.95
2026-06-05	97	0.291	1.75
2026-06-05	199	3.511	2.19
2026-06-05	93	1	3
2026-06-05	38	1.799	1.89
2026-06-05	42	3.266	1.39
2026-06-05	190	3	3.15
2026-06-05	214	1	2.79
2026-06-05	58	1.446	2.49
2026-06-05	53	1	2.59
2026-06-05	208	3	0.95
2026-06-05	195	1	2.25
2026-06-05	189	3	3.15
2026-06-05	187	1.738	5.45
2026-06-05	194	2.28	2.75
2026-06-05	189	1	3.15
2026-06-05	88	2.078	2.19
2026-06-05	40	1	1.99
2026-06-05	197	4.724	2.25
2026-06-05	194	4.255	2.75
2026-06-05	52	10.879	0.99
2026-06-05	44	2.251	1.75
2026-06-05	106	3.598	1.99
2026-06-05	102	0.303	1.75
2026-06-05	54	2	2.59
2026-06-05	44	0.531	1.75
2026-06-05	18	5.141	1.35
2026-06-05	197	1.12	2.25
2026-06-05	69	2	1.25
2026-06-05	130	2	1.89
2026-06-05	77	1	2.35
2026-06-05	218	6	1.39
2026-06-05	112	1.622	2.59
2026-06-05	95	4.238	2.39
2026-06-05	111	1.549	1.75
2026-06-05	76	5	0.79
2026-06-05	35	1	1.35
2026-06-05	197	1.058	2.25
2026-06-05	43	8.05	1.79
2026-06-05	121	3.155	1.29
2026-06-05	16	1.64	1.25
2026-06-05	94	1.811	2.85
2026-06-05	219	2	0.99
2026-06-05	214	1	2.79
2026-06-05	114	2.344	4.5
2026-06-05	8	1	2.25
2026-06-05	61	1	1.89
2026-06-05	136	0.299	12.95
2026-06-05	114	1	4.5
2026-06-05	69	2	1.25
2026-06-05	149	0.441	4.99
2026-06-05	46	0.39	3
2026-06-05	121	8.643	1.29
2026-06-05	111	1.617	1.75
2026-06-05	81	1	1.25
2026-06-05	227	1	1.69
2026-06-05	139	0.316	14.95
2026-06-05	39	1.85	3.99
2026-06-05	56	1	3.49
2026-06-05	142	0.298	6.95
2026-06-05	28	1	2.85
2026-06-05	148	0.245	5.99
2026-06-05	209	1	1.19
2026-06-05	178	0.717	3.29
2026-06-05	130	1	1.89
2026-06-05	165	1.098	5
2026-06-05	76	9	0.79
2026-06-05	79	5	1.55
2026-06-05	47	0.347	3
2026-06-05	71	1	1.99
2026-06-05	193	1	2.5
2026-06-05	54	1	2.59
2026-06-05	28	3	2.85
2026-06-05	30	4	1.89
2026-06-05	109	0.595	2.59
2026-06-05	24	1.462	1.19
2026-06-05	27	1	2.59
2026-06-05	82	6	0.99
2026-06-05	44	6.566	1.75
2026-06-05	39	0.311	3.99
2026-06-05	167	4	1.59
2026-06-05	31	0.547	5.69
2026-06-05	107	2.05	1.99
2026-06-05	26	0.336	1.19
2026-06-05	121	2.791	1.29
2026-06-05	198	8.681	1.19
2026-06-05	135	0.318	12.95
2026-06-05	41	2.497	1.85
2026-06-05	91	9.319	0.69
2026-06-05	41	4.124	1.85
2026-06-05	92	7.82	0.89
2026-06-05	43	1.564	1.79
2026-06-05	98	1.278	2.3
2026-06-05	155	2	0.85
2026-06-05	49	1	3
2026-06-05	211	1	1.15
2026-06-05	196	3	3.15
2026-06-05	69	3	1.25
2026-06-05	53	1	2.59
2026-06-05	250	0.335	2.39
2026-06-05	141	0.183	11.89
2026-06-05	39	0.952	3.99
2026-06-05	114	1.66	4.5
2026-06-05	144	0.419	5.39
2026-06-05	28	2	2.85
2026-06-05	11	1.516	3.95
2026-06-05	28	1	2.85
2026-06-05	187	1.484	5.45
2026-06-05	91	8.116	0.69
2026-06-05	100	0.494	2.69
2026-06-05	95	1.556	2.39
2026-06-05	11	1.418	3.95
2026-06-05	55	1	2.99
2026-06-05	166	4	2.45
2026-06-05	21	1	0.99
2026-06-05	93	2	3
2026-06-05	96	1.292	2.5
2026-06-05	101	1.46	3
2026-06-05	121	9.605	1.29
2026-06-05	190	3	3.15
2026-06-05	108	0.243	2.35
2026-06-05	94	3.975	2.85
2026-06-05	76	3	0.79
2026-06-05	55	1	2.99
2026-06-05	93	3	3
2026-06-05	27	1	2.59
2026-06-05	85	1	1.49
2026-06-05	201	0.862	1.95
2026-06-05	165	1.862	5
2026-06-05	224	1	0.99
2026-06-05	140	0.537	12.95
2026-06-05	33	5.333	1.59
2026-06-05	118	0.198	4
2026-06-05	121	5.721	1.29
2026-06-05	59	0.11	4
2026-06-06	30	3	1.89
2026-06-06	93	4	3
2026-06-06	39	2.657	3.99
2026-06-06	35	1	1.35
2026-06-06	155	2	0.85
2026-06-06	189	2	3.15
2026-06-06	52	8.869	0.99
2026-06-06	141	0.214	11.89
2026-06-06	162	1	1.19
2026-06-06	146	0.601	14.39
2026-06-06	93	4	3
2026-06-06	137	0.284	18.75
2026-06-06	28	1	2.85
2026-06-06	218	3	1.39
2026-06-06	40	2	1.99
2026-06-06	103	1.817	2.19
2026-06-06	114	1.638	4.5
2026-06-06	98	1.5	2.3
2026-06-06	58	1.964	2.49
2026-06-06	227	1	1.69
2026-06-06	107	3.799	1.99
2026-06-06	61	1	1.89
2026-06-06	114	3.193	4.5
2026-06-06	224	1	0.99
2026-06-06	38	2.947	1.89
2026-06-06	197	4.933	2.25
2026-06-06	187	2.479	5.45
2026-06-06	41	6.454	1.85
2026-06-06	134	0.652	14.75
2026-06-06	56	3	3.49
2026-06-06	198	8.655	1.19
2026-06-06	101	1.197	3
2026-06-06	149	0.517	4.99
2026-06-06	114	1.498	4.5
2026-06-06	193	2	2.5
2026-06-06	199	1.589	2.19
2026-06-06	144	0.494	5.39
2026-06-06	55	2	2.99
2026-06-06	50	1	3
2026-06-06	190	2	3.15
2026-06-06	16	1.92	1.25
2026-06-06	153	1	1.99
2026-06-06	33	5.843	1.59
2026-06-06	47	0.407	3
2026-06-06	72	5	0.95
2026-06-06	227	1	1.69
2026-06-06	95	1.841	2.39
2026-06-06	211	1	1.15
2026-06-06	189	2	3.15
2026-06-06	18	7.304	1.35
2026-06-06	40	1	1.99
2026-06-06	70	1	1.49
2026-06-06	73	3	1.49
2026-06-06	95	4.795	2.39
2026-06-06	226	1	1.35
2026-06-06	195	3	2.25
2026-06-06	94	0.723	2.85
2026-06-06	158	1	2.29
2026-06-06	43	5.592	1.79
2026-06-06	42	6.122	1.39
2026-06-06	83	3.678	2.39
2026-06-06	69	6	1.25
2026-06-06	194	1.607	2.75
2026-06-06	124	8.768	1.55
2026-06-06	111	3.72	1.75
2026-06-06	89	7.911	0.79
2026-06-06	92	7.056	0.89
2026-06-06	101	3.407	3
2026-06-06	4	4	1.05
2026-06-06	100	0.58	2.69
2026-06-06	21	1	0.99
2026-06-06	196	3	3.15
2026-06-06	50	1	3
2026-06-06	81	3	1.25
2026-06-06	49	1	3
2026-06-06	105	1.154	1.75
2026-06-06	57	1	1.35
2026-06-06	209	1	1.19
2026-06-06	93	4	3
2026-06-06	52	7.707	0.99
2026-06-06	196	1	3.15
2026-06-06	77	1	2.35
2026-06-06	46	0.457	3
2026-06-06	91	13.826	0.69
2026-06-06	194	1.44	2.75
2026-06-06	248	0.012	10.95
2026-06-06	124	2.942	1.55
2026-06-06	94	4.014	2.85
2026-06-06	28	1	2.85
2026-06-06	214	1	2.79
2026-06-06	54	1	2.59
2026-06-06	52	5.545	0.99
2026-06-06	127	2	2.49
2026-06-06	23	1	1.25
2026-06-06	158	1	2.29
2026-06-06	52	6.081	0.99
2026-06-06	195	2	2.25
2026-06-06	146	0.409	14.39
2026-06-06	165	2.428	5
2026-06-06	140	0.414	12.95
2026-06-06	75	4	1.59
2026-06-06	27	1	2.59
2026-06-06	77	1	2.35
2026-06-06	130	1	1.89
2026-06-06	27	1	2.59
2026-06-06	59	0.13	4
2026-06-06	196	1	3.15
2026-06-06	140	0.156	12.95
2026-06-06	101	2.69	3
2026-06-06	139	0.371	14.95
2026-06-06	148	0.289	5.99
2026-06-06	127	4	2.49
2026-06-06	138	1.292	4.59
2026-06-06	42	2.698	1.39
2026-06-06	199	2.53	2.19
2026-06-06	48	1	1.99
2026-06-06	87	2	1.39
2026-06-06	121	8.512	1.29
2026-06-06	125	1	2.35
2026-06-06	165	1.042	5
2026-06-06	79	3	1.55
2026-06-06	137	0.276	18.75
2026-06-06	201	1.01	1.95
2026-06-06	38	3.772	1.89
2026-06-06	195	1	2.25
2026-06-06	113	0.031	4.25
2026-06-06	218	4	1.39
2026-06-06	195	1	2.25
2026-06-06	125	4	2.35
2026-06-06	91	15.899	0.69
2026-06-06	39	0.997	3.99
2026-06-06	185	1	1.99
2026-06-06	138	0.608	4.59
2026-06-06	219	1	0.99
2026-06-06	38	1.767	1.89
2026-06-06	88	2.438	2.19
2026-06-06	146	0.285	14.39
2026-06-06	55	1	2.99
2026-06-06	41	1.314	1.85
2026-06-06	12	4.253	2.25
2026-06-06	189	1	3.15
2026-06-06	197	3.164	2.25
2026-06-06	109	0.699	2.59
2026-06-06	43	3.559	1.79
2026-06-06	28	2	2.85
2026-06-06	194	4.593	2.75
2026-06-06	121	8.76	1.29
2026-06-06	9	4	0.85
2026-06-06	78	10	1.09
2026-06-06	94	2.053	2.85
2026-06-06	30	2	1.89
2026-06-06	89	7.443	0.79
2026-06-06	68	1	1.99
2026-06-06	187	0.492	5.45
2026-06-06	71	1	1.99
2026-06-06	121	4.349	1.29
2026-06-06	18	6.333	1.35
2026-06-06	85	1	1.49
2026-06-06	178	0.842	3.29
2026-06-06	190	1	3.15
2026-06-06	106	1.332	1.99
2026-06-06	82	2	0.99
2026-06-06	54	2	2.59
2026-06-06	118	0.233	4
2026-06-06	93	4	3
2026-06-06	194	1.469	2.75
2026-06-06	44	6.011	1.75
2026-06-06	89	4.57	0.79
2026-06-06	121	4.016	1.29
2026-06-06	114	3.164	4.5
2026-06-06	135	0.558	12.95
2026-06-06	97	0.343	1.75
2026-06-06	96	1.512	2.5
2026-06-06	112	2.842	2.59
2026-06-06	250	0.393	2.39
2026-06-06	166	5	2.45
2026-06-06	121	11.457	1.29
2026-06-06	44	2.691	1.75
2026-06-06	65	1	1.45
2026-06-06	209	1	1.19
2026-06-06	213	1	2.85
2026-06-06	124	0.858	1.55
2026-06-06	56	2	3.49
2026-06-06	108	0.285	2.35
2026-06-06	76	2	0.79
2026-06-06	69	1	1.25
2026-06-06	71	1	1.99
2026-06-06	136	0.351	12.95
2026-06-06	54	1	2.59
2026-06-06	92	2.135	0.89
2026-06-06	105	1.28	1.75
2026-06-06	122	0.084	2.99
2026-06-06	187	0.811	5.45
2026-06-06	138	0.599	4.59
2026-06-06	89	18.861	0.79
2026-06-06	26	0.395	1.19
2026-06-06	44	6.411	1.75
2026-06-06	76	12	0.79
2026-06-06	31	0.641	5.69
2026-06-06	106	1.256	1.99
2026-06-06	24	1.714	1.19
2026-06-06	84	5	1.59
2026-06-06	84	3	1.59
2026-06-06	8	1	2.25
2026-06-06	198	1.538	1.19
2026-06-06	211	3	1.15
2026-06-06	207	1	1.29
2026-06-06	145	0.236	22.95
2026-06-06	195	1	2.25
2026-06-06	69	2	1.25
2026-06-06	140	0.06	12.95
2026-06-06	121	3.86	1.29
2026-06-06	190	1	3.15
2026-06-06	154	1	1.99
2026-06-06	185	1	1.99
2026-06-06	226	1	1.35
2026-06-06	82	5	0.99
2026-06-06	194	1.52	2.75
2026-06-06	102	0.354	1.75
2026-06-06	106	5.497	1.99
2026-06-06	76	7	0.79
2026-06-06	33	1.61	1.59
2026-06-06	167	3	1.59
2026-06-06	66	1	1.59
2026-06-06	193	4	2.5
2026-06-06	190	1	3.15
2026-06-06	68	1	1.99
2026-06-06	134	0.126	14.75
2026-06-06	117	0.756	2.5
2026-06-06	124	3.574	1.55
2026-06-06	166	2	2.45
2026-06-06	99	1.826	2.99
2026-06-06	142	0.494	6.95
2026-06-06	93	1	3
2026-06-06	11	3.425	3.95
2026-06-06	66	3	1.59
2026-06-06	208	4	0.95
2026-06-06	43	4.888	1.79
2026-06-06	53	1	2.59
2026-06-08	154	1	1.99
2026-06-08	130	3	1.89
2026-06-08	43	4.056	1.79
2026-06-08	140	0.181	12.95
2026-06-08	250	0.234	2.39
2026-06-08	23	1	1.25
2026-06-08	59	0.078	4
2026-06-08	89	2.101	0.79
2026-06-08	38	5.026	1.89
2026-06-08	8	1	2.25
2026-06-08	197	2.507	2.25
2026-06-08	138	1.481	4.59
2026-06-08	125	3	2.35
2026-06-08	54	2	2.59
2026-06-08	194	0.225	2.75
2026-06-08	75	3	1.59
2026-06-08	158	1	2.29
2026-06-08	93	2	3
2026-06-08	121	0.698	1.29
2026-06-08	195	1	2.25
2026-06-08	218	1	1.39
2026-06-08	149	0.307	4.99
2026-06-08	199	2.443	2.19
2026-06-08	76	7	0.79
2026-06-08	71	1	1.99
2026-06-08	52	11.768	0.99
2026-06-08	227	1	1.69
2026-06-08	187	0.549	5.45
2026-06-08	78	2	1.09
2026-06-08	166	3	2.45
2026-06-08	145	0.14	22.95
2026-06-08	11	1.306	3.95
2026-06-08	40	1	1.99
2026-06-08	194	0.76	2.75
2026-06-08	189	1	3.15
2026-06-08	58	1.165	2.49
2026-06-08	92	4.91	0.89
2026-06-08	121	10.868	1.29
2026-06-08	114	2.876	4.5
2026-06-08	198	1.42	1.19
2026-06-08	167	2	1.59
2026-06-08	148	0.172	5.99
2026-06-08	178	0.498	3.29
2026-06-08	30	3	1.89
2026-06-08	28	1	2.85
2026-06-08	89	17.899	0.79
2026-06-08	207	1	1.29
2026-06-08	189	2	3.15
2026-06-08	97	0.2	1.75
2026-06-08	146	0.565	14.39
2026-06-08	127	1	2.49
2026-06-08	96	0.896	2.5
2026-06-08	226	1	1.35
2026-06-08	65	2	1.45
2026-06-08	93	1	3
2026-06-08	52	4.949	0.99
2026-06-08	113	0.019	4.25
2026-06-08	209	1	1.19
2026-06-08	135	0.331	12.95
2026-06-08	109	0.413	2.59
2026-06-08	95	2.314	2.39
2026-06-08	122	0.05	2.99
2026-06-08	136	0.208	12.95
2026-06-08	101	2.99	3
2026-06-08	146	0.203	14.39
2026-06-08	193	1	2.5
2026-06-08	185	2	1.99
2026-06-08	23	2	1.25
2026-06-08	219	2	0.99
2026-06-08	43	4.128	1.79
2026-06-08	197	2.289	2.25
2026-06-08	93	1	3
2026-06-08	33	1.057	1.59
2026-06-08	82	4	0.99
2026-06-08	190	2	3.15
2026-06-08	134	0.461	14.75
2026-06-08	44	0.726	1.75
2026-06-08	24	1.017	1.19
2026-06-08	214	1	2.79
2026-06-08	83	2.18	2.39
2026-06-08	117	0.448	2.5
2026-06-08	137	0.332	18.75
2026-06-08	77	1	2.35
2026-06-08	121	2.969	1.29
2026-06-08	18	4.919	1.35
2026-06-08	208	2	0.95
2026-06-08	166	1	2.45
2026-06-08	121	7.031	1.29
2026-06-08	95	1.715	2.39
2026-06-08	48	1	1.99
2026-06-08	194	2.785	2.75
2026-06-08	226	1	1.35
2026-06-08	12	1.196	2.25
2026-06-08	144	0.291	5.39
2026-06-08	190	1	3.15
2026-06-08	27	1	2.59
2026-06-08	118	0.138	4
2026-06-08	11	0.648	3.95
2026-06-08	99	1.08	2.99
2026-06-08	88	1.447	2.19
2026-06-08	39	0.429	3.99
2026-06-08	57	1	1.35
2026-06-08	71	1	1.99
2026-06-08	195	4	2.25
2026-06-08	91	2.319	0.69
2026-06-08	72	3	0.95
2026-06-08	103	1.078	2.19
2026-06-08	155	1	0.85
2026-06-08	79	2	1.55
2026-06-08	21	1	0.99
2026-06-08	102	0.211	1.75
2026-06-08	33	3.358	1.59
2026-06-08	89	2.987	0.79
2026-06-08	76	5	0.79
2026-06-08	158	1	2.29
2026-06-08	112	1.683	2.59
2026-06-08	114	0.487	4.5
2026-06-08	55	1	2.99
2026-06-08	140	0.192	12.95
2026-06-08	165	1.256	5
2026-06-08	79	2	1.55
2026-06-08	106	3.764	1.99
2026-06-08	211	2	1.15
2026-06-08	12	1.391	2.25
2026-06-08	28	4	2.85
2026-06-08	108	0.17	2.35
2026-06-08	40	1	1.99
2026-06-08	70	2	1.49
2026-06-08	61	1	1.89
2026-06-08	46	0.27	3
2026-06-08	49	1	3
2026-06-08	193	3	2.5
2026-06-08	201	0.6	1.95
2026-06-08	196	1	3.15
2026-06-08	42	4.777	1.39
2026-06-08	142	0.292	6.95
2026-06-08	106	1.03	1.99
2026-06-08	53	1	2.59
2026-06-08	9	2	0.85
2026-06-08	114	2.264	4.5
2026-06-08	213	2	2.85
2026-06-08	218	3	1.39
2026-06-08	94	2.684	2.85
2026-06-08	209	1	1.19
2026-06-08	190	1	3.15
2026-06-08	27	1	2.59
2026-06-08	224	1	0.99
2026-06-08	73	2	1.49
2026-06-08	16	1.136	1.25
2026-06-08	81	4	1.25
2026-06-08	196	1	3.15
2026-06-08	165	0.802	5
2026-06-08	141	0.127	11.89
2026-06-08	47	0.24	3
2026-06-08	26	0.235	1.19
2026-06-08	248	0.007	10.95
2026-06-08	85	1	1.49
2026-06-08	194	2.531	2.75
2026-06-08	124	7.568	1.55
2026-06-08	94	1.34	2.85
2026-06-08	87	3	1.39
2026-06-08	4	4	1.05
2026-06-08	98	0.891	2.3
2026-06-08	84	5	1.59
2026-06-08	93	4	3
2026-06-08	41	4.605	1.85
2026-06-08	101	1.33	3
2026-06-08	107	2.251	1.99
2026-06-08	111	2.206	1.75
2026-06-08	124	2	1.55
2026-06-08	187	1.692	5.45
2026-06-08	91	15.29	0.69
2026-06-08	31	0.38	5.69
2026-06-08	127	3	2.49
2026-06-08	100	0.342	2.69
2026-06-08	153	1	1.99
2026-06-08	162	1	1.19
2026-06-08	139	0.175	14.95
2026-06-08	74	1	2.35
2026-06-08	93	1	3
2026-06-08	139	0.044	14.95
2026-06-08	77	1	2.35
2026-06-08	44	8.229	1.75
2026-06-08	198	4.622	1.19
2026-06-08	69	5	1.25
2026-06-08	78	4	1.09
2026-06-08	35	1	1.35
2026-06-08	105	1.44	1.75
2026-06-08	121	2.853	1.29
2026-06-08	56	3	3.49
2026-06-08	66	2	1.59
2026-06-08	42	0.446	1.39
2026-06-08	18	3.163	1.35
2026-06-08	196	1	3.15
2026-06-08	167	1	1.59
2026-06-08	39	1.737	3.99
2026-06-08	50	1	3
2026-06-08	55	2	2.99
2026-06-08	68	1	1.99
2026-06-09	99	1.147	2.99
2026-06-09	114	0.691	4.5
2026-06-09	158	1	2.29
2026-06-09	83	1.05	2.39
2026-06-09	73	2	1.49
2026-06-09	227	1	1.69
2026-06-09	248	0.007	10.95
2026-06-09	11	0.795	3.95
2026-06-09	103	1.142	2.19
2026-06-09	124	2.981	1.55
2026-06-09	57	1	1.35
2026-06-09	43	1.788	1.79
2026-06-09	211	2	1.15
2026-06-09	88	1.251	2.19
2026-06-09	130	3	1.89
2026-06-09	30	3	1.89
2026-06-09	144	0.31	5.39
2026-06-09	162	1	1.19
2026-06-09	109	0.44	2.59
2026-06-09	26	0.252	1.19
2026-06-09	128	1	2.25
2026-06-09	198	6.412	1.19
2026-06-09	189	3	3.15
2026-06-09	50	1	3
2026-06-09	207	1	1.29
2026-06-09	58	1.237	2.49
2026-06-09	226	1	1.35
2026-06-09	89	13.924	0.79
2026-06-09	78	6	1.09
2026-06-09	48	1	1.99
2026-06-09	209	1	1.19
2026-06-09	52	14.949	0.99
2026-06-09	207	1	1.29
2026-06-09	93	1	3
2026-06-09	66	2	1.59
2026-06-09	193	2	2.5
2026-06-09	190	1	3.15
2026-06-09	84	4	1.59
2026-06-09	40	2	1.99
2026-06-09	28	3	2.85
2026-06-09	194	3.942	2.75
2026-06-09	57	1	1.35
2026-06-09	44	2.331	1.75
2026-06-09	154	1	1.99
2026-06-09	31	0.404	5.69
2026-06-09	102	0.223	1.75
2026-06-09	199	0.342	2.19
2026-06-09	12	2.751	2.25
2026-06-09	148	0.182	5.99
2026-06-09	33	1.792	1.59
2026-06-09	89	5.329	0.79
2026-06-09	47	0.257	3
2026-06-09	93	3	3
2026-06-09	190	4	3.15
2026-06-09	95	2.674	2.39
2026-06-09	167	3	1.59
2026-06-09	95	1.607	2.39
2026-06-09	77	1	2.35
2026-06-09	122	0.054	2.99
2026-06-09	92	5.775	0.89
2026-06-09	134	0.489	14.75
2026-06-09	229	1	1.89
2026-06-09	101	1.347	3
2026-06-09	146	0.461	14.39
2026-06-09	114	1.031	4.5
2026-06-09	127	1	2.49
2026-06-09	224	1	0.99
2026-06-09	250	0.247	2.39
2026-06-09	44	5.749	1.75
2026-06-09	72	3	0.95
2026-06-09	178	0.529	3.29
2026-06-09	23	3	1.25
2026-06-09	74	1	2.35
2026-06-09	87	3	1.39
2026-06-09	38	5.339	1.89
2026-06-09	121	3.302	1.29
2026-06-09	43	3.274	1.79
2026-06-09	127	3	2.49
2026-06-09	28	2	2.85
2026-06-09	8	1	2.25
2026-06-09	9	2	0.85
2026-06-09	55	1	2.99
2026-06-09	196	1	3.15
2026-06-09	93	3	3
2026-06-09	201	0.636	1.95
2026-06-09	93	2	3
2026-06-09	197	3.271	2.25
2026-06-09	39	2.301	3.99
2026-06-09	218	4	1.39
2026-06-09	17	1	1.69
2026-06-09	166	4	2.45
2026-06-09	194	0.647	2.75
2026-06-09	93	2	3
2026-06-09	84	1	1.59
2026-06-09	139	0.089	14.95
2026-06-09	108	0.179	2.35
2026-06-09	4	4	1.05
2026-06-09	16	1.208	1.25
2026-06-09	121	4.403	1.29
2026-06-09	153	1	1.99
2026-06-09	89	2.671	0.79
2026-06-09	71	1	1.99
2026-06-09	117	0.476	2.5
2026-06-09	91	11.348	0.69
2026-06-09	146	0.316	14.39
2026-06-09	145	0.149	22.95
2026-06-09	54	2	2.59
2026-06-09	142	0.311	6.95
2026-06-09	165	0.956	5
2026-06-09	165	1.23	5
2026-06-09	76	4	0.79
2026-06-09	197	1.262	2.25
2026-06-09	24	1.084	1.19
2026-06-09	135	0.351	12.95
2026-06-09	124	0.671	1.55
2026-06-09	55	2	2.99
2026-06-09	46	0.287	3
2026-06-09	97	0.217	1.75
2026-06-09	194	2.105	2.75
2026-06-09	75	3	1.59
2026-06-09	208	3	0.95
2026-06-09	199	2.251	2.19
2026-06-09	101	0.683	3
2026-06-09	137	0.353	18.75
2026-06-09	82	4	0.99
2026-06-09	149	0.325	4.99
2026-06-09	11	1.375	3.95
2026-06-09	98	0.943	2.3
2026-06-09	114	1.291	4.5
2026-06-09	214	1	2.79
2026-06-09	93	1	3
2026-06-09	27	1	2.59
2026-06-09	91	7.362	0.69
2026-06-09	65	2	1.45
2026-06-09	71	1	1.99
2026-06-09	70	2	1.49
2026-06-09	121	6.256	1.29
2026-06-09	94	0.895	2.85
2026-06-09	41	2.541	1.85
2026-06-09	140	0.397	12.95
2026-06-09	107	1.191	1.99
2026-06-09	81	3	1.25
2026-06-09	193	2	2.5
2026-06-09	53	1	2.59
2026-06-09	105	1.531	1.75
2026-06-09	138	1.575	4.59
2026-06-09	81	1	1.25
2026-06-09	43	3.777	1.79
2026-06-09	69	5	1.25
2026-06-09	213	2	2.85
2026-06-09	136	0.221	12.95
2026-06-09	59	0.083	4
2026-06-09	118	0.145	4
2026-06-09	121	8.876	1.29
2026-06-09	195	1	2.25
2026-06-09	89	2.494	0.79
2026-06-09	139	0.144	14.95
2026-06-09	197	0.564	2.25
2026-06-09	85	1	1.49
2026-06-09	21	1	0.99
2026-06-09	76	9	0.79
2026-06-09	121	3.109	1.29
2026-06-09	94	3.382	2.85
2026-06-09	111	2.343	1.75
2026-06-09	101	1.87	3
2026-06-09	61	1	1.89
2026-06-09	88	0.283	2.19
2026-06-09	100	0.364	2.69
2026-06-09	158	1	2.29
2026-06-09	216	1	2.79
2026-06-09	107	1.201	1.99
2026-06-09	124	6.51	1.55
2026-06-09	112	1.788	2.59
2026-06-09	196	2	3.15
2026-06-09	35	1	1.35
2026-06-09	56	3	3.49
2026-06-09	113	0.02	4.25
2026-06-09	195	4	2.25
2026-06-09	68	1	1.99
2026-06-09	114	2.964	4.5
2026-06-09	101	0.69	3
2026-06-09	52	2.808	0.99
2026-06-09	218	1	1.39
2026-06-09	18	8.593	1.35
2026-06-09	219	2	0.99
2026-06-09	49	1	3
2026-06-09	106	4.91	1.99
2026-06-09	83	1.264	2.39
2026-06-09	187	2.382	5.45
2026-06-09	42	5.554	1.39
2026-06-09	155	1	0.85
2026-06-09	41	2.351	1.85
2026-06-09	33	2.899	1.59
2026-06-09	125	3	2.35
2026-06-09	185	2	1.99
2026-06-09	27	1	2.59
2026-06-09	93	2	3
2026-06-09	96	0.844	2.5
2026-06-09	146	0.038	14.39
2026-06-09	48	1	1.99
2026-06-09	44	1.434	1.75
2026-06-09	141	0.135	11.89
2026-06-09	190	2	3.15
2026-06-09	79	4	1.55
2026-06-10	187	0.547	5.45
2026-06-10	199	2.521	2.19
2026-06-10	54	1	2.59
2026-06-10	207	1	1.29
2026-06-10	190	1	3.15
2026-06-10	70	2	1.49
2026-06-10	148	0.192	5.99
2026-06-10	114	0.727	4.5
2026-06-10	28	3	2.85
2026-06-10	23	3	1.25
2026-06-10	17	1	1.69
2026-06-10	53	1	2.59
2026-06-10	138	1.63	4.59
2026-06-10	31	0.429	5.69
2026-06-10	118	0.155	4
2026-06-10	56	1	3.49
2026-06-10	92	6.135	0.89
2026-06-10	112	1.896	2.59
2026-06-10	117	0.504	2.5
2026-06-10	81	2	1.25
2026-06-10	121	2.55	1.29
2026-06-10	194	1.909	2.75
2026-06-10	79	2	1.55
2026-06-10	187	1.974	5.45
2026-06-10	189	3	3.15
2026-06-10	4	4	1.05
2026-06-10	50	1	3
2026-06-10	40	2	1.99
2026-06-10	41	4.67	1.85
2026-06-10	48	1	1.99
2026-06-10	16	1.28	1.25
2026-06-10	121	1.806	1.29
2026-06-10	26	0.269	1.19
2026-06-10	49	1	3
2026-06-10	130	3	1.89
2026-06-10	135	0.208	12.95
2026-06-10	68	1	1.99
2026-06-10	77	1	2.35
2026-06-10	194	2.92	2.75
2026-06-10	71	1	1.99
2026-06-10	52	2.859	0.99
2026-06-10	65	2	1.45
2026-06-10	66	1	1.59
2026-06-10	87	1	1.39
2026-06-10	226	1	1.35
2026-06-10	201	0.672	1.95
2026-06-10	28	1	2.85
2026-06-10	106	5.392	1.99
2026-06-10	248	0.008	10.95
2026-06-10	72	3	0.95
2026-06-10	79	2	1.55
2026-06-10	70	1	1.49
2026-06-10	33	4.969	1.59
2026-06-10	93	3	3
2026-06-10	56	3	3.49
2026-06-10	43	4.777	1.79
2026-06-10	89	11.975	0.79
2026-06-10	122	0.057	2.99
2026-06-10	197	2.213	2.25
2026-06-10	54	2	2.59
2026-06-10	178	0.559	3.29
2026-06-10	105	1.623	1.75
2026-06-10	75	3	1.59
2026-06-10	18	9.096	1.35
2026-06-10	219	2	0.99
2026-06-10	193	4	2.5
2026-06-10	194	0.785	2.75
2026-06-10	166	1	2.45
2026-06-10	124	3.045	1.55
2026-06-10	93	3	3
2026-06-10	155	1	0.85
2026-06-10	196	3	3.15
2026-06-10	49	1	3
2026-06-10	103	1.21	2.19
2026-06-10	91	12.362	0.69
2026-06-10	46	0.303	3
2026-06-10	137	0.373	18.75
2026-06-10	66	2	1.59
2026-06-10	139	0.247	14.95
2026-06-10	198	4.723	1.19
2026-06-10	107	2.533	1.99
2026-06-10	214	1	2.79
2026-06-10	89	13.899	0.79
2026-06-10	162	1	1.19
2026-06-10	42	5.878	1.39
2026-06-10	55	1	2.99
2026-06-10	48	1	1.99
2026-06-10	61	1	1.89
2026-06-10	140	0.42	12.95
2026-06-10	27	1	2.59
2026-06-10	87	2	1.39
2026-06-10	9	3	0.85
2026-06-10	35	1	1.35
2026-06-10	224	1	0.99
2026-06-10	44	4.211	1.75
2026-06-10	185	2	1.99
2026-06-10	113	0.021	4.25
2026-06-10	208	3	0.95
2026-06-10	250	0.264	2.39
2026-06-10	114	1.158	4.5
2026-06-10	158	1	2.29
2026-06-10	99	1.214	2.99
2026-06-10	38	5.656	1.89
2026-06-10	141	0.143	11.89
2026-06-10	146	0.473	14.39
2026-06-10	44	3.937	1.75
2026-06-10	121	5.899	1.29
2026-06-10	55	2	2.99
2026-06-10	24	1.143	1.19
2026-06-10	76	14	0.79
2026-06-10	190	2	3.15
2026-06-10	21	1	0.99
2026-06-10	218	5	1.39
2026-06-10	135	0.164	12.95
2026-06-10	91	2.725	0.69
2026-06-10	111	2.309	1.75
2026-06-10	27	1	2.59
2026-06-10	128	1	2.25
2026-06-10	95	3.268	2.39
2026-06-10	39	2.436	3.99
2026-06-10	52	14.99	0.99
2026-06-10	61	1	1.89
2026-06-10	194	1.473	2.75
2026-06-10	124	7.716	1.55
2026-06-10	130	1	1.89
2026-06-10	41	0.508	1.85
2026-06-10	93	2	3
2026-06-10	211	2	1.15
2026-06-10	227	1	1.69
2026-06-10	83	2.452	2.39
2026-06-10	12	2.911	2.25
2026-06-10	82	4	0.99
2026-06-10	88	1.361	2.19
2026-06-10	81	2	1.25
2026-06-10	73	2	1.49
2026-06-10	58	1.309	2.49
2026-06-10	84	5	1.59
2026-06-10	136	0.234	12.95
2026-06-10	114	1.3	4.5
2026-06-10	167	1	1.59
2026-06-10	78	7	1.09
2026-06-10	91	4.725	0.69
2026-06-10	85	1	1.49
2026-06-10	146	0.389	14.39
2026-06-10	134	0.519	14.75
2026-06-10	102	0.234	1.75
2026-06-10	95	1.264	2.39
2026-06-10	55	1	2.99
2026-06-10	98	1	2.3
2026-06-10	197	3.182	2.25
2026-06-10	195	1	2.25
2026-06-10	145	0.157	22.95
2026-06-10	166	4	2.45
2026-06-10	142	0.329	6.95
2026-06-10	154	1	1.99
2026-06-10	44	1.926	1.75
2026-06-10	28	1	2.85
2026-06-10	96	1.012	2.5
2026-06-10	108	0.191	2.35
2026-06-10	74	1	2.35
2026-06-10	121	3.907	1.29
2026-06-10	167	3	1.59
2026-06-10	185	1	1.99
2026-06-10	101	4.827	3
2026-06-10	165	1.794	5
2026-06-10	88	0.265	2.19
2026-06-10	198	2.076	1.19
2026-06-10	47	0.273	3
2026-06-10	69	6	1.25
2026-06-10	43	4.05	1.79
2026-06-10	195	4	2.25
2026-06-10	8	1	2.25
2026-06-10	121	2.504	1.29
2026-06-10	190	4	3.15
2026-06-10	11	2.294	3.95
2026-06-10	52	0.96	0.99
2026-06-10	144	0.328	5.39
2026-06-10	149	0.345	4.99
2026-06-10	165	0.436	5
2026-06-10	97	0.229	1.75
2026-06-10	153	1	1.99
2026-06-10	43	0.531	1.79
2026-06-10	127	4	2.49
2026-06-10	209	1	1.19
2026-06-10	8	1	2.25
2026-06-10	216	1	2.79
2026-06-10	57	2	1.35
2026-06-10	59	0.088	4
2026-06-10	121	10.806	1.29
2026-06-10	213	2	2.85
2026-06-10	114	3.144	4.5
2026-06-10	100	0.387	2.69
2026-06-10	109	0.467	2.59
2026-06-10	125	3	2.35
2026-06-10	30	3	1.89
2026-06-10	93	4	3
2026-06-10	94	4.53	2.85
2026-06-10	207	1	1.29
2026-06-11	87	3	1.39
2026-06-11	97	0.24	1.75
2026-06-11	50	1	3
2026-06-11	52	3.172	0.99
2026-06-11	52	5.101	0.99
2026-06-11	94	3.621	2.85
2026-06-11	12	1.133	2.25
2026-06-11	69	2	1.25
2026-06-11	28	2	2.85
2026-06-11	124	2.503	1.55
2026-06-11	165	2.442	5
2026-06-11	38	1.09	1.89
2026-06-11	214	1	2.79
2026-06-11	154	1	1.99
2026-06-11	53	1	2.59
2026-06-11	213	1	2.85
2026-06-11	196	3	3.15
2026-06-11	111	2.617	1.75
2026-06-11	93	3	3
2026-06-11	11	0.575	3.95
2026-06-11	12	1.942	2.25
2026-06-11	59	0.093	4
2026-06-11	42	1.504	1.39
2026-06-11	70	2	1.49
2026-06-11	146	0.594	14.39
2026-06-11	153	1	1.99
2026-06-11	125	3	2.35
2026-06-11	82	2	0.99
2026-06-11	26	0.277	1.19
2026-06-11	55	1	2.99
2026-06-11	121	7.589	1.29
2026-06-11	135	0.051	12.95
2026-06-11	100	0.405	2.69
2026-06-11	211	2	1.15
2026-06-11	195	1	2.25
2026-06-11	195	4	2.25
2026-06-11	101	2.46	3
2026-06-11	224	1	0.99
2026-06-11	65	2	1.45
2026-06-11	118	0.163	4
2026-06-11	56	2	3.49
2026-06-11	99	1.281	2.99
2026-06-11	44	4.571	1.75
2026-06-11	194	2.655	2.75
2026-06-11	46	0.32	3
2026-06-11	69	3	1.25
2026-06-11	207	1	1.29
2026-06-11	54	1	2.59
2026-06-11	194	1.029	2.75
2026-06-11	84	1	1.59
2026-06-11	8	1	2.25
2026-06-11	155	1	0.85
2026-06-11	128	1	2.25
2026-06-11	102	0.251	1.75
2026-06-11	40	2	1.99
2026-06-11	190	3	3.15
2026-06-11	190	1	3.15
2026-06-11	76	5	0.79
2026-06-11	167	2	1.59
2026-06-11	137	0.394	18.75
2026-06-11	96	1.068	2.5
2026-06-11	47	0.287	3
2026-06-11	199	2.9	2.19
2026-06-11	189	1	3.15
2026-06-11	39	2.571	3.99
2026-06-11	4	1	1.05
2026-06-11	166	2	2.45
2026-06-11	194	0.822	2.75
2026-06-11	213	1	2.85
2026-06-11	43	2.034	1.79
2026-06-11	226	1	1.35
2026-06-11	148	0.204	5.99
2026-06-11	130	4	1.89
2026-06-11	106	5.688	1.99
2026-06-11	122	0.06	2.99
2026-06-11	248	0.008	10.95
2026-06-11	55	1	2.99
2026-06-11	66	3	1.59
2026-06-11	78	3	1.09
2026-06-11	158	1	2.29
2026-06-11	88	1.717	2.19
2026-06-11	121	5.101	1.29
2026-06-11	78	2	1.09
2026-06-11	18	3.156	1.35
2026-06-11	49	1	3
2026-06-11	124	8.858	1.55
2026-06-11	9	3	0.85
2026-06-11	187	0.624	5.45
2026-06-11	187	0.582	5.45
2026-06-11	114	2.74	4.5
2026-06-11	52	2.04	0.99
2026-06-11	189	2	3.15
2026-06-11	185	2	1.99
2026-06-11	194	2.978	2.75
2026-06-11	145	0.166	22.95
2026-06-11	101	2.67	3
2026-06-11	187	1.055	5.45
2026-06-11	56	1	3.49
2026-06-11	28	1	2.85
2026-06-11	76	10	0.79
2026-06-11	30	1	1.89
2026-06-11	91	0.841	0.69
2026-06-11	44	3.36	1.75
2026-06-11	209	1	1.19
2026-06-11	61	1	1.89
2026-06-11	93	4	3
2026-06-11	114	1.66	4.5
2026-06-11	149	0.363	4.99
2026-06-11	201	0.713	1.95
2026-06-11	91	11.145	0.69
2026-06-11	219	2	0.99
2026-06-11	24	1.21	1.19
2026-06-11	27	1	2.59
2026-06-11	178	0.593	3.29
2026-06-11	77	1	2.35
2026-06-11	121	5.031	1.29
2026-06-11	93	2	3
2026-06-11	84	5	1.59
2026-06-11	8	1	2.25
2026-06-11	41	3.119	1.85
2026-06-11	18	6.437	1.35
2026-06-11	121	3.628	1.29
2026-06-11	75	3	1.59
2026-06-11	72	4	0.95
2026-06-11	121	7.667	1.29
2026-06-11	92	2.112	0.89
2026-06-11	91	4.377	0.69
2026-06-11	30	3	1.89
2026-06-11	44	2.703	1.75
2026-06-11	216	1	2.79
2026-06-11	52	6.697	0.99
2026-06-11	141	0.151	11.89
2026-06-11	103	1.279	2.19
2026-06-11	43	7.844	1.79
2026-06-11	83	2.59	2.39
2026-06-11	167	2	1.59
2026-06-11	61	1	1.89
2026-06-11	79	1	1.55
2026-06-11	82	3	0.99
2026-06-11	187	0.4	5.45
2026-06-11	108	0.2	2.35
2026-06-11	211	1	1.15
2026-06-11	94	1.158	2.85
2026-06-11	38	4.878	1.89
2026-06-11	139	0.261	14.95
2026-06-11	89	7.405	0.79
2026-06-11	136	0.247	12.95
2026-06-11	85	1	1.49
2026-06-11	16	1.352	1.25
2026-06-11	117	0.532	2.5
2026-06-11	162	1	1.19
2026-06-11	4	4	1.05
2026-06-11	190	3	3.15
2026-06-11	197	2.053	2.25
2026-06-11	33	5.245	1.59
2026-06-11	91	4.551	0.69
2026-06-11	140	0.092	12.95
2026-06-11	92	4.36	0.89
2026-06-11	56	1	3.49
2026-06-11	185	1	1.99
2026-06-11	166	3	2.45
2026-06-11	35	1	1.35
2026-06-11	42	4.468	1.39
2026-06-11	127	4	2.49
2026-06-11	48	1	1.99
2026-06-11	198	3.765	1.19
2026-06-11	11	1.848	3.95
2026-06-11	58	1.382	2.49
2026-06-11	146	0.317	14.39
2026-06-11	197	3.644	2.25
2026-06-11	218	5	1.39
2026-06-11	78	2	1.09
2026-06-11	193	2	2.5
2026-06-11	49	1	3
2026-06-11	73	2	1.49
2026-06-11	81	4	1.25
2026-06-11	69	1	1.25
2026-06-11	105	1.714	1.75
2026-06-11	109	0.494	2.59
2026-06-11	31	0.452	5.69
2026-06-11	98	1.057	2.3
2026-06-11	17	1	1.69
2026-06-11	138	1.758	4.59
2026-06-11	70	1	1.49
2026-06-11	52	2.838	0.99
2026-06-11	93	4	3
2026-06-11	190	1	3.15
2026-06-11	135	0.341	12.95
2026-06-11	79	3	1.55
2026-06-11	113	0.022	4.25
2026-06-11	195	1	2.25
2026-06-11	48	1	1.99
2026-06-11	23	3	1.25
2026-06-11	57	2	1.35
2026-06-11	41	2.346	1.85
2026-06-11	89	6.975	0.79
2026-06-11	81	1	1.25
2026-06-11	68	1	1.99
2026-06-11	232	1	1.49
2026-06-11	208	3	0.95
2026-06-11	198	3.403	1.19
2026-06-11	112	2	2.59
2026-06-11	95	4.782	2.39
2026-06-11	21	1	0.99
2026-06-11	134	0.547	14.75
2026-06-11	55	2	2.99
2026-06-11	114	2.28	4.5
2026-06-11	227	1	1.69
2026-06-11	89	12.911	0.79
2026-06-11	250	0.276	2.39
2026-06-11	93	2	3
2026-06-11	193	2	2.5
2026-06-11	54	2	2.59
2026-06-11	71	1	1.99
2026-06-11	144	0.347	5.39
2026-06-11	107	2.618	1.99
2026-06-11	140	0.351	12.95
2026-06-11	28	3	2.85
2026-06-11	142	0.348	6.95
2026-06-11	74	1	2.35
2026-06-12	149	0.441	4.99
2026-06-12	214	1	2.79
2026-06-12	93	1	3
2026-06-12	140	0.267	12.95
2026-06-12	193	2	2.5
2026-06-12	61	1	1.89
2026-06-12	18	1.763	1.35
2026-06-12	35	1	1.35
2026-06-12	31	0.547	5.69
2026-06-12	74	1	2.35
2026-06-12	190	1	3.15
2026-06-12	12	1.716	2.25
2026-06-12	165	0.836	5
2026-06-12	93	3	3
2026-06-12	72	4	0.95
2026-06-12	224	1	0.99
2026-06-12	55	1	2.99
2026-06-12	148	0.245	5.99
2026-06-12	59	0.11	4
2026-06-12	118	0.198	4
2026-06-12	178	0.717	3.29
2026-06-12	28	1	2.85
2026-06-12	95	1.485	2.39
2026-06-12	185	1	1.99
2026-06-12	4	4	1.05
2026-06-12	44	0.354	1.75
2026-06-12	114	0.216	4.5
2026-06-12	114	3.24	4.5
2026-06-12	130	1	1.89
2026-06-12	137	0.477	18.75
2026-06-12	194	1.185	2.75
2026-06-12	106	2.94	1.99
2026-06-12	81	5	1.25
2026-06-12	48	1	1.99
2026-06-12	65	2	1.45
2026-06-12	124	7.084	1.55
2026-06-12	194	1.015	2.75
2026-06-12	33	6.346	1.59
2026-06-12	26	0.336	1.19
2026-06-12	134	0.196	14.75
2026-06-12	146	0.999	14.39
2026-06-12	55	1	2.99
2026-06-12	199	3.402	2.19
2026-06-12	154	1	1.99
2026-06-12	198	7.42	1.19
2026-06-12	194	4.887	2.75
2026-06-12	18	0.689	1.35
2026-06-12	162	1	1.19
2026-06-12	54	1	2.59
2026-06-12	127	1	2.49
2026-06-12	216	1	2.79
2026-06-12	96	1.292	2.5
2026-06-12	93	3	3
2026-06-12	197	3.813	2.25
2026-06-12	97	0.291	1.75
2026-06-12	125	4	2.35
2026-06-12	114	2.989	4.5
2026-06-12	158	1	2.29
2026-06-12	95	1.155	2.39
2026-06-12	89	8.241	0.79
2026-06-12	167	2	1.59
2026-06-12	9	3	0.85
2026-06-12	11	2.833	3.95
2026-06-12	23	3	1.25
2026-06-12	211	3	1.15
2026-06-12	49	1	3
2026-06-12	155	2	0.85
2026-06-12	121	3.977	1.29
2026-06-12	52	8.081	0.99
2026-06-12	165	2.122	5
2026-06-12	39	0.531	3.99
2026-06-12	38	4.709	1.89
2026-06-12	44	3.703	1.75
2026-06-12	187	2.561	5.45
2026-06-12	89	11.823	0.79
2026-06-12	187	0.661	5.45
2026-06-12	18	9.17	1.35
2026-06-12	190	1	3.15
2026-06-12	190	3	3.15
2026-06-12	93	1	3
2026-06-12	146	0.104	14.39
2026-06-12	82	6	0.99
2026-06-12	209	1	1.19
2026-06-12	112	0.861	2.59
2026-06-12	93	4	3
2026-06-12	17	1	1.69
2026-06-12	68	1	1.99
2026-06-12	121	8.233	1.29
2026-06-12	38	1.201	1.89
2026-06-12	69	5	1.25
2026-06-12	140	0.168	12.95
2026-06-12	121	5.519	1.29
2026-06-12	92	7.82	0.89
2026-06-12	250	0.335	2.39
2026-06-12	124	6.665	1.55
2026-06-12	40	1	1.99
2026-06-12	121	9	1.29
2026-06-12	81	1	1.25
2026-06-12	190	4	3.15
2026-06-12	93	3	3
2026-06-12	87	4	1.39
2026-06-12	52	2.909	0.99
2026-06-12	145	0.201	22.95
2026-06-12	194	1.971	2.75
2026-06-12	114	0.982	4.5
2026-06-12	127	4	2.49
2026-06-12	76	17	0.79
2026-06-12	75	3	1.59
2026-06-12	122	0.07	2.99
2026-06-12	83	1.623	2.39
2026-06-12	73	3	1.49
2026-06-12	214	1	2.79
2026-06-12	57	2	1.35
2026-06-12	30	4	1.89
2026-06-12	47	0.347	3
2026-06-12	54	2	2.59
2026-06-12	208	3	0.95
2026-06-12	101	1.55	3
2026-06-12	167	2	1.59
2026-06-12	28	1	2.85
2026-06-12	135	0.242	12.95
2026-06-12	50	1	3
2026-06-12	138	0.303	4.59
2026-06-12	113	0.027	4.25
2026-06-12	128	1	2.25
2026-06-12	196	1	3.15
2026-06-12	56	2	3.49
2026-06-12	84	6	1.59
2026-06-12	111	3.166	1.75
2026-06-12	42	7.511	1.39
2026-06-12	21	1	0.99
2026-06-12	197	3.084	2.25
2026-06-12	66	2	1.59
2026-06-12	201	0.862	1.95
2026-06-12	109	0.595	2.59
2026-06-12	195	1	2.25
2026-06-12	93	1	3
2026-06-12	58	1.671	2.49
2026-06-12	112	1.56	2.59
2026-06-12	207	1	1.29
2026-06-12	89	13	0.79
2026-06-12	70	3	1.49
2026-06-12	227	1	1.69
2026-06-12	144	0.419	5.39
2026-06-12	93	1	3
2026-06-12	198	1.261	1.19
2026-06-12	99	1.555	2.99
2026-06-12	66	1	1.59
2026-06-12	38	1.312	1.89
2026-06-12	69	2	1.25
2026-06-12	219	2	0.99
2026-06-12	100	0.494	2.69
2026-06-12	135	0.233	12.95
2026-06-12	88	2.078	2.19
2026-06-12	77	1	2.35
2026-06-12	71	1	1.99
2026-06-12	106	3.608	1.99
2026-06-12	226	1	1.35
2026-06-12	41	6.622	1.85
2026-06-12	107	3.231	1.99
2026-06-12	248	0.01	10.95
2026-06-12	75	1	1.59
2026-06-12	78	9	1.09
2026-06-12	85	1	1.49
2026-06-12	98	1.278	2.3
2026-06-12	189	1	3.15
2026-06-12	44	5.497	1.75
2026-06-12	101	4.663	3
2026-06-12	4	2	1.05
2026-06-12	53	1	2.59
2026-06-12	213	2	2.85
2026-06-12	102	0.303	1.75
2026-06-12	27	1	2.59
2026-06-12	105	2.074	1.75
2026-06-12	193	3	2.5
2026-06-12	24	1.462	1.19
2026-06-12	43	6.564	1.79
2026-06-12	39	2.581	3.99
2026-06-12	138	1.826	4.59
2026-06-12	218	6	1.39
2026-06-12	108	0.243	2.35
2026-06-12	44	3.32	1.75
2026-06-12	94	2.358	2.85
2026-06-12	12	1.671	2.25
2026-06-12	46	0.39	3
2026-06-12	95	3.151	2.39
2026-06-12	140	0.101	12.95
2026-06-12	28	1	2.85
2026-06-12	195	1	2.25
2026-06-12	166	1	2.45
2026-06-12	93	1	3
2026-06-12	43	3.458	1.79
2026-06-12	28	4	2.85
2026-06-12	103	1.548	2.19
2026-06-12	141	0.183	11.89
2026-06-12	53	1	2.59
2026-06-12	114	0.66	4.5
2026-06-12	12	0.338	2.25
2026-06-12	153	1	1.99
2026-06-12	8	1	2.25
2026-06-12	83	1.515	2.39
2026-06-12	85	1	1.49
2026-06-12	40	2	1.99
2026-06-12	106	0.347	1.99
2026-06-12	56	2	3.49
2026-06-12	136	0.299	12.95
2026-06-12	16	1.64	1.25
2026-06-12	130	2	1.89
2026-06-12	91	16.13	0.69
2026-06-12	213	1	2.85
2026-06-12	117	0.644	2.5
2026-06-12	142	0.42	6.95
2026-06-12	91	9.188	0.69
2026-06-12	43	1.933	1.79
2026-06-12	52	13.04	0.99
2026-06-12	139	0.316	14.95
2026-06-12	79	5	1.55
2026-06-12	215	1	2.79
2026-06-12	121	8.388	1.29
2026-06-12	134	0.466	14.75
2026-06-12	152	1	1.75
2026-06-12	94	3.432	2.85
2026-06-12	130	2	1.89
2026-06-13	100	0.58	2.69
2026-06-13	178	0.842	3.29
2026-06-13	12	3.271	2.25
2026-06-13	148	0.289	5.99
2026-06-13	107	2.342	1.99
2026-06-13	95	5.331	2.39
2026-06-13	166	3	2.45
2026-06-13	121	9.922	1.29
2026-06-13	114	0.729	4.5
2026-06-13	113	0.031	4.25
2026-06-13	41	1.346	1.85
2026-06-13	54	1	2.59
2026-06-13	69	4	1.25
2026-06-13	70	2	1.49
2026-06-13	93	3	3
2026-06-13	158	1	2.29
2026-06-13	146	0.525	14.39
2026-06-13	72	5	0.95
2026-06-13	39	0.99	3.99
2026-06-13	97	0.343	1.75
2026-06-13	199	1.306	2.19
2026-06-13	41	6.422	1.85
2026-06-13	111	3.72	1.75
2026-06-13	40	2	1.99
2026-06-13	108	0.285	2.35
2026-06-13	198	4.412	1.19
2026-06-13	91	6.275	0.69
2026-06-13	146	0.392	14.39
2026-06-13	214	1	2.79
2026-06-13	248	0.012	10.95
2026-06-13	94	3.116	2.85
2026-06-13	27	1	2.59
2026-06-13	127	1	2.49
2026-06-13	218	2	1.39
2026-06-13	18	5.519	1.35
2026-06-13	219	2	0.99
2026-06-13	158	1	2.29
2026-06-13	121	4.674	1.29
2026-06-13	84	2	1.59
2026-06-13	52	14.586	0.99
2026-06-13	39	0.481	3.99
2026-06-13	211	3	1.15
2026-06-13	92	3.753	0.89
2026-06-13	68	1	1.99
2026-06-13	227	1	1.69
2026-06-13	165	0.538	5
2026-06-13	57	2	1.35
2026-06-13	56	2	3.49
2026-06-13	69	1	1.25
2026-06-13	89	5.456	0.79
2026-06-13	93	1	3
2026-06-13	209	2	1.19
2026-06-13	87	1	1.39
2026-06-13	93	3	3
2026-06-13	114	0.62	4.5
2026-06-13	138	2.499	4.59
2026-06-13	85	1	1.49
2026-06-13	155	2	0.85
2026-06-13	189	1	3.15
2026-06-13	17	1	1.69
2026-06-13	11	1.504	3.95
2026-06-13	52	3.273	0.99
2026-06-13	89	3.684	0.79
2026-06-13	33	4.648	1.59
2026-06-13	78	6	1.09
2026-06-13	187	1.185	5.45
2026-06-13	106	5.181	1.99
2026-06-13	58	0.635	2.49
2026-06-13	190	1	3.15
2026-06-13	185	1	1.99
2026-06-13	193	2	2.5
2026-06-13	128	1	2.25
2026-06-13	55	2	2.99
2026-06-13	39	2.183	3.99
2026-06-13	94	0.821	2.85
2026-06-13	53	1	2.59
2026-06-13	89	1	0.79
2026-06-13	56	1	3.49
2026-06-13	4	4	1.05
2026-06-13	91	11.29	0.69
2026-06-13	195	1	2.25
2026-06-13	125	4	2.35
2026-06-13	106	0.588	1.99
2026-06-13	59	0.13	4
2026-06-13	142	0.144	6.95
2026-06-13	194	0.818	2.75
2026-06-13	196	1	3.15
2026-06-13	207	2	1.29
2026-06-13	73	3	1.49
2026-06-13	44	3.011	1.75
2026-06-13	124	4.813	1.55
2026-06-13	189	1	3.15
2026-06-13	125	1	2.35
2026-06-13	30	1	1.89
2026-06-13	195	3	2.25
2026-06-13	101	2.873	3
2026-06-13	193	4	2.5
2026-06-13	141	0.209	11.89
2026-06-13	187	1.422	5.45
2026-06-13	79	6	1.55
2026-06-13	81	6	1.25
2026-06-13	137	0.561	18.75
2026-06-13	52	2.848	0.99
2026-06-13	149	0.517	4.99
2026-06-13	93	3	3
2026-06-13	189	3	3.15
2026-06-13	65	1	1.45
2026-06-13	209	1	1.19
2026-06-13	196	1	3.15
2026-06-13	190	4	3.15
2026-06-13	94	2.856	2.85
2026-06-13	83	1.397	2.39
2026-06-13	77	1	2.35
2026-06-13	190	1	3.15
2026-06-13	139	0.371	14.95
2026-06-13	145	0.236	22.95
2026-06-13	46	0.457	3
2026-06-13	11	0.906	3.95
2026-06-13	140	0.63	12.95
2026-06-13	40	1	1.99
2026-06-13	69	3	1.25
2026-06-13	165	0.136	5
2026-06-13	121	11.326	1.29
2026-06-13	144	0.494	5.39
2026-06-13	33	2.805	1.59
2026-06-13	21	1	0.99
2026-06-13	190	2	3.15
2026-06-13	190	2	3.15
2026-06-13	152	1	1.75
2026-06-13	201	1.01	1.95
2026-06-13	117	0.756	2.5
2026-06-13	91	4.507	0.69
2026-06-13	226	1	1.35
2026-06-13	12	1.098	2.25
2026-06-13	187	0.721	5.45
2026-06-13	147	0.115	3.99
2026-06-13	47	0.407	3
2026-06-13	208	4	0.95
2026-06-13	68	1	1.99
2026-06-13	66	2	1.59
2026-06-13	218	5	1.39
2026-06-13	93	3	3
2026-06-13	56	1	3.49
2026-06-13	103	1.817	2.19
2026-06-13	58	1.329	2.49
2026-06-13	16	1.92	1.25
2026-06-13	93	2	3
2026-06-13	78	4	1.09
2026-06-13	88	2.438	2.19
2026-06-13	165	2.798	5
2026-06-13	11	1.033	3.95
2026-06-13	84	6	1.59
2026-06-13	167	5	1.59
2026-06-13	48	1	1.99
2026-06-13	114	1.576	4.5
2026-06-13	197	5.404	2.25
2026-06-13	27	1	2.59
2026-06-13	101	0.41	3
2026-06-13	195	4	2.25
2026-06-13	95	1.469	2.39
2026-06-13	213	1	2.85
2026-06-13	49	1	3
2026-06-13	153	1	1.99
2026-06-13	82	3	0.99
2026-06-13	52	4.505	0.99
2026-06-13	69	1	1.25
2026-06-13	87	3	1.39
2026-06-13	185	2	1.99
2026-06-13	105	2.434	1.75
2026-06-13	8	1	2.25
2026-06-13	101	1.267	3
2026-06-13	136	0.351	12.95
2026-06-13	154	1	1.99
2026-06-13	43	2.207	1.79
2026-06-13	91	7.652	0.69
2026-06-13	92	5.438	0.89
2026-06-13	121	9.527	1.29
2026-06-13	4	3	1.05
2026-06-13	55	1	2.99
2026-06-13	118	0.233	4
2026-06-13	109	0.699	2.59
2026-06-13	187	0.453	5.45
2026-06-13	197	2.693	2.25
2026-06-13	74	1	2.35
2026-06-13	194	0.385	2.75
2026-06-13	55	1	2.99
2026-06-13	71	1	1.99
2026-06-13	28	3	2.85
2026-06-13	71	1	1.99
2026-06-13	76	3	0.79
2026-06-13	198	5.782	1.19
2026-06-13	83	2.285	2.39
2026-06-13	89	10.848	0.79
2026-06-13	44	7.634	1.75
2026-06-13	216	1	2.79
2026-06-13	66	2	1.59
2026-06-13	93	4	3
2026-06-13	146	0.343	14.39
2026-06-13	127	1	2.49
2026-06-13	24	1.714	1.19
2026-06-13	98	1.5	2.3
2026-06-13	134	0.282	14.75
2026-06-13	89	8.038	0.79
2026-06-13	70	2	1.49
2026-06-13	121	3.481	1.29
2026-06-13	43	4.855	1.79
2026-06-13	77	1	2.35
2026-06-13	106	2.322	1.99
2026-06-13	28	3	2.85
2026-06-13	114	2.407	4.5
2026-06-13	224	1	0.99
2026-06-13	194	4.262	2.75
2026-06-13	124	8.297	1.55
2026-06-13	135	0.558	12.95
2026-06-13	226	2	1.35
2026-06-13	3	1	1.45
2026-06-13	121	2.279	1.29
2026-06-13	23	4	1.25
2026-06-13	227	1	1.69
2026-06-13	99	1.826	2.99
2026-06-13	76	16	0.79
2026-06-13	61	1	1.89
2026-06-13	93	2	3
2026-06-13	42	8.82	1.39
2026-06-13	44	4.469	1.75
2026-06-13	89	9.772	0.79
2026-06-13	124	3.032	1.55
2026-06-13	96	1.512	2.5
2026-06-13	75	1	1.59
2026-06-13	38	1.026	1.89
2026-06-13	43	6.972	1.79
2026-06-13	31	0.641	5.69
2026-06-13	215	1	2.79
2026-06-13	211	1	1.15
2026-06-13	50	1	3
2026-06-13	101	2.74	3
2026-06-13	18	6.533	1.35
2026-06-13	9	4	0.85
2026-06-13	216	1	2.79
2026-06-13	50	1	3
2026-06-13	107	1.457	1.99
2026-06-13	199	2.817	2.19
2026-06-13	112	2.842	2.59
2026-06-13	102	0.354	1.75
2026-06-13	75	4	1.59
2026-06-13	26	0.395	1.19
2026-06-13	55	1	2.99
2026-06-13	38	7.46	1.89
2026-06-13	35	2	1.35
2026-06-13	130	3	1.89
2026-06-13	190	1	3.15
2026-06-13	114	1.858	4.5
2026-06-13	27	1	2.59
2026-06-13	250	0.393	2.39
2026-06-13	52	2.99	0.99
2026-06-13	162	1	1.19
2026-06-13	166	4	2.45
2026-06-13	54	1	2.59
2026-06-13	122	0.084	2.99
2026-06-13	114	2.304	4.5
2026-06-13	194	5.167	2.75
2026-06-13	18	1.585	1.35
2026-06-13	134	0.496	14.75
2026-06-13	56	1	3.49
2026-06-13	142	0.35	6.95
2026-06-15	93	1	3
2026-06-15	70	2	1.49
2026-06-15	40	2	1.99
2026-06-15	155	1	0.85
2026-06-15	77	1	2.35
2026-06-15	49	1	3
2026-06-15	89	17.81	0.79
2026-06-15	27	1	2.59
2026-06-15	158	1	2.29
2026-06-15	165	1.554	5
2026-06-15	33	4.415	1.59
2026-06-15	88	1.447	2.19
2026-06-15	178	0.498	3.29
2026-06-15	43	3.715	1.79
2026-06-15	96	0.896	2.5
2026-06-15	23	2	1.25
2026-06-15	195	1	2.25
2026-06-15	134	0.277	14.75
2026-06-15	227	1	1.69
2026-06-15	118	0.138	4
2026-06-15	55	1	2.99
2026-06-15	82	4	0.99
2026-06-15	52	1.485	0.99
2026-06-15	100	0.342	2.69
2026-06-15	149	0.307	4.99
2026-06-15	105	1.44	1.75
2026-06-15	93	4	3
2026-06-15	93	2	3
2026-06-15	72	3	0.95
2026-06-15	138	0.915	4.59
2026-06-15	42	1	1.39
2026-06-15	113	0.019	4.25
2026-06-15	175	1	1.59
2026-06-15	31	0.38	5.69
2026-06-15	24	1.017	1.19
2026-06-15	196	1	3.15
2026-06-15	213	1	2.85
2026-06-15	52	9.303	0.99
2026-06-15	54	2	2.59
2026-06-15	114	2.591	4.5
2026-06-15	11	2.041	3.95
2026-06-15	28	2	2.85
2026-06-15	226	1	1.35
2026-06-15	219	2	0.99
2026-06-15	56	2	3.49
2026-06-15	190	1	3.15
2026-06-15	84	5	1.59
2026-06-15	99	0.96	2.99
2026-06-15	53	1	2.59
2026-06-15	18	8.037	1.35
2026-06-15	94	2.263	2.85
2026-06-15	199	2.443	2.19
2026-06-15	127	3	2.49
2026-06-15	140	0.334	12.95
2026-06-15	76	5	0.79
2026-06-15	3	1	1.45
2026-06-15	76	7	0.79
2026-06-15	138	0.566	4.59
2026-06-15	47	0.24	3
2026-06-15	190	4	3.15
2026-06-15	114	1.696	4.5
2026-06-15	189	1	3.15
2026-06-15	65	2	1.45
2026-06-15	139	0.219	14.95
2026-06-15	194	5.356	2.75
2026-06-15	107	2.251	1.99
2026-06-15	208	2	0.95
2026-06-15	28	1	2.85
2026-06-15	93	2	3
2026-06-15	158	1	2.29
2026-06-15	30	1	1.89
2026-06-15	167	3	1.59
2026-06-15	215	1	2.79
2026-06-15	145	0.14	22.95
2026-06-15	121	9.775	1.29
2026-06-15	124	7.394	1.55
2026-06-15	218	4	1.39
2026-06-15	211	2	1.15
2026-06-15	95	3.167	2.39
2026-06-15	35	1	1.35
2026-06-15	97	0.2	1.75
2026-06-15	81	4	1.25
2026-06-15	71	1	1.99
2026-06-15	209	1	1.19
2026-06-15	187	0.67	5.45
2026-06-15	213	1	2.85
2026-06-15	102	0.211	1.75
2026-06-15	61	1	1.89
2026-06-15	94	1.761	2.85
2026-06-15	153	1	1.99
2026-06-15	125	3	2.35
2026-06-15	46	0.27	3
2026-06-15	209	1	1.19
2026-06-15	77	1	2.35
2026-06-15	9	2	0.85
2026-06-15	114	0.716	4.5
2026-06-15	41	0.335	1.85
2026-06-15	214	1	2.79
2026-06-15	78	2	1.09
2026-06-15	50	1	3
2026-06-15	30	2	1.89
2026-06-15	41	4.27	1.85
2026-06-15	198	3.605	1.19
2026-06-15	198	2.429	1.19
2026-06-15	140	0.039	12.95
2026-06-15	194	0.945	2.75
2026-06-15	75	3	1.59
2026-06-15	66	2	1.59
2026-06-15	43	4.603	1.79
2026-06-15	101	3.853	3
2026-06-15	58	1.165	2.49
2026-06-15	17	1	1.69
2026-06-15	165	0.504	5
2026-06-15	93	4	3
2026-06-15	146	0.19	14.39
2026-06-15	78	4	1.09
2026-06-15	92	5.438	0.89
2026-06-15	154	1	1.99
2026-06-15	106	4.794	1.99
2026-06-15	68	1	1.99
2026-06-15	55	2	2.99
2026-06-15	248	0.007	10.95
2026-06-15	91	11.029	0.69
2026-06-15	83	2.18	2.39
2026-06-15	196	2	3.15
2026-06-15	187	1.095	5.45
2026-06-15	16	1.136	1.25
2026-06-15	190	1	3.15
2026-06-15	166	1	2.45
2026-06-15	38	2.884	1.89
2026-06-15	8	1	2.25
2026-06-15	185	2	1.99
2026-06-15	121	5.333	1.29
2026-06-15	130	3	1.89
2026-06-15	122	0.05	2.99
2026-06-15	124	0.69	1.55
2026-06-15	71	1	1.99
2026-06-15	136	0.208	12.95
2026-06-15	89	5.177	0.79
2026-06-15	195	1	2.25
2026-06-15	121	1.426	1.29
2026-06-15	21	1	0.99
2026-06-15	162	1	1.19
2026-06-15	27	1	2.59
2026-06-15	201	0.6	1.95
2026-06-15	57	1	1.35
2026-06-15	124	1.484	1.55
2026-06-15	137	0.332	18.75
2026-06-15	42	4.223	1.39
2026-06-15	69	5	1.25
2026-06-15	91	6.58	0.69
2026-06-15	95	0.858	2.39
2026-06-15	128	1	2.25
2026-06-15	117	0.448	2.5
2026-06-15	148	0.172	5.99
2026-06-15	44	3.52	1.75
2026-06-15	224	1	0.99
2026-06-15	197	4.711	2.25
2026-06-15	73	2	1.49
2026-06-15	79	4	1.55
2026-06-15	56	1	3.49
2026-06-15	98	0.891	2.3
2026-06-15	48	1	1.99
2026-06-15	142	0.292	6.95
2026-06-15	226	1	1.35
2026-06-15	101	0.47	3
2026-06-15	195	3	2.25
2026-06-15	134	0.184	14.75
2026-06-15	111	2.206	1.75
2026-06-15	112	1.683	2.59
2026-06-15	28	2	2.85
2026-06-15	12	2.591	2.25
2026-06-15	207	1	1.29
2026-06-15	85	1	1.49
2026-06-15	39	2.165	3.99
2026-06-15	87	3	1.39
2026-06-15	26	0.235	1.19
2026-06-15	52	5.929	0.99
2026-06-15	4	4	1.05
2026-06-15	23	1	1.25
2026-06-15	144	0.291	5.39
2026-06-15	189	2	3.15
2026-06-15	127	1	2.49
2026-06-15	114	0.624	4.5
2026-06-15	152	1	1.75
2026-06-15	38	2.148	1.89
2026-06-15	135	0.209	12.95
2026-06-15	109	0.413	2.59
2026-06-15	141	0.127	11.89
2026-06-15	121	7.891	1.29
2026-06-15	250	0.234	2.39
2026-06-15	135	0.121	12.95
2026-06-15	74	1	2.35
2026-06-15	103	1.078	2.19
2026-06-15	108	0.17	2.35
2026-06-15	193	1	2.5
2026-06-15	146	0.577	14.39
2026-06-15	59	0.078	4
2026-06-15	166	3	2.45
2026-06-15	216	1	2.79
2026-06-15	44	5.434	1.75
2026-06-15	193	3	2.5
2026-06-15	187	0.475	5.45
2026-06-16	68	1	1.99
2026-06-16	93	1	3
2026-06-16	4	4	1.05
2026-06-16	121	8.946	1.29
2026-06-16	167	1	1.59
2026-06-16	91	9.319	0.69
2026-06-16	28	1	2.85
2026-06-16	196	3	3.15
2026-06-16	109	0.44	2.59
2026-06-16	140	0.397	12.95
2026-06-16	28	2	2.85
2026-06-16	227	1	1.69
2026-06-16	99	1.147	2.99
2026-06-16	118	0.145	4
2026-06-16	87	3	1.39
2026-06-16	153	1	1.99
2026-06-16	3	1	1.45
2026-06-16	113	0.02	4.25
2026-06-16	103	1.142	2.19
2026-06-16	216	1	2.79
2026-06-16	66	2	1.59
2026-06-16	56	2	3.49
2026-06-16	138	1.575	4.59
2026-06-16	76	8	0.79
2026-06-16	78	5	1.09
2026-06-16	97	0.217	1.75
2026-06-16	96	0.956	2.5
2026-06-16	124	1.555	1.55
2026-06-16	166	4	2.45
2026-06-16	18	4.741	1.35
2026-06-16	154	1	1.99
2026-06-16	218	4	1.39
2026-06-16	114	2.833	4.5
2026-06-16	187	2.382	5.45
2026-06-16	71	1	1.99
2026-06-16	114	0.507	4.5
2026-06-16	79	3	1.55
2026-06-16	54	2	2.59
2026-06-16	52	13.414	0.99
2026-06-16	199	2.594	2.19
2026-06-16	141	0.135	11.89
2026-06-16	175	1	1.59
2026-06-16	12	2.751	2.25
2026-06-16	139	0.233	14.95
2026-06-16	44	3.314	1.75
2026-06-16	209	2	1.19
2026-06-16	250	0.247	2.39
2026-06-16	48	1	1.99
2026-06-16	89	2.975	0.79
2026-06-16	146	0.815	14.39
2026-06-16	52	4.343	0.99
2026-06-16	190	3	3.15
2026-06-16	44	2.257	1.75
2026-06-16	162	1	1.19
2026-06-16	91	1.855	0.69
2026-06-16	128	1	2.25
2026-06-16	121	2.07	1.29
2026-06-16	94	1.137	2.85
2026-06-16	114	1.791	4.5
2026-06-16	112	1.788	2.59
2026-06-16	71	1	1.99
2026-06-16	93	4	3
2026-06-16	55	1	2.99
2026-06-16	189	1	3.15
2026-06-16	165	1.774	5
2026-06-16	102	0.223	1.75
2026-06-16	145	0.149	22.95
2026-06-16	9	2	0.85
2026-06-16	41	1.011	1.85
2026-06-16	38	5.339	1.89
2026-06-16	98	0.943	2.3
2026-06-16	70	2	1.49
2026-06-16	114	0.847	4.5
2026-06-16	83	2.297	2.39
2026-06-16	44	2.091	1.75
2026-06-16	135	0.351	12.95
2026-06-16	24	1.084	1.19
2026-06-16	149	0.325	4.99
2026-06-16	124	0.948	1.55
2026-06-16	100	0.364	2.69
2026-06-16	41	3.881	1.85
2026-06-16	211	2	1.15
2026-06-16	107	1.136	1.99
2026-06-16	198	2.824	1.19
2026-06-16	124	7.658	1.55
2026-06-16	58	1.237	2.49
2026-06-16	31	0.404	5.69
2026-06-16	207	1	1.29
2026-06-16	57	1	1.35
2026-06-16	137	0.268	18.75
2026-06-16	79	1	1.55
2026-06-16	152	1	1.75
2026-06-16	122	0.054	2.99
2026-06-16	121	6.992	1.29
2026-06-16	226	2	1.35
2026-06-16	207	1	1.29
2026-06-16	75	1	1.59
2026-06-16	218	1	1.39
2026-06-16	91	7.536	0.69
2026-06-16	130	3	1.89
2026-06-16	84	3	1.59
2026-06-16	208	3	0.95
2026-06-16	33	1.969	1.59
2026-06-16	148	0.182	5.99
2026-06-16	198	3.588	1.19
2026-06-16	136	0.221	12.95
2026-06-16	95	2.046	2.39
2026-06-16	65	2	1.45
2026-06-16	39	1.328	3.99
2026-06-16	125	3	2.35
2026-06-16	53	1	2.59
2026-06-16	93	3	3
2026-06-16	134	0.489	14.75
2026-06-16	219	2	0.99
2026-06-16	190	2	3.15
2026-06-16	89	2.646	0.79
2026-06-16	165	0.414	5
2026-06-16	94	1.084	2.85
2026-06-16	106	5.09	1.99
2026-06-16	142	0.311	6.95
2026-06-16	189	2	3.15
2026-06-16	33	2.723	1.59
2026-06-16	158	1	2.29
2026-06-16	27	1	2.59
2026-06-16	224	1	0.99
2026-06-16	101	1.377	3
2026-06-16	194	3.233	2.75
2026-06-16	94	1.618	2.85
2026-06-16	127	1	2.49
2026-06-16	40	2	1.99
2026-06-16	77	2	2.35
2026-06-16	18	3.844	1.35
2026-06-16	194	1.64	2.75
2026-06-16	82	4	0.99
2026-06-16	107	1.256	1.99
2026-06-16	117	0.476	2.5
2026-06-16	213	2	2.85
2026-06-16	81	4	1.25
2026-06-16	190	1	3.15
2026-06-16	89	6.861	0.79
2026-06-16	21	1	0.99
2026-06-16	201	0.636	1.95
2026-06-16	47	0.257	3
2026-06-16	194	0.749	2.75
2026-06-16	194	1.073	2.75
2026-06-16	43	1.302	1.79
2026-06-16	94	0.435	2.85
2026-06-16	186	1	2.25
2026-06-16	89	11.937	0.79
2026-06-16	42	5.554	1.39
2026-06-16	92	4.101	0.89
2026-06-16	195	1	2.25
2026-06-16	92	1.685	0.89
2026-06-16	48	1	1.99
2026-06-16	11	2.167	3.95
2026-06-16	78	1	1.09
2026-06-16	111	2.343	1.75
2026-06-16	190	1	3.15
2026-06-16	56	1	3.49
2026-06-16	8	1	2.25
2026-06-16	105	1.531	1.75
2026-06-16	35	1	1.35
2026-06-16	214	1	2.79
2026-06-16	75	2	1.59
2026-06-16	61	1	1.89
2026-06-16	144	0.31	5.39
2026-06-16	185	2	1.99
2026-06-16	49	1	3
2026-06-16	73	2	1.49
2026-06-16	93	2	3
2026-06-16	101	3.217	3
2026-06-16	57	1	1.35
2026-06-16	43	7.536	1.79
2026-06-16	26	0.252	1.19
2026-06-16	197	5.102	2.25
2026-06-16	108	0.179	2.35
2026-06-16	127	3	2.49
2026-06-16	72	3	0.95
2026-06-16	248	0.007	10.95
2026-06-16	85	1	1.49
2026-06-16	30	3	1.89
2026-06-16	155	1	0.85
2026-06-16	69	5	1.25
2026-06-16	76	5	0.79
2026-06-16	121	3.527	1.29
2026-06-16	95	2.23	2.39
2026-06-16	193	4	2.5
2026-06-16	88	1.534	2.19
2026-06-16	44	1.851	1.75
2026-06-16	178	0.529	3.29
2026-06-16	39	0.972	3.99
2026-06-16	23	3	1.25
2026-06-16	137	0.085	18.75
2026-06-16	93	4	3
2026-06-16	46	0.287	3
2026-06-16	195	4	2.25
2026-06-16	50	1	3
2026-06-16	74	1	2.35
2026-06-16	16	1.208	1.25
2026-06-16	167	2	1.59
2026-06-16	121	4.411	1.29
2026-06-16	27	1	2.59
2026-06-16	158	1	2.29
2026-06-16	55	2	2.99
2026-06-16	28	2	2.85
2026-06-16	84	2	1.59
2026-06-16	17	1	1.69
2026-06-16	59	0.083	4
2026-06-16	215	1	2.79
2026-06-17	100	0.387	2.69
2026-06-17	91	3.29	0.69
2026-06-17	114	1.302	4.5
2026-06-17	93	2	3
2026-06-17	30	2	1.89
2026-06-17	105	1.623	1.75
2026-06-17	18	7.244	1.35
2026-06-17	66	2	1.59
2026-06-17	47	0.273	3
2026-06-17	91	3.435	0.69
2026-06-17	167	1	1.59
2026-06-17	9	3	0.85
2026-06-17	146	0.863	14.39
2026-06-17	89	11.43	0.79
2026-06-17	190	1	3.15
2026-06-17	77	2	2.35
2026-06-17	137	0.373	18.75
2026-06-17	59	0.088	4
2026-06-17	211	2	1.15
2026-06-17	31	0.429	5.69
2026-06-17	95	2.439	2.39
2026-06-17	72	3	0.95
2026-06-17	85	1	1.49
2026-06-17	43	1.425	1.79
2026-06-17	114	1.331	4.5
2026-06-17	8	1	2.25
2026-06-17	118	0.155	4
2026-06-17	121	4.775	1.29
2026-06-17	28	2	2.85
2026-06-17	28	2	2.85
2026-06-17	197	0.627	2.25
2026-06-17	70	1	1.49
2026-06-17	56	2	3.49
2026-06-17	117	0.504	2.5
2026-06-17	81	4	1.25
2026-06-17	190	2	3.15
2026-06-17	12	1.52	2.25
2026-06-17	54	2	2.59
2026-06-17	26	0.269	1.19
2026-06-17	175	1	1.59
2026-06-17	207	1	1.29
2026-06-17	96	1.012	2.5
2026-06-17	39	2.436	3.99
2026-06-17	18	1.852	1.35
2026-06-17	189	3	3.15
2026-06-17	194	3.095	2.75
2026-06-17	94	3.54	2.85
2026-06-17	41	5.178	1.85
2026-06-17	139	0.247	14.95
2026-06-17	144	0.328	5.39
2026-06-17	56	1	3.49
2026-06-17	35	1	1.35
2026-06-17	152	1	1.75
2026-06-17	165	1.884	5
2026-06-17	178	0.559	3.29
2026-06-17	196	1	3.15
2026-06-17	198	2.824	1.19
2026-06-17	196	2	3.15
2026-06-17	91	3.652	0.69
2026-06-17	65	2	1.45
2026-06-17	82	4	0.99
2026-06-17	89	13.835	0.79
2026-06-17	93	2	3
2026-06-17	248	0.008	10.95
2026-06-17	127	3	2.49
2026-06-17	49	1	3
2026-06-17	84	5	1.59
2026-06-17	187	0.639	5.45
2026-06-17	12	1.387	2.25
2026-06-17	44	1.36	1.75
2026-06-17	121	9.907	1.29
2026-06-17	219	2	0.99
2026-06-17	46	0.303	3
2026-06-17	195	5	2.25
2026-06-17	93	2	3
2026-06-17	61	1	1.89
2026-06-17	49	1	3
2026-06-17	94	0.989	2.85
2026-06-17	121	9.132	1.29
2026-06-17	109	0.467	2.59
2026-06-17	214	1	2.79
2026-06-17	207	1	1.29
2026-06-17	201	0.672	1.95
2026-06-17	101	2.9	3
2026-06-17	70	2	1.49
2026-06-17	21	1	0.99
2026-06-17	27	1	2.59
2026-06-17	199	2.361	2.19
2026-06-17	135	0.372	12.95
2026-06-17	48	1	1.99
2026-06-17	124	6.342	1.55
2026-06-17	30	1	1.89
2026-06-17	112	1.896	2.59
2026-06-17	121	1.558	1.29
2026-06-17	227	1	1.69
2026-06-17	93	2	3
2026-06-17	193	4	2.5
2026-06-17	185	1	1.99
2026-06-17	27	1	2.59
2026-06-17	97	0.229	1.75
2026-06-17	153	1	1.99
2026-06-17	186	1	2.25
2026-06-17	33	4.585	1.59
2026-06-17	224	1	0.99
2026-06-17	43	7.933	1.79
2026-06-17	124	3.755	1.55
2026-06-17	50	1	3
2026-06-17	98	1	2.3
2026-06-17	80	1	2.99
2026-06-17	87	2	1.39
2026-06-17	44	2.434	1.75
2026-06-17	4	4	1.05
2026-06-17	190	2	3.15
2026-06-17	28	1	2.85
2026-06-17	24	1.143	1.19
2026-06-17	187	1.139	5.45
2026-06-17	16	1.28	1.25
2026-06-17	199	0.388	2.19
2026-06-17	197	1	2.25
2026-06-17	101	1.96	3
2026-06-17	194	2.08	2.75
2026-06-17	213	2	2.85
2026-06-17	250	0.264	2.39
2026-06-17	215	1	2.79
2026-06-17	33	0.384	1.59
2026-06-17	38	5.656	1.89
2026-06-17	17	1	1.69
2026-06-17	61	1	1.89
2026-06-17	93	4	3
2026-06-17	148	0.192	5.99
2026-06-17	40	2	1.99
2026-06-17	114	1.331	4.5
2026-06-17	142	0.329	6.95
2026-06-17	75	3	1.59
2026-06-17	130	3	1.89
2026-06-17	91	9.435	0.69
2026-06-17	55	1	2.99
2026-06-17	42	5.878	1.39
2026-06-17	79	4	1.55
2026-06-17	11	1.043	3.95
2026-06-17	134	0.519	14.75
2026-06-17	106	5.392	1.99
2026-06-17	71	1	1.99
2026-06-17	23	3	1.25
2026-06-17	48	1	1.99
2026-06-17	88	1.626	2.19
2026-06-17	11	1.251	3.95
2026-06-17	158	1	2.29
2026-06-17	194	1.916	2.75
2026-06-17	102	0.234	1.75
2026-06-17	124	0.665	1.55
2026-06-17	145	0.157	22.95
2026-06-17	166	1	2.45
2026-06-17	140	0.42	12.95
2026-06-17	8	1	2.25
2026-06-17	149	0.345	4.99
2026-06-17	197	3.769	2.25
2026-06-17	165	0.432	5
2026-06-17	187	0.743	5.45
2026-06-17	208	3	0.95
2026-06-17	122	0.057	2.99
2026-06-17	185	2	1.99
2026-06-17	95	2.092	2.39
2026-06-17	226	2	1.35
2026-06-17	128	1	2.25
2026-06-17	56	1	3.49
2026-06-17	103	1.21	2.19
2026-06-17	125	3	2.35
2026-06-17	74	1	2.35
2026-06-17	83	2.452	2.39
2026-06-17	136	0.234	12.95
2026-06-17	71	1	1.99
2026-06-17	166	4	2.45
2026-06-17	121	2.101	1.29
2026-06-17	93	2	3
2026-06-17	190	2	3.15
2026-06-17	155	1	0.85
2026-06-17	44	6.28	1.75
2026-06-17	113	0.021	4.25
2026-06-17	14	0.379	0.95
2026-06-17	78	7	1.09
2026-06-17	111	2.48	1.75
2026-06-17	68	1	1.99
2026-06-17	127	1	2.49
2026-06-17	66	1	1.59
2026-06-17	107	2.533	1.99
2026-06-17	99	1.214	2.99
2026-06-17	114	0.898	4.5
2026-06-17	58	1.309	2.49
2026-06-17	69	6	1.25
2026-06-17	162	1	1.19
2026-06-17	209	2	1.19
2026-06-17	52	5.162	0.99
2026-06-17	218	5	1.39
2026-06-17	154	1	1.99
2026-06-17	138	1.667	4.59
2026-06-17	53	1	2.59
2026-06-17	57	2	1.35
2026-06-17	92	6.135	0.89
2026-06-17	167	2	1.59
2026-06-17	73	2	1.49
2026-06-17	108	0.191	2.35
2026-06-17	52	13.646	0.99
2026-06-17	167	1	1.59
2026-06-17	54	1	2.59
2026-06-17	87	1	1.39
2026-06-17	198	3.639	1.19
2026-06-17	114	1.467	4.5
2026-06-17	130	1	1.89
2026-06-17	76	14	0.79
2026-06-17	3	1	1.45
2026-06-17	55	3	2.99
2026-06-17	141	0.143	11.89
2026-06-17	216	1	2.79
2026-06-18	58	1.382	2.49
2026-06-18	93	1	3
2026-06-18	54	1	2.59
2026-06-18	155	1	0.85
2026-06-18	103	1.279	2.19
2026-06-18	219	2	0.99
2026-06-18	149	0.363	4.99
2026-06-18	55	1	2.99
2026-06-18	165	1.794	5
2026-06-18	175	1	1.59
2026-06-18	211	2	1.15
2026-06-18	248	0.008	10.95
2026-06-18	208	3	0.95
2026-06-18	117	0.532	2.5
2026-06-18	142	0.348	6.95
2026-06-18	190	2	3.15
2026-06-18	114	2.26	4.5
2026-06-18	46	0.32	3
2026-06-18	106	0.91	1.99
2026-06-18	77	2	2.35
2026-06-18	135	0.236	12.95
2026-06-18	39	0.273	3.99
2026-06-18	83	2.59	2.39
2026-06-18	12	3.076	2.25
2026-06-18	30	2	1.89
2026-06-18	40	2	1.99
2026-06-18	114	0.778	4.5
2026-06-18	114	0.616	4.5
2026-06-18	140	0.443	12.95
2026-06-18	218	3	1.39
2026-06-18	31	0.452	5.69
2026-06-18	190	2	3.15
2026-06-18	93	3	3
2026-06-18	88	1.717	2.19
2026-06-18	47	0.287	3
2026-06-18	214	1	2.79
2026-06-18	80	1	2.99
2026-06-18	186	1	2.25
2026-06-18	135	0.157	12.95
2026-06-18	23	3	1.25
2026-06-18	108	0.2	2.35
2026-06-18	121	3.008	1.29
2026-06-18	122	0.06	2.99
2026-06-18	84	1	1.59
2026-06-18	187	0.409	5.45
2026-06-18	250	0.276	2.39
2026-06-18	165	0.518	5
2026-06-18	89	10.734	0.79
2026-06-18	93	2	3
2026-06-18	55	2	2.99
2026-06-18	165	0.132	5
2026-06-18	93	2	3
2026-06-18	195	1	2.25
2026-06-18	196	1	3.15
2026-06-18	114	3.027	4.5
2026-06-18	118	0.163	4
2026-06-18	146	0.185	14.39
2026-06-18	43	2.313	1.79
2026-06-18	158	1	2.29
2026-06-18	74	1	2.35
2026-06-18	196	2	3.15
2026-06-18	79	4	1.55
2026-06-18	27	1	2.59
2026-06-18	121	11.822	1.29
2026-06-18	89	10.57	0.79
2026-06-18	44	7.669	1.75
2026-06-18	52	13.424	0.99
2026-06-18	81	1	1.25
2026-06-18	138	1.595	4.59
2026-06-18	111	1.657	1.75
2026-06-18	28	1	2.85
2026-06-18	89	6	0.79
2026-06-18	136	0.247	12.95
2026-06-18	71	1	1.99
2026-06-18	211	1	1.15
2026-06-18	61	1	1.89
2026-06-18	3	1	1.45
2026-06-18	107	2.673	1.99
2026-06-18	215	1	2.79
2026-06-18	93	3	3
2026-06-18	57	2	1.35
2026-06-18	124	6.968	1.55
2026-06-18	39	0.757	3.99
2026-06-18	197	1.547	2.25
2026-06-18	195	1	2.25
2026-06-18	154	1	1.99
2026-06-18	30	1	1.89
2026-06-18	194	1.633	2.75
2026-06-18	78	4	1.09
2026-06-18	53	1	2.59
2026-06-18	153	1	1.99
2026-06-18	137	0.394	18.75
2026-06-18	93	1	3
2026-06-18	213	2	2.85
2026-06-18	41	5.465	1.85
2026-06-18	26	0.277	1.19
2026-06-18	109	0.494	2.59
2026-06-18	101	0.697	3
2026-06-18	94	4.779	2.85
2026-06-18	185	2	1.99
2026-06-18	18	7.504	1.35
2026-06-18	106	4.779	1.99
2026-06-18	124	1.555	1.55
2026-06-18	76	9	0.79
2026-06-18	87	3	1.39
2026-06-18	72	4	0.95
2026-06-18	144	0.347	5.39
2026-06-18	73	2	1.49
2026-06-18	48	1	1.99
2026-06-18	38	3.048	1.89
2026-06-18	93	3	3
2026-06-18	78	3	1.09
2026-06-18	8	1	2.25
2026-06-18	199	2.091	2.19
2026-06-18	130	4	1.89
2026-06-18	39	1.541	3.99
2026-06-18	189	1	3.15
2026-06-18	24	1.21	1.19
2026-06-18	95	2.18	2.39
2026-06-18	35	1	1.35
2026-06-18	185	1	1.99
2026-06-18	70	3	1.49
2026-06-18	100	0.405	2.69
2026-06-18	52	6.424	0.99
2026-06-18	198	7.176	1.19
2026-06-18	65	2	1.45
2026-06-18	207	2	1.29
2026-06-18	152	1	1.75
2026-06-18	66	3	1.59
2026-06-18	194	2.84	2.75
2026-06-18	187	2.251	5.45
2026-06-18	148	0.204	5.99
2026-06-18	197	2.733	2.25
2026-06-18	102	0.251	1.75
2026-06-18	54	2	2.59
2026-06-18	43	7.564	1.79
2026-06-18	9	3	0.85
2026-06-18	121	7.264	1.29
2026-06-18	112	2	2.59
2026-06-18	21	1	0.99
2026-06-18	42	6.209	1.39
2026-06-18	56	1	3.49
2026-06-18	139	0.261	14.95
2026-06-18	69	4	1.25
2026-06-18	69	2	1.25
2026-06-18	98	1.057	2.3
2026-06-18	121	3.101	1.29
2026-06-18	166	1	2.45
2026-06-18	92	3.449	0.89
2026-06-18	97	0.24	1.75
2026-06-18	85	1	1.49
2026-06-18	224	1	0.99
2026-06-18	18	2.096	1.35
2026-06-18	190	2	3.15
2026-06-18	199	0.808	2.19
2026-06-18	61	1	1.89
2026-06-18	11	2.423	3.95
2026-06-18	162	1	1.19
2026-06-18	201	0.713	1.95
2026-06-18	190	1	3.15
2026-06-18	59	0.093	4
2026-06-18	17	1	1.69
2026-06-18	4	5	1.05
2026-06-18	128	1	2.25
2026-06-18	166	4	2.45
2026-06-18	38	2.926	1.89
2026-06-18	49	1	3
2026-06-18	138	0.163	4.59
2026-06-18	134	0.547	14.75
2026-06-18	75	3	1.59
2026-06-18	125	3	2.35
2026-06-18	92	3.011	0.89
2026-06-18	167	4	1.59
2026-06-18	91	4.986	0.69
2026-06-18	101	4.437	3
2026-06-18	197	1.418	2.25
2026-06-18	226	2	1.35
2026-06-18	16	1.352	1.25
2026-06-18	127	4	2.49
2026-06-18	105	1.714	1.75
2026-06-18	33	3.66	1.59
2026-06-18	44	2.966	1.75
2026-06-18	189	2	3.15
2026-06-18	146	0.726	14.39
2026-06-18	56	3	3.49
2026-06-18	95	1.167	2.39
2026-06-18	145	0.166	22.95
2026-06-18	68	1	1.99
2026-06-18	178	0.593	3.29
2026-06-18	91	15.928	0.69
2026-06-18	50	1	3
2026-06-18	33	1.585	1.59
2026-06-18	227	1	1.69
2026-06-18	141	0.151	11.89
2026-06-18	158	1	2.29
2026-06-18	193	4	2.5
2026-06-18	209	2	1.19
2026-06-18	28	2	2.85
2026-06-18	49	1	3
2026-06-18	190	1	3.15
2026-06-18	218	2	1.39
2026-06-18	81	4	1.25
2026-06-18	111	0.96	1.75
2026-06-18	76	6	0.79
2026-06-18	121	4.016	1.29
2026-06-18	28	3	2.85
2026-06-18	95	1.435	2.39
2026-06-18	194	3.015	2.75
2026-06-18	30	1	1.89
2026-06-18	48	1	1.99
2026-06-18	124	2.839	1.55
2026-06-18	216	1	2.79
2026-06-18	113	0.022	4.25
2026-06-18	82	5	0.99
2026-06-18	195	4	2.25
2026-06-18	8	1	2.25
2026-06-18	55	1	2.99
2026-06-18	96	1.068	2.5
2026-06-18	99	1.281	2.99
2026-06-18	60	1	2.75
2026-06-18	84	5	1.59
2026-06-19	80	1	2.99
2026-06-19	52	3.364	0.99
2026-06-19	111	3.166	1.75
2026-06-19	121	3	1.29
2026-06-19	125	3	2.35
2026-06-19	190	3	3.15
2026-06-19	53	1	2.59
2026-06-19	194	0.742	2.75
2026-06-19	76	9	0.79
2026-06-19	50	1	3
2026-06-19	190	3	3.15
2026-06-19	43	4.676	1.79
2026-06-19	23	2	1.25
2026-06-19	121	8.357	1.29
2026-06-19	57	2	1.35
2026-06-19	35	1	1.35
2026-06-19	56	1	3.49
2026-06-19	11	1.542	3.95
2026-06-19	195	2	2.25
2026-06-19	113	0.027	4.25
2026-06-19	197	1.849	2.25
2026-06-19	78	6	1.09
2026-06-19	187	2.459	5.45
2026-06-19	105	2.074	1.75
2026-06-19	146	0.416	14.39
2026-06-19	70	3	1.49
2026-06-19	44	4.349	1.75
2026-06-19	193	1	2.5
2026-06-19	69	2	1.25
2026-06-19	130	2	1.89
2026-06-19	195	1	2.25
2026-06-19	91	1.913	0.69
2026-06-19	211	3	1.15
2026-06-19	65	2	1.45
2026-06-19	118	0.198	4
2026-06-19	101	0.677	3
2026-06-19	66	3	1.59
2026-06-19	43	1.458	1.79
2026-06-19	121	3.326	1.29
2026-06-19	198	3.403	1.19
2026-06-19	125	1	2.35
2026-06-19	187	0.763	5.45
2026-06-19	195	3	2.25
2026-06-19	106	1.779	1.99
2026-06-19	124	0.342	1.55
2026-06-19	94	2.109	2.85
2026-06-19	93	1	3
2026-06-19	46	0.39	3
2026-06-19	26	0.336	1.19
2026-06-19	101	0.79	3
2026-06-19	28	1	2.85
2026-06-19	127	2	2.49
2026-06-19	78	3	1.09
2026-06-19	89	7.911	0.79
2026-06-19	201	0.862	1.95
2026-06-19	93	5	3
2026-06-19	194	3.695	2.75
2026-06-19	27	1	2.59
2026-06-19	195	1	2.25
2026-06-19	58	1.671	2.49
2026-06-19	39	3.113	3.99
2026-06-19	213	1	2.85
2026-06-19	53	1	2.59
2026-06-19	109	0.595	2.59
2026-06-19	101	3.69	3
2026-06-19	52	0.96	0.99
2026-06-19	101	1.057	3
2026-06-19	189	2	3.15
2026-06-19	43	5.821	1.79
2026-06-19	60	1	2.75
2026-06-19	198	5.277	1.19
2026-06-19	93	4	3
2026-06-19	112	2.421	2.59
2026-06-19	28	4	2.85
2026-06-19	103	1.548	2.19
2026-06-19	38	4.063	1.89
2026-06-19	91	9.884	0.69
2026-06-19	127	1	2.49
2026-06-19	190	1	3.15
2026-06-19	74	1	2.35
2026-06-19	209	2	1.19
2026-06-19	121	9.395	1.29
2026-06-19	215	1	2.79
2026-06-19	41	2.492	1.85
2026-06-19	23	2	1.25
2026-06-19	31	0.547	5.69
2026-06-19	33	2.767	1.59
2026-06-19	69	5	1.25
2026-06-19	76	9	0.79
2026-06-19	93	3	3
2026-06-19	72	4	0.95
2026-06-19	83	3.134	2.39
2026-06-19	108	0.243	2.35
2026-06-19	92	6.438	0.89
2026-06-19	144	0.419	5.39
2026-06-19	146	0.687	14.39
2026-06-19	114	2.28	4.5
2026-06-19	49	1	3
2026-06-19	1	1	1.5
2026-06-19	178	0.717	3.29
2026-06-19	82	4	0.99
2026-06-19	30	4	1.89
2026-06-19	138	0.133	4.59
2026-06-19	139	0.089	14.95
2026-06-19	155	2	0.85
2026-06-19	138	0.834	4.59
2026-06-19	114	0.838	4.5
2026-06-19	40	2	1.99
2026-06-19	71	1	1.99
2026-06-19	12	2.067	2.25
2026-06-19	152	1	1.75
2026-06-19	206	1	1.95
2026-06-19	68	1	1.99
2026-06-19	196	1	3.15
2026-06-19	140	0.537	12.95
2026-06-19	196	3	3.15
2026-06-19	248	0.01	10.95
2026-06-19	84	2	1.59
2026-06-19	40	1	1.99
2026-06-19	84	1	1.59
2026-06-19	96	1.292	2.5
2026-06-19	145	0.046	22.95
2026-06-19	249	1	2.29
2026-06-19	167	3	1.59
2026-06-19	137	0.477	18.75
2026-06-19	121	1.837	1.29
2026-06-19	158	1	2.29
2026-06-19	24	1.462	1.19
2026-06-19	149	0.441	4.99
2026-06-19	56	3	3.49
2026-06-19	17	1	1.69
2026-06-19	153	1	1.99
2026-06-19	218	6	1.39
2026-06-19	9	3	0.85
2026-06-19	136	0.065	12.95
2026-06-19	81	5	1.25
2026-06-19	79	2	1.55
2026-06-19	99	1.555	2.99
2026-06-19	167	1	1.59
2026-06-19	130	1	1.89
2026-06-19	214	1	2.79
2026-06-19	165	0.512	5
2026-06-19	189	2	3.15
2026-06-19	250	0.335	2.39
2026-06-19	226	2	1.35
2026-06-19	77	2	2.35
2026-06-19	227	1	1.69
2026-06-19	114	2.1	4.5
2026-06-19	85	1	1.49
2026-06-19	145	0.155	22.95
2026-06-19	97	0.291	1.75
2026-06-19	136	0.234	12.95
2026-06-19	194	1.836	2.75
2026-06-19	4	6	1.05
2026-06-19	166	3	2.45
2026-06-19	186	1	2.25
2026-06-19	38	3.164	1.89
2026-06-19	54	1	2.59
2026-06-19	82	2	0.99
2026-06-19	148	0.245	5.99
2026-06-19	41	4.13	1.85
2026-06-19	44	5.337	1.75
2026-06-19	55	2	2.99
2026-06-19	81	1	1.25
2026-06-19	61	2	1.89
2026-06-19	166	3	2.45
2026-06-19	185	2	1.99
2026-06-19	18	3.341	1.35
2026-06-19	124	6.277	1.55
2026-06-19	207	2	1.29
2026-06-19	135	0.475	12.95
2026-06-19	165	2.446	5
2026-06-19	98	1.278	2.3
2026-06-19	216	1	2.79
2026-06-19	85	1	1.49
2026-06-19	94	3.681	2.85
2026-06-19	27	1	2.59
2026-06-19	194	1.356	2.75
2026-06-19	100	0.494	2.69
2026-06-19	224	1	0.99
2026-06-19	208	3	0.95
2026-06-19	142	0.42	6.95
2026-06-19	122	0.07	2.99
2026-06-19	194	1.425	2.75
2026-06-19	73	3	1.49
2026-06-19	75	4	1.59
2026-06-19	95	5.682	2.39
2026-06-19	214	1	2.79
2026-06-19	93	5	3
2026-06-19	89	5.013	0.79
2026-06-19	197	4.324	2.25
2026-06-19	185	1	1.99
2026-06-19	91	13.522	0.69
2026-06-19	199	0.32	2.19
2026-06-19	175	1	1.59
2026-06-19	114	2.869	4.5
2026-06-19	18	8.281	1.35
2026-06-19	52	12.828	0.99
2026-06-19	124	7.129	1.55
2026-06-19	127	2	2.49
2026-06-19	193	1	2.5
2026-06-19	84	2	1.59
2026-06-19	52	6.879	0.99
2026-06-19	88	2.078	2.19
2026-06-19	92	1.393	0.89
2026-06-19	134	0.662	14.75
2026-06-19	117	0.644	2.5
2026-06-19	44	3.189	1.75
2026-06-19	138	1.161	4.59
2026-06-19	33	3.579	1.59
2026-06-19	139	0.227	14.95
2026-06-19	79	3	1.55
2026-06-19	121	9.194	1.29
2026-06-19	106	5.111	1.99
2026-06-19	84	2	1.59
2026-06-19	190	1	3.15
2026-06-19	28	1	2.85
2026-06-19	47	0.347	3
2026-06-19	3	1	1.45
2026-06-19	8	1	2.25
2026-06-19	130	2	1.89
2026-06-19	154	1	1.99
2026-06-19	102	0.303	1.75
2026-06-19	193	3	2.5
2026-06-19	141	0.183	11.89
2026-06-19	21	1	0.99
2026-06-19	162	1	1.19
2026-06-19	42	7.504	1.39
2026-06-19	28	1	2.85
2026-06-19	89	13.38	0.79
2026-06-19	190	1	3.15
2026-06-19	59	0.11	4
2026-06-19	89	6.747	0.79
2026-06-19	16	1.64	1.25
2026-06-19	55	2	2.99
2026-06-19	12	1.653	2.25
2026-06-19	87	4	1.39
2026-06-19	199	3.187	2.19
2026-06-19	128	1	2.25
2026-06-19	197	0.729	2.25
2026-06-19	11	1.392	3.95
2026-06-19	213	2	2.85
2026-06-19	48	1	1.99
2026-06-19	219	2	0.99
2026-06-19	107	3.231	1.99
2026-06-20	224	1	0.99
2026-06-20	121	9.597	1.29
2026-06-20	81	6	1.25
2026-06-20	93	2	3
2026-06-20	31	0.107	5.69
2026-06-20	118	0.233	4
2026-06-20	105	2.434	1.75
2026-06-20	209	2	1.19
2026-06-20	142	0.494	6.95
2026-06-20	215	1	2.79
2026-06-20	94	0.751	2.85
2026-06-20	76	10	0.79
2026-06-20	53	2	2.59
2026-06-20	226	1	1.35
2026-06-20	125	1	2.35
2026-06-20	41	6.454	1.85
2026-06-20	44	2.554	1.75
2026-06-20	121	9.202	1.29
2026-06-20	190	1	3.15
2026-06-20	23	3	1.25
2026-06-20	226	2	1.35
2026-06-20	56	2	3.49
2026-06-20	186	1	2.25
2026-06-20	165	1.146	5
2026-06-20	195	1	2.25
2026-06-20	41	1.314	1.85
2026-06-20	55	1	2.99
2026-06-20	106	1.513	1.99
2026-06-20	89	10.101	0.79
2026-06-20	42	2.835	1.39
2026-06-20	61	2	1.89
2026-06-20	55	1	2.99
2026-06-20	3	1	1.45
2026-06-20	27	1	2.59
2026-06-20	94	2.635	2.85
2026-06-20	198	2.882	1.19
2026-06-20	178	0.842	3.29
2026-06-20	193	4	2.5
2026-06-20	89	3.443	0.79
2026-06-20	207	2	1.29
2026-06-20	93	1	3
2026-06-20	82	7	0.99
2026-06-20	250	0.393	2.39
2026-06-20	43	1.19	1.79
2026-06-20	42	3.23	1.39
2026-06-20	199	4.119	2.19
2026-06-20	18	3.526	1.35
2026-06-20	84	2	1.59
2026-06-20	196	1	3.15
2026-06-20	138	0.174	4.59
2026-06-20	106	1.402	1.99
2026-06-20	76	11	0.79
2026-06-20	96	1.512	2.5
2026-06-20	91	11.913	0.69
2026-06-20	78	7	1.09
2026-06-20	69	6	1.25
2026-06-20	94	1.814	2.85
2026-06-20	77	2	2.35
2026-06-20	219	3	0.99
2026-06-20	24	1.714	1.19
2026-06-20	117	0.756	2.5
2026-06-20	130	3	1.89
2026-06-20	68	1	1.99
2026-06-20	1	1	1.5
2026-06-20	213	1	2.85
2026-06-20	80	1	2.99
2026-06-20	195	1	2.25
2026-06-20	83	3.469	2.39
2026-06-20	139	0.371	14.95
2026-06-20	75	1	1.59
2026-06-20	71	1	1.99
2026-06-20	165	1.25	5
2026-06-20	144	0.494	5.39
2026-06-20	9	4	0.85
2026-06-20	216	1	2.79
2026-06-20	93	1	3
2026-06-20	134	0.585	14.75
2026-06-20	56	2	3.49
2026-06-20	52	7.596	0.99
2026-06-20	127	1	2.49
2026-06-20	190	1	3.15
2026-06-20	40	1	1.99
2026-06-20	38	5.233	1.89
2026-06-20	165	1.078	5
2026-06-20	195	5	2.25
2026-06-20	107	2.307	1.99
2026-06-20	101	2.77	3
2026-06-20	209	1	1.19
2026-06-20	187	1.694	5.45
2026-06-20	16	1.92	1.25
2026-06-20	197	1.582	2.25
2026-06-20	121	1.698	1.29
2026-06-20	148	0.289	5.99
2026-06-20	56	1	3.49
2026-06-20	28	1	2.85
2026-06-20	214	2	2.79
2026-06-20	166	4	2.45
2026-06-20	89	16.696	0.79
2026-06-20	135	0.558	12.95
2026-06-20	98	0.365	2.3
2026-06-20	196	3	3.15
2026-06-20	89	3.81	0.79
2026-06-20	28	1	2.85
2026-06-20	149	0.517	4.99
2026-06-20	33	1.415	1.59
2026-06-20	18	5.104	1.35
2026-06-20	68	1	1.99
2026-06-20	31	0.534	5.69
2026-06-20	87	4	1.39
2026-06-20	60	1	2.75
2026-06-20	65	1	1.45
2026-06-20	99	1.826	2.99
2026-06-20	175	1	1.59
2026-06-20	114	2.731	4.5
2026-06-20	48	1	1.99
2026-06-20	28	2	2.85
2026-06-20	190	4	3.15
2026-06-20	78	3	1.09
2026-06-20	58	1.964	2.49
2026-06-20	21	1	0.99
2026-06-20	122	0.084	2.99
2026-06-20	194	3.349	2.75
2026-06-20	30	4	1.89
2026-06-20	75	4	1.59
2026-06-20	98	1.135	2.3
2026-06-20	109	0.699	2.59
2026-06-20	190	3	3.15
2026-06-20	74	1	2.35
2026-06-20	35	2	1.35
2026-06-20	134	0.037	14.75
2026-06-20	114	0.471	4.5
2026-06-20	187	2.088	5.45
2026-06-20	50	1	3
2026-06-20	155	2	0.85
2026-06-20	121	0.527	1.29
2026-06-20	189	1	3.15
2026-06-20	185	3	1.99
2026-06-20	94	1.589	2.85
2026-06-20	59	0.13	4
2026-06-20	55	3	2.99
2026-06-20	95	1.113	2.39
2026-06-20	50	1	3
2026-06-20	145	0.236	22.95
2026-06-20	88	2.438	2.19
2026-06-20	227	1	1.69
2026-06-20	52	11.545	0.99
2026-06-20	248	0.012	10.95
2026-06-20	114	3.26	4.5
2026-06-20	38	0.55	1.89
2026-06-20	138	1.76	4.59
2026-06-20	18	5	1.35
2026-06-20	85	2	1.49
2026-06-20	108	0.285	2.35
2026-06-20	91	17.812	0.69
2026-06-20	43	1.905	1.79
2026-06-20	72	5	0.95
2026-06-20	162	1	1.19
2026-06-20	146	0.328	14.39
2026-06-20	134	0.155	14.75
2026-06-20	70	4	1.49
2026-06-20	89	4.734	0.79
2026-06-20	17	1	1.69
2026-06-20	39	1.1	3.99
2026-06-20	93	2	3
2026-06-20	190	1	3.15
2026-06-20	196	1	3.15
2026-06-20	93	3	3
2026-06-20	127	1	2.49
2026-06-20	197	6.516	2.25
2026-06-20	211	1	1.15
2026-06-20	11	1.041	3.95
2026-06-20	113	0.031	4.25
2026-06-20	195	1	2.25
2026-06-20	46	0.457	3
2026-06-20	190	1	3.15
2026-06-20	213	2	2.85
2026-06-20	79	6	1.55
2026-06-20	26	0.395	1.19
2026-06-20	154	1	1.99
2026-06-20	83	0.209	2.39
2026-06-20	4	7	1.05
2026-06-20	158	1	2.29
2026-06-20	216	1	2.79
2026-06-20	11	2.403	3.95
2026-06-20	198	3.244	1.19
2026-06-20	12	4.12	2.25
2026-06-20	54	1	2.59
2026-06-20	121	7.31	1.29
2026-06-20	211	3	1.15
2026-06-20	84	6	1.59
2026-06-20	8	1	2.25
2026-06-20	65	2	1.45
2026-06-20	23	1	1.25
2026-06-20	138	0.564	4.59
2026-06-20	92	3.787	0.89
2026-06-20	194	2.229	2.75
2026-06-20	47	0.407	3
2026-06-20	227	1	1.69
2026-06-20	201	1.01	1.95
2026-06-20	193	2	2.5
2026-06-20	112	2.842	2.59
2026-06-20	93	2	3
2026-06-20	93	4	3
2026-06-20	121	2.403	1.29
2026-06-20	39	0.203	3.99
2026-06-20	102	0.354	1.75
2026-06-20	166	3	2.45
2026-06-20	189	1	3.15
2026-06-20	49	1	3
2026-06-20	92	5.404	0.89
2026-06-20	158	1	2.29
2026-06-20	93	5	3
2026-06-20	54	2	2.59
2026-06-20	198	4.059	1.19
2026-06-20	141	0.214	11.89
2026-06-20	153	1	1.99
2026-06-20	39	2.351	3.99
2026-06-20	167	5	1.59
2026-06-20	77	1	2.35
2026-06-20	43	3.553	1.79
2026-06-20	66	1	1.59
2026-06-20	101	4.523	3
2026-06-20	97	0.343	1.75
2026-06-20	136	0.351	12.95
2026-06-20	57	2	1.35
2026-06-20	146	0.967	14.39
2026-06-20	124	8.819	1.55
2026-06-20	100	0.58	2.69
2026-06-20	124	4.897	1.55
2026-06-20	28	2	2.85
2026-06-20	137	0.561	18.75
2026-06-20	218	2	1.39
2026-06-20	71	1	1.99
2026-06-20	103	1.817	2.19
2026-06-20	208	4	0.95
2026-06-20	152	1	1.75
2026-06-20	44	4.937	1.75
2026-06-20	54	1	2.59
2026-06-20	12	0.249	2.25
2026-06-20	52	9.061	0.99
2026-06-20	95	5.682	2.39
2026-06-20	73	3	1.49
2026-06-20	38	2.704	1.89
2026-06-20	107	1.492	1.99
2026-06-20	111	3.72	1.75
2026-06-20	28	2	2.85
2026-06-20	44	7.623	1.75
2026-06-20	114	3.031	4.5
2026-06-20	106	5.171	1.99
2026-06-20	33	6.038	1.59
2026-06-20	130	2	1.89
2026-06-20	93	1	3
2026-06-20	140	0.63	12.95
2026-06-20	69	1	1.25
2026-06-20	128	1	2.25
2026-06-20	121	10.481	1.29
2026-06-20	185	1	1.99
2026-06-20	249	1	2.29
2026-06-20	189	3	3.15
2026-06-20	42	2.755	1.39
2026-06-20	43	7.385	1.79
2026-06-20	194	5.058	2.75
2026-06-20	206	1	1.95
2026-06-20	124	2.426	1.55
2026-06-20	27	1	2.59
2026-06-22	16	1.136	1.25
2026-06-22	75	3	1.59
2026-06-22	74	1	2.35
2026-06-22	28	1	2.85
2026-06-22	52	6.636	0.99
2026-06-22	91	11.333	0.69
2026-06-22	93	5	3
2026-06-22	193	1	2.5
2026-06-22	23	1	1.25
2026-06-22	26	0.235	1.19
2026-06-22	117	0.448	2.5
2026-06-22	209	1	1.19
2026-06-22	103	1.078	2.19
2026-06-22	199	2.443	2.19
2026-06-22	50	1	3
2026-06-22	89	4.873	0.79
2026-06-22	226	1	1.35
2026-06-22	23	2	1.25
2026-06-22	112	1.683	2.59
2026-06-22	124	3.684	1.55
2026-06-22	114	2.764	4.5
2026-06-22	109	0.413	2.59
2026-06-22	175	1	1.59
2026-06-22	193	2	2.5
2026-06-22	105	1.44	1.75
2026-06-22	249	1	2.29
2026-06-22	93	1	3
2026-06-22	209	1	1.19
2026-06-22	219	2	0.99
2026-06-22	130	3	1.89
2026-06-22	28	1	2.85
2026-06-22	43	5.48	1.79
2026-06-22	194	1.356	2.75
2026-06-22	59	0.078	4
2026-06-22	187	0.789	5.45
2026-06-22	155	1	0.85
2026-06-22	135	0.331	12.95
2026-06-22	195	3	2.25
2026-06-22	18	8.089	1.35
2026-06-22	186	1	2.25
2026-06-22	125	3	2.35
2026-06-22	76	8	0.79
2026-06-22	187	1.226	5.45
2026-06-22	58	1.165	2.49
2026-06-22	71	1	1.99
2026-06-22	84	2	1.59
2026-06-22	218	4	1.39
2026-06-22	11	2.041	3.95
2026-06-22	66	2	1.59
2026-06-22	62	1	1.85
2026-06-22	127	1	2.49
2026-06-22	140	0.317	12.95
2026-06-22	118	0.138	4
2026-06-22	189	3	3.15
2026-06-22	44	5	1.75
2026-06-22	197	2.818	2.25
2026-06-22	35	1	1.35
2026-06-22	138	0.765	4.59
2026-06-22	226	1	1.35
2026-06-22	93	3	3
2026-06-22	166	2	2.45
2026-06-22	215	1	2.79
2026-06-22	101	4.323	3
2026-06-22	152	1	1.75
2026-06-22	89	14.291	0.79
2026-06-22	95	4.025	2.39
2026-06-22	82	4	0.99
2026-06-22	41	1.141	1.85
2026-06-22	222	1	2.75
2026-06-22	46	0.27	3
2026-06-22	248	0.007	10.95
2026-06-22	106	3.744	1.99
2026-06-22	98	0.891	2.3
2026-06-22	85	1	1.49
2026-06-22	9	2	0.85
2026-06-22	121	5.488	1.29
2026-06-22	24	1.017	1.19
2026-06-22	194	4.945	2.75
2026-06-22	190	3	3.15
2026-06-22	108	0.17	2.35
2026-06-22	134	0.461	14.75
2026-06-22	148	0.172	5.99
2026-06-22	146	0.617	14.39
2026-06-22	113	0.019	4.25
2026-06-22	55	3	2.99
2026-06-22	89	3.823	0.79
2026-06-22	81	4	1.25
2026-06-22	227	1	1.69
2026-06-22	84	3	1.59
2026-06-22	141	0.127	11.89
2026-06-22	70	2	1.49
2026-06-22	71	1	1.99
2026-06-22	56	3	3.49
2026-06-22	185	2	1.99
2026-06-22	69	1	1.25
2026-06-22	79	3	1.55
2026-06-22	193	1	2.5
2026-06-22	4	4	1.05
2026-06-22	216	1	2.79
2026-06-22	140	0.056	12.95
2026-06-22	197	1.978	2.25
2026-06-22	121	3.031	1.29
2026-06-22	91	6.275	0.69
2026-06-22	47	0.24	3
2026-06-22	38	1.418	1.89
2026-06-22	146	0.15	14.39
2026-06-22	137	0.332	18.75
2026-06-22	208	2	0.95
2026-06-22	195	1	2.25
2026-06-22	33	0.667	1.59
2026-06-22	225	1	1.65
2026-06-22	138	0.715	4.59
2026-06-22	195	1	2.25
2026-06-22	12	2.591	2.25
2026-06-22	94	2.656	2.85
2026-06-22	28	3	2.85
2026-06-22	3	1	1.45
2026-06-22	201	0.6	1.95
2026-06-22	97	0.2	1.75
2026-06-22	33	1.717	1.59
2026-06-22	76	4	0.79
2026-06-22	33	2.031	1.59
2026-06-22	145	0.14	22.95
2026-06-22	187	0.226	5.45
2026-06-22	165	2.058	5
2026-06-22	40	2	1.99
2026-06-22	17	1	1.69
2026-06-22	44	1.994	1.75
2026-06-22	166	2	2.45
2026-06-22	100	0.342	2.69
2026-06-22	38	3.608	1.89
2026-06-22	153	1	1.99
2026-06-22	54	2	2.59
2026-06-22	87	3	1.39
2026-06-22	136	0.208	12.95
2026-06-22	190	1	3.15
2026-06-22	99	1.08	2.99
2026-06-22	196	3	3.15
2026-06-22	114	1.302	4.5
2026-06-22	43	2.838	1.79
2026-06-22	158	1	2.29
2026-06-22	211	2	1.15
2026-06-22	65	2	1.45
2026-06-22	52	10.081	0.99
2026-06-22	107	2.251	1.99
2026-06-22	8	1	2.25
2026-06-22	122	0.05	2.99
2026-06-22	121	8.682	1.29
2026-06-22	61	1	1.89
2026-06-22	124	5.884	1.55
2026-06-22	88	1.447	2.19
2026-06-22	30	3	1.89
2026-06-22	128	1	2.25
2026-06-22	198	6.034	1.19
2026-06-22	44	1.96	1.75
2026-06-22	207	1	1.29
2026-06-22	167	3	1.59
2026-06-22	31	0.38	5.69
2026-06-22	96	0.896	2.5
2026-06-22	80	1	2.99
2026-06-22	77	1	2.35
2026-06-22	27	1	2.59
2026-06-22	68	1	1.99
2026-06-22	106	1.05	1.99
2026-06-22	162	1	1.19
2026-06-22	72	3	0.95
2026-06-22	111	2.206	1.75
2026-06-22	142	0.292	6.95
2026-06-22	49	1	3
2026-06-22	154	1	1.99
2026-06-22	78	6	1.09
2026-06-22	250	0.234	2.39
2026-06-22	21	1	0.99
2026-06-22	114	1.56	4.5
2026-06-22	94	1.368	2.85
2026-06-22	93	1	3
2026-06-22	190	2	3.15
2026-06-22	224	1	0.99
2026-06-22	121	7.225	1.29
2026-06-22	39	2.165	3.99
2026-06-22	48	1	1.99
2026-06-22	213	2	2.85
2026-06-22	19	1	2.5
2026-06-22	60	1	2.75
2026-06-22	102	0.211	1.75
2026-06-22	139	0.219	14.95
2026-06-22	1	1	1.5
2026-06-22	127	3	2.49
2026-06-22	42	5.23	1.39
2026-06-22	53	1	2.59
2026-06-22	83	2.18	2.39
2026-06-22	92	5.438	0.89
2026-06-22	144	0.291	5.39
2026-06-22	206	1	1.95
2026-06-22	79	1	1.55
2026-06-22	57	1	1.35
2026-06-22	178	0.498	3.29
2026-06-22	93	3	3
2026-06-22	214	1	2.79
2026-06-22	73	2	1.49
2026-06-22	149	0.307	4.99
2026-06-22	41	3.459	1.85
2026-06-22	158	1	2.29
2026-06-22	27	1	2.59
2026-06-22	77	1	2.35
2026-06-22	69	4	1.25
2026-06-23	127	1	2.49
2026-06-23	93	2	3
2026-06-23	224	1	0.99
2026-06-23	55	3	2.99
2026-06-23	95	0.603	2.39
2026-06-23	196	1	3.15
2026-06-23	197	1.751	2.25
2026-06-23	17	1	1.69
2026-06-23	107	2.392	1.99
2026-06-23	103	1.142	2.19
2026-06-23	65	2	1.45
2026-06-23	77	2	2.35
2026-06-23	236	1	2.95
2026-06-23	187	1.046	5.45
2026-06-23	39	2.301	3.99
2026-06-23	153	1	1.99
2026-06-23	249	1	2.29
2026-06-23	9	2	0.85
2026-06-23	98	0.943	2.3
2026-06-23	59	0.083	4
2026-06-23	43	2.631	1.79
2026-06-23	88	1.534	2.19
2026-06-23	89	10.696	0.79
2026-06-23	76	3	0.79
2026-06-23	70	2	1.49
2026-06-23	100	0.364	2.69
2026-06-23	135	0.351	12.95
2026-06-23	41	4.849	1.85
2026-06-23	28	1	2.85
2026-06-23	23	3	1.25
2026-06-23	73	2	1.49
2026-06-23	175	1	1.59
2026-06-23	121	5.798	1.29
2026-06-23	31	0.404	5.69
2026-06-23	62	1	1.85
2026-06-23	215	1	2.79
2026-06-23	94	2.274	2.85
2026-06-23	71	1	1.99
2026-06-23	46	0.287	3
2026-06-23	133	1	1.49
2026-06-23	165	0.648	5
2026-06-23	190	1	3.15
2026-06-23	193	2	2.5
2026-06-23	93	4	3
2026-06-23	138	1.122	4.59
2026-06-23	113	0.02	4.25
2026-06-23	66	2	1.59
2026-06-23	44	2.731	1.75
2026-06-23	122	0.054	2.99
2026-06-23	44	4.423	1.75
2026-06-23	130	1	1.89
2026-06-23	218	1	1.39
2026-06-23	71	1	1.99
2026-06-23	94	2.004	2.85
2026-06-23	83	2.318	2.39
2026-06-23	21	1	0.99
2026-06-23	248	0.007	10.95
2026-06-23	207	1	1.29
2026-06-23	134	0.489	14.75
2026-06-23	35	1	1.35
2026-06-23	114	2.818	4.5
2026-06-23	166	4	2.45
2026-06-23	53	1	2.59
2026-06-23	250	0.247	2.39
2026-06-23	205	1	3.65
2026-06-23	194	3.255	2.75
2026-06-23	165	0.772	5
2026-06-23	141	0.135	11.89
2026-06-23	91	3.391	0.69
2026-06-23	76	4	0.79
2026-06-23	99	1.147	2.99
2026-06-23	76	6	0.79
2026-06-23	137	0.353	18.75
2026-06-23	121	6.698	1.29
2026-06-23	117	0.476	2.5
2026-06-23	199	2.594	2.19
2026-06-23	227	1	1.69
2026-06-23	11	0.185	3.95
2026-06-23	50	1	3
2026-06-23	96	0.956	2.5
2026-06-23	190	1	3.15
2026-06-23	56	2	3.49
2026-06-23	198	6.412	1.19
2026-06-23	85	1	1.49
2026-06-23	91	3.942	0.69
2026-06-23	219	2	0.99
2026-06-23	33	0.528	1.59
2026-06-23	8	1	2.25
2026-06-23	206	1	1.95
2026-06-23	69	5	1.25
2026-06-23	28	4	2.85
2026-06-23	30	3	1.89
2026-06-23	144	0.31	5.39
2026-06-23	194	2.862	2.75
2026-06-23	52	12.162	0.99
2026-06-23	114	2.46	4.5
2026-06-23	3	1	1.45
2026-06-23	102	0.223	1.75
2026-06-23	124	1.077	1.55
2026-06-23	48	1	1.99
2026-06-23	44	2.36	1.75
2026-06-23	130	2	1.89
2026-06-23	48	1	1.99
2026-06-23	211	2	1.15
2026-06-23	197	3.347	2.25
2026-06-23	18	1.111	1.35
2026-06-23	121	3.031	1.29
2026-06-23	124	9.084	1.55
2026-06-23	16	1.208	1.25
2026-06-23	214	1	2.79
2026-06-23	47	0.257	3
2026-06-23	87	3	1.39
2026-06-23	136	0.221	12.95
2026-06-23	167	3	1.59
2026-06-23	38	3.153	1.89
2026-06-23	4	4	1.05
2026-06-23	194	0.578	2.75
2026-06-23	207	1	1.29
2026-06-23	114	0.7	4.5
2026-06-23	145	0.149	22.95
2026-06-23	78	4	1.09
2026-06-23	89	4.19	0.79
2026-06-23	190	2	3.15
2026-06-23	186	1	2.25
2026-06-23	195	5	2.25
2026-06-23	11	1.982	3.95
2026-06-23	97	0.217	1.75
2026-06-23	101	4.593	3
2026-06-23	209	2	1.19
2026-06-23	128	1	2.25
2026-06-23	68	1	1.99
2026-06-23	33	4.164	1.59
2026-06-23	91	11.377	0.69
2026-06-23	52	5.596	0.99
2026-06-23	72	3	0.95
2026-06-23	42	5.554	1.39
2026-06-23	218	4	1.39
2026-06-23	158	1	2.29
2026-06-23	193	1	2.5
2026-06-23	127	3	2.49
2026-06-23	49	1	3
2026-06-23	95	3.678	2.39
2026-06-23	12	2.751	2.25
2026-06-23	189	3	3.15
2026-06-23	79	4	1.55
2026-06-23	213	2	2.85
2026-06-23	148	0.182	5.99
2026-06-23	92	5.775	0.89
2026-06-23	56	1	3.49
2026-06-23	139	0.233	14.95
2026-06-23	190	3	3.15
2026-06-23	162	1	1.19
2026-06-23	57	1	1.35
2026-06-23	93	1	3
2026-06-23	60	1	2.75
2026-06-23	152	1	1.75
2026-06-23	27	1	2.59
2026-06-23	121	2.333	1.29
2026-06-23	38	1.984	1.89
2026-06-23	80	1	2.99
2026-06-23	225	1	1.65
2026-06-23	89	9.544	0.79
2026-06-23	84	4	1.59
2026-06-23	111	2.343	1.75
2026-06-23	201	0.636	1.95
2026-06-23	18	7.481	1.35
2026-06-23	138	0.453	4.59
2026-06-23	81	4	1.25
2026-06-23	106	5.09	1.99
2026-06-23	61	1	1.89
2026-06-23	158	1	2.29
2026-06-23	19	1	2.5
2026-06-23	193	1	2.5
2026-06-23	24	1.084	1.19
2026-06-23	178	0.529	3.29
2026-06-23	121	8.093	1.29
2026-06-23	58	1.237	2.49
2026-06-23	154	1	1.99
2026-06-23	118	0.145	4
2026-06-23	93	2	3
2026-06-23	105	1.531	1.75
2026-06-23	226	2	1.35
2026-06-23	78	2	1.09
2026-06-23	26	0.252	1.19
2026-06-23	187	1.336	5.45
2026-06-23	149	0.325	4.99
2026-06-23	208	3	0.95
2026-06-23	43	6.207	1.79
2026-06-23	216	1	2.79
2026-06-23	82	4	0.99
2026-06-23	222	1	2.75
2026-06-23	84	1	1.59
2026-06-23	40	2	1.99
2026-06-23	108	0.179	2.35
2026-06-23	146	0.815	14.39
2026-06-23	165	0.766	5
2026-06-23	57	1	1.35
2026-06-23	196	2	3.15
2026-06-23	75	3	1.59
2026-06-23	74	1	2.35
2026-06-23	27	1	2.59
2026-06-23	93	3	3
2026-06-23	140	0.397	12.95
2026-06-23	142	0.311	6.95
2026-06-23	109	0.44	2.59
2026-06-23	1	1	1.5
2026-06-23	93	1	3
2026-06-23	125	3	2.35
2026-06-23	185	2	1.99
2026-06-23	93	1	3
2026-06-23	54	2	2.59
2026-06-23	155	1	0.85
2026-06-23	112	1.788	2.59
2026-06-24	194	3.891	2.75
2026-06-24	72	3	0.95
2026-06-24	89	9.684	0.79
2026-06-24	201	0.672	1.95
2026-06-24	1	1	1.5
2026-06-24	30	2	1.89
2026-06-24	138	1.207	4.59
2026-06-24	167	1	1.59
2026-06-24	249	1	2.29
2026-06-24	82	4	0.99
2026-06-24	61	1	1.89
2026-06-24	43	5.257	1.79
2026-06-24	134	0.073	14.75
2026-06-24	52	12.313	0.99
2026-06-24	186	1	2.25
2026-06-24	93	4	3
2026-06-24	42	2.029	1.39
2026-06-24	140	0.42	12.95
2026-06-24	18	6.748	1.35
2026-06-24	107	2.533	1.99
2026-06-24	41	1.773	1.85
2026-06-24	54	1	2.59
2026-06-24	114	2.298	4.5
2026-06-24	98	1	2.3
2026-06-24	39	0.965	3.99
2026-06-24	11	0.843	3.95
2026-06-24	58	0.843	2.49
2026-06-24	19	1	2.5
2026-06-24	248	0.008	10.95
2026-06-24	195	1	2.25
2026-06-24	44	2.983	1.75
2026-06-24	70	2	1.49
2026-06-24	190	2	3.15
2026-06-24	23	3	1.25
2026-06-24	130	1	1.89
2026-06-24	185	1	1.99
2026-06-24	101	1.093	3
2026-06-24	222	1	2.75
2026-06-24	197	2.489	2.25
2026-06-24	130	3	1.89
2026-06-24	199	2.749	2.19
2026-06-24	69	6	1.25
2026-06-24	42	3.734	1.39
2026-06-24	158	1	2.29
2026-06-24	139	0.205	14.95
2026-06-24	125	2	2.35
2026-06-24	28	3	2.85
2026-06-24	211	2	1.15
2026-06-24	40	2	1.99
2026-06-24	88	1.626	2.19
2026-06-24	39	1.471	3.99
2026-06-24	38	1.439	1.89
2026-06-24	198	6.79	1.19
2026-06-24	71	1	1.99
2026-06-24	93	3	3
2026-06-24	58	0.466	2.49
2026-06-24	17	1	1.69
2026-06-24	47	0.273	3
2026-06-24	94	1.867	2.85
2026-06-24	53	1	2.59
2026-06-24	20	1	0.99
2026-06-24	44	2.063	1.75
2026-06-24	77	2	2.35
2026-06-24	218	5	1.39
2026-06-24	79	4	1.55
2026-06-24	187	0.235	5.45
2026-06-24	75	3	1.59
2026-06-24	146	0.505	14.39
2026-06-24	138	0.44	4.59
2026-06-24	213	2	2.85
2026-06-24	216	1	2.79
2026-06-24	3	1	1.45
2026-06-24	91	4.261	0.69
2026-06-24	12	2.911	2.25
2026-06-24	48	1	1.99
2026-06-24	106	1.372	1.99
2026-06-24	62	1	1.85
2026-06-24	197	1.147	2.25
2026-06-24	250	0.264	2.39
2026-06-24	121	6.171	1.29
2026-06-24	27	1	2.59
2026-06-24	54	2	2.59
2026-06-24	215	1	2.79
2026-06-24	91	15.551	0.69
2026-06-24	52	6.495	0.99
2026-06-24	66	1	1.59
2026-06-24	24	1.143	1.19
2026-06-24	152	1	1.75
2026-06-24	56	2	3.49
2026-06-24	142	0.329	6.95
2026-06-24	195	4	2.25
2026-06-24	35	1	1.35
2026-06-24	81	4	1.25
2026-06-24	128	1	2.25
2026-06-24	9	3	0.85
2026-06-24	31	0.429	5.69
2026-06-24	207	1	1.29
2026-06-24	50	1	3
2026-06-24	193	1	2.5
2026-06-24	133	1	1.49
2026-06-24	167	2	1.59
2026-06-24	122	0.057	2.99
2026-06-24	28	2	2.85
2026-06-24	59	0.088	4
2026-06-24	113	0.021	4.25
2026-06-24	135	0.085	12.95
2026-06-24	57	2	1.35
2026-06-24	76	3	0.79
2026-06-24	149	0.345	4.99
2026-06-24	93	1	3
2026-06-24	89	7.342	0.79
2026-06-24	78	7	1.09
2026-06-24	135	0.287	12.95
2026-06-24	97	0.229	1.75
2026-06-24	189	3	3.15
2026-06-24	83	0.69	2.39
2026-06-24	112	1.896	2.59
2026-06-24	225	1	1.65
2026-06-24	76	7	0.79
2026-06-24	190	1	3.15
2026-06-24	124	9.632	1.55
2026-06-24	56	1	3.49
2026-06-24	205	1	3.65
2026-06-24	197	1.76	2.25
2026-06-24	55	1	2.99
2026-06-24	145	0.114	22.95
2026-06-24	87	3	1.39
2026-06-24	226	2	1.35
2026-06-24	137	0.138	18.75
2026-06-24	178	0.559	3.29
2026-06-24	144	0.328	5.39
2026-06-24	101	0.297	3
2026-06-24	26	0.269	1.19
2026-06-24	134	0.446	14.75
2026-06-24	65	2	1.45
2026-06-24	108	0.191	2.35
2026-06-24	85	1	1.49
2026-06-24	124	1.129	1.55
2026-06-24	46	0.303	3
2026-06-24	114	3.236	4.5
2026-06-24	166	1	2.45
2026-06-24	153	1	1.99
2026-06-24	44	5.029	1.75
2026-06-24	118	0.155	4
2026-06-24	209	2	1.19
2026-06-24	27	1	2.59
2026-06-24	206	1	1.95
2026-06-24	141	0.143	11.89
2026-06-24	137	0.235	18.75
2026-06-24	214	1	2.79
2026-06-24	111	2.48	1.75
2026-06-24	105	1.623	1.75
2026-06-24	61	1	1.89
2026-06-24	49	1	3
2026-06-24	74	1	2.35
2026-06-24	106	1.673	1.99
2026-06-24	117	0.504	2.5
2026-06-24	103	1.21	2.19
2026-06-24	101	3.473	3
2026-06-24	8	1	2.25
2026-06-24	18	2.348	1.35
2026-06-24	127	3	2.49
2026-06-24	196	3	3.15
2026-06-24	208	3	0.95
2026-06-24	92	6.135	0.89
2026-06-24	109	0.467	2.59
2026-06-24	55	3	2.99
2026-06-24	60	1	2.75
2026-06-24	102	0.234	1.75
2026-06-24	162	1	1.19
2026-06-24	80	1	2.99
2026-06-24	16	1.28	1.25
2026-06-24	146	0.218	14.39
2026-06-24	154	1	1.99
2026-06-24	38	4.217	1.89
2026-06-24	194	3.196	2.75
2026-06-24	41	3.405	1.85
2026-06-24	121	8.574	1.29
2026-06-24	114	0.796	4.5
2026-06-24	48	1	1.99
2026-06-24	49	1	3
2026-06-24	100	0.387	2.69
2026-06-24	68	1	1.99
2026-06-24	99	1.214	2.99
2026-06-24	166	1	2.45
2026-06-24	30	1	1.89
2026-06-24	148	0.192	5.99
2026-06-24	93	4	3
2026-06-24	33	4.969	1.59
2026-06-24	89	8.848	0.79
2026-06-24	167	1	1.59
2026-06-24	21	1	0.99
2026-06-24	166	3	2.45
2026-06-24	227	1	1.69
2026-06-24	136	0.234	12.95
2026-06-24	187	2.286	5.45
2026-06-24	127	1	2.49
2026-06-24	236	1	2.95
2026-06-24	145	0.043	22.95
2026-06-24	56	1	3.49
2026-06-24	43	1.017	1.79
2026-06-24	95	4.339	2.39
2026-06-24	106	2.347	1.99
2026-06-24	125	1	2.35
2026-06-24	93	2	3
2026-06-24	139	0.041	14.95
2026-06-24	146	0.141	14.39
2026-06-24	96	1.012	2.5
2026-06-24	94	2.663	2.85
2026-06-24	193	3	2.5
2026-06-24	4	4	1.05
2026-06-24	70	1	1.49
2026-06-24	121	10.853	1.29
2026-06-24	207	1	1.29
2026-06-24	185	2	1.99
2026-06-24	73	2	1.49
2026-06-24	8	1	2.25
2026-06-24	219	2	0.99
2026-06-24	83	1.762	2.39
2026-06-24	175	1	1.59
2026-06-24	190	1	3.15
2026-06-24	76	4	0.79
2026-06-24	11	1.334	3.95
2026-06-24	84	5	1.59
2026-06-24	121	1.884	1.29
2026-06-24	165	2.314	5
2026-06-24	224	1	0.99
2026-06-24	43	3.084	1.79
2026-06-24	66	2	1.59
2026-06-24	190	3	3.15
2026-06-24	155	1	0.85
2026-06-25	112	1.012	2.59
2026-06-25	74	1	2.35
2026-06-25	113	0.022	4.25
2026-06-25	70	3	1.49
2026-06-25	154	1	1.99
2026-06-25	78	7	1.09
2026-06-25	194	0.956	2.75
2026-06-25	43	2.877	1.79
2026-06-25	199	2.9	2.19
2026-06-25	85	1	1.49
2026-06-25	128	1	2.25
2026-06-25	219	2	0.99
2026-06-25	98	1.057	2.3
2026-06-25	55	2	2.99
2026-06-25	193	1	2.5
2026-06-25	130	4	1.89
2026-06-25	28	3	2.85
2026-06-25	136	0.247	12.95
2026-06-25	59	0.093	4
2026-06-25	60	1	2.75
2026-06-25	197	4.404	2.25
2026-06-25	89	7.139	0.79
2026-06-25	20	1	0.99
2026-06-25	121	10.589	1.29
2026-06-25	54	1	2.59
2026-06-25	108	0.2	2.35
2026-06-25	95	0.879	2.39
2026-06-25	95	2.448	2.39
2026-06-25	28	1	2.85
2026-06-25	140	0.443	12.95
2026-06-25	81	4	1.25
2026-06-25	102	0.251	1.75
2026-06-25	106	5.688	1.99
2026-06-25	187	0.716	5.45
2026-06-25	43	6.654	1.79
2026-06-25	196	1	3.15
2026-06-25	27	1	2.59
2026-06-25	124	1.884	1.55
2026-06-25	58	1.382	2.49
2026-06-25	16	1.352	1.25
2026-06-25	114	2.071	4.5
2026-06-25	206	1	1.95
2026-06-25	81	1	1.25
2026-06-25	83	0.381	2.39
2026-06-25	225	1	1.65
2026-06-25	166	2	2.45
2026-06-25	71	1	1.99
2026-06-25	153	1	1.99
2026-06-25	211	2	1.15
2026-06-25	48	1	1.99
2026-06-25	190	1	3.15
2026-06-25	93	4	3
2026-06-25	138	1.264	4.59
2026-06-25	117	0.532	2.5
2026-06-25	216	1	2.79
2026-06-25	138	0.495	4.59
2026-06-25	205	1	3.65
2026-06-25	146	0.465	14.39
2026-06-25	189	3	3.15
2026-06-25	101	1.56	3
2026-06-25	52	11.677	0.99
2026-06-25	91	13.638	0.69
2026-06-25	8	1	2.25
2026-06-25	142	0.348	6.95
2026-06-25	56	1	3.49
2026-06-25	167	4	1.59
2026-06-25	166	3	2.45
2026-06-25	28	2	2.85
2026-06-25	12	3.076	2.25
2026-06-25	121	10.109	1.29
2026-06-25	46	0.32	3
2026-06-25	65	2	1.45
2026-06-25	97	0.24	1.75
2026-06-25	88	1.717	2.19
2026-06-25	56	3	3.49
2026-06-25	125	3	2.35
2026-06-25	162	1	1.19
2026-06-25	18	7.319	1.35
2026-06-25	195	1	2.25
2026-06-25	149	0.363	4.99
2026-06-25	33	2.931	1.59
2026-06-25	73	2	1.49
2026-06-25	124	1.123	1.55
2026-06-25	165	1.954	5
2026-06-25	69	6	1.25
2026-06-25	44	2.589	1.75
2026-06-25	40	2	1.99
2026-06-25	211	1	1.15
2026-06-25	190	4	3.15
2026-06-25	201	0.713	1.95
2026-06-25	107	2.482	1.99
2026-06-25	101	1.68	3
2026-06-25	4	5	1.05
2026-06-25	165	0.49	5
2026-06-25	61	1	1.89
2026-06-25	55	1	2.99
2026-06-25	99	0.806	2.99
2026-06-25	207	2	1.29
2026-06-25	66	3	1.59
2026-06-25	222	1	2.75
2026-06-25	50	1	3
2026-06-25	195	5	2.25
2026-06-25	155	1	0.85
2026-06-25	92	3.079	0.89
2026-06-25	49	1	3
2026-06-25	54	2	2.59
2026-06-25	84	5	1.59
2026-06-25	187	1.945	5.45
2026-06-25	100	0.405	2.69
2026-06-25	185	1	1.99
2026-06-25	84	1	1.59
2026-06-25	26	0.277	1.19
2026-06-25	215	1	2.79
2026-06-25	175	1	1.59
2026-06-25	93	3	3
2026-06-25	145	0.166	22.95
2026-06-25	158	2	2.29
2026-06-25	48	1	1.99
2026-06-25	194	1.636	2.75
2026-06-25	33	2.314	1.59
2026-06-25	17	1	1.69
2026-06-25	44	2.229	1.75
2026-06-25	39	2.571	3.99
2026-06-25	144	0.347	5.39
2026-06-25	249	1	2.29
2026-06-25	89	14.468	0.79
2026-06-25	41	5.465	1.85
2026-06-25	134	0.329	14.75
2026-06-25	226	2	1.35
2026-06-25	1	1	1.5
2026-06-25	105	1.714	1.75
2026-06-25	21	1	0.99
2026-06-25	93	3	3
2026-06-25	24	1.21	1.19
2026-06-25	114	1.469	4.5
2026-06-25	42	2.137	1.39
2026-06-25	114	3.14	4.5
2026-06-25	68	1	1.99
2026-06-25	248	0.008	10.95
2026-06-25	55	1	2.99
2026-06-25	127	4	2.49
2026-06-25	31	0.452	5.69
2026-06-25	143	1	2.99
2026-06-25	43	0.346	1.79
2026-06-25	146	0.445	14.39
2026-06-25	8	1	2.25
2026-06-25	75	3	1.59
2026-06-25	23	3	1.25
2026-06-25	133	1	1.49
2026-06-25	94	2.649	2.85
2026-06-25	19	1	2.5
2026-06-25	121	5.287	1.29
2026-06-25	148	0.204	5.99
2026-06-25	193	3	2.5
2026-06-25	49	1	3
2026-06-25	76	15	0.79
2026-06-25	218	2	1.39
2026-06-25	214	1	2.79
2026-06-25	209	2	1.19
2026-06-25	44	5.817	1.75
2026-06-25	198	7.176	1.19
2026-06-25	30	1	1.89
2026-06-25	93	3	3
2026-06-25	118	0.163	4
2026-06-25	137	0.36	18.75
2026-06-25	80	1	2.99
2026-06-25	137	0.034	18.75
2026-06-25	57	2	1.35
2026-06-25	95	1.46	2.39
2026-06-25	35	1	1.35
2026-06-25	18	2.281	1.35
2026-06-25	11	2.423	3.95
2026-06-25	135	0.392	12.95
2026-06-25	3	1	1.45
2026-06-25	94	2.133	2.85
2026-06-25	190	2	3.15
2026-06-25	101	0.693	3
2026-06-25	38	5.968	1.89
2026-06-25	77	2	2.35
2026-06-25	103	1.279	2.19
2026-06-25	250	0.276	2.39
2026-06-25	186	1	2.25
2026-06-25	47	0.287	3
2026-06-25	112	0.988	2.59
2026-06-25	134	0.218	14.75
2026-06-25	185	2	1.99
2026-06-25	139	0.261	14.95
2026-06-25	141	0.151	11.89
2026-06-25	218	3	1.39
2026-06-25	72	4	0.95
2026-06-25	194	4.895	2.75
2026-06-25	208	3	0.95
2026-06-25	92	3.382	0.89
2026-06-25	42	4.072	1.39
2026-06-25	227	1	1.69
2026-06-25	87	3	1.39
2026-06-25	178	0.593	3.29
2026-06-25	190	1	3.15
2026-06-25	196	1	3.15
2026-06-25	53	1	2.59
2026-06-25	122	0.06	2.99
2026-06-25	224	1	0.99
2026-06-25	197	1.298	2.25
2026-06-25	236	1	2.95
2026-06-25	124	4.477	1.55
2026-06-25	83	2.209	2.39
2026-06-25	152	1	1.75
2026-06-25	213	2	2.85
2026-06-25	93	2	3
2026-06-25	52	8.172	0.99
2026-06-25	62	1	1.85
2026-06-25	99	0.478	2.99
2026-06-25	111	2.617	1.75
2026-06-25	96	1.068	2.5
2026-06-25	109	0.494	2.59
2026-06-25	30	3	1.89
2026-06-25	61	1	1.89
2026-06-25	91	7.275	0.69
2026-06-25	82	5	0.99
2026-06-25	9	3	0.85
2026-06-25	101	1.197	3
2026-06-25	121	3.023	1.29
2026-06-25	79	4	1.55
2026-06-25	89	5.684	0.79
2026-06-25	124	3.877	1.55
2026-06-25	196	1	3.15
2026-06-26	114	0.667	4.5
2026-06-26	196	2	3.15
2026-06-26	118	0.198	4
2026-06-26	197	1.373	2.25
2026-06-26	124	2.877	1.55
2026-06-26	113	0.027	4.25
2026-06-26	79	2	1.55
2026-06-26	218	3	1.39
2026-06-26	236	1	2.95
2026-06-26	101	0.577	3
2026-06-26	28	1	2.85
2026-06-26	199	3.511	2.19
2026-06-26	28	1	2.85
2026-06-26	166	5	2.45
2026-06-26	130	4	1.89
2026-06-26	190	2	3.15
2026-06-26	190	1	3.15
2026-06-26	124	4.594	1.55
2026-06-26	43	2.117	1.79
2026-06-26	227	1	1.69
2026-06-26	114	0.716	4.5
2026-06-26	213	1	2.85
2026-06-26	250	0.335	2.39
2026-06-26	38	5.222	1.89
2026-06-26	61	2	1.89
2026-06-26	193	1	2.5
2026-06-26	23	2	1.25
2026-06-26	93	2	3
2026-06-26	4	6	1.05
2026-06-26	224	1	0.99
2026-06-26	153	1	1.99
2026-06-26	30	1	1.89
2026-06-26	49	1	3
2026-06-26	195	1	2.25
2026-06-26	193	2	2.5
2026-06-26	91	8.652	0.69
2026-06-26	146	0.538	14.39
2026-06-26	94	3.926	2.85
2026-06-26	125	2	2.35
2026-06-26	1	1	1.5
2026-06-26	165	0.364	5
2026-06-26	167	4	1.59
2026-06-26	211	3	1.15
2026-06-26	57	2	1.35
2026-06-26	44	5.337	1.75
2026-06-26	213	1	2.85
2026-06-26	11	0.656	3.95
2026-06-26	40	2	1.99
2026-06-26	146	0.565	14.39
2026-06-26	189	1	3.15
2026-06-26	12	3.391	2.25
2026-06-26	27	1	2.59
2026-06-26	137	0.477	18.75
2026-06-26	127	3	2.49
2026-06-26	48	1	1.99
2026-06-26	106	1.362	1.99
2026-06-26	80	1	2.99
2026-06-26	114	0.738	4.5
2026-06-26	112	2.421	2.59
2026-06-26	91	16.667	0.69
2026-06-26	206	1	1.95
2026-06-26	214	1	2.79
2026-06-26	204	1	3.09
2026-06-26	84	5	1.59
2026-06-26	82	6	0.99
2026-06-26	58	1.671	2.49
2026-06-26	213	1	2.85
2026-06-26	136	0.186	12.95
2026-06-26	100	0.494	2.69
2026-06-26	84	2	1.59
2026-06-26	201	0.862	1.95
2026-06-26	50	1	3
2026-06-26	175	1	1.59
2026-06-26	139	0.316	14.95
2026-06-26	53	1	2.59
2026-06-26	109	0.595	2.59
2026-06-26	134	0.26	14.75
2026-06-26	93	3	3
2026-06-26	52	3.162	0.99
2026-06-26	208	3	0.95
2026-06-26	111	2.274	1.75
2026-06-26	87	4	1.39
2026-06-26	16	1.64	1.25
2026-06-26	47	0.347	3
2026-06-26	75	4	1.59
2026-06-26	71	2	1.99
2026-06-26	195	4	2.25
2026-06-26	145	0.201	22.95
2026-06-26	83	1.941	2.39
2026-06-26	190	4	3.15
2026-06-26	225	1	1.65
2026-06-26	185	3	1.99
2026-06-26	103	1.548	2.19
2026-06-26	187	1.593	5.45
2026-06-26	96	1.292	2.5
2026-06-26	121	3.016	1.29
2026-06-26	138	2.129	4.59
2026-06-26	219	2	0.99
2026-06-26	60	1	2.75
2026-06-26	105	2.074	1.75
2026-06-26	218	3	1.39
2026-06-26	142	0.42	6.95
2026-06-26	70	3	1.49
2026-06-26	197	3.142	2.25
2026-06-26	72	4	0.95
2026-06-26	187	0.664	5.45
2026-06-26	23	2	1.25
2026-06-26	114	0.613	4.5
2026-06-26	55	1	2.99
2026-06-26	207	2	1.29
2026-06-26	121	1.837	1.29
2026-06-26	121	10.45	1.29
2026-06-26	128	1	2.25
2026-06-26	195	2	2.25
2026-06-26	114	2.582	4.5
2026-06-26	194	4.091	2.75
2026-06-26	148	0.245	5.99
2026-06-26	165	2.596	5
2026-06-26	42	7.511	1.39
2026-06-26	54	1	2.59
2026-06-26	65	2	1.45
2026-06-26	33	2.044	1.59
2026-06-26	62	1	1.85
2026-06-26	93	2	3
2026-06-26	85	1	1.49
2026-06-26	94	1.86	2.85
2026-06-26	110	1	3
2026-06-26	73	3	1.49
2026-06-26	154	1	1.99
2026-06-26	160	1	1.8
2026-06-26	41	3.87	1.85
2026-06-26	21	1	0.99
2026-06-26	158	2	2.29
2026-06-26	166	1	2.45
2026-06-26	178	0.717	3.29
2026-06-26	17	1	1.69
2026-06-26	197	2.382	2.25
2026-06-26	124	1.639	1.55
2026-06-26	95	4.879	2.39
2026-06-26	101	1.2	3
2026-06-26	24	1.462	1.19
2026-06-26	11	2.276	3.95
2026-06-26	114	1.222	4.5
2026-06-26	93	5	3
2026-06-26	9	3	0.85
2026-06-26	66	3	1.59
2026-06-26	121	3.31	1.29
2026-06-26	187	0.965	5.45
2026-06-26	102	0.303	1.75
2026-06-26	144	0.419	5.39
2026-06-26	193	2	2.5
2026-06-26	205	1	3.65
2026-06-26	133	1	1.49
2026-06-26	95	0.912	2.39
2026-06-26	89	8.987	0.79
2026-06-26	3	1	1.45
2026-06-26	106	1.884	1.99
2026-06-26	157	1	3.55
2026-06-26	46	0.39	3
2026-06-26	18	2.185	1.35
2026-06-26	194	4.967	2.75
2026-06-26	107	3.231	1.99
2026-06-26	78	5	1.09
2026-06-26	203	1	2.89
2026-06-26	93	2	3
2026-06-26	248	0.01	10.95
2026-06-26	56	1	3.49
2026-06-26	135	0.266	12.95
2026-06-26	186	1	2.25
2026-06-26	98	1.278	2.3
2026-06-26	53	1	2.59
2026-06-26	43	7.279	1.79
2026-06-26	93	1	3
2026-06-26	44	7.537	1.75
2026-06-26	69	4	1.25
2026-06-26	78	4	1.09
2026-06-26	125	2	2.35
2026-06-26	117	0.644	2.5
2026-06-26	28	4	2.85
2026-06-26	43	2.425	1.79
2026-06-26	79	3	1.55
2026-06-26	52	5	0.99
2026-06-26	89	5.633	0.79
2026-06-26	59	0.11	4
2026-06-26	99	1.555	2.99
2026-06-26	108	0.243	2.35
2026-06-26	93	3	3
2026-06-26	124	2.69	1.55
2026-06-26	56	3	3.49
2026-06-26	111	0.897	1.75
2026-06-26	196	2	3.15
2026-06-26	101	4.437	3
2026-06-26	127	2	2.49
2026-06-26	134	0.402	14.75
2026-06-26	214	1	2.79
2026-06-26	114	1.549	4.5
2026-06-26	226	2	1.35
2026-06-26	28	1	2.85
2026-06-26	20	1	0.99
2026-06-26	121	3.178	1.29
2026-06-26	190	2	3.15
2026-06-26	52	4.545	0.99
2026-06-26	162	1	1.19
2026-06-26	76	18	0.79
2026-06-26	26	0.336	1.19
2026-06-26	231	1	1.39
2026-06-26	92	1.146	0.89
2026-06-26	68	1	1.99
2026-06-26	8	1	2.25
2026-06-26	38	2	1.89
2026-06-26	18	9.437	1.35
2026-06-26	121	6.698	1.29
2026-06-26	198	8.681	1.19
2026-06-26	189	3	3.15
2026-06-26	106	3.643	1.99
2026-06-26	12	0.329	2.25
2026-06-26	152	1	1.75
2026-06-26	136	0.113	12.95
2026-06-26	41	2.238	1.85
2026-06-26	30	3	1.89
2026-06-26	88	2.078	2.19
2026-06-26	209	2	1.19
2026-06-26	92	6.674	0.89
2026-06-26	31	0.547	5.69
2026-06-26	19	1	2.5
2026-06-26	121	6.62	1.29
2026-06-26	222	1	2.75
2026-06-26	83	1.192	2.39
2026-06-26	85	1	1.49
2026-06-26	202	1	3.15
2026-06-26	69	3	1.25
2026-06-26	40	1	1.99
2026-06-26	33	4.302	1.59
2026-06-26	89	18.43	0.79
2026-06-26	140	0.537	12.95
2026-06-26	81	1	1.25
2026-06-26	135	0.208	12.95
2026-06-26	77	2	2.35
2026-06-26	216	1	2.79
2026-06-26	35	1	1.35
2026-06-26	41	0.508	1.85
2026-06-26	215	1	2.79
2026-06-26	249	1	2.29
2026-06-26	39	3.113	3.99
2026-06-26	155	2	0.85
2026-06-26	74	1	2.35
2026-06-26	122	0.07	2.99
2026-06-26	130	1	1.89
2026-06-26	81	5	1.25
2026-06-26	149	0.441	4.99
2026-06-26	124	1.948	1.55
2026-06-26	97	0.291	1.75
2026-06-26	52	11.323	0.99
2026-06-26	143	1	2.99
2026-06-26	141	0.183	11.89
2026-06-27	125	4	2.35
2026-06-27	117	0.756	2.5
2026-06-27	216	1	2.79
2026-06-27	18	7.444	1.35
2026-06-27	114	2.231	4.5
2026-06-27	135	0.558	12.95
2026-06-27	111	3.72	1.75
2026-06-27	61	2	1.89
2026-06-27	69	8	1.25
2026-06-27	30	2	1.89
2026-06-27	248	0.012	10.95
2026-06-27	130	5	1.89
2026-06-27	195	5	2.25
2026-06-27	193	4	2.5
2026-06-27	134	0.158	14.75
2026-06-27	102	0.354	1.75
2026-06-27	221	1	2.35
2026-06-27	42	0.568	1.39
2026-06-27	98	1.5	2.3
2026-06-27	199	4.119	2.19
2026-06-27	53	2	2.59
2026-06-27	215	1	2.79
2026-06-27	148	0.289	5.99
2026-06-27	198	3.252	1.19
2026-06-27	144	0.494	5.39
2026-06-27	107	3.799	1.99
2026-06-27	28	3	2.85
2026-06-27	121	7.876	1.29
2026-06-27	186	1	2.25
2026-06-27	42	8.245	1.39
2026-06-27	121	2.357	1.29
2026-06-27	43	7.698	1.79
2026-06-27	162	1	1.19
2026-06-27	74	1	2.35
2026-06-27	118	0.233	4
2026-06-27	89	12.873	0.79
2026-06-27	153	1	1.99
2026-06-27	40	1	1.99
2026-06-27	100	0.58	2.69
2026-06-27	160	1	1.8
2026-06-27	60	1	2.75
2026-06-27	41	7.286	1.85
2026-06-27	127	4	2.49
2026-06-27	91	16.217	0.69
2026-06-27	139	0.371	14.95
2026-06-27	124	2.523	1.55
2026-06-27	219	3	0.99
2026-06-27	99	1.826	2.99
2026-06-27	20	1	0.99
2026-06-27	39	3.278	3.99
2026-06-27	185	3	1.99
2026-06-27	11	3.443	3.95
2026-06-27	185	1	1.99
2026-06-27	178	0.155	3.29
2026-06-27	57	2	1.35
2026-06-27	190	2	3.15
2026-06-27	159	1	1.8
2026-06-27	101	2.07	3
2026-06-27	227	1	1.69
2026-06-27	56	2	3.49
2026-06-27	127	1	2.49
2026-06-27	152	1	1.75
2026-06-27	194	1.444	2.75
2026-06-27	84	6	1.59
2026-06-27	80	1	2.99
2026-06-27	95	2.377	2.39
2026-06-27	190	1	3.15
2026-06-27	138	1.031	4.59
2026-06-27	35	2	1.35
2026-06-27	194	2.087	2.75
2026-06-27	71	1	1.99
2026-06-27	77	2	2.35
2026-06-27	189	2	3.15
2026-06-27	236	1	2.95
2026-06-27	209	1	1.19
2026-06-27	207	2	1.29
2026-06-27	44	4.737	1.75
2026-06-27	8	2	2.25
2026-06-27	9	4	0.85
2026-06-27	208	4	0.95
2026-06-27	94	1.028	2.85
2026-06-27	209	2	1.19
2026-06-27	72	1	0.95
2026-06-27	24	1.714	1.19
2026-06-27	17	1	1.69
2026-06-27	3	1	1.45
2026-06-27	195	2	2.25
2026-06-27	62	1	1.85
2026-06-27	193	2	2.5
2026-06-27	167	5	1.59
2026-06-27	28	1	2.85
2026-06-27	43	1.972	1.79
2026-06-27	66	4	1.59
2026-06-27	106	3.151	1.99
2026-06-27	12	3.916	2.25
2026-06-27	202	1	3.15
2026-06-27	52	14.343	0.99
2026-06-27	73	3	1.49
2026-06-27	194	1.531	2.75
2026-06-27	137	0.332	18.75
2026-06-27	28	4	2.85
2026-06-27	201	1.01	1.95
2026-06-27	108	0.285	2.35
2026-06-27	196	1	3.15
2026-06-27	187	0.972	5.45
2026-06-27	69	1	1.25
2026-06-27	136	0.351	12.95
2026-06-27	89	16.937	0.79
2026-06-27	71	1	1.99
2026-06-27	249	1	2.29
2026-06-27	54	1	2.59
2026-06-27	121	9.643	1.29
2026-06-27	125	1	2.35
2026-06-27	197	3.596	2.25
2026-06-27	146	0.787	14.39
2026-06-27	158	2	2.29
2026-06-27	155	2	0.85
2026-06-27	95	4.423	2.39
2026-06-27	142	0.494	6.95
2026-06-27	47	0.407	3
2026-06-27	187	0.206	5.45
2026-06-27	138	0.978	4.59
2026-06-27	19	1	2.5
2026-06-27	92	9.191	0.89
2026-06-27	78	3	1.09
2026-06-27	149	0.517	4.99
2026-06-27	114	2.802	4.5
2026-06-27	76	17	0.79
2026-06-27	112	2.842	2.59
2026-06-27	27	1	2.59
2026-06-27	109	0.699	2.59
2026-06-27	91	1.841	0.69
2026-06-27	121	5.008	1.29
2026-06-27	12	0.453	2.25
2026-06-27	143	1	2.99
2026-06-27	21	1	0.99
2026-06-27	46	0.457	3
2026-06-27	166	5	2.45
2026-06-27	165	1.012	5
2026-06-27	55	1	2.99
2026-06-27	226	1	1.35
2026-06-27	175	1	1.59
2026-06-27	105	2.434	1.75
2026-06-27	56	3	3.49
2026-06-27	82	7	0.99
2026-06-27	88	2.438	2.19
2026-06-27	59	0.13	4
2026-06-27	137	0.229	18.75
2026-06-27	89	8.987	0.79
2026-06-27	127	1	2.49
2026-06-27	4	7	1.05
2026-06-27	224	1	0.99
2026-06-27	94	1.021	2.85
2026-06-27	27	1	2.59
2026-06-27	194	1.073	2.75
2026-06-27	122	0.084	2.99
2026-06-27	121	3.225	1.29
2026-06-27	94	3.365	2.85
2026-06-27	97	0.343	1.75
2026-06-27	49	1	3
2026-06-27	165	2.46	5
2026-06-27	41	0.481	1.85
2026-06-27	94	1.375	2.85
2026-06-27	114	2.869	4.5
2026-06-27	222	1	2.75
2026-06-27	189	2	3.15
2026-06-27	214	2	2.79
2026-06-27	158	1	2.29
2026-06-27	58	1.422	2.49
2026-06-27	76	4	0.79
2026-06-27	124	6.71	1.55
2026-06-27	203	1	2.89
2026-06-27	77	1	2.35
2026-06-27	225	1	1.65
2026-06-27	138	0.492	4.59
2026-06-27	146	0.32	14.39
2026-06-27	31	0.564	5.69
2026-06-27	114	1.591	4.5
2026-06-27	110	1	3
2026-06-27	194	1.513	2.75
2026-06-27	178	0.687	3.29
2026-06-27	140	0.63	12.95
2026-06-27	231	1	1.39
2026-06-27	145	0.099	22.95
2026-06-27	121	5.488	1.29
2026-06-27	83	3.678	2.39
2026-06-27	33	3.428	1.59
2026-06-27	75	5	1.59
2026-06-27	68	1	1.99
2026-06-27	93	2	3
2026-06-27	54	1	2.59
2026-06-27	26	0.395	1.19
2026-06-27	200	1	2.25
2026-06-27	146	0.17	14.39
2026-06-27	226	2	1.35
2026-06-27	133	1	1.49
2026-06-27	198	6.025	1.19
2026-06-27	44	5.309	1.75
2026-06-27	128	1	2.25
2026-06-27	101	0.993	3
2026-06-27	134	0.62	14.75
2026-06-27	93	5	3
2026-06-27	196	1	3.15
2026-06-27	121	7.628	1.29
2026-06-27	38	3.63	1.89
2026-06-27	58	0.542	2.49
2026-06-27	145	0.137	22.95
2026-06-27	18	3.83	1.35
2026-06-27	93	4	3
2026-06-27	190	4	3.15
2026-06-27	124	2.084	1.55
2026-06-27	113	0.031	4.25
2026-06-27	211	3	1.15
2026-06-27	96	1.512	2.5
2026-06-27	124	4.826	1.55
2026-06-27	103	1.817	2.19
2026-06-27	250	0.393	2.39
2026-06-27	81	6	1.25
2026-06-27	85	2	1.49
2026-06-27	93	1	3
2026-06-27	65	1	1.45
2026-06-27	52	1.01	0.99
2026-06-27	189	1	3.15
2026-06-27	44	5.069	1.75
2026-06-27	18	2.363	1.35
2026-06-27	30	3	1.89
2026-06-27	157	1	3.55
2026-06-27	247	1	1.99
2026-06-27	87	4	1.39
2026-06-27	79	6	1.55
2026-06-27	71	1	1.99
2026-06-27	48	2	1.99
2026-06-27	93	1	3
2026-06-27	78	4	1.09
2026-06-27	39	0.376	3.99
2026-06-27	93	1	3
2026-06-27	204	1	3.09
2026-06-27	106	4.94	1.99
2026-06-27	91	8.174	0.69
2026-06-27	190	4	3.15
2026-06-27	1	1	1.5
2026-06-27	213	1	2.85
2026-06-27	72	4	0.95
2026-06-27	213	2	2.85
2026-06-27	43	4.369	1.79
2026-06-27	166	2	2.45
2026-06-27	50	1	3
2026-06-27	55	3	2.99
2026-06-27	154	1	1.99
2026-06-27	38	4.857	1.89
2026-06-27	216	1	2.79
2026-06-27	93	5	3
2026-06-27	78	3	1.09
2026-06-27	68	1	1.99
2026-06-27	52	12.848	0.99
2026-06-27	227	1	1.69
2026-06-27	16	1.92	1.25
2026-06-27	93	2	3
2026-06-27	91	3.493	0.69
2026-06-27	70	1	1.49
2026-06-27	206	1	1.95
2026-06-27	218	1	1.39
2026-06-27	141	0.214	11.89
2026-06-27	23	4	1.25
2026-06-27	197	4.502	2.25
2026-06-27	84	2	1.59
2026-06-27	33	4.025	1.59
2026-06-27	187	2.604	5.45
2026-06-27	198	0.908	1.19
2026-06-27	205	1	3.65
2026-06-27	170	1	1.29
2026-06-27	50	1	3
2026-06-27	70	3	1.49
2026-06-27	195	1	2.25
2026-06-27	194	2.982	2.75
2026-06-27	218	6	1.39
2026-06-27	55	1	2.99
2026-06-27	101	4.23	3
2026-06-27	196	3	3.15
2026-06-27	211	1	1.15
2026-06-29	44	2.914	1.75
2026-06-29	216	1	2.79
2026-06-29	89	7.241	0.79
2026-06-29	92	5.18	0.89
2026-06-29	106	4.794	1.99
2026-06-29	195	3	2.25
2026-06-29	20	1	0.99
2026-06-29	42	3.245	1.39
2026-06-29	42	1.986	1.39
2026-06-29	215	1	2.79
2026-06-29	70	2	1.49
2026-06-29	250	0.234	2.39
2026-06-29	43	2.458	1.79
2026-06-29	187	1.086	5.45
2026-06-29	121	10.853	1.29
2026-06-29	112	1.683	2.59
2026-06-29	79	4	1.55
2026-06-29	28	1	2.85
2026-06-29	65	2	1.45
2026-06-29	17	1	1.69
2026-06-29	187	1.024	5.45
2026-06-29	62	1	1.85
2026-06-29	121	4.829	1.29
2026-06-29	16	1.136	1.25
2026-06-29	208	2	0.95
2026-06-29	99	1.08	2.99
2026-06-29	71	1	1.99
2026-06-29	84	5	1.59
2026-06-29	76	9	0.79
2026-06-29	98	0.891	2.3
2026-06-29	141	0.127	11.89
2026-06-29	190	2	3.15
2026-06-29	198	6.034	1.19
2026-06-29	75	3	1.59
2026-06-29	231	1	1.39
2026-06-29	107	2.251	1.99
2026-06-29	247	1	1.99
2026-06-29	114	1.064	4.5
2026-06-29	161	1	1.25
2026-06-29	193	1	2.5
2026-06-29	137	0.332	18.75
2026-06-29	124	1.639	1.55
2026-06-29	71	1	1.99
2026-06-29	248	0.007	10.95
2026-06-29	114	1.453	4.5
2026-06-29	187	0.13	5.45
2026-06-29	140	0.147	12.95
2026-06-29	111	2.206	1.75
2026-06-29	194	0.993	2.75
2026-06-29	28	3	2.85
2026-06-29	165	2.058	5
2026-06-29	93	4	3
2026-06-29	95	0.377	2.39
2026-06-29	18	4.022	1.35
2026-06-29	27	1	2.59
2026-06-29	162	1	1.19
2026-06-29	226	1	1.35
2026-06-29	89	10.709	0.79
2026-06-29	158	1	2.29
2026-06-29	152	1	1.75
2026-06-29	77	1	2.35
2026-06-29	190	1	3.15
2026-06-29	52	4.283	0.99
2026-06-29	194	2.753	2.75
2026-06-29	195	1	2.25
2026-06-29	142	0.292	6.95
2026-06-29	21	1	0.99
2026-06-29	134	0.461	14.75
2026-06-29	220	1	2.75
2026-06-29	78	6	1.09
2026-06-29	24	1.017	1.19
2026-06-29	39	2.165	3.99
2026-06-29	135	0.331	12.95
2026-06-29	203	1	2.89
2026-06-29	68	1	1.99
2026-06-29	55	1	2.99
2026-06-29	93	1	3
2026-06-29	30	3	1.89
2026-06-29	60	1	2.75
2026-06-29	190	1	3.15
2026-06-29	89	5.038	0.79
2026-06-29	158	1	2.29
2026-06-29	125	3	2.35
2026-06-29	83	2.18	2.39
2026-06-29	226	1	1.35
2026-06-29	96	0.896	2.5
2026-06-29	213	2	2.85
2026-06-29	209	1	1.19
2026-06-29	206	1	1.95
2026-06-29	113	0.019	4.25
2026-06-29	23	1	1.25
2026-06-29	121	2.473	1.29
2026-06-29	82	4	0.99
2026-06-29	38	3.862	1.89
2026-06-29	38	1.164	1.89
2026-06-29	127	3	2.49
2026-06-29	227	1	1.69
2026-06-29	46	0.27	3
2026-06-29	159	1	1.8
2026-06-29	178	0.498	3.29
2026-06-29	146	0.767	14.39
2026-06-29	55	2	2.99
2026-06-29	155	1	0.85
2026-06-29	219	2	0.99
2026-06-29	81	2	1.25
2026-06-29	196	3	3.15
2026-06-29	18	4.059	1.35
2026-06-29	88	1.447	2.19
2026-06-29	193	1	2.5
2026-06-29	54	2	2.59
2026-06-29	127	1	2.49
2026-06-29	28	1	2.85
2026-06-29	100	0.342	2.69
2026-06-29	144	0.291	5.39
2026-06-29	133	1	1.49
2026-06-29	224	1	0.99
2026-06-29	81	2	1.25
2026-06-29	101	0.897	3
2026-06-29	143	1	2.99
2026-06-29	108	0.17	2.35
2026-06-29	47	0.24	3
2026-06-29	118	0.138	4
2026-06-29	211	2	1.15
2026-06-29	114	0.633	4.5
2026-06-29	80	1	2.99
2026-06-29	76	3	0.79
2026-06-29	195	1	2.25
2026-06-29	189	3	3.15
2026-06-29	170	1	1.29
2026-06-29	56	1	3.49
2026-06-29	53	1	2.59
2026-06-29	207	1	1.29
2026-06-29	19	1	2.5
2026-06-29	204	1	3.09
2026-06-29	31	0.38	5.69
2026-06-29	197	4.8	2.25
2026-06-29	128	1	2.25
2026-06-29	74	1	2.35
2026-06-29	3	1	1.45
2026-06-29	12	2.049	2.25
2026-06-29	56	2	3.49
2026-06-29	130	3	1.89
2026-06-29	190	2	3.15
2026-06-29	221	1	2.35
2026-06-29	132	1	1.25
2026-06-29	23	2	1.25
2026-06-29	103	1.078	2.19
2026-06-29	4	4	1.05
2026-06-29	61	1	1.89
2026-06-29	136	0.208	12.95
2026-06-29	58	1.165	2.49
2026-06-29	44	6.006	1.75
2026-06-29	72	3	0.95
2026-06-29	153	1	1.99
2026-06-29	160	1	1.8
2026-06-29	225	1	1.65
2026-06-29	124	1.123	1.55
2026-06-29	35	1	1.35
2026-06-29	95	1.879	2.39
2026-06-29	193	2	2.5
2026-06-29	48	1	1.99
2026-06-29	43	5.855	1.79
2026-06-29	101	2.433	3
2026-06-29	202	1	3.15
2026-06-29	140	0.226	12.95
2026-06-29	139	0.219	14.95
2026-06-29	194	2.556	2.75
2026-06-29	101	0.99	3
2026-06-29	93	4	3
2026-06-29	185	2	1.99
2026-06-29	9	2	0.85
2026-06-29	26	0.235	1.19
2026-06-29	201	0.6	1.95
2026-06-29	218	4	1.39
2026-06-29	52	12.434	0.99
2026-06-29	236	1	2.95
2026-06-29	167	3	1.59
2026-06-29	27	1	2.59
2026-06-29	200	1	2.25
2026-06-29	8	1	2.25
2026-06-29	110	1	3
2026-06-29	40	2	1.99
2026-06-29	97	0.2	1.75
2026-06-29	12	0.542	2.25
2026-06-29	50	1	3
2026-06-29	138	1.481	4.59
2026-06-29	94	3.919	2.85
2026-06-29	93	1	3
2026-06-29	87	3	1.39
2026-06-29	249	1	2.29
2026-06-29	41	4.605	1.85
2026-06-29	114	1.938	4.5
2026-06-29	214	1	2.79
2026-06-29	109	0.413	2.59
2026-06-29	49	1	3
2026-06-29	121	6.264	1.29
2026-06-29	199	2.324	2.19
2026-06-29	85	1	1.49
2026-06-29	186	1	2.25
2026-06-29	205	1	3.65
2026-06-29	154	1	1.99
2026-06-29	33	4.415	1.59
2026-06-29	157	1	3.55
2026-06-29	122	0.05	2.99
2026-06-29	105	1.44	1.75
2026-06-29	69	5	1.25
2026-06-29	1	1	1.5
2026-06-29	57	1	1.35
2026-06-29	114	0.538	4.5
2026-06-29	117	0.448	2.5
2026-06-29	175	1	1.59
2026-06-29	93	3	3
2026-06-29	217	1	1.59
2026-06-29	222	1	2.75
2026-06-29	166	4	2.45
2026-06-29	145	0.14	22.95
2026-06-29	102	0.211	1.75
2026-06-29	209	1	1.19
2026-06-29	124	6.806	1.55
2026-06-29	148	0.172	5.99
2026-06-29	77	1	2.35
2026-06-29	11	2.041	3.95
2026-06-29	149	0.307	4.99
2026-06-29	59	0.078	4
2026-06-29	73	2	1.49
2026-06-29	91	3.406	0.69
2026-06-29	91	14.203	0.69
2026-06-29	95	1.77	2.39
2026-06-29	66	2	1.59
2026-06-30	105	1.509	1.75
2026-06-30	17	1	1.69
2026-06-30	42	2.05	1.39
2026-06-30	214	1	2.79
2026-06-30	110	1	3
2026-06-30	3	1	1.45
2026-06-30	93	5	3
2026-06-30	43	5.441	1.79
2026-06-30	195	3	2.25
2026-06-30	93	3	3
2026-06-30	197	3.729	2.25
2026-06-30	92	5.787	0.89
2026-06-30	248	0.004	10.95
2026-06-30	114	0.598	4.5
2026-06-30	218	4	1.39
2026-06-30	152	1	1.75
2026-06-30	39	0.677	3.99
2026-06-30	128	1	2.25
2026-06-30	190	1	3.15
2026-06-30	132	1	1.25
2026-06-30	35	1	1.35
2026-06-30	114	0.456	4.5
2026-06-30	89	18.354	0.79
2026-06-30	93	1	3
2026-06-30	121	4.302	1.29
2026-06-30	80	1	2.99
2026-06-30	157	1	3.55
2026-06-30	56	2	3.49
2026-06-30	4	4	1.05
2026-06-30	18	2.519	1.35
2026-06-30	190	2	3.15
2026-06-30	94	0.814	2.85
2026-06-30	160	1	1.8
2026-06-30	165	1.592	5
2026-06-30	144	0.314	5.39
2026-06-30	76	6	0.79
2026-06-30	124	6.135	1.55
2026-06-30	167	1	1.59
2026-06-30	73	2	1.49
2026-06-30	71	1	1.99
2026-06-30	11	1.382	3.95
2026-06-30	121	9.744	1.29
2026-06-30	27	1	2.59
2026-06-30	196	2	3.15
2026-06-30	69	3	1.25
2026-06-30	38	3.381	1.89
2026-06-30	204	1	3.09
2026-06-30	103	1.132	2.19
2026-06-30	203	1	2.89
2026-06-30	18	6.081	1.35
2026-06-30	8	1	2.25
2026-06-30	209	2	1.19
2026-06-30	170	1	1.29
2026-06-30	166	2	2.45
2026-06-30	200	1	2.25
2026-06-30	121	3.829	1.29
2026-06-30	227	1	1.69
2026-06-30	1	1	1.5
2026-06-30	76	3	0.79
2026-06-30	194	1.335	2.75
2026-06-30	207	1	1.29
2026-06-30	39	0.767	3.99
2026-06-30	138	0.861	4.59
2026-06-30	57	1	1.35
2026-06-30	134	0.492	14.75
2026-06-30	50	1	3
2026-06-30	130	3	1.89
2026-06-30	153	1	1.99
2026-06-30	117	0.452	2.5
2026-06-30	211	2	1.15
2026-06-30	142	0.314	6.95
2026-06-30	77	2	2.35
2026-06-30	114	1.076	4.5
2026-06-30	247	1	1.99
2026-06-30	141	0.143	11.89
2026-06-30	53	1	2.59
2026-06-30	66	2	1.59
2026-06-30	31	0.404	5.69
2026-06-30	87	3	1.39
2026-06-30	26	0.261	1.19
2026-06-30	93	1	3
2026-06-30	114	1.076	4.5
2026-06-30	89	4.823	0.79
2026-06-30	85	1	1.49
2026-06-30	102	0.246	1.75
2026-06-30	226	2	1.35
2026-06-30	218	1	1.39
2026-06-30	9	2	0.85
2026-06-30	118	0.153	4
2026-06-30	70	2	1.49
2026-06-30	46	0.297	3
2026-06-30	137	0.268	18.75
2026-06-30	225	1	1.65
2026-06-30	205	1	3.65
2026-06-30	194	5.196	2.75
2026-06-30	236	1	2.95
2026-06-30	107	2.362	1.99
2026-06-30	81	4	1.25
2026-06-30	16	1.24	1.25
2026-06-30	189	3	3.15
2026-06-30	72	3	0.95
2026-06-30	54	2	2.59
2026-06-30	185	2	1.99
2026-06-30	213	2	2.85
2026-06-30	108	0.204	2.35
2026-06-30	149	0.323	4.99
2026-06-30	122	0.037	2.99
2026-06-30	208	3	0.95
2026-06-30	215	1	2.79
2026-06-30	221	1	2.35
2026-06-30	124	4.045	1.55
2026-06-30	91	5.29	0.69
2026-06-30	79	4	1.55
2026-06-30	145	0.151	22.95
2026-06-30	89	1.253	0.79
2026-06-30	82	4	0.99
2026-06-30	48	1	1.99
2026-06-30	187	1.182	5.45
2026-06-30	42	3.504	1.39
2026-06-30	166	1	2.45
2026-06-30	140	0.396	12.95
2026-06-30	161	1	1.25
2026-06-30	222	1	2.75
2026-06-30	55	3	2.99
2026-06-30	61	1	1.89
2026-06-30	139	0.231	14.95
2026-06-30	125	3	2.35
2026-06-30	28	4	2.85
2026-06-30	28	1	2.85
2026-06-30	59	0.085	4
2026-06-30	187	0.506	5.45
2026-06-30	39	0.867	3.99
2026-06-30	69	2	1.25
2026-06-30	74	1	2.35
2026-06-30	178	0.52	3.29
2026-06-30	106	5.126	1.99
2026-06-30	56	1	3.49
2026-06-30	44	5.629	1.75
2026-06-30	146	0.814	14.39
2026-06-30	112	1.792	2.59
2026-06-30	158	1	2.29
2026-06-30	121	2.419	1.29
2026-06-30	71	1	1.99
2026-06-30	40	2	1.99
2026-06-30	113	0.02	4.25
2026-06-30	127	1	2.49
2026-06-30	143	1	2.99
2026-06-30	94	3.47	2.85
2026-06-30	58	1.209	2.49
2026-06-30	250	0.268	2.39
2026-06-30	24	1.101	1.19
2026-06-30	60	1	2.75
2026-06-30	166	1	2.45
2026-06-30	47	0.263	3
2026-06-30	121	5.698	1.29
2026-06-30	114	1.964	4.5
2026-06-30	101	1.027	3
2026-06-30	148	0.184	5.99
2026-06-30	88	1.53	2.19
2026-06-30	91	13.507	0.69
2026-06-30	155	1	0.85
2026-06-30	98	0.952	2.3
2026-06-30	190	1	3.15
2026-06-30	75	3	1.59
2026-06-30	41	4.886	1.85
2026-06-30	201	0.621	1.95
2026-06-30	138	0.717	4.59
2026-06-30	199	2.598	2.19
2026-06-30	96	0.956	2.5
2026-06-30	83	2.23	2.39
2026-06-30	30	3	1.89
2026-06-30	219	2	0.99
2026-06-30	62	1	1.85
2026-06-30	95	2.088	2.39
2026-06-30	127	2	2.49
2026-06-30	198	6.429	1.19
2026-06-30	154	1	1.99
2026-06-30	11	0.78	3.95
2026-06-30	167	2	1.59
2026-06-30	223	1	2.15
2026-06-30	114	0.816	4.5
2026-06-30	193	4	2.5
2026-06-30	224	1	0.99
2026-06-30	196	1	3.15
2026-06-30	206	1	1.95
2026-06-30	220	1	2.75
2026-06-30	162	1	1.19
2026-06-30	249	1	2.29
2026-06-30	99	1.161	2.99
2026-06-30	231	1	1.39
2026-06-30	76	4	0.79
2026-06-30	207	1	1.29
2026-06-30	216	1	2.79
2026-06-30	21	1	0.99
2026-06-30	78	5	1.09
2026-06-30	65	2	1.45
2026-06-30	158	1	2.29
2026-06-30	19	1	2.5
2026-06-30	44	3.966	1.75
2026-06-30	195	2	2.25
2026-06-30	97	0.206	1.75
2026-06-30	48	1	1.99
2026-06-30	33	4.667	1.59
2026-06-30	49	1	3
2026-06-30	159	1	1.8
2026-06-30	165	0.49	5
2026-06-30	109	0.452	2.59
2026-06-30	95	2.192	2.39
2026-06-30	52	13.899	0.99
2026-06-30	84	5	1.59
2026-06-30	12	2.751	2.25
2026-06-30	135	0.354	12.95
2026-06-30	43	3.408	1.79
2026-06-30	93	4	3
2026-06-30	78	1	1.09
2026-06-30	27	1	2.59
2026-06-30	202	1	3.15
2026-06-30	38	1.984	1.89
2026-06-30	187	0.694	5.45
2026-06-30	137	0.084	18.75
2026-06-30	111	2.32	1.75
2026-06-30	57	1	1.35
2026-06-30	136	0.225	12.95
2026-06-30	190	3	3.15
2026-06-30	52	3.828	0.99
2026-06-30	217	1	1.59
2026-06-30	133	1	1.49
2026-06-30	175	1	1.59
2026-06-30	197	1.404	2.25
2026-06-30	23	3	1.25
2026-06-30	20	1	0.99
2026-06-30	186	1	2.25
2026-06-30	127	1	2.49
2026-06-30	68	1	1.99
2026-06-30	100	0.357	2.69
2026-06-30	101	3.58	3
2026-07-01	12	0.756	2.25
2026-07-01	44	7.771	1.75
2026-07-01	88	1.251	2.19
2026-07-01	190	1	3.15
2026-07-01	118	0.12	4
2026-07-01	42	4.511	1.39
2026-07-01	18	6.044	1.35
2026-07-01	140	0.323	12.95
2026-07-01	178	0.432	3.29
2026-07-01	56	1	3.49
2026-07-01	114	1.662	4.5
2026-07-01	79	3	1.55
2026-07-01	195	1	2.25
2026-07-01	84	3	1.59
2026-07-01	138	1.283	4.59
2026-07-01	87	3	1.39
2026-07-01	130	2	1.89
2026-07-01	158	1	2.29
2026-07-01	142	0.253	6.95
2026-07-01	193	1	2.5
2026-07-01	121	7.884	1.29
2026-07-01	77	1	2.35
2026-07-01	75	1	1.59
2026-07-01	121	3.744	1.29
2026-07-01	190	2	3.15
2026-07-01	218	1	1.39
2026-07-01	31	0.327	5.69
2026-07-01	250	0.201	2.39
2026-07-01	196	1	3.15
2026-07-01	199	2.105	2.19
2026-07-01	23	3	1.25
2026-07-01	75	2	1.59
2026-07-01	109	0.359	2.59
2026-07-01	83	1.887	2.39
2026-07-01	103	0.936	2.19
2026-07-01	59	0.068	4
2026-07-01	226	2	1.35
2026-07-01	114	0.693	4.5
2026-07-01	194	4.025	2.75
2026-07-01	196	1	3.15
2026-07-01	134	0.166	14.75
2026-07-01	92	4.685	0.89
2026-07-01	54	1	2.59
2026-07-01	91	10.014	0.69
2026-07-01	93	4	3
2026-07-01	197	4.16	2.25
2026-07-01	145	0.121	22.95
2026-07-01	30	1	1.89
2026-07-01	58	1.008	2.49
2026-07-01	9	2	0.85
2026-07-01	97	0.177	1.75
2026-07-01	41	2.719	1.85
2026-07-01	122	0.043	2.99
2026-07-01	219	2	0.99
2026-07-01	136	0.181	12.95
2026-07-01	189	1	3.15
2026-07-01	16	0.984	1.25
2026-07-01	28	2	2.85
2026-07-01	166	1	2.45
2026-07-01	24	0.882	1.19
2026-07-01	190	1	3.15
2026-07-01	98	0.77	2.3
2026-07-01	146	0.22	14.39
2026-07-01	166	3	2.45
2026-07-01	108	0.149	2.35
2026-07-01	81	3	1.25
2026-07-01	76	1	0.79
2026-07-01	73	1	1.49
2026-07-01	201	0.518	1.95
2026-07-01	223	1	2.15
2026-07-01	134	0.234	14.75
2026-07-01	55	1	2.99
2026-07-01	139	0.19	14.95
2026-07-01	89	5.076	0.79
2026-07-01	194	0.735	2.75
2026-07-01	94	3.484	2.85
2026-07-01	96	0.772	2.5
2026-07-01	11	1.759	3.95
2026-07-01	135	0.287	12.95
2026-07-01	102	0.183	1.75
2026-07-01	38	4.349	1.89
2026-07-01	155	3	0.85
2026-07-01	127	2	2.49
2026-07-01	167	3	1.59
2026-07-01	41	1.276	1.85
2026-07-01	84	1	1.59
2026-07-01	137	0.288	18.75
2026-07-01	144	0.252	5.39
2026-07-01	82	4	0.99
2026-07-01	43	2.777	1.79
2026-07-01	165	1.776	5
2026-07-01	111	1.903	1.75
2026-07-01	71	1	1.99
2026-07-01	91	5.246	0.69
2026-07-01	117	0.388	2.5
2026-07-01	187	0.967	5.45
2026-07-01	208	1	0.95
2026-07-01	187	0.422	5.45
2026-07-01	40	1	1.99
2026-07-01	33	3.824	1.59
2026-07-01	55	1	2.99
2026-07-01	185	1	1.99
2026-07-01	198	5.21	1.19
2026-07-01	72	4	0.95
2026-07-01	46	0.233	3
2026-07-01	76	8	0.79
2026-07-01	207	1	1.29
2026-07-01	189	1	3.15
2026-07-01	209	2	1.19
2026-07-01	70	1	1.49
2026-07-01	211	2	1.15
2026-07-01	55	1	2.99
2026-07-01	47	0.21	3
2026-07-01	95	3.469	2.39
2026-07-01	89	8.709	0.79
2026-07-01	124	8.277	1.55
2026-07-01	107	1.945	1.99
2026-07-01	101	3.743	3
2026-07-01	93	1	3
2026-07-01	113	0.016	4.25
2026-07-01	195	3	2.25
2026-07-01	213	1	2.85
2026-07-01	89	1.051	0.79
2026-07-01	194	0.687	2.75
2026-07-01	18	0.956	1.35
2026-07-01	148	0.149	5.99
2026-07-01	66	2	1.59
2026-07-01	193	2	2.5
2026-07-01	125	1	2.35
2026-07-01	196	1	3.15
2026-07-01	12	1.484	2.25
2026-07-01	69	4	1.25
2026-07-01	4	4	1.05
2026-07-01	39	1.885	3.99
2026-07-01	43	4.413	1.79
2026-07-01	125	1	2.35
2026-07-01	99	0.936	2.99
2026-07-01	146	0.427	14.39
2026-07-01	149	0.265	4.99
2026-07-01	28	2	2.85
2026-07-01	105	1.246	1.75
2026-07-01	26	0.202	1.19
2026-07-01	121	4.496	1.29
2026-07-01	121	1.876	1.29
2026-07-01	77	1	2.35
2026-07-01	121	3.163	1.29
2026-07-01	106	4.151	1.99
2026-07-01	187	0.55	5.45
2026-07-01	65	1	1.45
2026-07-01	213	1	2.85
2026-07-01	114	0.56	4.5
2026-07-01	52	13.081	0.99
2026-07-01	114	1.953	4.5
2026-07-01	54	1	2.59
2026-07-01	125	1	2.35
2026-07-01	57	1	1.35
2026-07-01	30	2	1.89
2026-07-01	56	1	3.49
2026-07-01	127	1	2.49
2026-07-01	100	0.297	2.69
2026-07-01	78	5	1.09
2026-07-01	52	1.414	0.99
2026-07-01	190	2	3.15
2026-07-01	93	2	3
2026-07-01	218	3	1.39
2026-07-01	112	1.459	2.59
2026-07-01	130	1	1.89
2026-07-01	141	0.11	11.89
2026-07-01	89	5.051	0.79
2026-07-02	97	0.183	1.75
2026-07-02	52	8.404	0.99
2026-07-02	250	0.213	2.39
2026-07-02	93	3	3
2026-07-02	93	1	3
2026-07-02	195	3	2.25
2026-07-02	24	0.933	1.19
2026-07-02	44	4.469	1.75
2026-07-02	72	3	0.95
2026-07-02	11	0.544	3.95
2026-07-02	146	0.254	14.39
2026-07-02	18	7.385	1.35
2026-07-02	196	1	3.15
2026-07-02	81	1	1.25
2026-07-02	197	4.391	2.25
2026-07-02	130	1	1.89
2026-07-02	111	1.874	1.75
2026-07-02	158	1	2.29
2026-07-02	207	1	1.29
2026-07-02	93	1	3
2026-07-02	124	5.129	1.55
2026-07-02	83	1.992	2.39
2026-07-02	48	1	1.99
2026-07-02	77	1	2.35
2026-07-02	109	0.378	2.59
2026-07-02	195	1	2.25
2026-07-02	92	4.955	0.89
2026-07-02	44	1.817	1.75
2026-07-02	89	6.013	0.79
2026-07-02	41	1.411	1.85
2026-07-02	38	2.693	1.89
2026-07-02	61	1	1.89
2026-07-02	122	0.043	2.99
2026-07-02	33	4.031	1.59
2026-07-02	9	2	0.85
2026-07-02	98	0.813	2.3
2026-07-02	42	4.108	1.39
2026-07-02	140	0.11	12.95
2026-07-02	145	0.128	22.95
2026-07-02	137	0.043	18.75
2026-07-02	94	0.295	2.85
2026-07-02	139	0.201	14.95
2026-07-02	190	3	3.15
2026-07-02	142	0.268	6.95
2026-07-02	208	2	0.95
2026-07-02	144	0.267	5.39
2026-07-02	39	0.845	3.99
2026-07-02	11	1.314	3.95
2026-07-02	165	0.128	5
2026-07-02	65	1	1.45
2026-07-02	189	2	3.15
2026-07-02	118	0.125	4
2026-07-02	93	2	3
2026-07-02	125	2	2.35
2026-07-02	70	2	1.49
2026-07-02	124	3.613	1.55
2026-07-02	158	1	2.29
2026-07-02	40	1	1.99
2026-07-02	93	2	3
2026-07-02	52	6.909	0.99
2026-07-02	167	3	1.59
2026-07-02	78	5	1.09
2026-07-02	121	1.907	1.29
2026-07-02	148	0.157	5.99
2026-07-02	31	0.344	5.69
2026-07-02	28	1	2.85
2026-07-02	102	0.193	1.75
2026-07-02	101	2.28	3
2026-07-02	59	0.07	4
2026-07-02	199	0.274	2.19
2026-07-02	194	2.189	2.75
2026-07-02	107	2.055	1.99
2026-07-02	166	1	2.45
2026-07-02	38	1.894	1.89
2026-07-02	77	1	2.35
2026-07-02	201	0.549	1.95
2026-07-02	106	2.075	1.99
2026-07-02	209	2	1.19
2026-07-02	117	0.408	2.5
2026-07-02	95	3.665	2.39
2026-07-02	66	2	1.59
2026-07-02	39	1.145	3.99
2026-07-02	213	1	2.85
2026-07-02	125	1	2.35
2026-07-02	136	0.191	12.95
2026-07-02	196	2	3.15
2026-07-02	112	1.541	2.59
2026-07-02	121	9.651	1.29
2026-07-02	189	1	3.15
2026-07-02	47	0.22	3
2026-07-02	88	1.32	2.19
2026-07-02	108	0.153	2.35
2026-07-02	84	4	1.59
2026-07-02	166	1	2.45
2026-07-02	65	1	1.45
2026-07-02	81	3	1.25
2026-07-02	198	3.37	1.19
2026-07-02	187	2.048	5.45
2026-07-02	76	12	0.79
2026-07-02	55	1	2.99
2026-07-02	42	0.655	1.39
2026-07-02	219	3	0.99
2026-07-02	69	3	1.25
2026-07-02	121	1.535	1.29
2026-07-02	4	5	1.05
2026-07-02	96	0.816	2.5
2026-07-02	73	1	1.49
2026-07-02	194	0.967	2.75
2026-07-02	43	1.905	1.79
2026-07-02	12	2.369	2.25
2026-07-02	43	0.564	1.79
2026-07-02	82	4	0.99
2026-07-02	155	1	0.85
2026-07-02	89	2.089	0.79
2026-07-02	137	0.261	18.75
2026-07-02	54	1	2.59
2026-07-02	114	2.5	4.5
2026-07-02	40	1	1.99
2026-07-02	58	1.064	2.49
2026-07-02	103	0.986	2.19
2026-07-02	135	0.303	12.95
2026-07-02	138	1.338	4.59
2026-07-02	141	0.116	11.89
2026-07-02	114	2.64	4.5
2026-07-02	23	2	1.25
2026-07-02	91	2.043	0.69
2026-07-02	113	0.016	4.25
2026-07-02	146	0.445	14.39
2026-07-02	134	0.422	14.75
2026-07-02	82	1	0.99
2026-07-02	75	3	1.59
2026-07-02	99	0.987	2.99
2026-07-02	41	2.811	1.85
2026-07-02	106	2.312	1.99
2026-07-02	190	2	3.15
2026-07-02	121	9.24	1.29
2026-07-02	100	0.312	2.69
2026-07-02	101	1.67	3
2026-07-02	57	1	1.35
2026-07-02	166	2	2.45
2026-07-02	127	3	2.49
2026-07-02	185	1	1.99
2026-07-02	30	1	1.89
2026-07-02	165	1.746	5
2026-07-02	211	2	1.15
2026-07-02	94	3.382	2.85
2026-07-02	46	0.247	3
2026-07-02	56	1	3.49
2026-07-02	199	1.95	2.19
2026-07-02	105	1.314	1.75
2026-07-02	194	1.869	2.75
2026-07-02	140	0.232	12.95
2026-07-02	26	0.218	1.19
2026-07-02	218	4	1.39
2026-07-02	79	3	1.55
2026-07-02	226	2	1.35
2026-07-02	43	5.123	1.79
2026-07-02	71	1	1.99
2026-07-02	194	0.727	2.75
2026-07-02	56	2	3.49
2026-07-02	193	3	2.5
2026-07-02	44	1.914	1.75
2026-07-02	85	1	1.49
2026-07-02	69	2	1.25
2026-07-02	149	0.281	4.99
2026-07-02	89	12.899	0.79
2026-07-02	178	0.456	3.29
2026-07-02	198	2.134	1.19
2026-07-02	16	1.04	1.25
2026-07-02	190	1	3.15
2026-07-02	87	3	1.39
2026-07-02	91	14.058	0.69
2026-07-02	78	1	1.09
2026-07-03	113	0.021	4.25
2026-07-03	89	10.025	0.79
2026-07-03	121	11.271	1.29
2026-07-03	208	1	0.95
2026-07-03	134	0.348	14.75
2026-07-03	59	0.085	4
2026-07-03	197	3.271	2.25
2026-07-03	94	2.421	2.85
2026-07-03	199	2.694	2.19
2026-07-03	114	1.376	4.5
2026-07-03	84	3	1.59
2026-07-03	125	1	2.35
2026-07-03	107	0.422	1.99
2026-07-03	106	5.307	1.99
2026-07-03	105	1.594	1.75
2026-07-03	56	1	3.49
2026-07-03	158	1	2.29
2026-07-03	38	0.466	1.89
2026-07-03	193	1	2.5
2026-07-03	121	1.574	1.29
2026-07-03	100	0.379	2.69
2026-07-03	85	1	1.49
2026-07-03	109	0.459	2.59
2026-07-03	124	2.832	1.55
2026-07-03	95	2.209	2.39
2026-07-03	124	1.439	1.55
2026-07-03	82	4	0.99
2026-07-03	111	2.434	1.75
2026-07-03	97	0.223	1.75
2026-07-03	52	3.525	0.99
2026-07-03	69	2	1.25
2026-07-03	30	2	1.89
2026-07-03	167	3	1.59
2026-07-03	88	0.493	2.19
2026-07-03	89	15.392	0.79
2026-07-03	185	1	1.99
2026-07-03	149	0.339	4.99
2026-07-03	165	1.176	5
2026-07-03	197	2.049	2.25
2026-07-03	139	0.243	14.95
2026-07-03	38	5.095	1.89
2026-07-03	219	2	0.99
2026-07-03	93	5	3
2026-07-03	58	1.289	2.49
2026-07-03	98	0.983	2.3
2026-07-03	146	0.532	14.39
2026-07-03	226	1	1.35
2026-07-03	102	0.233	1.75
2026-07-03	42	2.727	1.39
2026-07-03	76	9	0.79
2026-07-03	71	1	1.99
2026-07-03	55	1	2.99
2026-07-03	138	1.641	4.59
2026-07-03	9	1	0.85
2026-07-03	79	1	1.55
2026-07-03	28	3	2.85
2026-07-03	209	2	1.19
2026-07-03	48	1	1.99
2026-07-03	142	0.324	6.95
2026-07-03	40	1	1.99
2026-07-03	75	2	1.59
2026-07-03	92	5.989	0.89
2026-07-03	57	1	1.35
2026-07-03	76	5	0.79
2026-07-03	118	0.153	4
2026-07-03	78	5	1.09
2026-07-03	48	1	1.99
2026-07-03	189	1	3.15
2026-07-03	134	0.163	14.75
2026-07-03	193	1	2.5
2026-07-03	198	6.655	1.19
2026-07-03	185	2	1.99
2026-07-03	95	0.803	2.39
2026-07-03	39	0.586	3.99
2026-07-03	79	2	1.55
2026-07-03	101	1.103	3
2026-07-03	108	0.187	2.35
2026-07-03	145	0.155	22.95
2026-07-03	57	1	1.35
2026-07-03	124	6.31	1.55
2026-07-03	189	2	3.15
2026-07-03	107	2.06	1.99
2026-07-03	79	1	1.55
2026-07-03	195	3	2.25
2026-07-03	130	1	1.89
2026-07-03	250	0.259	2.39
2026-07-03	52	4.727	0.99
2026-07-03	84	2	1.59
2026-07-03	211	2	1.15
2026-07-03	127	1	2.49
2026-07-03	135	0.368	12.95
2026-07-03	44	3.606	1.75
2026-07-03	196	2	3.15
2026-07-03	137	0.355	18.75
2026-07-03	4	4	1.05
2026-07-03	207	1	1.29
2026-07-03	144	0.323	5.39
2026-07-03	190	3	3.15
2026-07-03	18	8.941	1.35
2026-07-03	70	1	1.49
2026-07-03	196	1	3.15
2026-07-03	166	1	2.45
2026-07-03	28	2	2.85
2026-07-03	193	2	2.5
2026-07-03	88	1.105	2.19
2026-07-03	121	3.667	1.29
2026-07-03	194	4.673	2.75
2026-07-03	56	1	3.49
2026-07-03	166	1	2.45
2026-07-03	122	0.054	2.99
2026-07-03	43	5.62	1.79
2026-07-03	93	1	3
2026-07-03	44	6.32	1.75
2026-07-03	43	3.57	1.79
2026-07-03	165	1.094	5
2026-07-03	194	2.291	2.75
2026-07-03	91	19.493	0.69
2026-07-03	207	1	1.29
2026-07-03	94	2.035	2.85
2026-07-03	66	1	1.59
2026-07-03	24	1.126	1.19
2026-07-03	75	1	1.59
2026-07-03	141	0.14	11.89
2026-07-03	31	0.418	5.69
2026-07-03	41	3.951	1.85
2026-07-03	81	4	1.25
2026-07-03	121	4.806	1.29
2026-07-03	71	1	1.99
2026-07-03	41	1.157	1.85
2026-07-03	26	0.261	1.19
2026-07-03	117	0.496	2.5
2026-07-03	33	4.881	1.59
2026-07-03	83	1.523	2.39
2026-07-03	95	1.423	2.39
2026-07-03	146	0.315	14.39
2026-07-03	187	2.11	5.45
2026-07-03	16	1.256	1.25
2026-07-03	114	1.376	4.5
2026-07-03	114	1.102	4.5
2026-07-03	83	0.891	2.39
2026-07-03	93	1	3
2026-07-03	73	1	1.49
2026-07-03	99	1.151	2.99
2026-07-03	155	1	0.85
2026-07-03	148	0.189	5.99
2026-07-03	218	1	1.39
2026-07-03	70	2	1.49
2026-07-03	23	3	1.25
2026-07-03	87	4	1.39
2026-07-03	78	2	1.09
2026-07-03	11	2.251	3.95
2026-07-03	54	1	2.59
2026-07-03	46	0.3	3
2026-07-03	93	4	3
2026-07-03	61	1	1.89
2026-07-03	140	0.413	12.95
2026-07-03	213	1	2.85
2026-07-03	178	0.55	3.29
2026-07-03	65	1	1.45
2026-07-03	190	2	3.15
2026-07-03	112	1.861	2.59
2026-07-03	61	1	1.89
2026-07-03	96	0.988	2.5
2026-07-03	12	2.862	2.25
2026-07-03	42	3.043	1.39
2026-07-03	39	1.822	3.99
2026-07-03	121	5.713	1.29
2026-07-03	226	1	1.35
2026-07-03	201	0.662	1.95
2026-07-03	66	2	1.59
2026-07-03	136	0.231	12.95
2026-07-03	27	1	2.59
2026-07-03	114	2.369	4.5
2026-07-03	190	2	3.15
2026-07-03	103	1.196	2.19
2026-07-03	93	3	3
2026-07-03	77	1	2.35
2026-07-03	52	10.283	0.99
2026-07-03	195	2	2.25
2026-07-03	101	3.677	3
2026-07-03	47	0.267	3
2026-07-03	69	4	1.25
2026-07-03	187	0.369	5.45
2026-07-03	72	4	0.95
2026-07-03	130	1	1.89
2026-07-04	196	1	3.15
2026-07-04	93	3	3
2026-07-04	199	1.909	2.19
2026-07-04	134	0.345	14.75
2026-07-04	91	1.348	0.69
2026-07-04	12	3.36	2.25
2026-07-04	103	1.402	2.19
2026-07-04	121	1.868	1.29
2026-07-04	187	0.378	5.45
2026-07-04	195	1	2.25
2026-07-04	142	0.38	6.95
2026-07-04	140	0.485	12.95
2026-07-04	196	1	3.15
2026-07-04	165	1.49	5
2026-07-04	197	6.009	2.25
2026-07-04	73	1	1.49
2026-07-04	141	0.165	11.89
2026-07-04	78	2	1.09
2026-07-04	195	1	2.25
2026-07-04	58	1.514	2.49
2026-07-04	93	2	3
2026-07-04	125	2	2.35
2026-07-04	23	3	1.25
2026-07-04	101	2.907	3
2026-07-04	148	0.222	5.99
2026-07-04	89	7.532	0.79
2026-07-04	65	2	1.45
2026-07-04	9	1	0.85
2026-07-04	109	0.537	2.59
2026-07-04	187	0.877	5.45
2026-07-04	167	1	1.59
2026-07-04	108	0.221	2.35
2026-07-04	121	7.388	1.29
2026-07-04	105	0.4	1.75
2026-07-04	28	3	2.85
2026-07-04	146	0.36	14.39
2026-07-04	93	3	3
2026-07-04	75	3	1.59
2026-07-04	130	1	1.89
2026-07-04	125	1	2.35
2026-07-04	124	3.419	1.55
2026-07-04	149	0.397	4.99
2026-07-04	18	3.489	1.35
2026-07-04	193	1	2.5
2026-07-04	146	0.259	14.39
2026-07-04	46	0.35	3
2026-07-04	198	7.815	1.19
2026-07-04	40	1	1.99
2026-07-04	158	1	2.29
2026-07-04	48	1	1.99
2026-07-04	70	2	1.49
2026-07-04	39	2.827	3.99
2026-07-04	121	7.062	1.29
2026-07-04	91	13.348	0.69
2026-07-04	87	3	1.39
2026-07-04	88	1.877	2.19
2026-07-04	121	7.14	1.29
2026-07-04	38	3.63	1.89
2026-07-04	95	3.795	2.39
2026-07-04	43	1.994	1.79
2026-07-04	69	4	1.25
2026-07-04	190	1	3.15
2026-07-04	105	1.474	1.75
2026-07-04	118	0.178	4
2026-07-04	8	1	2.25
2026-07-04	194	3.531	2.75
2026-07-04	27	1	2.59
2026-07-04	226	2	1.35
2026-07-04	93	1	3
2026-07-04	42	1.885	1.39
2026-07-04	114	2.584	4.5
2026-07-04	211	1	1.15
2026-07-04	208	2	0.95
2026-07-04	218	3	1.39
2026-07-04	44	7.891	1.75
2026-07-04	125	1	2.35
2026-07-04	190	1	3.15
2026-07-04	250	0.305	2.39
2026-07-04	43	1.581	1.79
2026-07-04	219	2	0.99
2026-07-04	146	0.377	14.39
2026-07-04	78	6	1.09
2026-07-04	61	1	1.89
2026-07-04	209	2	1.19
2026-07-04	52	13.202	0.99
2026-07-04	95	1.41	2.39
2026-07-04	127	1	2.49
2026-07-04	96	1.16	2.5
2026-07-04	189	1	3.15
2026-07-04	112	0.467	2.59
2026-07-04	41	1.346	1.85
2026-07-04	69	1	1.25
2026-07-04	144	0.378	5.39
2026-07-04	91	8.203	0.69
2026-07-04	213	1	2.85
2026-07-04	28	3	2.85
2026-07-04	197	0.231	2.25
2026-07-04	4	5	1.05
2026-07-04	31	0.49	5.69
2026-07-04	48	1	1.99
2026-07-04	124	2.387	1.55
2026-07-04	112	1.718	2.59
2026-07-04	207	1	1.29
2026-07-04	137	0.431	18.75
2026-07-04	18	3.281	1.35
2026-07-04	193	1	2.5
2026-07-04	178	0.647	3.29
2026-07-04	166	1	2.45
2026-07-04	38	2.894	1.89
2026-07-04	114	1.46	4.5
2026-07-04	213	1	2.85
2026-07-04	102	0.274	1.75
2026-07-04	97	0.263	1.75
2026-07-04	106	3.864	1.99
2026-07-04	56	1	3.49
2026-07-04	111	2.851	1.75
2026-07-04	79	3	1.55
2026-07-04	30	1	1.89
2026-07-04	94	2.839	2.85
2026-07-04	98	1.157	2.3
2026-07-04	16	1.48	1.25
2026-07-04	33	5.736	1.59
2026-07-04	201	0.779	1.95
2026-07-04	81	3	1.25
2026-07-04	117	0.58	2.5
2026-07-04	83	1.657	2.39
2026-07-04	93	3	3
2026-07-04	114	2.793	4.5
2026-07-04	71	1	1.99
2026-07-04	73	1	1.49
2026-07-04	41	4.649	1.85
2026-07-04	134	0.142	14.75
2026-07-04	83	1.18	2.39
2026-07-04	106	2.362	1.99
2026-07-04	94	2.389	2.85
2026-07-04	26	0.303	1.19
2026-07-04	52	4.697	0.99
2026-07-04	100	0.446	2.69
2026-07-04	93	4	3
2026-07-04	166	1	2.45
2026-07-04	122	0.064	2.99
2026-07-04	42	4.885	1.39
2026-07-04	135	0.431	12.95
2026-07-04	99	1.401	2.99
2026-07-04	57	1	1.35
2026-07-04	81	2	1.25
2026-07-04	185	1	1.99
2026-07-04	85	1	1.49
2026-07-04	187	1.494	5.45
2026-07-04	165	0.486	5
2026-07-04	107	2.915	1.99
2026-07-04	89	16.684	0.79
2026-07-04	77	1	2.35
2026-07-04	121	1.566	1.29
2026-07-04	155	1	0.85
2026-07-04	54	1	2.59
2026-07-04	121	4.016	1.29
2026-07-04	55	1	2.99
2026-07-04	54	1	2.59
2026-07-04	165	0.688	5
2026-07-04	55	1	2.99
2026-07-04	199	1.251	2.19
2026-07-04	189	1	3.15
2026-07-04	127	1	2.49
2026-07-04	11	2.641	3.95
2026-07-04	70	1	1.49
2026-07-04	24	1.319	1.19
2026-07-04	190	2	3.15
2026-07-04	84	4	1.59
2026-07-04	194	2.655	2.75
2026-07-04	138	1.926	4.59
2026-07-04	18	3.719	1.35
2026-07-04	52	3.848	0.99
2026-07-04	8	1	2.25
2026-07-04	121	2.388	1.29
2026-07-04	113	0.024	4.25
2026-07-04	145	0.182	22.95
2026-07-04	72	4	0.95
2026-07-04	89	5.62	0.79
2026-07-04	47	0.313	3
2026-07-04	194	1.989	2.75
2026-07-04	130	1	1.89
2026-07-04	82	5	0.99
2026-07-04	56	1	3.49
2026-07-04	44	0.949	1.75
2026-07-04	187	0.161	5.45
2026-07-04	43	1.19	1.79
2026-07-04	76	14	0.79
2026-07-04	75	1	1.59
2026-07-04	92	7.034	0.89
2026-07-04	44	2.811	1.75
2026-07-04	59	0.1	4
2026-07-04	124	6.613	1.55
2026-07-04	101	2.71	3
2026-07-04	43	6.022	1.79
2026-07-04	190	1	3.15
2026-07-04	134	0.113	14.75
2026-07-04	114	0.467	4.5
2026-07-04	66	1	1.59
2026-07-04	139	0.286	14.95
2026-07-04	136	0.271	12.95
2026-07-04	69	2	1.25
2026-07-06	55	1	2.99
2026-07-06	201	0.462	1.95
2026-07-06	134	0.355	14.75
2026-07-06	66	2	1.59
2026-07-06	39	0.782	3.99
2026-07-06	56	1	3.49
2026-07-06	100	0.264	2.69
2026-07-06	97	0.154	1.75
2026-07-06	148	0.132	5.99
2026-07-06	125	2	2.35
2026-07-06	93	3	3
2026-07-06	82	1	0.99
2026-07-06	9	2	0.85
2026-07-06	30	2	1.89
2026-07-06	122	0.037	2.99
2026-07-06	121	9.729	1.29
2026-07-06	94	3.098	2.85
2026-07-06	93	4	3
2026-07-06	72	2	0.95
2026-07-06	121	4.326	1.29
2026-07-06	219	1	0.99
2026-07-06	165	1.578	5
2026-07-06	83	1.678	2.39
2026-07-06	57	1	1.35
2026-07-06	91	7.913	0.69
2026-07-06	27	1	2.59
2026-07-06	193	3	2.5
2026-07-06	33	2.61	1.59
2026-07-06	189	2	3.15
2026-07-06	194	3.131	2.75
2026-07-06	185	2	1.99
2026-07-06	144	0.224	5.39
2026-07-06	147	0.093	3.99
2026-07-06	28	1	2.85
2026-07-06	199	1.872	2.19
2026-07-06	124	3.29	1.55
2026-07-06	141	0.098	11.89
2026-07-06	195	1	2.25
2026-07-06	227	1	1.69
2026-07-06	114	2.738	4.5
2026-07-06	124	4.071	1.55
2026-07-06	136	0.161	12.95
2026-07-06	77	1	2.35
2026-07-06	48	1	1.99
2026-07-06	23	2	1.25
2026-07-06	61	1	1.89
2026-07-06	44	6.766	1.75
2026-07-06	196	1	3.15
2026-07-06	208	2	0.95
2026-07-06	211	2	1.15
2026-07-06	82	2	0.99
2026-07-06	155	1	0.85
2026-07-06	105	1.109	1.75
2026-07-06	137	0.256	18.75
2026-07-06	75	2	1.59
2026-07-06	140	0.287	12.95
2026-07-06	96	0.688	2.5
2026-07-06	138	1.142	4.59
2026-07-06	98	0.683	2.3
2026-07-06	59	0.06	4
2026-07-06	166	3	2.45
2026-07-06	85	1	1.49
2026-07-06	38	3.868	1.89
2026-07-06	95	0.385	2.39
2026-07-06	158	1	2.29
2026-07-06	89	2.152	0.79
2026-07-06	195	3	2.25
2026-07-06	106	3.688	1.99
2026-07-06	135	0.255	12.95
2026-07-06	107	0.688	1.99
2026-07-06	8	1	2.25
2026-07-06	28	2	2.85
2026-07-06	89	15.532	0.79
2026-07-06	73	1	1.49
2026-07-06	11	1.565	3.95
2026-07-06	190	1	3.15
2026-07-06	197	0.587	2.25
2026-07-06	65	1	1.45
2026-07-06	54	2	2.59
2026-07-06	41	3.184	1.85
2026-07-06	52	8.657	0.99
2026-07-06	146	0.251	14.39
2026-07-06	250	0.18	2.39
2026-07-06	28	1	2.85
2026-07-06	187	1.725	5.45
2026-07-06	42	4.014	1.39
2026-07-06	102	0.162	1.75
2026-07-06	127	2	2.49
2026-07-06	99	0.829	2.99
2026-07-06	95	2.699	2.39
2026-07-06	121	2.45	1.29
2026-07-06	46	0.207	3
2026-07-06	114	1.193	4.5
2026-07-06	149	0.236	4.99
2026-07-06	76	10	0.79
2026-07-06	16	0.88	1.25
2026-07-06	40	1	1.99
2026-07-06	70	2	1.49
2026-07-06	24	0.782	1.19
2026-07-06	73	1	1.49
2026-07-06	41	0.368	1.85
2026-07-06	218	3	1.39
2026-07-06	114	0.398	4.5
2026-07-06	101	3.327	3
2026-07-06	213	1	2.85
2026-07-06	139	0.169	14.95
2026-07-06	18	6.222	1.35
2026-07-06	88	1.114	2.19
2026-07-06	47	0.187	3
2026-07-06	197	1.076	2.25
2026-07-06	130	2	1.89
2026-07-06	4	3	1.05
2026-07-06	130	1	1.89
2026-07-06	178	0.383	3.29
2026-07-06	56	2	3.49
2026-07-06	224	1	0.99
2026-07-06	93	1	3
2026-07-06	93	1	3
2026-07-06	194	1.713	2.75
2026-07-06	214	1	2.79
2026-07-06	112	1.297	2.59
2026-07-06	207	1	1.29
2026-07-06	117	0.344	2.5
2026-07-06	108	0.132	2.35
2026-07-06	52	4.232	0.99
2026-07-06	145	0.108	22.95
2026-07-06	118	0.105	4
2026-07-06	111	1.691	1.75
2026-07-06	198	4.63	1.19
2026-07-06	92	4.169	0.89
2026-07-06	226	1	1.35
2026-07-06	190	1	3.15
2026-07-06	33	0.786	1.59
2026-07-06	79	3	1.55
2026-07-06	71	1	1.99
2026-07-06	69	4	1.25
2026-07-06	26	0.185	1.19
2026-07-06	39	0.895	3.99
2026-07-06	87	2	1.39
2026-07-06	78	5	1.09
2026-07-06	121	1.946	1.29
2026-07-06	55	1	2.99
2026-07-06	103	0.831	2.19
2026-07-06	58	0.896	2.49
2026-07-06	35	1	1.35
2026-07-06	43	6.391	1.79
2026-07-06	12	1.996	2.25
2026-07-06	91	5.652	0.69
2026-07-06	213	1	2.85
2026-07-06	197	2.036	2.25
2026-07-06	31	0.29	5.69
2026-07-06	109	0.32	2.59
2026-07-06	81	3	1.25
2026-07-06	142	0.226	6.95
2026-07-06	53	1	2.59
2026-07-06	107	1.04	1.99
2026-07-06	84	4	1.59
2026-07-06	93	1	3
2026-07-06	167	2	1.59
2026-07-06	196	1	3.15
2026-07-06	209	1	1.19
2026-07-06	146	0.338	14.39
2026-07-06	127	1	2.49
2026-07-06	113	0.014	4.25
2026-07-07	167	2	1.59
2026-07-07	224	1	0.99
2026-07-07	214	1	2.79
2026-07-07	100	0.279	2.69
2026-07-07	135	0.114	12.95
2026-07-07	209	1	1.19
2026-07-07	109	0.34	2.59
2026-07-07	89	7.203	0.79
2026-07-07	117	0.364	2.5
2026-07-07	87	2	1.39
2026-07-07	41	3.773	1.85
2026-07-07	155	1	0.85
2026-07-07	4	3	1.05
2026-07-07	73	1	1.49
2026-07-07	121	4.961	1.29
2026-07-07	68	1	1.99
2026-07-07	194	1.215	2.75
2026-07-07	21	1	0.99
2026-07-07	198	4.924	1.19
2026-07-07	94	1.435	2.85
2026-07-07	103	0.886	2.19
2026-07-07	146	0.179	14.39
2026-07-07	130	2	1.89
2026-07-07	146	0.447	14.39
2026-07-07	48	1	1.99
2026-07-07	107	1.839	1.99
2026-07-07	199	1.991	2.19
2026-07-07	26	0.193	1.19
2026-07-07	35	1	1.35
2026-07-07	144	0.239	5.39
2026-07-07	122	0.04	2.99
2026-07-07	31	0.309	5.69
2026-07-07	33	1.893	1.59
2026-07-07	33	1.717	1.59
2026-07-07	12	2.12	2.25
2026-07-07	139	0.179	14.95
2026-07-07	148	0.14	5.99
2026-07-07	75	2	1.59
2026-07-07	114	1.927	4.5
2026-07-07	135	0.157	12.95
2026-07-07	99	0.883	2.99
2026-07-07	113	0.014	4.25
2026-07-07	167	1	1.59
2026-07-07	93	2	3
2026-07-07	201	0.487	1.95
2026-07-07	213	1	2.85
2026-07-07	16	0.928	1.25
2026-07-07	91	6.449	0.69
2026-07-07	127	1	2.49
2026-07-07	70	2	1.49
2026-07-07	189	2	3.15
2026-07-07	141	0.104	11.89
2026-07-07	24	0.832	1.19
2026-07-07	93	4	3
2026-07-07	85	1	1.49
2026-07-07	218	3	1.39
2026-07-07	43	5.358	1.79
2026-07-07	88	1.183	2.19
2026-07-07	18	6.615	1.35
2026-07-07	89	11.595	0.79
2026-07-07	138	0.928	4.59
2026-07-07	197	2.196	2.25
2026-07-07	27	1	2.59
2026-07-07	72	2	0.95
2026-07-07	76	11	0.79
2026-07-07	91	7.971	0.69
2026-07-07	114	1.384	4.5
2026-07-07	47	0.197	3
2026-07-07	124	3.626	1.55
2026-07-07	106	1.266	1.99
2026-07-07	93	1	3
2026-07-07	46	0.22	3
2026-07-07	55	1	2.99
2026-07-07	40	1	1.99
2026-07-07	58	0.88	2.49
2026-07-07	158	1	2.29
2026-07-07	102	0.173	1.75
2026-07-07	137	0.27	18.75
2026-07-07	121	2.039	1.29
2026-07-07	108	0.14	2.35
2026-07-07	61	1	1.89
2026-07-07	53	1	2.59
2026-07-07	44	5.811	1.75
2026-07-07	94	1.853	2.85
2026-07-07	28	3	2.85
2026-07-07	69	2	1.25
2026-07-07	124	2.942	1.55
2026-07-07	127	2	2.49
2026-07-07	219	1	0.99
2026-07-07	56	1	3.49
2026-07-07	82	3	0.99
2026-07-07	59	0.063	4
2026-07-07	185	2	1.99
2026-07-07	98	0.726	2.3
2026-07-07	77	1	2.35
2026-07-07	195	2	2.25
2026-07-07	213	1	2.85
2026-07-07	149	0.251	4.99
2026-07-07	166	2	2.45
2026-07-07	208	2	0.95
2026-07-07	121	4.062	1.29
2026-07-07	95	3.276	2.39
2026-07-07	30	1	1.89
2026-07-07	111	1.8	1.75
2026-07-07	190	3	3.15
2026-07-07	11	0.61	3.95
2026-07-07	165	1.678	5
2026-07-07	138	0.283	4.59
2026-07-07	211	2	1.15
2026-07-07	101	3.533	3
2026-07-07	54	2	2.59
2026-07-07	197	1.733	2.25
2026-07-07	57	1	1.35
2026-07-07	218	1	1.39
2026-07-07	66	2	1.59
2026-07-07	145	0.115	22.95
2026-07-07	134	0.378	14.75
2026-07-07	130	1	1.89
2026-07-07	178	0.407	3.29
2026-07-07	56	1	3.49
2026-07-07	136	0.171	12.95
2026-07-07	92	4.427	0.89
2026-07-07	121	8.922	1.29
2026-07-07	38	4.074	1.89
2026-07-07	71	1	1.99
2026-07-07	44	1.526	1.75
2026-07-07	196	2	3.15
2026-07-07	193	2	2.5
2026-07-07	227	1	1.69
2026-07-07	195	1	2.25
2026-07-07	207	1	1.29
2026-07-07	73	1	1.49
2026-07-07	30	2	1.89
2026-07-07	43	1.436	1.79
2026-07-07	166	1	2.45
2026-07-07	118	0.113	4
2026-07-07	81	3	1.25
2026-07-07	69	2	1.25
2026-07-07	55	1	2.99
2026-07-07	125	2	2.35
2026-07-07	79	3	1.55
2026-07-07	42	4.266	1.39
2026-07-07	40	1	1.99
2026-07-07	65	1	1.45
2026-07-07	124	1.252	1.55
2026-07-07	23	2	1.25
2026-07-07	142	0.239	6.95
2026-07-07	97	0.166	1.75
2026-07-07	166	1	2.45
2026-07-07	96	0.728	2.5
2026-07-07	52	10.99	0.99
2026-07-07	8	1	2.25
2026-07-07	39	0.757	3.99
2026-07-07	250	0.192	2.39
2026-07-07	78	5	1.09
2026-07-07	140	0.305	12.95
2026-07-07	84	4	1.59
2026-07-07	190	2	3.15
2026-07-07	56	1	3.49
2026-07-07	193	1	2.5
2026-07-07	105	1.177	1.75
2026-07-07	106	2.653	1.99
2026-07-07	93	3	3
2026-07-07	83	1.782	2.39
2026-07-07	114	1.289	4.5
2026-07-07	187	1.831	5.45
2026-07-07	52	2.717	0.99
2026-07-07	195	1	2.25
2026-07-07	11	1.053	3.95
2026-07-07	226	1	1.35
2026-07-07	112	1.378	2.59
2026-07-07	194	3.931	2.75
2026-07-07	9	2	0.85
2026-07-07	39	1.023	3.99
2026-07-08	66	2	1.59
2026-07-08	54	2	2.59
2026-07-08	9	2	0.85
2026-07-08	227	1	1.69
2026-07-08	190	1	3.15
2026-07-08	41	4	1.85
2026-07-08	88	1.251	2.19
2026-07-08	18	2.556	1.35
2026-07-08	93	3	3
2026-07-08	121	9.147	1.29
2026-07-08	250	0.201	2.39
2026-07-08	84	4	1.59
2026-07-08	81	3	1.25
2026-07-08	52	3.071	0.99
2026-07-08	118	0.12	4
2026-07-08	77	1	2.35
2026-07-08	43	3.592	1.79
2026-07-08	71	1	1.99
2026-07-08	89	8.532	0.79
2026-07-08	146	0.222	14.39
2026-07-08	35	1	1.35
2026-07-08	93	1	3
2026-07-08	195	1	2.25
2026-07-08	114	0.836	4.5
2026-07-08	178	0.432	3.29
2026-07-08	27	1	2.59
2026-07-08	125	2	2.35
2026-07-08	98	0.77	2.3
2026-07-08	198	2.824	1.19
2026-07-08	47	0.21	3
2026-07-08	190	1	3.15
2026-07-08	136	0.181	12.95
2026-07-08	122	0.043	2.99
2026-07-08	121	0.519	1.29
2026-07-08	106	2.296	1.99
2026-07-08	59	0.068	4
2026-07-08	69	4	1.25
2026-07-08	42	4.511	1.39
2026-07-08	144	0.252	5.39
2026-07-08	94	1.253	2.85
2026-07-08	96	0.772	2.5
2026-07-08	121	3.031	1.29
2026-07-08	53	1	2.59
2026-07-08	124	8.277	1.55
2026-07-08	134	0.396	14.75
2026-07-08	141	0.11	11.89
2026-07-08	28	1	2.85
2026-07-08	91	15.261	0.69
2026-07-08	44	7.771	1.75
2026-07-08	75	2	1.59
2026-07-08	194	2.382	2.75
2026-07-08	112	1.459	2.59
2026-07-08	197	4.116	2.25
2026-07-08	38	2.995	1.89
2026-07-08	193	3	2.5
2026-07-08	158	1	2.29
2026-07-08	4	3	1.05
2026-07-08	130	1	1.89
2026-07-08	30	1	1.89
2026-07-08	100	0.297	2.69
2026-07-08	121	8.465	1.29
2026-07-08	190	3	3.15
2026-07-08	33	3.824	1.59
2026-07-08	219	1	0.99
2026-07-08	111	1.434	1.75
2026-07-08	165	1.776	5
2026-07-08	92	4.685	0.89
2026-07-08	114	3.124	4.5
2026-07-08	77	1	2.35
2026-07-08	26	0.202	1.19
2026-07-08	194	1.425	2.75
2026-07-08	127	3	2.49
2026-07-08	8	1	2.25
2026-07-08	106	1.859	1.99
2026-07-08	218	4	1.39
2026-07-08	24	0.882	1.19
2026-07-08	56	2	3.49
2026-07-08	75	1	1.59
2026-07-08	39	0.607	3.99
2026-07-08	214	1	2.79
2026-07-08	65	1	1.45
2026-07-08	95	2.218	2.39
2026-07-08	28	1	2.85
2026-07-08	31	0.327	5.69
2026-07-08	138	1.283	4.59
2026-07-08	93	1	3
2026-07-08	94	1.2	2.85
2026-07-08	82	3	0.99
2026-07-08	30	2	1.89
2026-07-08	190	1	3.15
2026-07-08	107	1.945	1.99
2026-07-08	16	0.984	1.25
2026-07-08	101	2.943	3
2026-07-08	70	2	1.49
2026-07-08	185	2	1.99
2026-07-08	196	1	3.15
2026-07-08	155	1	0.85
2026-07-08	49	1	3
2026-07-08	40	1	1.99
2026-07-08	102	0.183	1.75
2026-07-08	76	10	0.79
2026-07-08	93	1	3
2026-07-08	58	1.008	2.49
2026-07-08	211	2	1.15
2026-07-08	18	4.437	1.35
2026-07-08	187	1.939	5.45
2026-07-08	201	0.518	1.95
2026-07-08	195	3	2.25
2026-07-08	78	5	1.09
2026-07-08	189	1	3.15
2026-07-08	125	1	2.35
2026-07-08	39	0.92	3.99
2026-07-08	55	1	2.99
2026-07-08	213	1	2.85
2026-07-08	209	1	1.19
2026-07-08	140	0.323	12.95
2026-07-08	137	0.288	18.75
2026-07-08	149	0.265	4.99
2026-07-08	95	1.004	2.39
2026-07-08	83	1.268	2.39
2026-07-08	21	1	0.99
2026-07-08	83	0.619	2.39
2026-07-08	166	1	2.45
2026-07-08	117	0.388	2.5
2026-07-08	73	1	1.49
2026-07-08	103	0.936	2.19
2026-07-08	114	0.909	4.5
2026-07-08	148	0.149	5.99
2026-07-08	207	1	1.29
2026-07-08	93	3	3
2026-07-08	11	1.658	3.95
2026-07-08	145	0.121	22.95
2026-07-08	68	1	1.99
2026-07-08	208	3	0.95
2026-07-08	61	1	1.89
2026-07-08	12	2.244	2.25
2026-07-08	109	0.359	2.59
2026-07-08	166	3	2.45
2026-07-08	23	2	1.25
2026-07-08	199	2.105	2.19
2026-07-08	85	1	1.49
2026-07-08	93	2	3
2026-07-08	224	1	0.99
2026-07-08	79	3	1.55
2026-07-08	48	1	1.99
2026-07-08	196	1	3.15
2026-07-08	189	2	3.15
2026-07-08	135	0.287	12.95
2026-07-08	38	1.349	1.89
2026-07-08	55	2	2.99
2026-07-08	56	1	3.49
2026-07-08	95	0.247	2.39
2026-07-08	87	2	1.39
2026-07-08	43	3.598	1.79
2026-07-08	57	1	1.35
2026-07-08	28	2	2.85
2026-07-08	105	1.246	1.75
2026-07-08	146	0.441	14.39
2026-07-08	39	0.358	3.99
2026-07-08	46	0.233	3
2026-07-08	89	5.063	0.79
2026-07-08	99	0.936	2.99
2026-07-08	113	0.016	4.25
2026-07-08	194	1.64	2.75
2026-07-08	198	2.387	1.19
2026-07-08	97	0.177	1.75
2026-07-08	89	6.291	0.79
2026-07-08	111	0.469	1.75
2026-07-08	40	1	1.99
2026-07-08	213	1	2.85
2026-07-08	108	0.149	2.35
2026-07-08	142	0.253	6.95
2026-07-08	226	1	1.35
2026-07-08	52	10.96	0.99
2026-07-08	101	0.8	3
2026-07-08	139	0.19	14.95
2026-07-08	72	2	0.95
2026-07-08	196	1	3.15
2026-07-08	94	1.028	2.85
2026-07-08	167	3	1.59
2026-07-09	158	1	2.29
2026-07-09	55	1	2.99
2026-07-09	111	2.011	1.75
2026-07-09	125	1	2.35
2026-07-09	57	1	1.35
2026-07-09	93	5	3
2026-07-09	44	5.211	1.75
2026-07-09	113	0.016	4.25
2026-07-09	134	0.218	14.75
2026-07-09	125	1	2.35
2026-07-09	68	1	1.99
2026-07-09	47	0.22	3
2026-07-09	12	1.658	2.25
2026-07-09	97	0.183	1.75
2026-07-09	139	0.138	14.95
2026-07-09	33	4.031	1.59
2026-07-09	78	1	1.09
2026-07-09	185	1	1.99
2026-07-09	214	1	2.79
2026-07-09	94	0.333	2.85
2026-07-09	250	0.213	2.39
2026-07-09	196	1	3.15
2026-07-09	121	1.643	1.29
2026-07-09	135	0.303	12.95
2026-07-09	89	3.975	0.79
2026-07-09	224	1	0.99
2026-07-09	77	1	2.35
2026-07-09	106	2.015	1.99
2026-07-09	96	0.816	2.5
2026-07-09	158	1	2.29
2026-07-09	178	0.456	3.29
2026-07-09	78	2	1.09
2026-07-09	87	2	1.39
2026-07-09	93	1	3
2026-07-09	124	3.265	1.55
2026-07-09	35	1	1.35
2026-07-09	185	1	1.99
2026-07-09	56	2	3.49
2026-07-09	66	2	1.59
2026-07-09	149	0.281	4.99
2026-07-09	46	0.247	3
2026-07-09	165	0.222	5
2026-07-09	92	4.955	0.89
2026-07-09	121	10.628	1.29
2026-07-09	44	2.989	1.75
2026-07-09	56	1	3.49
2026-07-09	109	0.378	2.59
2026-07-09	121	3.643	1.29
2026-07-09	49	1	3
2026-07-09	69	1	1.25
2026-07-09	61	1	1.89
2026-07-09	141	0.116	11.89
2026-07-09	48	1	1.99
2026-07-09	124	1.742	1.55
2026-07-09	69	4	1.25
2026-07-09	145	0.128	22.95
2026-07-09	9	3	0.85
2026-07-09	219	2	0.99
2026-07-09	165	1.652	5
2026-07-09	187	1.587	5.45
2026-07-09	85	1	1.49
2026-07-09	91	16.101	0.69
2026-07-09	103	0.986	2.19
2026-07-09	189	1	3.15
2026-07-09	117	0.408	2.5
2026-07-09	55	2	2.99
2026-07-09	194	1.225	2.75
2026-07-09	196	2	3.15
2026-07-09	201	0.549	1.95
2026-07-09	99	0.987	2.99
2026-07-09	187	0.461	5.45
2026-07-09	21	1	0.99
2026-07-09	112	1.541	2.59
2026-07-09	121	5.364	1.29
2026-07-09	140	0.341	12.95
2026-07-09	24	0.933	1.19
2026-07-09	144	0.267	5.39
2026-07-09	16	1.04	1.25
2026-07-09	18	7.385	1.35
2026-07-09	101	3.567	3
2026-07-09	118	0.125	4
2026-07-09	114	0.587	4.5
2026-07-09	167	3	1.59
2026-07-09	155	1	0.85
2026-07-09	138	1.355	4.59
2026-07-09	79	3	1.55
2026-07-09	194	1.945	2.75
2026-07-09	121	1.054	1.29
2026-07-09	39	1.637	3.99
2026-07-09	42	2.532	1.39
2026-07-09	65	1	1.45
2026-07-09	23	2	1.25
2026-07-09	190	3	3.15
2026-07-09	82	4	0.99
2026-07-09	89	11.532	0.79
2026-07-09	30	3	1.89
2026-07-09	39	0.356	3.99
2026-07-09	107	2.055	1.99
2026-07-09	84	4	1.59
2026-07-09	50	1	3
2026-07-09	41	1.562	1.85
2026-07-09	137	0.304	18.75
2026-07-09	122	0.043	2.99
2026-07-09	124	3.735	1.55
2026-07-09	105	1.314	1.75
2026-07-09	40	1	1.99
2026-07-09	43	5.816	1.79
2026-07-09	31	0.344	5.69
2026-07-09	81	3	1.25
2026-07-09	12	0.711	2.25
2026-07-09	146	0.127	14.39
2026-07-09	72	2	0.95
2026-07-09	127	2	2.49
2026-07-09	76	12	0.79
2026-07-09	139	0.063	14.95
2026-07-09	94	3.344	2.85
2026-07-09	189	2	3.15
2026-07-09	93	1	3
2026-07-09	27	1	2.59
2026-07-09	194	0.942	2.75
2026-07-09	218	3	1.39
2026-07-09	208	2	0.95
2026-07-09	114	1.971	4.5
2026-07-09	83	1.004	2.39
2026-07-09	81	1	1.25
2026-07-09	100	0.312	2.69
2026-07-09	77	1	2.35
2026-07-09	130	2	1.89
2026-07-09	8	1	2.25
2026-07-09	38	4.085	1.89
2026-07-09	134	0.204	14.75
2026-07-09	114	2.273	4.5
2026-07-09	142	0.268	6.95
2026-07-09	199	2.224	2.19
2026-07-09	190	3	3.15
2026-07-09	4	4	1.05
2026-07-09	108	0.153	2.35
2026-07-09	52	5.949	0.99
2026-07-09	125	1	2.35
2026-07-09	89	5.494	0.79
2026-07-09	106	2.372	1.99
2026-07-09	211	2	1.15
2026-07-09	207	1	1.29
2026-07-09	78	3	1.09
2026-07-09	198	5.504	1.19
2026-07-09	83	0.992	2.39
2026-07-09	52	2.929	0.99
2026-07-09	193	3	2.5
2026-07-09	166	3	2.45
2026-07-09	41	2.654	1.85
2026-07-09	27	1	2.59
2026-07-09	75	3	1.59
2026-07-09	43	1.777	1.79
2026-07-09	114	0.309	4.5
2026-07-09	59	0.07	4
2026-07-09	136	0.191	12.95
2026-07-09	226	1	1.35
2026-07-09	95	3.665	2.39
2026-07-09	54	2	2.59
2026-07-09	88	1.32	2.19
2026-07-09	148	0.157	5.99
2026-07-09	73	1	1.49
2026-07-09	38	0.508	1.89
2026-07-09	194	1.64	2.75
2026-07-09	146	0.573	14.39
2026-07-09	127	1	2.49
2026-07-09	93	4	3
2026-07-09	65	1	1.45
2026-07-09	70	2	1.49
2026-07-09	98	0.813	2.3
2026-07-09	52	6.444	0.99
2026-07-09	58	1.064	2.49
2026-07-09	197	4.391	2.25
2026-07-09	101	0.383	3
2026-07-09	93	1	3
2026-07-09	40	1	1.99
2026-07-09	26	0.218	1.19
2026-07-09	28	4	2.85
2026-07-09	227	1	1.69
2026-07-09	195	4	2.25
2026-07-09	218	1	1.39
2026-07-09	53	1	2.59
2026-07-09	102	0.193	1.75
2026-07-09	209	1	1.19
2026-07-09	42	2.23	1.39
2026-07-09	213	1	2.85
2026-07-09	71	1	1.99
2026-07-09	11	1.858	3.95
2026-07-10	92	5.989	0.89
2026-07-10	70	1	1.49
2026-07-10	61	1	1.89
2026-07-10	139	0.161	14.95
2026-07-10	30	3	1.89
2026-07-10	81	2	1.25
2026-07-10	56	1	3.49
2026-07-10	39	1.08	3.99
2026-07-10	97	0.223	1.75
2026-07-10	201	0.662	1.95
2026-07-10	49	1	3
2026-07-10	9	3	0.85
2026-07-10	28	3	2.85
2026-07-10	142	0.324	6.95
2026-07-10	72	4	0.95
2026-07-10	107	0.281	1.99
2026-07-10	101	4.603	3
2026-07-10	56	1	3.49
2026-07-10	107	2.201	1.99
2026-07-10	140	0.269	12.95
2026-07-10	178	0.55	3.29
2026-07-10	102	0.233	1.75
2026-07-10	68	1	1.99
2026-07-10	209	2	1.19
2026-07-10	138	1.041	4.59
2026-07-10	65	2	1.45
2026-07-10	189	2	3.15
2026-07-10	91	2.275	0.69
2026-07-10	44	1.154	1.75
2026-07-10	114	3.104	4.5
2026-07-10	140	0.144	12.95
2026-07-10	54	2	2.59
2026-07-10	117	0.496	2.5
2026-07-10	21	1	0.99
2026-07-10	76	1	0.79
2026-07-10	41	1.276	1.85
2026-07-10	24	1.126	1.19
2026-07-10	55	1	2.99
2026-07-10	27	1	2.59
2026-07-10	93	4	3
2026-07-10	105	1.594	1.75
2026-07-10	125	1	2.35
2026-07-10	88	1.598	2.19
2026-07-10	224	1	0.99
2026-07-10	76	13	0.79
2026-07-10	198	6.655	1.19
2026-07-10	127	1	2.49
2026-07-10	47	0.267	3
2026-07-10	11	0.597	3.95
2026-07-10	211	2	1.15
2026-07-10	89	14.316	0.79
2026-07-10	39	1.328	3.99
2026-07-10	208	2	0.95
2026-07-10	197	1.542	2.25
2026-07-10	165	0.336	5
2026-07-10	134	0.511	14.75
2026-07-10	130	1	1.89
2026-07-10	56	2	3.49
2026-07-10	196	1	3.15
2026-07-10	136	0.231	12.95
2026-07-10	49	1	3
2026-07-10	185	1	1.99
2026-07-10	40	1	1.99
2026-07-10	87	3	1.39
2026-07-10	145	0.155	22.95
2026-07-10	11	0.975	3.95
2026-07-10	214	1	2.79
2026-07-10	122	0.054	2.99
2026-07-10	112	1.861	2.59
2026-07-10	75	3	1.59
2026-07-10	139	0.082	14.95
2026-07-10	114	2.382	4.5
2026-07-10	43	1.793	1.79
2026-07-10	146	0.497	14.39
2026-07-10	52	4.98	0.99
2026-07-10	83	2.301	2.39
2026-07-10	38	5.561	1.89
2026-07-10	52	6.636	0.99
2026-07-10	66	1	1.59
2026-07-10	23	3	1.25
2026-07-10	78	1	1.09
2026-07-10	108	0.187	2.35
2026-07-10	35	1	1.35
2026-07-10	141	0.14	11.89
2026-07-10	111	2.434	1.75
2026-07-10	189	1	3.15
2026-07-10	124	3.91	1.55
2026-07-10	185	1	1.99
2026-07-10	93	1	3
2026-07-10	194	3.513	2.75
2026-07-10	166	1	2.45
2026-07-10	185	1	1.99
2026-07-10	227	1	1.69
2026-07-10	165	1.934	5
2026-07-10	43	7.397	1.79
2026-07-10	197	3.778	2.25
2026-07-10	114	0.164	4.5
2026-07-10	166	1	2.45
2026-07-10	155	1	0.85
2026-07-10	138	0.599	4.59
2026-07-10	96	0.988	2.5
2026-07-10	195	2	2.25
2026-07-10	57	1	1.35
2026-07-10	162	1	1.19
2026-07-10	124	4.806	1.55
2026-07-10	57	1	1.35
2026-07-10	71	1	1.99
2026-07-10	89	11.114	0.79
2026-07-10	71	1	1.99
2026-07-10	219	3	0.99
2026-07-10	98	0.983	2.3
2026-07-10	218	2	1.39
2026-07-10	53	1	2.59
2026-07-10	207	1	1.29
2026-07-10	93	1	3
2026-07-10	58	1.289	2.49
2026-07-10	50	1	3
2026-07-10	187	0.383	5.45
2026-07-10	18	2.119	1.35
2026-07-10	66	2	1.59
2026-07-10	148	0.189	5.99
2026-07-10	12	1.138	2.25
2026-07-10	31	0.418	5.69
2026-07-10	41	3.827	1.85
2026-07-10	94	3.537	2.85
2026-07-10	213	1	2.85
2026-07-10	94	0.916	2.85
2026-07-10	26	0.261	1.19
2026-07-10	144	0.323	5.39
2026-07-10	81	2	1.25
2026-07-10	8	1	2.25
2026-07-10	194	3.451	2.75
2026-07-10	109	0.459	2.59
2026-07-10	46	0.3	3
2026-07-10	232	1	1.49
2026-07-10	187	1.013	5.45
2026-07-10	73	1	1.49
2026-07-10	48	1	1.99
2026-07-10	106	0.724	1.99
2026-07-10	187	0.602	5.45
2026-07-10	42	5.77	1.39
2026-07-10	226	2	1.35
2026-07-10	70	2	1.49
2026-07-10	59	0.085	4
2026-07-10	93	1	3
2026-07-10	93	3	3
2026-07-10	4	4	1.05
2026-07-10	95	4.439	2.39
2026-07-10	114	0.571	4.5
2026-07-10	79	4	1.55
2026-07-10	100	0.379	2.69
2026-07-10	28	2	2.85
2026-07-10	44	4.509	1.75
2026-07-10	44	4.263	1.75
2026-07-10	85	1	1.49
2026-07-10	84	1	1.59
2026-07-10	12	1.609	2.25
2026-07-10	166	3	2.45
2026-07-10	218	3	1.39
2026-07-10	27	1	2.59
2026-07-10	113	0.021	4.25
2026-07-10	106	2.678	1.99
2026-07-10	193	1	2.5
2026-07-10	52	6.919	0.99
2026-07-10	146	0.351	14.39
2026-07-10	84	4	1.59
2026-07-10	121	9.039	1.29
2026-07-10	11	0.676	3.95
2026-07-10	158	1	2.29
2026-07-10	69	4	1.25
2026-07-10	82	3	0.99
2026-07-10	121	9.031	1.29
2026-07-10	93	3	3
2026-07-10	55	2	2.99
2026-07-10	167	3	1.59
2026-07-10	40	1	1.99
2026-07-10	103	1.196	2.19
2026-07-10	149	0.339	4.99
2026-07-10	190	3	3.15
2026-07-10	93	1	3
2026-07-10	99	1.194	2.99
2026-07-10	118	0.153	4
2026-07-10	137	0.368	18.75
2026-07-10	130	3	1.89
2026-07-10	77	1	2.35
2026-07-10	190	1	3.15
2026-07-10	48	1	1.99
2026-07-10	16	1.256	1.25
2026-07-10	135	0.368	12.95
2026-07-10	106	1.905	1.99
2026-07-10	124	1.865	1.55
2026-07-10	18	6.674	1.35
2026-07-10	33	4.881	1.59
2026-07-10	187	0.481	5.45
2026-07-10	250	0.259	2.39
2026-07-10	121	8.93	1.29
2026-07-10	91	17.217	0.69
2026-07-10	199	2.694	2.19
2026-07-10	207	1	1.29
2026-07-10	69	2	1.25
2026-07-10	61	1	1.89
2026-07-10	101	0.177	3
2026-07-10	195	3	2.25
2026-07-11	121	2.364	1.29
2026-07-11	121	5.543	1.29
2026-07-11	209	2	1.19
2026-07-11	70	1	1.49
2026-07-11	4	5	1.05
2026-07-11	185	1	1.99
2026-07-11	21	1	0.99
2026-07-11	24	1.319	1.19
2026-07-11	76	6	0.79
2026-07-11	194	1.524	2.75
2026-07-11	194	3.051	2.75
2026-07-11	101	0.29	3
2026-07-11	69	4	1.25
2026-07-11	219	3	0.99
2026-07-11	33	5.736	1.59
2026-07-11	23	3	1.25
2026-07-11	106	2.899	1.99
2026-07-11	18	4.704	1.35
2026-07-11	166	1	2.45
2026-07-11	27	1	2.59
2026-07-11	79	5	1.55
2026-07-11	43	8.145	1.79
2026-07-11	84	6	1.59
2026-07-11	16	1.48	1.25
2026-07-11	250	0.305	2.39
2026-07-11	146	0.418	14.39
2026-07-11	85	1	1.49
2026-07-11	38	1.672	1.89
2026-07-11	95	2.393	2.39
2026-07-11	93	2	3
2026-07-11	196	2	3.15
2026-07-11	83	2.837	2.39
2026-07-11	144	0.378	5.39
2026-07-11	187	2.506	5.45
2026-07-11	145	0.182	22.95
2026-07-11	97	0.263	1.75
2026-07-11	28	3	2.85
2026-07-11	166	2	2.45
2026-07-11	213	1	2.85
2026-07-11	194	0.375	2.75
2026-07-11	41	2.584	1.85
2026-07-11	139	0.286	14.95
2026-07-11	197	5.804	2.25
2026-07-11	194	3.225	2.75
2026-07-11	71	2	1.99
2026-07-11	26	0.303	1.19
2026-07-11	101	1.287	3
2026-07-11	87	3	1.39
2026-07-11	30	1	1.89
2026-07-11	142	0.38	6.95
2026-07-11	91	10.971	0.69
2026-07-11	47	0.313	3
2026-07-11	218	5	1.39
2026-07-11	93	5	3
2026-07-11	98	1.157	2.3
2026-07-11	44	4.406	1.75
2026-07-11	73	1	1.49
2026-07-11	117	0.58	2.5
2026-07-11	190	4	3.15
2026-07-11	111	2.851	1.75
2026-07-11	53	1	2.59
2026-07-11	96	1.16	2.5
2026-07-11	78	3	1.09
2026-07-11	166	2	2.45
2026-07-11	189	1	3.15
2026-07-11	92	7.034	0.89
2026-07-11	89	8.089	0.79
2026-07-11	141	0.165	11.89
2026-07-11	140	0.485	12.95
2026-07-11	216	1	2.79
2026-07-11	59	0.1	4
2026-07-11	102	0.274	1.75
2026-07-11	52	9.808	0.99
2026-07-11	9	3	0.85
2026-07-11	138	0.904	4.59
2026-07-11	195	1	2.25
2026-07-11	55	2	2.99
2026-07-11	58	1.514	2.49
2026-07-11	8	1	2.25
2026-07-11	211	1	1.15
2026-07-11	73	1	1.49
2026-07-11	89	3.962	0.79
2026-07-11	39	0.759	3.99
2026-07-11	158	1	2.29
2026-07-11	99	1.401	2.99
2026-07-11	11	2.641	3.95
2026-07-11	149	0.397	4.99
2026-07-11	146	0.312	14.39
2026-07-11	73	1	1.49
2026-07-11	53	1	2.59
2026-07-11	195	3	2.25
2026-07-11	112	2.185	2.59
2026-07-11	127	1	2.49
2026-07-11	100	0.446	2.69
2026-07-11	35	1	1.35
2026-07-11	124	6.355	1.55
2026-07-11	94	5.144	2.85
2026-07-11	121	11.248	1.29
2026-07-11	109	0.537	2.59
2026-07-11	137	0.156	18.75
2026-07-11	43	2.642	1.79
2026-07-11	193	1	2.5
2026-07-11	105	1.874	1.75
2026-07-11	201	0.779	1.95
2026-07-11	41	3.222	1.85
2026-07-11	121	5.86	1.29
2026-07-11	69	1	1.25
2026-07-11	178	0.647	3.29
2026-07-11	12	3.36	2.25
2026-07-11	153	1	1.99
2026-07-11	93	1	3
2026-07-11	207	1	1.29
2026-07-11	76	3	0.79
2026-07-11	61	1	1.89
2026-07-11	38	1.434	1.89
2026-07-11	8	1	2.25
2026-07-11	30	3	1.89
2026-07-11	114	2.636	4.5
2026-07-11	78	5	1.09
2026-07-11	224	1	0.99
2026-07-11	56	2	3.49
2026-07-11	18	5.793	1.35
2026-07-11	135	0.431	12.95
2026-07-11	167	4	1.59
2026-07-11	114	1.871	4.5
2026-07-11	88	1.877	2.19
2026-07-11	101	4.037	3
2026-07-11	165	1.79	5
2026-07-11	108	0.221	2.35
2026-07-11	214	1	2.79
2026-07-11	127	4	2.49
2026-07-11	190	3	3.15
2026-07-11	76	6	0.79
2026-07-11	121	3.116	1.29
2026-07-11	125	1	2.35
2026-07-11	155	1	0.85
2026-07-11	81	4	1.25
2026-07-11	40	1	1.99
2026-07-11	130	1	1.89
2026-07-11	46	0.35	3
2026-07-11	134	0.6	14.75
2026-07-11	68	1	1.99
2026-07-11	114	2.798	4.5
2026-07-11	75	1	1.59
2026-07-11	189	1	3.15
2026-07-11	52	5.333	0.99
2026-07-11	39	1.982	3.99
2026-07-11	56	1	3.49
2026-07-11	66	1	1.59
2026-07-11	122	0.064	2.99
2026-07-11	72	3	0.95
2026-07-11	162	1	1.19
2026-07-11	69	2	1.25
2026-07-11	148	0.222	5.99
2026-07-11	165	0.874	5
2026-07-11	138	1.022	4.59
2026-07-11	54	1	2.59
2026-07-11	103	1.324	2.19
2026-07-11	198	7.815	1.19
2026-07-11	52	6.465	0.99
2026-07-11	65	2	1.45
2026-07-11	91	5.203	0.69
2026-07-11	31	0.49	5.69
2026-07-11	196	1	3.15
2026-07-11	118	0.178	4
2026-07-11	121	3.612	1.29
2026-07-11	77	1	2.35
2026-07-11	193	3	2.5
2026-07-11	50	1	3
2026-07-11	107	2.915	1.99
2026-07-11	93	2	3
2026-07-11	187	0.402	5.45
2026-07-11	213	1	2.85
2026-07-11	28	2	2.85
2026-07-11	89	17.785	0.79
2026-07-11	113	0.024	4.25
2026-07-11	49	1	3
2026-07-11	214	1	2.79
2026-07-11	124	1.561	1.55
2026-07-11	38	3.413	1.89
2026-07-11	106	3.327	1.99
2026-07-11	28	1	2.85
2026-07-11	48	1	1.99
2026-07-11	55	2	2.99
2026-07-11	208	4	0.95
2026-07-11	137	0.276	18.75
2026-07-11	93	1	3
2026-07-11	146	0.264	14.39
2026-07-11	93	1	3
2026-07-11	49	1	3
2026-07-11	42	6.77	1.39
2026-07-11	57	2	1.35
2026-07-11	227	1	1.69
2026-07-11	91	6.725	0.69
2026-07-11	124	4.503	1.55
2026-07-11	95	2.812	2.39
2026-07-11	44	7.24	1.75
2026-07-11	125	1	2.35
2026-07-11	82	4	0.99
2026-07-11	196	1	3.15
2026-07-11	197	0.436	2.25
2026-07-11	136	0.271	12.95
2026-07-11	226	2	1.35
2026-07-11	199	3.16	2.19
2026-07-11	56	1	3.49
2026-07-11	93	4	3
2026-07-13	226	1	1.35
2026-07-13	118	0.105	4
2026-07-13	189	2	3.15
2026-07-13	98	0.683	2.3
2026-07-13	68	1	1.99
2026-07-13	136	0.161	12.95
2026-07-13	224	1	0.99
2026-07-13	102	0.162	1.75
2026-07-13	196	2	3.15
2026-07-13	149	0.236	4.99
2026-07-13	165	0.948	5
2026-07-13	138	1.142	4.59
2026-07-13	55	1	2.99
2026-07-13	56	1	3.49
2026-07-13	11	1.565	3.95
2026-07-13	99	0.829	2.99
2026-07-13	146	0.047	14.39
2026-07-13	56	1	3.49
2026-07-13	48	1	1.99
2026-07-13	39	1.033	3.99
2026-07-13	106	1.99	1.99
2026-07-13	209	1	1.19
2026-07-13	75	2	1.59
2026-07-13	26	0.185	1.19
2026-07-13	211	2	1.15
2026-07-13	165	0.63	5
2026-07-13	84	2	1.59
2026-07-13	208	3	0.95
2026-07-13	139	0.169	14.95
2026-07-13	190	1	3.15
2026-07-13	197	3.698	2.25
2026-07-13	195	1	2.25
2026-07-13	213	1	2.85
2026-07-13	121	8.496	1.29
2026-07-13	4	3	1.05
2026-07-13	78	1	1.09
2026-07-13	93	3	3
2026-07-13	89	8.38	0.79
2026-07-13	33	3.396	1.59
2026-07-13	121	2.38	1.29
2026-07-13	96	0.688	2.5
2026-07-13	82	3	0.99
2026-07-13	78	4	1.09
2026-07-13	134	0.355	14.75
2026-07-13	53	1	2.59
2026-07-13	130	2	1.89
2026-07-13	117	0.344	2.5
2026-07-13	114	0.898	4.5
2026-07-13	66	2	1.59
2026-07-13	198	4.63	1.19
2026-07-13	44	0.377	1.75
2026-07-13	12	1.996	2.25
2026-07-13	109	0.32	2.59
2026-07-13	44	1.811	1.75
2026-07-13	28	3	2.85
2026-07-13	111	1.691	1.75
2026-07-13	121	2.434	1.29
2026-07-13	49	1	3
2026-07-13	44	1.869	1.75
2026-07-13	167	2	1.59
2026-07-13	43	6.391	1.79
2026-07-13	47	0.187	3
2026-07-13	8	1	2.25
2026-07-13	121	0.543	1.29
2026-07-13	166	1	2.45
2026-07-13	207	1	1.29
2026-07-13	18	2.993	1.35
2026-07-13	72	1	0.95
2026-07-13	148	0.132	5.99
2026-07-13	40	1	1.99
2026-07-13	135	0.255	12.95
2026-07-13	144	0.224	5.39
2026-07-13	69	4	1.25
2026-07-13	76	10	0.79
2026-07-13	113	0.014	4.25
2026-07-13	57	1	1.35
2026-07-13	114	0.931	4.5
2026-07-13	52	6.717	0.99
2026-07-13	213	1	2.85
2026-07-13	124	7.361	1.55
2026-07-13	127	3	2.49
2026-07-13	105	1.109	1.75
2026-07-13	194	1.767	2.75
2026-07-13	23	2	1.25
2026-07-13	54	2	2.59
2026-07-13	94	2.498	2.85
2026-07-13	166	2	2.45
2026-07-13	85	1	1.49
2026-07-13	16	0.88	1.25
2026-07-13	100	0.264	2.69
2026-07-13	194	1.418	2.75
2026-07-13	107	1.729	1.99
2026-07-13	103	0.831	2.19
2026-07-13	31	0.29	5.69
2026-07-13	154	1	1.99
2026-07-13	35	1	1.35
2026-07-13	187	0.305	5.45
2026-07-13	24	0.782	1.19
2026-07-13	114	1.92	4.5
2026-07-13	56	1	3.49
2026-07-13	146	0.543	14.39
2026-07-13	61	1	1.89
2026-07-13	250	0.18	2.39
2026-07-13	193	3	2.5
2026-07-13	142	0.226	6.95
2026-07-13	91	9.942	0.69
2026-07-13	92	4.169	0.89
2026-07-13	125	2	2.35
2026-07-13	58	0.896	2.49
2026-07-13	73	1	1.49
2026-07-13	27	1	2.59
2026-07-13	42	2.655	1.39
2026-07-13	94	0.6	2.85
2026-07-13	52	6.182	0.99
2026-07-13	158	1	2.29
2026-07-13	145	0.108	22.95
2026-07-13	87	2	1.39
2026-07-13	121	3.31	1.29
2026-07-13	59	0.06	4
2026-07-13	73	1	1.49
2026-07-13	97	0.154	1.75
2026-07-13	21	1	0.99
2026-07-13	41	2.876	1.85
2026-07-13	88	1.114	2.19
2026-07-13	71	1	1.99
2026-07-13	108	0.132	2.35
2026-07-13	227	1	1.69
2026-07-13	155	1	0.85
2026-07-13	50	1	3
2026-07-13	77	1	2.35
2026-07-13	65	1	1.45
2026-07-13	216	1	2.79
2026-07-13	44	2.851	1.75
2026-07-13	178	0.383	3.29
2026-07-13	140	0.287	12.95
2026-07-13	95	3.084	2.39
2026-07-13	190	4	3.15
2026-07-13	38	0.529	1.89
2026-07-13	70	2	1.49
2026-07-13	185	2	1.99
2026-07-13	83	1.678	2.39
2026-07-13	93	3	3
2026-07-13	199	1.872	2.19
2026-07-13	89	9.291	0.79
2026-07-13	46	0.207	3
2026-07-13	137	0.256	18.75
2026-07-13	219	1	0.99
2026-07-13	84	2	1.59
2026-07-13	214	1	2.79
2026-07-13	38	3.333	1.89
2026-07-13	122	0.037	2.99
2026-07-13	141	0.098	11.89
2026-07-13	42	1.36	1.39
2026-07-13	81	3	1.25
2026-07-13	114	0.58	4.5
2026-07-13	28	1	2.85
2026-07-13	101	3.23	3
2026-07-13	195	3	2.25
2026-07-13	93	4	3
2026-07-13	30	2	1.89
2026-07-13	201	0.462	1.95
2026-07-13	194	1.658	2.75
2026-07-13	18	3.222	1.35
2026-07-13	106	1.704	1.99
2026-07-13	79	3	1.55
2026-07-13	39	0.642	3.99
2026-07-13	162	1	1.19
2026-07-13	91	3.623	0.69
2026-07-13	187	1.42	5.45
2026-07-13	55	1	2.99
2026-07-13	121	1.651	1.29
2026-07-13	41	0.681	1.85
2026-07-13	112	1.297	2.59
2026-07-13	130	1	1.89
2026-07-13	55	1	2.99
2026-07-13	153	1	1.99
2026-07-13	9	2	0.85
2026-07-13	218	3	1.39
2026-07-14	56	2	3.49
2026-07-14	100	0.279	2.69
2026-07-14	93	2	3
2026-07-14	55	1	2.99
2026-07-14	136	0.171	12.95
2026-07-14	87	2	1.39
2026-07-14	190	1	3.15
2026-07-14	4	3	1.05
2026-07-14	218	1	1.39
2026-07-14	153	1	1.99
2026-07-14	195	4	2.25
2026-07-14	89	9.304	0.79
2026-07-14	75	2	1.59
2026-07-14	148	0.14	5.99
2026-07-14	84	2	1.59
2026-07-14	93	4	3
2026-07-14	122	0.04	2.99
2026-07-14	138	1.211	4.59
2026-07-14	55	2	2.99
2026-07-14	125	2	2.35
2026-07-14	190	3	3.15
2026-07-14	194	1.684	2.75
2026-07-14	106	1.457	1.99
2026-07-14	165	1.136	5
2026-07-14	77	1	2.35
2026-07-14	141	0.104	11.89
2026-07-14	107	1.839	1.99
2026-07-14	185	2	1.99
2026-07-14	94	3.291	2.85
2026-07-14	48	1	1.99
2026-07-14	162	1	1.19
2026-07-14	18	3.133	1.35
2026-07-14	26	0.193	1.19
2026-07-14	146	0.136	14.39
2026-07-14	124	7.819	1.55
2026-07-14	84	2	1.59
2026-07-14	56	1	3.49
2026-07-14	83	1.782	2.39
2026-07-14	69	4	1.25
2026-07-14	38	2.016	1.89
2026-07-14	149	0.251	4.99
2026-07-14	95	3.276	2.39
2026-07-14	144	0.239	5.39
2026-07-14	224	1	0.99
2026-07-14	140	0.305	12.95
2026-07-14	24	0.832	1.19
2026-07-14	93	1	3
2026-07-14	73	1	1.49
2026-07-14	42	3.101	1.39
2026-07-14	30	2	1.89
2026-07-14	178	0.407	3.29
2026-07-14	117	0.364	2.5
2026-07-14	118	0.113	4
2026-07-14	227	1	1.69
2026-07-14	41	3.773	1.85
2026-07-14	16	0.928	1.25
2026-07-14	127	1	2.49
2026-07-14	198	2	1.19
2026-07-14	35	1	1.35
2026-07-14	28	4	2.85
2026-07-14	99	0.883	2.99
2026-07-14	59	0.063	4
2026-07-14	42	1.165	1.39
2026-07-14	219	1	0.99
2026-07-14	166	3	2.45
2026-07-14	39	0.609	3.99
2026-07-14	54	2	2.59
2026-07-14	106	2.462	1.99
2026-07-14	130	1	1.89
2026-07-14	21	1	0.99
2026-07-14	81	3	1.25
2026-07-14	70	2	1.49
2026-07-14	92	4.427	0.89
2026-07-14	165	0.542	5
2026-07-14	113	0.014	4.25
2026-07-14	73	1	1.49
2026-07-14	187	0.446	5.45
2026-07-14	72	3	0.95
2026-07-14	154	1	1.99
2026-07-14	201	0.487	1.95
2026-07-14	121	7.876	1.29
2026-07-14	189	2	3.15
2026-07-14	93	3	3
2026-07-14	50	1	3
2026-07-14	167	2	1.59
2026-07-14	130	2	1.89
2026-07-14	61	1	1.89
2026-07-14	76	9	0.79
2026-07-14	101	1.967	3
2026-07-14	33	3.61	1.59
2026-07-14	12	2.12	2.25
2026-07-14	193	1	2.5
2026-07-14	47	0.197	3
2026-07-14	114	1.351	4.5
2026-07-14	96	0.728	2.5
2026-07-14	74	1	2.35
2026-07-14	226	1	1.35
2026-07-14	40	1	1.99
2026-07-14	127	1	2.49
2026-07-14	213	1	2.85
2026-07-14	121	4.612	1.29
2026-07-14	44	7.331	1.75
2026-07-14	167	1	1.59
2026-07-14	23	2	1.25
2026-07-14	102	0.173	1.75
2026-07-14	78	5	1.09
2026-07-14	190	1	3.15
2026-07-14	146	0.49	14.39
2026-07-14	248	0.181	10.95
2026-07-14	43	4.62	1.79
2026-07-14	158	1	2.29
2026-07-14	166	1	2.45
2026-07-14	145	0.115	22.95
2026-07-14	79	3	1.55
2026-07-14	194	3.462	2.75
2026-07-14	187	1.378	5.45
2026-07-14	71	1	1.99
2026-07-14	68	1	1.99
2026-07-14	137	0.272	18.75
2026-07-14	216	1	2.79
2026-07-14	142	0.239	6.95
2026-07-14	39	1.17	3.99
2026-07-14	85	1	1.49
2026-07-14	97	0.166	1.75
2026-07-14	134	0.378	14.75
2026-07-14	109	0.34	2.59
2026-07-14	139	0.179	14.95
2026-07-14	57	1	1.35
2026-07-14	112	1.378	2.59
2026-07-14	207	1	1.29
2026-07-14	198	2.924	1.19
2026-07-14	199	1.991	2.19
2026-07-14	46	0.22	3
2026-07-14	105	1.177	1.75
2026-07-14	196	2	3.15
2026-07-14	218	3	1.39
2026-07-14	197	0.738	2.25
2026-07-14	82	4	0.99
2026-07-14	103	0.886	2.19
2026-07-14	89	5.57	0.79
2026-07-14	114	2.3	4.5
2026-07-14	250	0.192	2.39
2026-07-14	114	0.189	4.5
2026-07-14	43	0.341	1.79
2026-07-14	40	1	1.99
2026-07-14	18	3.474	1.35
2026-07-14	208	1	0.95
2026-07-14	108	0.14	2.35
2026-07-14	135	0.271	12.95
2026-07-14	52	13.657	0.99
2026-07-14	8	1	2.25
2026-07-14	38	2.09	1.89
2026-07-14	53	1	2.59
2026-07-14	155	1	0.85
2026-07-14	30	1	1.89
2026-07-14	27	1	2.59
2026-07-14	49	1	3
2026-07-14	101	1.563	3
2026-07-14	114	0.76	4.5
2026-07-14	193	2	2.5
2026-07-14	197	3.191	2.25
2026-07-14	89	3.911	0.79
2026-07-14	9	3	0.85
2026-07-14	121	7.504	1.29
2026-07-14	31	0.309	5.69
2026-07-14	213	1	2.85
2026-07-14	211	2	1.15
2026-07-14	127	1	2.49
2026-07-14	98	0.726	2.3
2026-07-14	66	2	1.59
2026-07-14	111	1.8	1.75
2026-07-14	88	1.183	2.19
2026-07-14	214	1	2.79
2026-07-14	209	1	1.19
2026-07-14	11	1.663	3.95
2026-07-14	65	1	1.45
2026-07-14	43	1.832	1.79
2026-07-14	91	14.42	0.69
2026-07-14	58	0.952	2.49
2026-07-15	96	0.772	2.5
2026-07-15	18	1.689	1.35
2026-07-15	39	1.103	3.99
2026-07-15	199	2.105	2.19
2026-07-15	40	1	1.99
2026-07-15	195	1	2.25
2026-07-15	9	1	0.85
2026-07-15	158	1	2.29
2026-07-15	178	0.432	3.29
2026-07-15	141	0.11	11.89
2026-07-15	100	0.297	2.69
2026-07-15	95	2.452	2.39
2026-07-15	106	4.151	1.99
2026-07-15	189	2	3.15
2026-07-15	77	1	2.35
2026-07-15	77	1	2.35
2026-07-15	102	0.183	1.75
2026-07-15	72	4	0.95
2026-07-15	78	5	1.09
2026-07-15	194	4.244	2.75
2026-07-15	165	1.404	5
2026-07-15	61	1	1.89
2026-07-15	54	2	2.59
2026-07-15	18	5.311	1.35
2026-07-15	190	3	3.15
2026-07-15	111	1.903	1.75
2026-07-15	43	6.503	1.79
2026-07-15	91	5.449	0.69
2026-07-15	218	4	1.39
2026-07-15	11	0.995	3.95
2026-07-15	8	1	2.25
2026-07-15	26	0.202	1.19
2026-07-15	42	4.511	1.39
2026-07-15	112	1.459	2.59
2026-07-15	93	4	3
2026-07-15	83	0.351	2.39
2026-07-15	198	5.21	1.19
2026-07-15	12	2.244	2.25
2026-07-15	194	1.204	2.75
2026-07-15	118	0.12	4
2026-07-15	114	2.456	4.5
2026-07-15	142	0.253	6.95
2026-07-15	121	10.837	1.29
2026-07-15	165	0.372	5
2026-07-15	82	2	0.99
2026-07-15	31	0.327	5.69
2026-07-15	91	9.812	0.69
2026-07-15	114	0.747	4.5
2026-07-15	162	1	1.19
2026-07-15	75	1	1.59
2026-07-15	207	1	1.29
2026-07-15	89	16.544	0.79
2026-07-15	146	0.663	14.39
2026-07-15	166	3	2.45
2026-07-15	11	0.767	3.95
2026-07-15	81	3	1.25
2026-07-15	71	1	1.99
2026-07-15	76	12	0.79
2026-07-15	73	1	1.49
2026-07-15	38	1.238	1.89
2026-07-15	149	0.265	4.99
2026-07-15	57	1	1.35
2026-07-15	58	1.008	2.49
2026-07-15	122	0.043	2.99
2026-07-15	117	0.388	2.5
2026-07-15	16	0.984	1.25
2026-07-15	94	3.484	2.85
2026-07-15	250	0.201	2.39
2026-07-15	105	1.246	1.75
2026-07-15	197	4.009	2.25
2026-07-15	121	2.341	1.29
2026-07-15	167	3	1.59
2026-07-15	95	1.017	2.39
2026-07-15	21	1	0.99
2026-07-15	109	0.359	2.59
2026-07-15	49	1	3
2026-07-15	125	2	2.35
2026-07-15	75	1	1.59
2026-07-15	28	4	2.85
2026-07-15	47	0.21	3
2026-07-15	70	2	1.49
2026-07-15	85	1	1.49
2026-07-15	139	0.19	14.95
2026-07-15	219	1	0.99
2026-07-15	213	1	2.85
2026-07-15	216	1	2.79
2026-07-15	43	0.687	1.79
2026-07-15	144	0.252	5.39
2026-07-15	52	7.03	0.99
2026-07-15	93	3	3
2026-07-15	145	0.121	22.95
2026-07-15	23	2	1.25
2026-07-15	190	1	3.15
2026-07-15	44	5.84	1.75
2026-07-15	55	1	2.99
2026-07-15	68	1	1.99
2026-07-15	134	0.399	14.75
2026-07-15	130	3	1.89
2026-07-15	107	1.945	1.99
2026-07-15	74	1	2.35
2026-07-15	113	0.016	4.25
2026-07-15	155	1	0.85
2026-07-15	209	1	1.19
2026-07-15	189	1	3.15
2026-07-15	103	0.936	2.19
2026-07-15	66	2	1.59
2026-07-15	24	0.882	1.19
2026-07-15	190	2	3.15
2026-07-15	89	3.354	0.79
2026-07-15	84	1	1.59
2026-07-15	153	1	1.99
2026-07-15	196	1	3.15
2026-07-15	187	1.132	5.45
2026-07-15	52	3.283	0.99
2026-07-15	226	1	1.35
2026-07-15	213	1	2.85
2026-07-15	59	0.068	4
2026-07-15	27	1	2.59
2026-07-15	137	0.288	18.75
2026-07-15	154	1	1.99
2026-07-15	33	3.824	1.59
2026-07-15	55	2	2.99
2026-07-15	83	1.536	2.39
2026-07-15	84	3	1.59
2026-07-15	114	1.667	4.5
2026-07-15	214	1	2.79
2026-07-15	65	1	1.45
2026-07-15	127	3	2.49
2026-07-15	69	4	1.25
2026-07-15	46	0.233	3
2026-07-15	56	2	3.49
2026-07-15	196	1	3.15
2026-07-15	166	1	2.45
2026-07-15	17	1	1.69
2026-07-15	75	1	1.59
2026-07-15	135	0.287	12.95
2026-07-15	50	1	3
2026-07-15	40	1	1.99
2026-07-15	138	1.27	4.59
2026-07-15	35	1	1.35
2026-07-15	53	1	2.59
2026-07-15	201	0.518	1.95
2026-07-15	101	3.173	3
2026-07-15	48	1	1.99
2026-07-15	44	1.931	1.75
2026-07-15	227	1	1.69
2026-07-15	185	2	1.99
2026-07-15	93	4	3
2026-07-15	52	4.192	0.99
2026-07-15	88	1.251	2.19
2026-07-15	39	0.782	3.99
2026-07-15	128	1	2.25
2026-07-15	101	0.57	3
2026-07-15	30	2	1.89
2026-07-15	98	0.77	2.3
2026-07-15	4	3	1.05
2026-07-15	196	1	3.15
2026-07-15	121	7.977	1.29
2026-07-15	108	0.149	2.35
2026-07-15	79	3	1.55
2026-07-15	56	1	3.49
2026-07-15	92	4.685	0.89
2026-07-15	136	0.181	12.95
2026-07-15	124	3.529	1.55
2026-07-15	140	0.323	12.95
2026-07-15	208	2	0.95
2026-07-15	41	4	1.85
2026-07-15	87	2	1.39
2026-07-15	30	1	1.89
2026-07-15	193	3	2.5
2026-07-15	99	0.936	2.99
2026-07-15	38	3.106	1.89
2026-07-15	125	1	2.35
2026-07-15	124	4.748	1.55
2026-07-15	211	2	1.15
2026-07-15	224	1	0.99
2026-07-15	195	3	2.25
2026-07-15	187	0.807	5.45
2026-07-15	97	0.177	1.75
2026-07-15	148	0.149	5.99
2026-07-16	196	1	3.15
2026-07-16	124	5.665	1.55
2026-07-16	77	1	2.35
2026-07-16	39	0.609	3.99
2026-07-16	69	5	1.25
2026-07-16	142	0.268	6.95
2026-07-16	40	1	1.99
2026-07-16	190	2	3.15
2026-07-16	92	4.955	0.89
2026-07-16	56	1	3.49
2026-07-16	127	1	2.49
2026-07-16	250	0.213	2.39
2026-07-16	26	0.218	1.19
2026-07-16	49	1	3
2026-07-16	46	0.247	3
2026-07-16	195	2	2.25
2026-07-16	198	5.504	1.19
2026-07-16	130	2	1.89
2026-07-16	128	1	2.25
2026-07-16	66	2	1.59
2026-07-16	41	4.222	1.85
2026-07-16	135	0.303	12.95
2026-07-16	196	1	3.15
2026-07-16	43	0.514	1.79
2026-07-16	8	1	2.25
2026-07-16	211	2	1.15
2026-07-16	94	0.902	2.85
2026-07-16	227	1	1.69
2026-07-16	112	1.541	2.59
2026-07-16	167	3	1.59
2026-07-16	39	1.381	3.99
2026-07-16	88	0.963	2.19
2026-07-16	113	0.016	4.25
2026-07-16	23	2	1.25
2026-07-16	214	1	2.79
2026-07-16	16	1.04	1.25
2026-07-16	53	1	2.59
2026-07-16	65	1	1.45
2026-07-16	77	1	2.35
2026-07-16	218	4	1.39
2026-07-16	28	2	2.85
2026-07-16	44	3.84	1.75
2026-07-16	162	1	1.19
2026-07-16	125	1	2.35
2026-07-16	107	2.055	1.99
2026-07-16	74	1	2.35
2026-07-16	38	0.545	1.89
2026-07-16	121	10.426	1.29
2026-07-16	145	0.128	22.95
2026-07-16	114	2.409	4.5
2026-07-16	93	4	3
2026-07-16	85	1	1.49
2026-07-16	105	1.314	1.75
2026-07-16	125	2	2.35
2026-07-16	28	2	2.85
2026-07-16	148	0.157	5.99
2026-07-16	165	1.874	5
2026-07-16	146	0.7	14.39
2026-07-16	158	1	2.29
2026-07-16	213	1	2.85
2026-07-16	27	1	2.59
2026-07-16	109	0.378	2.59
2026-07-16	201	0.549	1.95
2026-07-16	42	2.755	1.39
2026-07-16	17	1	1.69
2026-07-16	84	4	1.59
2026-07-16	11	0.448	3.95
2026-07-16	59	0.07	4
2026-07-16	140	0.341	12.95
2026-07-16	194	0.353	2.75
2026-07-16	189	2	3.15
2026-07-16	178	0.456	3.29
2026-07-16	38	2.238	1.89
2026-07-16	94	2.775	2.85
2026-07-16	99	0.987	2.99
2026-07-16	83	1.992	2.39
2026-07-16	155	1	0.85
2026-07-16	149	0.281	4.99
2026-07-16	166	2	2.45
2026-07-16	194	2.382	2.75
2026-07-16	44	2.486	1.75
2026-07-16	78	1	1.09
2026-07-16	24	0.933	1.19
2026-07-16	95	3.628	2.39
2026-07-16	76	10	0.79
2026-07-16	73	1	1.49
2026-07-16	61	1	1.89
2026-07-16	72	4	0.95
2026-07-16	209	1	1.19
2026-07-16	27	1	2.59
2026-07-16	81	1	1.25
2026-07-16	195	2	2.25
2026-07-16	197	4.391	2.25
2026-07-16	54	1	2.59
2026-07-16	78	5	1.09
2026-07-16	81	3	1.25
2026-07-16	121	11.589	1.29
2026-07-16	138	0.932	4.59
2026-07-16	122	0.043	2.99
2026-07-16	207	1	1.29
2026-07-16	106	4.382	1.99
2026-07-16	91	16.101	0.69
2026-07-16	30	2	1.89
2026-07-16	127	2	2.49
2026-07-16	224	1	0.99
2026-07-16	93	3	3
2026-07-16	56	2	3.49
2026-07-16	93	1	3
2026-07-16	190	2	3.15
2026-07-16	194	2.233	2.75
2026-07-16	100	0.312	2.69
2026-07-16	18	4.785	1.35
2026-07-16	190	2	3.15
2026-07-16	193	3	2.5
2026-07-16	185	1	1.99
2026-07-16	166	2	2.45
2026-07-16	11	1.41	3.95
2026-07-16	102	0.193	1.75
2026-07-16	117	0.408	2.5
2026-07-16	38	1.804	1.89
2026-07-16	196	1	3.15
2026-07-16	136	0.191	12.95
2026-07-16	153	1	1.99
2026-07-16	30	1	1.89
2026-07-16	93	1	3
2026-07-16	88	0.356	2.19
2026-07-16	42	2.007	1.39
2026-07-16	219	2	0.99
2026-07-16	108	0.153	2.35
2026-07-16	55	1	2.99
2026-07-16	12	2.369	2.25
2026-07-16	101	3.95	3
2026-07-16	48	1	1.99
2026-07-16	114	1.596	4.5
2026-07-16	189	1	3.15
2026-07-16	4	4	1.05
2026-07-16	52	14.04	0.99
2026-07-16	57	1	1.35
2026-07-16	44	1.874	1.75
2026-07-16	18	2.593	1.35
2026-07-16	216	1	2.79
2026-07-16	68	1	1.99
2026-07-16	104	0.098	2.15
2026-07-16	96	0.816	2.5
2026-07-16	43	7.078	1.79
2026-07-16	55	2	2.99
2026-07-16	93	3	3
2026-07-16	82	4	0.99
2026-07-16	75	3	1.59
2026-07-16	9	1	0.85
2026-07-16	33	4.031	1.59
2026-07-16	111	2.011	1.75
2026-07-16	71	1	1.99
2026-07-16	65	1	1.45
2026-07-16	194	0.785	2.75
2026-07-16	199	2.224	2.19
2026-07-16	70	2	1.49
2026-07-16	118	0.125	4
2026-07-16	103	0.986	2.19
2026-07-16	154	1	1.99
2026-07-16	144	0.267	5.39
2026-07-16	97	0.183	1.75
2026-07-16	47	0.22	3
2026-07-16	79	3	1.55
2026-07-16	134	0.422	14.75
2026-07-16	138	0.42	4.59
2026-07-16	31	0.344	5.69
2026-07-16	187	2.048	5.45
2026-07-16	141	0.116	11.89
2026-07-16	185	1	1.99
2026-07-16	89	12.937	0.79
2026-07-16	139	0.201	14.95
2026-07-16	158	1	2.29
2026-07-16	208	3	0.95
2026-07-16	137	0.047	18.75
2026-07-16	21	1	0.99
2026-07-16	89	8.063	0.79
2026-07-16	226	1	1.35
2026-07-16	124	3.077	1.55
2026-07-16	35	1	1.35
2026-07-16	87	2	1.39
2026-07-16	58	1.064	2.49
2026-07-16	50	1	3
2026-07-16	114	1.136	4.5
2026-07-16	54	1	2.59
2026-07-16	40	1	1.99
2026-07-16	98	0.813	2.3
2026-07-16	130	1	1.89
2026-07-16	137	0.257	18.75
2026-07-16	52	1.273	0.99
2026-07-17	166	1	2.45
2026-07-17	139	0.243	14.95
2026-07-17	73	1	1.49
2026-07-17	84	1	1.59
2026-07-17	68	1	1.99
2026-07-17	194	3.571	2.75
2026-07-17	207	1	1.29
2026-07-17	124	4.445	1.55
2026-07-17	114	1.682	4.5
2026-07-17	81	4	1.25
2026-07-17	121	10.271	1.29
2026-07-17	103	1.196	2.19
2026-07-17	93	3	3
2026-07-17	207	1	1.29
2026-07-17	113	0.021	4.25
2026-07-17	138	0.322	4.59
2026-07-17	28	2	2.85
2026-07-17	38	3.847	1.89
2026-07-17	149	0.339	4.99
2026-07-17	91	3.986	0.69
2026-07-17	56	1	3.49
2026-07-17	87	3	1.39
2026-07-17	118	0.153	4
2026-07-17	94	1.137	2.85
2026-07-17	74	1	2.35
2026-07-17	21	1	0.99
2026-07-17	42	2.691	1.39
2026-07-17	84	4	1.59
2026-07-17	100	0.379	2.69
2026-07-17	41	1.973	1.85
2026-07-17	41	1.27	1.85
2026-07-17	121	4.333	1.29
2026-07-17	99	1.194	2.99
2026-07-17	69	4	1.25
2026-07-17	44	4.486	1.75
2026-07-17	57	1	1.35
2026-07-17	97	0.223	1.75
2026-07-17	77	1	2.35
2026-07-17	101	0.677	3
2026-07-17	69	2	1.25
2026-07-17	40	1	1.99
2026-07-17	43	3.173	1.79
2026-07-17	49	1	3
2026-07-17	30	3	1.89
2026-07-17	18	7.222	1.35
2026-07-17	218	5	1.39
2026-07-17	48	1	1.99
2026-07-17	12	2.48	2.25
2026-07-17	153	1	1.99
2026-07-17	52	7.364	0.99
2026-07-17	70	1	1.49
2026-07-17	226	2	1.35
2026-07-17	125	2	2.35
2026-07-17	41	0.395	1.85
2026-07-17	121	2.76	1.29
2026-07-17	106	4.121	1.99
2026-07-17	12	0.382	2.25
2026-07-17	31	0.418	5.69
2026-07-17	93	4	3
2026-07-17	61	1	1.89
2026-07-17	57	1	1.35
2026-07-17	33	2.704	1.59
2026-07-17	66	2	1.59
2026-07-17	76	10	0.79
2026-07-17	72	3	0.95
2026-07-17	195	1	2.25
2026-07-17	92	5.989	0.89
2026-07-17	185	2	1.99
2026-07-17	190	2	3.15
2026-07-17	56	1	3.49
2026-07-17	71	1	1.99
2026-07-17	78	7	1.09
2026-07-17	107	2.352	1.99
2026-07-17	41	1.465	1.85
2026-07-17	213	1	2.85
2026-07-17	111	2.434	1.75
2026-07-17	187	1.545	5.45
2026-07-17	91	9.841	0.69
2026-07-17	75	1	1.59
2026-07-17	190	3	3.15
2026-07-17	96	0.988	2.5
2026-07-17	201	0.662	1.95
2026-07-17	117	0.496	2.5
2026-07-17	195	4	2.25
2026-07-17	48	1	1.99
2026-07-17	142	0.324	6.95
2026-07-17	114	1.651	4.5
2026-07-17	216	1	2.79
2026-07-17	11	2.251	3.95
2026-07-17	49	1	3
2026-07-17	250	0.259	2.39
2026-07-17	44	5.171	1.75
2026-07-17	52	11.172	0.99
2026-07-17	198	3.126	1.19
2026-07-17	79	4	1.55
2026-07-17	130	1	1.89
2026-07-17	27	1	2.59
2026-07-17	137	0.368	18.75
2026-07-17	209	2	1.19
2026-07-17	227	1	1.69
2026-07-17	108	0.187	2.35
2026-07-17	162	1	1.19
2026-07-17	27	1	2.59
2026-07-17	94	1.702	2.85
2026-07-17	208	3	0.95
2026-07-17	134	0.366	14.75
2026-07-17	178	0.55	3.29
2026-07-17	98	0.983	2.3
2026-07-17	91	5.667	0.69
2026-07-17	214	1	2.79
2026-07-17	58	1.289	2.49
2026-07-17	66	1	1.59
2026-07-17	83	2.41	2.39
2026-07-17	82	4	0.99
2026-07-17	102	0.233	1.75
2026-07-17	148	0.189	5.99
2026-07-17	24	1.126	1.19
2026-07-17	187	0.934	5.45
2026-07-17	193	2	2.5
2026-07-17	158	1	2.29
2026-07-17	121	3.961	1.29
2026-07-17	128	1	2.25
2026-07-17	16	1.256	1.25
2026-07-17	39	1.682	3.99
2026-07-17	185	1	1.99
2026-07-17	101	4.103	3
2026-07-17	124	6.135	1.55
2026-07-17	197	2.2	2.25
2026-07-17	138	1.316	4.59
2026-07-17	88	1.598	2.19
2026-07-17	105	1.594	1.75
2026-07-17	35	1	1.35
2026-07-17	146	0.847	14.39
2026-07-17	76	4	0.79
2026-07-17	95	2.849	2.39
2026-07-17	106	1.181	1.99
2026-07-17	95	1.586	2.39
2026-07-17	9	2	0.85
2026-07-17	28	3	2.85
2026-07-17	215	1	2.79
2026-07-17	42	3.079	1.39
2026-07-17	190	1	3.15
2026-07-17	193	2	2.5
2026-07-17	85	1	1.49
2026-07-17	17	1	1.69
2026-07-17	4	4	1.05
2026-07-17	70	2	1.49
2026-07-17	136	0.219	12.95
2026-07-17	152	1	1.75
2026-07-17	130	1	1.89
2026-07-17	53	1	2.59
2026-07-17	197	3.12	2.25
2026-07-17	93	2	3
2026-07-17	219	2	0.99
2026-07-17	121	5.713	1.29
2026-07-17	189	2	3.15
2026-07-17	47	0.267	3
2026-07-17	167	3	1.59
2026-07-17	59	0.085	4
2026-07-17	55	1	2.99
2026-07-17	190	1	3.15
2026-07-17	145	0.098	22.95
2026-07-17	112	1.861	2.59
2026-07-17	155	1	0.85
2026-07-17	145	0.056	22.95
2026-07-17	140	0.413	12.95
2026-07-17	8	1	2.25
2026-07-17	122	0.054	2.99
2026-07-17	130	2	1.89
2026-07-17	89	10.203	0.79
2026-07-17	196	2	3.15
2026-07-17	43	6.017	1.79
2026-07-17	127	2	2.49
2026-07-17	94	1.611	2.85
2026-07-17	93	2	3
2026-07-17	61	1	1.89
2026-07-17	211	2	1.15
2026-07-17	189	1	3.15
2026-07-17	71	1	1.99
2026-07-17	89	5.759	0.79
2026-07-17	165	1.026	5
2026-07-17	134	0.144	14.75
2026-07-17	166	4	2.45
2026-07-17	224	1	0.99
2026-07-17	196	1	3.15
2026-07-17	127	2	2.49
2026-07-17	114	2.889	4.5
2026-07-17	54	2	2.59
2026-07-17	46	0.3	3
2026-07-17	144	0.323	5.39
2026-07-17	38	1.714	1.89
2026-07-17	89	4.949	0.79
2026-07-17	199	2.694	2.19
2026-07-17	23	3	1.25
2026-07-17	26	0.261	1.19
2026-07-17	154	1	1.99
2026-07-17	93	3	3
2026-07-17	198	3.529	1.19
2026-07-17	165	1.244	5
2026-07-17	18	1.719	1.35
2026-07-17	75	2	1.59
2026-07-17	65	2	1.45
2026-07-17	141	0.14	11.89
2026-07-17	89	4.494	0.79
2026-07-17	50	1	3
2026-07-17	194	3.393	2.75
2026-07-17	39	0.729	3.99
2026-07-17	33	2.176	1.59
2026-07-17	135	0.368	12.95
2026-07-17	109	0.459	2.59
2026-07-18	93	5	3
2026-07-18	135	0.431	12.95
2026-07-18	71	2	1.99
2026-07-18	109	0.537	2.59
2026-07-18	211	3	1.15
2026-07-18	149	0.397	4.99
2026-07-18	101	3.15	3
2026-07-18	208	2	0.95
2026-07-18	190	4	3.15
2026-07-18	190	1	3.15
2026-07-18	96	1.16	2.5
2026-07-18	213	1	2.85
2026-07-18	55	2	2.99
2026-07-18	198	7.815	1.19
2026-07-18	226	2	1.35
2026-07-18	93	1	3
2026-07-18	30	2	1.89
2026-07-18	214	1	2.79
2026-07-18	73	1	1.49
2026-07-18	94	3.993	2.85
2026-07-18	76	15	0.79
2026-07-18	89	6.253	0.79
2026-07-18	89	11.506	0.79
2026-07-18	117	0.58	2.5
2026-07-18	107	1.905	1.99
2026-07-18	52	0.566	0.99
2026-07-18	158	2	2.29
2026-07-18	91	3.638	0.69
2026-07-18	94	1.232	2.85
2026-07-18	106	4.563	1.99
2026-07-18	213	1	2.85
2026-07-18	93	3	3
2026-07-18	128	1	2.25
2026-07-18	162	1	1.19
2026-07-18	78	3	1.09
2026-07-18	124	4.303	1.55
2026-07-18	89	0.911	0.79
2026-07-18	9	1	0.85
2026-07-18	66	1	1.59
2026-07-18	59	0.1	4
2026-07-18	146	0.552	14.39
2026-07-18	144	0.378	5.39
2026-07-18	21	1	0.99
2026-07-18	121	11.264	1.29
2026-07-18	199	2.374	2.19
2026-07-18	125	1	2.35
2026-07-18	100	0.446	2.69
2026-07-18	114	1.72	4.5
2026-07-18	76	5	0.79
2026-07-18	102	0.274	1.75
2026-07-18	91	14.899	0.69
2026-07-18	52	6.525	0.99
2026-07-18	74	1	2.35
2026-07-18	41	2.919	1.85
2026-07-18	83	1.347	2.39
2026-07-18	27	1	2.59
2026-07-18	141	0.165	11.89
2026-07-18	250	0.305	2.39
2026-07-18	42	1.05	1.39
2026-07-18	16	1.48	1.25
2026-07-18	41	3.081	1.85
2026-07-18	125	3	2.35
2026-07-18	12	3.36	2.25
2026-07-18	28	2	2.85
2026-07-18	194	5.302	2.75
2026-07-18	46	0.35	3
2026-07-18	138	1.926	4.59
2026-07-18	137	0.039	18.75
2026-07-18	49	1	3
2026-07-18	127	1	2.49
2026-07-18	70	1	1.49
2026-07-18	199	0.781	2.19
2026-07-18	93	1	3
2026-07-18	111	2.851	1.75
2026-07-18	93	1	3
2026-07-18	166	1	2.45
2026-07-18	33	1.704	1.59
2026-07-18	112	2.185	2.59
2026-07-18	84	4	1.59
2026-07-18	55	2	2.99
2026-07-18	130	1	1.89
2026-07-18	88	1.877	2.19
2026-07-18	53	1	2.59
2026-07-18	106	1.663	1.99
2026-07-18	165	0.96	5
2026-07-18	35	1	1.35
2026-07-18	43	5.782	1.79
2026-07-18	47	0.313	3
2026-07-18	82	6	0.99
2026-07-18	121	1.822	1.29
2026-07-18	44	1.223	1.75
2026-07-18	93	3	3
2026-07-18	101	2.467	3
2026-07-18	185	1	1.99
2026-07-18	114	2.513	4.5
2026-07-18	193	3	2.5
2026-07-18	189	1	3.15
2026-07-18	105	1.874	1.75
2026-07-18	73	1	1.49
2026-07-18	93	1	3
2026-07-18	121	10.302	1.29
2026-07-18	28	4	2.85
2026-07-18	130	1	1.89
2026-07-18	33	1.95	1.59
2026-07-18	207	2	1.29
2026-07-18	201	0.779	1.95
2026-07-18	209	2	1.19
2026-07-18	43	5.006	1.79
2026-07-18	77	1	2.35
2026-07-18	50	1	3
2026-07-18	91	4.348	0.69
2026-07-18	166	4	2.45
2026-07-18	142	0.38	6.95
2026-07-18	65	2	1.45
2026-07-18	195	1	2.25
2026-07-18	57	2	1.35
2026-07-18	89	6.127	0.79
2026-07-18	227	1	1.69
2026-07-18	93	1	3
2026-07-18	23	3	1.25
2026-07-18	193	1	2.5
2026-07-18	108	0.221	2.35
2026-07-18	219	1	0.99
2026-07-18	17	1	1.69
2026-07-18	130	2	1.89
2026-07-18	69	1	1.25
2026-07-18	145	0.182	22.95
2026-07-18	196	1	3.15
2026-07-18	87	2	1.39
2026-07-18	81	5	1.25
2026-07-18	194	2.873	2.75
2026-07-18	165	1.526	5
2026-07-18	215	1	2.79
2026-07-18	44	1.349	1.75
2026-07-18	113	0.024	4.25
2026-07-18	134	0.146	14.75
2026-07-18	18	6.481	1.35
2026-07-18	178	0.647	3.29
2026-07-18	53	1	2.59
2026-07-18	155	1	0.85
2026-07-18	58	1.514	2.49
2026-07-18	134	0.171	14.75
2026-07-18	4	5	1.05
2026-07-18	95	0.862	2.39
2026-07-18	8	1	2.25
2026-07-18	49	1	3
2026-07-18	195	4	2.25
2026-07-18	189	2	3.15
2026-07-18	103	1.402	2.19
2026-07-18	89	5.038	0.79
2026-07-18	38	6.524	1.89
2026-07-18	92	7.034	0.89
2026-07-18	30	2	1.89
2026-07-18	124	8.116	1.55
2026-07-18	72	5	0.95
2026-07-18	56	1	3.49
2026-07-18	84	2	1.59
2026-07-18	139	0.276	14.95
2026-07-18	196	1	3.15
2026-07-18	52	14.667	0.99
2026-07-18	187	2.039	5.45
2026-07-18	197	4.813	2.25
2026-07-18	11	2.641	3.95
2026-07-18	187	0.872	5.45
2026-07-18	83	1.49	2.39
2026-07-18	61	1	1.89
2026-07-18	18	4.015	1.35
2026-07-18	44	5.217	1.75
2026-07-18	114	1.856	4.5
2026-07-18	33	2.082	1.59
2026-07-18	97	0.263	1.75
2026-07-18	197	1.427	2.25
2026-07-18	134	0.283	14.75
2026-07-18	75	2	1.59
2026-07-18	78	5	1.09
2026-07-18	40	1	1.99
2026-07-18	39	2.251	3.99
2026-07-18	136	0.271	12.95
2026-07-18	95	4.347	2.39
2026-07-18	107	1.015	1.99
2026-07-18	216	1	2.79
2026-07-18	3	1	1.45
2026-07-18	137	0.281	18.75
2026-07-18	121	3.171	1.29
2026-07-18	195	1	2.25
2026-07-18	193	1	2.5
2026-07-18	146	0.443	14.39
2026-07-18	121	5.178	1.29
2026-07-18	99	0.301	2.99
2026-07-18	154	1	1.99
2026-07-18	189	1	3.15
2026-07-18	140	0.177	12.95
2026-07-18	122	0.064	2.99
2026-07-18	165	0.178	5
2026-07-18	114	1.216	4.5
2026-07-18	148	0.222	5.99
2026-07-18	218	5	1.39
2026-07-18	167	4	1.59
2026-07-18	69	1	1.25
2026-07-18	87	1	1.39
2026-07-18	118	0.178	4
2026-07-18	44	3.857	1.75
2026-07-18	98	1.157	2.3
2026-07-18	42	5.719	1.39
2026-07-18	8	1	2.25
2026-07-18	152	1	1.75
2026-07-18	48	1	1.99
2026-07-18	31	0.49	5.69
2026-07-18	39	0.576	3.99
2026-07-18	85	1	1.49
2026-07-18	79	5	1.55
2026-07-18	68	1	1.99
2026-07-18	224	1	0.99
2026-07-18	127	4	2.49
2026-07-18	190	3	3.15
2026-07-18	24	1.319	1.19
2026-07-18	140	0.308	12.95
2026-07-18	214	1	2.79
2026-07-18	26	0.303	1.19
2026-07-18	137	0.112	18.75
2026-07-18	54	1	2.59
2026-07-18	99	1.1	2.99
2026-07-18	153	1	1.99
2026-07-20	18	3.919	1.35
2026-07-20	111	1.691	1.75
2026-07-20	49	1	3
2026-07-20	44	5.8	1.75
2026-07-20	39	1.602	3.99
2026-07-20	138	1.142	4.59
2026-07-20	144	0.224	5.39
2026-07-20	195	3	2.25
2026-07-20	93	4	3
2026-07-20	107	1.729	1.99
2026-07-20	43	3.916	1.79
2026-07-20	194	0.847	2.75
2026-07-20	140	0.287	12.95
2026-07-20	8	1	2.25
2026-07-20	73	1	1.49
2026-07-20	136	0.161	12.95
2026-07-20	189	2	3.15
2026-07-20	215	1	2.79
2026-07-20	213	1	2.85
2026-07-20	112	1.297	2.59
2026-07-20	82	3	0.99
2026-07-20	28	1	2.85
2026-07-20	61	1	1.89
2026-07-20	154	1	1.99
2026-07-20	28	2	2.85
2026-07-20	165	0.968	5
2026-07-20	81	3	1.25
2026-07-20	207	1	1.29
2026-07-20	198	0.529	1.19
2026-07-20	48	1	1.99
2026-07-20	121	2.078	1.29
2026-07-20	101	3.327	3
2026-07-20	218	3	1.39
2026-07-20	130	1	1.89
2026-07-20	50	1	3
2026-07-20	103	0.831	2.19
2026-07-20	135	0.255	12.95
2026-07-20	124	7.361	1.55
2026-07-20	146	0.136	14.39
2026-07-20	35	1	1.35
2026-07-20	77	1	2.35
2026-07-20	89	9.051	0.79
2026-07-20	43	0.844	1.79
2026-07-20	16	0.88	1.25
2026-07-20	59	0.06	4
2026-07-20	185	2	1.99
2026-07-20	17	1	1.69
2026-07-20	71	1	1.99
2026-07-20	69	4	1.25
2026-07-20	38	3.868	1.89
2026-07-20	41	3.551	1.85
2026-07-20	162	1	1.19
2026-07-20	195	1	2.25
2026-07-20	47	0.187	3
2026-07-20	85	1	1.49
2026-07-20	190	1	3.15
2026-07-20	194	3.742	2.75
2026-07-20	24	0.782	1.19
2026-07-20	155	1	0.85
2026-07-20	21	1	0.99
2026-07-20	227	1	1.69
2026-07-20	46	0.207	3
2026-07-20	73	1	1.49
2026-07-20	224	1	0.99
2026-07-20	211	2	1.15
2026-07-20	57	1	1.35
2026-07-20	208	1	0.95
2026-07-20	88	1.114	2.19
2026-07-20	93	1	3
2026-07-20	198	4.101	1.19
2026-07-20	56	2	3.49
2026-07-20	196	2	3.15
2026-07-20	209	1	1.19
2026-07-20	91	6.29	0.69
2026-07-20	122	0.037	2.99
2026-07-20	102	0.162	1.75
2026-07-20	3	1	1.45
2026-07-20	165	0.61	5
2026-07-20	52	12.465	0.99
2026-07-20	250	0.18	2.39
2026-07-20	213	1	2.85
2026-07-20	68	1	1.99
2026-07-20	187	1.494	5.45
2026-07-20	193	2	2.5
2026-07-20	128	1	2.25
2026-07-20	95	3.084	2.39
2026-07-20	9	2	0.85
2026-07-20	145	0.108	22.95
2026-07-20	153	1	1.99
2026-07-20	114	2.362	4.5
2026-07-20	30	2	1.89
2026-07-20	44	1.103	1.75
2026-07-20	113	0.014	4.25
2026-07-20	43	1.631	1.79
2026-07-20	142	0.226	6.95
2026-07-20	149	0.236	4.99
2026-07-20	114	1.162	4.5
2026-07-20	105	1.109	1.75
2026-07-20	74	1	2.35
2026-07-20	89	8.62	0.79
2026-07-20	92	4.169	0.89
2026-07-20	199	1.872	2.19
2026-07-20	28	1	2.85
2026-07-20	4	3	1.05
2026-07-20	33	3.396	1.59
2026-07-20	201	0.462	1.95
2026-07-20	134	0.336	14.75
2026-07-20	54	2	2.59
2026-07-20	108	0.132	2.35
2026-07-20	55	1	2.99
2026-07-20	66	2	1.59
2026-07-20	79	3	1.55
2026-07-20	70	2	1.49
2026-07-20	193	1	2.5
2026-07-20	114	0.804	4.5
2026-07-20	58	0.896	2.49
2026-07-20	118	0.105	4
2026-07-20	167	2	1.59
2026-07-20	125	2	2.35
2026-07-20	40	1	1.99
2026-07-20	100	0.264	2.69
2026-07-20	84	4	1.59
2026-07-20	94	3.098	2.85
2026-07-20	146	0.454	14.39
2026-07-20	148	0.132	5.99
2026-07-20	121	3.566	1.29
2026-07-20	137	0.256	18.75
2026-07-20	87	2	1.39
2026-07-20	55	2	2.99
2026-07-20	178	0.383	3.29
2026-07-20	106	1.543	1.99
2026-07-20	42	4.014	1.39
2026-07-20	121	2.264	1.29
2026-07-20	194	0.255	2.75
2026-07-20	106	2.146	1.99
2026-07-20	117	0.344	2.5
2026-07-20	97	0.154	1.75
2026-07-20	91	7.275	0.69
2026-07-20	78	5	1.09
2026-07-20	166	3	2.45
2026-07-20	127	1	2.49
2026-07-20	93	3	3
2026-07-20	127	2	2.49
2026-07-20	12	1.996	2.25
2026-07-20	226	1	1.35
2026-07-20	27	1	2.59
2026-07-20	187	0.231	5.45
2026-07-20	197	3.698	2.25
2026-07-20	96	0.688	2.5
2026-07-20	141	0.098	11.89
2026-07-20	31	0.29	5.69
2026-07-20	190	4	3.15
2026-07-20	93	2	3
2026-07-20	23	2	1.25
2026-07-20	65	1	1.45
2026-07-20	152	1	1.75
2026-07-20	53	1	2.59
2026-07-20	98	0.683	2.3
2026-07-20	219	1	0.99
2026-07-20	18	2.296	1.35
2026-07-20	109	0.32	2.59
2026-07-20	158	1	2.29
2026-07-20	175	1	1.59
2026-07-20	76	8	0.79
2026-07-20	214	1	2.79
2026-07-20	186	1	2.25
2026-07-20	75	2	1.59
2026-07-20	121	8.155	1.29
2026-07-20	26	0.185	1.19
2026-07-20	139	0.169	14.95
2026-07-20	72	3	0.95
2026-07-20	121	2.744	1.29
2026-07-20	11	1.565	3.95
2026-07-20	130	2	1.89
2026-07-20	56	1	3.49
2026-07-20	83	1.678	2.39
2026-07-20	99	0.829	2.99
2026-07-20	216	1	2.79
2026-07-21	190	4	3.15
2026-07-21	12	2.12	2.25
2026-07-21	71	1	1.99
2026-07-21	68	1	1.99
2026-07-21	121	1.783	1.29
2026-07-21	21	1	0.99
2026-07-21	80	1	2.99
2026-07-21	91	2.464	0.69
2026-07-21	189	2	3.15
2026-07-21	105	1.177	1.75
2026-07-21	48	1	1.99
2026-07-21	93	3	3
2026-07-21	190	1	3.15
2026-07-21	40	1	1.99
2026-07-21	162	1	1.19
2026-07-21	93	1	3
2026-07-21	216	1	2.79
2026-07-21	167	2	1.59
2026-07-21	213	1	2.85
2026-07-21	53	1	2.59
2026-07-21	201	0.487	1.95
2026-07-21	111	1.8	1.75
2026-07-21	185	2	1.99
2026-07-21	8	1	2.25
2026-07-21	78	4	1.09
2026-07-21	18	5.57	1.35
2026-07-21	117	0.364	2.5
2026-07-21	135	0.271	12.95
2026-07-21	145	0.115	22.95
2026-07-21	72	2	0.95
2026-07-21	59	0.063	4
2026-07-21	197	3.929	2.25
2026-07-21	44	5.8	1.75
2026-07-21	148	0.14	5.99
2026-07-21	154	1	1.99
2026-07-21	31	0.309	5.69
2026-07-21	16	0.928	1.25
2026-07-21	98	0.726	2.3
2026-07-21	85	1	1.49
2026-07-21	198	4.924	1.19
2026-07-21	250	0.192	2.39
2026-07-21	69	4	1.25
2026-07-21	76	9	0.79
2026-07-21	141	0.104	11.89
2026-07-21	55	1	2.99
2026-07-21	42	4.266	1.39
2026-07-21	195	2	2.25
2026-07-21	27	1	2.59
2026-07-21	28	2	2.85
2026-07-21	138	1.211	4.59
2026-07-21	114	1.596	4.5
2026-07-21	54	2	2.59
2026-07-21	121	3.729	1.29
2026-07-21	30	1	1.89
2026-07-21	81	3	1.25
2026-07-21	195	2	2.25
2026-07-21	47	0.197	3
2026-07-21	84	3	1.59
2026-07-21	100	0.279	2.69
2026-07-21	106	1.598	1.99
2026-07-21	158	1	2.29
2026-07-21	73	1	1.49
2026-07-21	95	1.481	2.39
2026-07-21	140	0.305	12.95
2026-07-21	214	1	2.79
2026-07-21	55	1	2.99
2026-07-21	91	11.957	0.69
2026-07-21	65	1	1.45
2026-07-21	165	1.678	5
2026-07-21	58	0.952	2.49
2026-07-21	30	2	1.89
2026-07-21	17	1	1.69
2026-07-21	113	0.014	4.25
2026-07-21	121	3.543	1.29
2026-07-21	153	1	1.99
2026-07-21	23	2	1.25
2026-07-21	93	3	3
2026-07-21	87	2	1.39
2026-07-21	33	3.61	1.59
2026-07-21	121	3.488	1.29
2026-07-21	99	0.883	2.99
2026-07-21	186	1	2.25
2026-07-21	146	0.293	14.39
2026-07-21	166	3	2.45
2026-07-21	175	1	1.59
2026-07-21	178	0.407	3.29
2026-07-21	52	6.657	0.99
2026-07-21	18	1.044	1.35
2026-07-21	139	0.179	14.95
2026-07-21	211	2	1.15
2026-07-21	61	1	1.89
2026-07-21	102	0.173	1.75
2026-07-21	144	0.239	5.39
2026-07-21	130	1	1.89
2026-07-21	101	1.567	3
2026-07-21	196	2	3.15
2026-07-21	137	0.272	18.75
2026-07-21	166	1	2.45
2026-07-21	149	0.251	4.99
2026-07-21	118	0.113	4
2026-07-21	28	1	2.85
2026-07-21	218	3	1.39
2026-07-21	218	1	1.39
2026-07-21	39	1.123	3.99
2026-07-21	208	3	0.95
2026-07-21	213	1	2.85
2026-07-21	152	1	1.75
2026-07-21	112	1.378	2.59
2026-07-21	92	4.427	0.89
2026-07-21	57	1	1.35
2026-07-21	76	1	0.79
2026-07-21	83	1.782	2.39
2026-07-21	38	4.111	1.89
2026-07-21	96	0.728	2.5
2026-07-21	55	1	2.99
2026-07-21	97	0.166	1.75
2026-07-21	77	1	2.35
2026-07-21	124	5.587	1.55
2026-07-21	124	2.232	1.55
2026-07-21	142	0.239	6.95
2026-07-21	82	4	0.99
2026-07-21	28	1	2.85
2026-07-21	109	0.34	2.59
2026-07-21	106	2.111	1.99
2026-07-21	215	1	2.79
2026-07-21	74	1	2.35
2026-07-21	44	1.537	1.75
2026-07-21	11	1.663	3.95
2026-07-21	89	13.165	0.79
2026-07-21	187	1.831	5.45
2026-07-21	50	1	3
2026-07-21	35	1	1.35
2026-07-21	128	1	2.25
2026-07-21	84	1	1.59
2026-07-21	78	1	1.09
2026-07-21	207	1	1.29
2026-07-21	199	1.991	2.19
2026-07-21	107	1.839	1.99
2026-07-21	194	4.749	2.75
2026-07-21	94	3.291	2.85
2026-07-21	4	3	1.05
2026-07-21	46	0.22	3
2026-07-21	89	1.785	0.79
2026-07-21	56	1	3.49
2026-07-21	219	1	0.99
2026-07-21	134	0.378	14.75
2026-07-21	9	1	0.85
2026-07-21	125	2	2.35
2026-07-21	79	3	1.55
2026-07-21	43	3.777	1.79
2026-07-21	114	1.902	4.5
2026-07-21	89	3.848	0.79
2026-07-21	26	0.193	1.19
2026-07-21	108	0.14	2.35
2026-07-21	127	3	2.49
2026-07-21	43	3.017	1.79
2026-07-21	146	0.332	14.39
2026-07-21	95	1.795	2.39
2026-07-21	66	2	1.59
2026-07-21	39	0.599	3.99
2026-07-21	70	2	1.49
2026-07-21	227	1	1.69
2026-07-21	167	1	1.59
2026-07-21	40	1	1.99
2026-07-21	88	1.183	2.19
2026-07-21	224	1	0.99
2026-07-21	193	3	2.5
2026-07-21	52	7.051	0.99
2026-07-21	209	1	1.19
2026-07-21	226	1	1.35
2026-07-21	24	0.832	1.19
2026-07-21	73	1	1.49
2026-07-21	93	1	3
2026-07-21	56	2	3.49
2026-07-21	121	7.45	1.29
2026-07-21	194	0.396	2.75
2026-07-21	49	1	3
2026-07-21	3	1	1.45
2026-07-21	101	1.963	3
2026-07-21	122	0.04	2.99
2026-07-21	93	2	3
2026-07-21	136	0.171	12.95
2026-07-21	155	1	0.85
2026-07-21	75	2	1.59
2026-07-21	41	3.551	1.85
2026-07-21	103	0.886	2.19
2026-07-21	114	1.102	4.5
2026-07-21	130	2	1.89
2026-07-22	124	5.703	1.55
2026-07-22	93	2	3
2026-07-22	189	2	3.15
2026-07-22	121	11.93	1.29
2026-07-22	135	0.287	12.95
2026-07-22	207	1	1.29
2026-07-22	105	1.246	1.75
2026-07-22	71	1	1.99
2026-07-22	33	3.824	1.59
2026-07-22	166	3	2.45
2026-07-22	125	2	2.35
2026-07-22	187	1.158	5.45
2026-07-22	194	3.905	2.75
2026-07-22	8	1	2.25
2026-07-22	26	0.202	1.19
2026-07-22	89	18.43	0.79
2026-07-22	88	1.251	2.19
2026-07-22	166	1	2.45
2026-07-22	42	2.043	1.39
2026-07-22	54	2	2.59
2026-07-22	47	0.21	3
2026-07-22	66	2	1.59
2026-07-22	109	0.359	2.59
2026-07-22	30	1	1.89
2026-07-22	38	0.503	1.89
2026-07-22	107	1.533	1.99
2026-07-22	199	2.105	2.19
2026-07-22	57	1	1.35
2026-07-22	24	0.882	1.19
2026-07-22	178	0.432	3.29
2026-07-22	69	4	1.25
2026-07-22	77	1	2.35
2026-07-22	195	2	2.25
2026-07-22	73	2	1.49
2026-07-22	79	3	1.55
2026-07-22	195	1	2.25
2026-07-22	49	1	3
2026-07-22	56	2	3.49
2026-07-22	17	1	1.69
2026-07-22	91	4.304	0.69
2026-07-22	213	1	2.85
2026-07-22	144	0.252	5.39
2026-07-22	44	3.154	1.75
2026-07-22	83	1.887	2.39
2026-07-22	95	3.469	2.39
2026-07-22	93	2	3
2026-07-22	146	0.484	14.39
2026-07-22	82	3	0.99
2026-07-22	141	0.11	11.89
2026-07-22	128	1	2.25
2026-07-22	114	1.642	4.5
2026-07-22	27	1	2.59
2026-07-22	187	0.782	5.45
2026-07-22	30	1	1.89
2026-07-22	60	1	2.75
2026-07-22	75	1	1.59
2026-07-22	9	1	0.85
2026-07-22	21	1	0.99
2026-07-22	94	0.533	2.85
2026-07-22	89	1.468	0.79
2026-07-22	102	0.183	1.75
2026-07-22	44	4.617	1.75
2026-07-22	190	1	3.15
2026-07-22	58	1.008	2.49
2026-07-22	96	0.772	2.5
2026-07-22	18	4.267	1.35
2026-07-22	190	3	3.15
2026-07-22	113	0.016	4.25
2026-07-22	190	2	3.15
2026-07-22	167	1	1.59
2026-07-22	68	1	1.99
2026-07-22	121	4.829	1.29
2026-07-22	138	1.283	4.59
2026-07-22	218	2	1.39
2026-07-22	196	2	3.15
2026-07-22	3	1	1.45
2026-07-22	219	1	0.99
2026-07-22	175	1	1.59
2026-07-22	155	1	0.85
2026-07-22	84	1	1.59
2026-07-22	121	4.69	1.29
2026-07-22	250	0.201	2.39
2026-07-22	197	1.124	2.25
2026-07-22	55	1	2.99
2026-07-22	52	0.626	0.99
2026-07-22	201	0.518	1.95
2026-07-22	40	1	1.99
2026-07-22	197	1.6	2.25
2026-07-22	77	1	2.35
2026-07-22	74	1	2.35
2026-07-22	98	0.77	2.3
2026-07-22	101	3.743	3
2026-07-22	137	0.288	18.75
2026-07-22	107	0.412	1.99
2026-07-22	165	0.774	5
2026-07-22	197	1.44	2.25
2026-07-22	16	0.984	1.25
2026-07-22	130	3	1.89
2026-07-22	162	1	1.19
2026-07-22	146	0.179	14.39
2026-07-22	189	1	3.15
2026-07-22	70	2	1.49
2026-07-22	18	2.726	1.35
2026-07-22	211	2	1.15
2026-07-22	122	0.043	2.99
2026-07-22	38	3.847	1.89
2026-07-22	72	3	0.95
2026-07-22	213	1	2.85
2026-07-22	114	3.227	4.5
2026-07-22	142	0.253	6.95
2026-07-22	149	0.265	4.99
2026-07-22	52	13.879	0.99
2026-07-22	152	1	1.75
2026-07-22	167	2	1.59
2026-07-22	4	3	1.05
2026-07-22	40	1	1.99
2026-07-22	41	1.568	1.85
2026-07-22	106	4.151	1.99
2026-07-22	185	2	1.99
2026-07-22	195	1	2.25
2026-07-22	103	0.936	2.19
2026-07-22	28	4	2.85
2026-07-22	93	2	3
2026-07-22	50	1	3
2026-07-22	117	0.388	2.5
2026-07-22	153	1	1.99
2026-07-22	59	0.068	4
2026-07-22	154	1	1.99
2026-07-22	112	1.459	2.59
2026-07-22	76	12	0.79
2026-07-22	108	0.149	2.35
2026-07-22	43	7.19	1.79
2026-07-22	35	1	1.35
2026-07-22	227	1	1.69
2026-07-22	111	1.903	1.75
2026-07-22	55	2	2.99
2026-07-22	215	1	2.79
2026-07-22	196	1	3.15
2026-07-22	31	0.327	5.69
2026-07-22	85	1	1.49
2026-07-22	134	0.399	14.75
2026-07-22	218	2	1.39
2026-07-22	158	1	2.29
2026-07-22	139	0.19	14.95
2026-07-22	94	2.951	2.85
2026-07-22	39	1.885	3.99
2026-07-22	53	1	2.59
2026-07-22	127	2	2.49
2026-07-22	23	2	1.25
2026-07-22	136	0.181	12.95
2026-07-22	93	2	3
2026-07-22	194	1.542	2.75
2026-07-22	65	1	1.45
2026-07-22	97	0.177	1.75
2026-07-22	87	2	1.39
2026-07-22	46	0.233	3
2026-07-22	11	1.759	3.95
2026-07-22	140	0.318	12.95
2026-07-22	75	2	1.59
2026-07-22	30	1	1.89
2026-07-22	99	0.936	2.99
2026-07-22	41	2.222	1.85
2026-07-22	91	10.957	0.69
2026-07-22	224	1	0.99
2026-07-22	145	0.121	22.95
2026-07-22	165	1.002	5
2026-07-22	118	0.12	4
2026-07-22	80	1	2.99
2026-07-22	198	5.21	1.19
2026-07-22	42	2.468	1.39
2026-07-22	56	1	3.49
2026-07-22	125	1	2.35
2026-07-22	216	1	2.79
2026-07-22	61	1	1.89
2026-07-22	186	1	2.25
2026-07-22	78	5	1.09
2026-07-22	148	0.149	5.99
2026-07-22	93	3	3
2026-07-22	92	4.685	0.89
2026-07-22	124	2.574	1.55
2026-07-22	12	2.244	2.25
2026-07-22	208	2	0.95
2026-07-22	84	3	1.59
2026-07-22	48	1	1.99
2026-07-22	100	0.297	2.69
2026-07-22	81	3	1.25
2026-07-22	226	1	1.35
2026-07-22	127	1	2.49
2026-07-22	193	3	2.5
2026-07-22	209	1	1.19
2026-07-22	214	1	2.79
2026-07-23	137	0.304	18.75
2026-07-23	109	0.378	2.59
2026-07-23	57	1	1.35
2026-07-23	175	1	1.59
2026-07-23	43	2.911	1.79
2026-07-23	140	0.341	12.95
2026-07-23	68	1	1.99
2026-07-23	38	3.423	1.89
2026-07-23	111	2.011	1.75
2026-07-23	52	3	0.99
2026-07-23	167	3	1.59
2026-07-23	190	1	3.15
2026-07-23	148	0.157	5.99
2026-07-23	99	0.191	2.99
2026-07-23	128	1	2.25
2026-07-23	114	1.927	4.5
2026-07-23	190	2	3.15
2026-07-23	215	1	2.79
2026-07-23	23	2	1.25
2026-07-23	209	1	1.19
2026-07-23	85	1	1.49
2026-07-23	105	1.314	1.75
2026-07-23	8	1	2.25
2026-07-23	72	3	0.95
2026-07-23	3	1	1.45
2026-07-23	213	1	2.85
2026-07-23	146	0.7	14.39
2026-07-23	107	2.055	1.99
2026-07-23	30	3	1.89
2026-07-23	94	2.035	2.85
2026-07-23	43	1.218	1.79
2026-07-23	4	4	1.05
2026-07-23	112	1.541	2.59
2026-07-23	193	3	2.5
2026-07-23	138	1.355	4.59
2026-07-23	102	0.193	1.75
2026-07-23	28	3	2.85
2026-07-23	101	2.523	3
2026-07-23	208	2	0.95
2026-07-23	121	7.07	1.29
2026-07-23	190	1	3.15
2026-07-23	162	1	1.19
2026-07-23	166	1	2.45
2026-07-23	35	1	1.35
2026-07-23	166	2	2.45
2026-07-23	149	0.281	4.99
2026-07-23	190	1	3.15
2026-07-23	106	4.382	1.99
2026-07-23	187	1.009	5.45
2026-07-23	93	5	3
2026-07-23	78	5	1.09
2026-07-23	69	5	1.25
2026-07-23	88	1.32	2.19
2026-07-23	121	6.31	1.29
2026-07-23	84	4	1.59
2026-07-23	125	2	2.35
2026-07-23	27	1	2.59
2026-07-23	101	1.427	3
2026-07-23	82	4	0.99
2026-07-23	73	2	1.49
2026-07-23	46	0.247	3
2026-07-23	80	1	2.99
2026-07-23	152	1	1.75
2026-07-23	141	0.116	11.89
2026-07-23	18	7.385	1.35
2026-07-23	66	2	1.59
2026-07-23	81	1	1.25
2026-07-23	134	0.185	14.75
2026-07-23	77	1	2.35
2026-07-23	199	2.224	2.19
2026-07-23	55	1	2.99
2026-07-23	118	0.125	4
2026-07-23	41	2.119	1.85
2026-07-23	195	4	2.25
2026-07-23	78	1	1.09
2026-07-23	94	1.642	2.85
2026-07-23	194	0.458	2.75
2026-07-23	196	2	3.15
2026-07-23	47	0.22	3
2026-07-23	108	0.153	2.35
2026-07-23	124	4.432	1.55
2026-07-23	71	1	1.99
2026-07-23	93	3	3
2026-07-23	65	1	1.45
2026-07-23	125	1	2.35
2026-07-23	194	5.295	2.75
2026-07-23	60	1	2.75
2026-07-23	139	0.201	14.95
2026-07-23	185	2	1.99
2026-07-23	74	1	2.35
2026-07-23	89	4.101	0.79
2026-07-23	75	3	1.59
2026-07-23	61	1	1.89
2026-07-23	226	1	1.35
2026-07-23	50	1	3
2026-07-23	158	1	2.29
2026-07-23	121	1.085	1.29
2026-07-23	48	1	1.99
2026-07-23	206	1	1.95
2026-07-23	197	1.329	2.25
2026-07-23	77	1	2.35
2026-07-23	158	1	2.29
2026-07-23	214	1	2.79
2026-07-23	16	1.04	1.25
2026-07-23	56	1	3.49
2026-07-23	76	3	0.79
2026-07-23	91	9.362	0.69
2026-07-23	144	0.267	5.39
2026-07-23	49	1	3
2026-07-23	53	1	2.59
2026-07-23	142	0.268	6.95
2026-07-23	211	2	1.15
2026-07-23	103	0.986	2.19
2026-07-23	52	6.626	0.99
2026-07-23	43	3.464	1.79
2026-07-23	11	1.02	3.95
2026-07-23	134	0.237	14.75
2026-07-23	219	2	0.99
2026-07-23	54	2	2.59
2026-07-23	41	0.346	1.85
2026-07-23	190	1	3.15
2026-07-23	12	2.369	2.25
2026-07-23	27	1	2.59
2026-07-23	98	0.813	2.3
2026-07-23	127	3	2.49
2026-07-23	121	2.225	1.29
2026-07-23	155	1	0.85
2026-07-23	79	3	1.55
2026-07-23	83	1.992	2.39
2026-07-23	96	0.816	2.5
2026-07-23	39	1.99	3.99
2026-07-23	9	3	0.85
2026-07-23	99	0.793	2.99
2026-07-23	113	0.016	4.25
2026-07-23	165	1.874	5
2026-07-23	186	1	2.25
2026-07-23	121	5.643	1.29
2026-07-23	207	1	1.29
2026-07-23	93	2	3
2026-07-23	93	1	3
2026-07-23	24	0.933	1.19
2026-07-23	216	1	2.79
2026-07-23	92	4.955	0.89
2026-07-23	59	0.07	4
2026-07-23	196	1	3.15
2026-07-23	249	1	2.29
2026-07-23	52	4.909	0.99
2026-07-23	117	0.408	2.5
2026-07-23	91	6.754	0.69
2026-07-23	178	0.456	3.29
2026-07-23	55	2	2.99
2026-07-23	124	4.31	1.55
2026-07-23	122	0.043	2.99
2026-07-23	227	1	1.69
2026-07-23	197	3.067	2.25
2026-07-23	26	0.218	1.19
2026-07-23	187	1.039	5.45
2026-07-23	224	1	0.99
2026-07-23	136	0.191	12.95
2026-07-23	42	4.763	1.39
2026-07-23	76	6	0.79
2026-07-23	189	2	3.15
2026-07-23	44	8.166	1.75
2026-07-23	1	1	1.5
2026-07-23	41	1.757	1.85
2026-07-23	154	1	1.99
2026-07-23	189	1	3.15
2026-07-23	17	1	1.69
2026-07-23	65	1	1.45
2026-07-23	11	0.841	3.95
2026-07-23	28	1	2.85
2026-07-23	33	4.031	1.59
2026-07-23	100	0.312	2.69
2026-07-23	21	1	0.99
2026-07-23	58	1.064	2.49
2026-07-23	52	0.778	0.99
2026-07-23	166	1	2.45
2026-07-23	97	0.183	1.75
2026-07-23	135	0.303	12.95
2026-07-23	31	0.344	5.69
2026-07-23	153	1	1.99
2026-07-23	201	0.549	1.95
2026-07-23	95	3.665	2.39
2026-07-23	40	1	1.99
2026-07-23	89	16.899	0.79
2026-07-23	198	5.504	1.19
2026-07-23	218	4	1.39
2026-07-23	114	3.213	4.5
2026-07-23	81	3	1.25
2026-07-23	87	2	1.39
2026-07-23	250	0.213	2.39
2026-07-23	38	1.164	1.89
2026-07-23	93	1	3
2026-07-23	145	0.128	22.95
2026-07-23	130	3	1.89
2026-07-23	70	2	1.49
2026-07-23	40	1	1.99
2026-07-24	206	1	1.95
2026-07-24	55	1	2.99
2026-07-24	55	2	2.99
2026-07-24	1	1	1.5
2026-07-24	108	0.187	2.35
2026-07-24	145	0.155	22.95
2026-07-24	135	0.368	12.95
2026-07-24	136	0.231	12.95
2026-07-24	121	7.341	1.29
2026-07-24	218	5	1.39
2026-07-24	31	0.418	5.69
2026-07-24	219	2	0.99
2026-07-24	134	0.511	14.75
2026-07-24	167	2	1.59
2026-07-24	12	2.862	2.25
2026-07-24	101	2.823	3
2026-07-24	93	4	3
2026-07-24	94	2.109	2.85
2026-07-24	26	0.261	1.19
2026-07-24	194	1.036	2.75
2026-07-24	44	3.829	1.75
2026-07-24	146	0.847	14.39
2026-07-24	166	1	2.45
2026-07-24	56	1	3.49
2026-07-24	166	4	2.45
2026-07-24	154	1	1.99
2026-07-24	167	1	1.59
2026-07-24	137	0.078	18.75
2026-07-24	144	0.323	5.39
2026-07-24	24	1.126	1.19
2026-07-24	165	1.52	5
2026-07-24	52	5.02	0.99
2026-07-24	92	3.382	0.89
2026-07-24	50	1	3
2026-07-24	198	6.655	1.19
2026-07-24	76	6	0.79
2026-07-24	186	1	2.25
2026-07-24	189	1	3.15
2026-07-24	77	1	2.35
2026-07-24	27	1	2.59
2026-07-24	111	2.434	1.75
2026-07-24	71	1	1.99
2026-07-24	201	0.662	1.95
2026-07-24	38	3.085	1.89
2026-07-24	112	0.826	2.59
2026-07-24	114	2.673	4.5
2026-07-24	8	1	2.25
2026-07-24	124	7.265	1.55
2026-07-24	93	5	3
2026-07-24	187	0.806	5.45
2026-07-24	103	1.196	2.19
2026-07-24	130	1	1.89
2026-07-24	193	3	2.5
2026-07-24	227	1	1.69
2026-07-24	118	0.153	4
2026-07-24	56	1	3.49
2026-07-24	39	2.409	3.99
2026-07-24	42	3.511	1.39
2026-07-24	138	1.641	4.59
2026-07-24	117	0.496	2.5
2026-07-24	249	1	2.29
2026-07-24	91	18.188	0.69
2026-07-24	17	1	1.69
2026-07-24	30	1	1.89
2026-07-24	68	1	1.99
2026-07-24	121	9.426	1.29
2026-07-24	23	3	1.25
2026-07-24	52	5.374	0.99
2026-07-24	70	1	1.49
2026-07-24	152	1	1.75
2026-07-24	106	5.307	1.99
2026-07-24	127	1	2.49
2026-07-24	89	15.772	0.79
2026-07-24	28	2	2.85
2026-07-24	78	4	1.09
2026-07-24	78	3	1.09
2026-07-24	72	2	0.95
2026-07-24	215	1	2.79
2026-07-24	128	1	2.25
2026-07-24	83	1.586	2.39
2026-07-24	58	1.289	2.49
2026-07-24	79	4	1.55
2026-07-24	74	1	2.35
2026-07-24	59	0.085	4
2026-07-24	195	5	2.25
2026-07-24	127	3	2.49
2026-07-24	148	0.189	5.99
2026-07-24	38	2.429	1.89
2026-07-24	140	0.267	12.95
2026-07-24	66	2	1.59
2026-07-24	18	4.652	1.35
2026-07-24	81	1	1.25
2026-07-24	40	1	1.99
2026-07-24	46	0.3	3
2026-07-24	190	3	3.15
2026-07-24	187	1.673	5.45
2026-07-24	76	6	0.79
2026-07-24	61	1	1.89
2026-07-24	49	1	3
2026-07-24	94	0.277	2.85
2026-07-24	185	2	1.99
2026-07-24	70	2	1.49
2026-07-24	3	1	1.45
2026-07-24	162	1	1.19
2026-07-24	250	0.259	2.39
2026-07-24	197	5.258	2.25
2026-07-24	69	6	1.25
2026-07-24	11	2.251	3.95
2026-07-24	125	3	2.35
2026-07-24	43	5.888	1.79
2026-07-24	207	1	1.29
2026-07-24	48	1	1.99
2026-07-24	109	0.459	2.59
2026-07-24	47	0.267	3
2026-07-24	216	1	2.79
2026-07-24	140	0.146	12.95
2026-07-24	92	2.607	0.89
2026-07-24	54	2	2.59
2026-07-24	194	2.367	2.75
2026-07-24	53	1	2.59
2026-07-24	208	3	0.95
2026-07-24	153	1	1.99
2026-07-24	94	2.07	2.85
2026-07-24	60	1	2.75
2026-07-24	21	1	0.99
2026-07-24	52	8.131	0.99
2026-07-24	33	4.881	1.59
2026-07-24	62	1	1.85
2026-07-24	75	3	1.59
2026-07-24	209	2	1.19
2026-07-24	89	9.646	0.79
2026-07-24	65	2	1.45
2026-07-24	139	0.243	14.95
2026-07-24	91	1.304	0.69
2026-07-24	114	2.827	4.5
2026-07-24	4	4	1.05
2026-07-24	71	1	1.99
2026-07-24	141	0.14	11.89
2026-07-24	114	0.722	4.5
2026-07-24	185	1	1.99
2026-07-24	124	3.316	1.55
2026-07-24	100	0.379	2.69
2026-07-24	175	1	1.59
2026-07-24	27	1	2.59
2026-07-24	213	1	2.85
2026-07-24	30	2	1.89
2026-07-24	44	2.686	1.75
2026-07-24	95	3.268	2.39
2026-07-24	194	0.825	2.75
2026-07-24	42	2.259	1.39
2026-07-24	88	1.598	2.19
2026-07-24	83	0.824	2.39
2026-07-24	190	4	3.15
2026-07-24	98	0.983	2.3
2026-07-24	49	1	3
2026-07-24	93	2	3
2026-07-24	66	1	1.59
2026-07-24	19	1	2.5
2026-07-24	93	1	3
2026-07-24	96	0.988	2.5
2026-07-24	84	5	1.59
2026-07-24	121	0.388	1.29
2026-07-24	35	1	1.35
2026-07-24	99	1.194	2.99
2026-07-24	18	4.281	1.35
2026-07-24	137	0.29	18.75
2026-07-24	81	3	1.25
2026-07-24	107	2.482	1.99
2026-07-24	48	1	1.99
2026-07-24	112	1.035	2.59
2026-07-24	102	0.233	1.75
2026-07-24	82	4	0.99
2026-07-24	61	1	1.89
2026-07-24	211	2	1.15
2026-07-24	43	3.302	1.79
2026-07-24	93	2	3
2026-07-24	9	3	0.85
2026-07-24	85	1	1.49
2026-07-24	214	1	2.79
2026-07-24	73	2	1.49
2026-07-24	178	0.55	3.29
2026-07-24	149	0.339	4.99
2026-07-24	222	1	2.75
2026-07-24	199	2.694	2.19
2026-07-24	80	1	2.99
2026-07-24	226	2	1.35
2026-07-24	97	0.223	1.75
2026-07-24	196	1	3.15
2026-07-24	155	1	0.85
2026-07-24	165	0.75	5
2026-07-24	194	2.735	2.75
2026-07-24	122	0.054	2.99
2026-07-24	113	0.021	4.25
2026-07-24	57	1	1.35
2026-07-24	158	2	2.29
2026-07-24	121	9.884	1.29
2026-07-24	44	3.411	1.75
2026-07-24	95	1.167	2.39
2026-07-24	57	1	1.35
2026-07-24	28	3	2.85
2026-07-24	41	5.108	1.85
2026-07-24	193	1	2.5
2026-07-24	16	1.256	1.25
2026-07-24	142	0.324	6.95
2026-07-24	224	1	0.99
2026-07-24	207	1	1.29
2026-07-24	87	3	1.39
2026-07-24	76	2	0.79
2026-07-24	105	1.594	1.75
2026-07-24	130	3	1.89
2026-07-24	101	1.957	3
2026-07-25	51	0.095	2
2026-07-25	41	5.141	1.85
2026-07-25	1	1	1.5
2026-07-25	93	2	3
2026-07-25	76	1	0.79
2026-07-25	85	1	1.49
2026-07-25	144	0.378	5.39
2026-07-25	55	1	2.99
2026-07-25	189	2	3.15
2026-07-25	140	0.485	12.95
2026-07-25	91	8.507	0.69
2026-07-25	84	6	1.59
2026-07-25	124	6.742	1.55
2026-07-25	89	12.722	0.79
2026-07-25	117	0.58	2.5
2026-07-25	28	4	2.85
2026-07-25	43	4.933	1.79
2026-07-25	214	1	2.79
2026-07-25	114	2.138	4.5
2026-07-25	60	1	2.75
2026-07-25	190	3	3.15
2026-07-25	62	1	1.85
2026-07-25	125	3	2.35
2026-07-25	50	1	3
2026-07-25	81	5	1.25
2026-07-25	94	2.951	2.85
2026-07-25	211	3	1.15
2026-07-25	16	1.48	1.25
2026-07-25	190	4	3.15
2026-07-25	152	1	1.75
2026-07-25	9	4	0.85
2026-07-25	137	0.431	18.75
2026-07-25	193	1	2.5
2026-07-25	219	2	0.99
2026-07-25	43	5.855	1.79
2026-07-25	121	6.736	1.29
2026-07-25	73	1	1.49
2026-07-25	87	1	1.39
2026-07-25	112	2.185	2.59
2026-07-25	18	3.607	1.35
2026-07-25	207	2	1.29
2026-07-25	134	0.6	14.75
2026-07-25	39	0.987	3.99
2026-07-25	55	2	2.99
2026-07-25	206	1	1.95
2026-07-25	78	5	1.09
2026-07-25	199	1.338	2.19
2026-07-25	185	1	1.99
2026-07-25	167	2	1.59
2026-07-25	88	1.877	2.19
2026-07-25	61	1	1.89
2026-07-25	178	0.647	3.29
2026-07-25	250	0.305	2.39
2026-07-25	44	3.423	1.75
2026-07-25	38	6.524	1.89
2026-07-25	82	5	0.99
2026-07-25	205	1	3.65
2026-07-25	193	3	2.5
2026-07-25	18	2.126	1.35
2026-07-25	165	0.144	5
2026-07-25	154	1	1.99
2026-07-25	92	7.034	0.89
2026-07-25	76	4	0.79
2026-07-25	47	0.313	3
2026-07-25	198	7.815	1.19
2026-07-25	27	1	2.59
2026-07-25	93	3	3
2026-07-25	26	0.303	1.19
2026-07-25	114	2.962	4.5
2026-07-25	195	3	2.25
2026-07-25	166	1	2.45
2026-07-25	72	4	0.95
2026-07-25	30	1	1.89
2026-07-25	196	2	3.15
2026-07-25	66	1	1.59
2026-07-25	208	3	0.95
2026-07-25	100	0.446	2.69
2026-07-25	130	3	1.89
2026-07-25	226	2	1.35
2026-07-25	93	1	3
2026-07-25	193	1	2.5
2026-07-25	135	0.431	12.95
2026-07-25	28	1	2.85
2026-07-25	56	2	3.49
2026-07-25	125	1	2.35
2026-07-25	124	5.677	1.55
2026-07-25	195	3	2.25
2026-07-25	196	1	3.15
2026-07-25	71	2	1.99
2026-07-25	53	1	2.59
2026-07-25	122	0.064	2.99
2026-07-25	201	0.779	1.95
2026-07-25	59	0.1	4
2026-07-25	194	2.858	2.75
2026-07-25	111	2.851	1.75
2026-07-25	93	1	3
2026-07-25	3	1	1.45
2026-07-25	23	3	1.25
2026-07-25	109	0.537	2.59
2026-07-25	52	7.081	0.99
2026-07-25	98	1.157	2.3
2026-07-25	121	1.426	1.29
2026-07-25	99	1.401	2.99
2026-07-25	216	1	2.79
2026-07-25	165	0.866	5
2026-07-25	189	1	3.15
2026-07-25	158	2	2.29
2026-07-25	121	9.783	1.29
2026-07-25	190	1	3.15
2026-07-25	54	2	2.59
2026-07-25	121	5.767	1.29
2026-07-25	118	0.178	4
2026-07-25	209	2	1.19
2026-07-25	153	1	1.99
2026-07-25	33	0.925	1.59
2026-07-25	148	0.222	5.99
2026-07-25	79	3	1.55
2026-07-25	141	0.165	11.89
2026-07-25	121	5.946	1.29
2026-07-25	76	4	0.79
2026-07-25	70	1	1.49
2026-07-25	127	1	2.49
2026-07-25	35	1	1.35
2026-07-25	146	0.946	14.39
2026-07-25	194	3.785	2.75
2026-07-25	57	2	1.35
2026-07-25	4	5	1.05
2026-07-25	225	1	1.65
2026-07-25	87	2	1.39
2026-07-25	58	1.514	2.49
2026-07-25	24	1.319	1.19
2026-07-25	101	2.18	3
2026-07-25	75	4	1.59
2026-07-25	68	1	1.99
2026-07-25	167	2	1.59
2026-07-25	146	0.049	14.39
2026-07-25	136	0.271	12.95
2026-07-25	56	1	3.49
2026-07-25	222	1	2.75
2026-07-25	69	1	1.25
2026-07-25	40	1	1.99
2026-07-25	80	1	2.99
2026-07-25	93	2	3
2026-07-25	27	1	2.59
2026-07-25	186	1	2.25
2026-07-25	108	0.221	2.35
2026-07-25	189	1	3.15
2026-07-25	130	1	1.89
2026-07-25	142	0.38	6.95
2026-07-25	103	1.402	2.19
2026-07-25	213	1	2.85
2026-07-25	73	2	1.49
2026-07-25	93	3	3
2026-07-25	215	1	2.79
2026-07-25	95	5.209	2.39
2026-07-25	39	0.774	3.99
2026-07-25	83	1.569	2.39
2026-07-25	79	2	1.55
2026-07-25	76	6	0.79
2026-07-25	53	1	2.59
2026-07-25	128	1	2.25
2026-07-25	33	1.679	1.59
2026-07-25	107	0.995	1.99
2026-07-25	40	1	1.99
2026-07-25	74	1	2.35
2026-07-25	106	4.03	1.99
2026-07-25	41	0.859	1.85
2026-07-25	107	1.92	1.99
2026-07-25	127	1	2.49
2026-07-25	194	1.531	2.75
2026-07-25	94	2.277	2.85
2026-07-25	127	3	2.49
2026-07-25	138	1.926	4.59
2026-07-25	55	1	2.99
2026-07-25	97	0.263	1.75
2026-07-25	149	0.397	4.99
2026-07-25	113	0.024	4.25
2026-07-25	214	1	2.79
2026-07-25	33	3.132	1.59
2026-07-25	48	1	1.99
2026-07-25	139	0.048	14.95
2026-07-25	21	1	0.99
2026-07-25	65	2	1.45
2026-07-25	49	1	3
2026-07-25	227	1	1.69
2026-07-25	31	0.49	5.69
2026-07-25	155	1	0.85
2026-07-25	12	1.573	2.25
2026-07-25	49	1	3
2026-07-25	199	1.822	2.19
2026-07-25	52	14.677	0.99
2026-07-25	101	3.437	3
2026-07-25	83	1.268	2.39
2026-07-25	56	1	3.49
2026-07-25	218	5	1.39
2026-07-25	229	1	1.89
2026-07-25	69	6	1.25
2026-07-25	114	2.204	4.5
2026-07-25	19	1	2.5
2026-07-25	78	3	1.09
2026-07-25	96	1.16	2.5
2026-07-25	46	0.35	3
2026-07-25	44	5.149	1.75
2026-07-25	187	1.55	5.45
2026-07-25	42	3.453	1.39
2026-07-25	8	1	2.25
2026-07-25	105	1.874	1.75
2026-07-25	8	1	2.25
2026-07-25	93	4	3
2026-07-25	91	14.391	0.69
2026-07-25	106	2.196	1.99
2026-07-25	162	1	1.19
2026-07-25	121	2.07	1.29
2026-07-25	18	4.756	1.35
2026-07-25	145	0.182	22.95
2026-07-25	42	3.317	1.39
2026-07-25	77	1	2.35
2026-07-25	224	1	0.99
2026-07-25	89	17.127	0.79
2026-07-25	197	6.24	2.25
2026-07-25	17	1	1.69
2026-07-25	249	1	2.29
2026-07-25	11	1.696	3.95
2026-07-25	28	1	2.85
2026-07-25	165	1.654	5
2026-07-25	44	3.08	1.75
2026-07-25	213	1	2.85
2026-07-25	139	0.237	14.95
2026-07-25	12	1.787	2.25
2026-07-25	102	0.274	1.75
2026-07-25	187	1.36	5.45
2026-07-25	11	0.944	3.95
2026-07-25	39	1.065	3.99
2026-07-25	54	1	2.59
2026-07-25	175	1	1.59
2026-07-27	193	3	2.5
2026-07-27	133	1	1.49
2026-07-27	103	0.831	2.19
2026-07-27	218	3	1.39
2026-07-27	35	1	1.35
2026-07-27	96	0.688	2.5
2026-07-27	206	1	1.95
2026-07-27	199	1.872	2.19
2026-07-27	121	3.589	1.29
2026-07-27	189	2	3.15
2026-07-27	28	3	2.85
2026-07-27	219	1	0.99
2026-07-27	18	2.133	1.35
2026-07-27	56	2	3.49
2026-07-27	93	4	3
2026-07-27	152	1	1.75
2026-07-27	128	1	2.25
2026-07-27	117	0.344	2.5
2026-07-27	102	0.162	1.75
2026-07-27	94	1.53	2.85
2026-07-27	82	3	0.99
2026-07-27	158	1	2.29
2026-07-27	92	4.169	0.89
2026-07-27	66	2	1.59
2026-07-27	139	0.169	14.95
2026-07-27	97	0.154	1.75
2026-07-27	114	2.264	4.5
2026-07-27	144	0.224	5.39
2026-07-27	56	1	3.49
2026-07-27	38	2.312	1.89
2026-07-27	208	2	0.95
2026-07-27	42	4.014	1.39
2026-07-27	76	7	0.79
2026-07-27	55	2	2.99
2026-07-27	194	1.436	2.75
2026-07-27	38	1.55	1.89
2026-07-27	190	1	3.15
2026-07-27	65	1	1.45
2026-07-27	142	0.226	6.95
2026-07-27	62	1	1.85
2026-07-27	175	1	1.59
2026-07-27	50	1	3
2026-07-27	59	0.06	4
2026-07-27	124	1.71	1.55
2026-07-27	8	1	2.25
2026-07-27	197	1.538	2.25
2026-07-27	60	1	2.75
2026-07-27	225	1	1.65
2026-07-27	106	3.688	1.99
2026-07-27	136	0.161	12.95
2026-07-27	3	1	1.45
2026-07-27	140	0.287	12.95
2026-07-27	145	0.108	22.95
2026-07-27	118	0.105	4
2026-07-27	93	1	3
2026-07-27	73	1	1.49
2026-07-27	78	5	1.09
2026-07-27	167	2	1.59
2026-07-27	55	1	2.99
2026-07-27	21	1	0.99
2026-07-27	194	0.782	2.75
2026-07-27	39	1.579	3.99
2026-07-27	198	4.63	1.19
2026-07-27	127	1	2.49
2026-07-27	80	1	2.99
2026-07-27	57	1	1.35
2026-07-27	52	12.889	0.99
2026-07-27	12	1.996	2.25
2026-07-27	94	0.411	2.85
2026-07-27	112	1.297	2.59
2026-07-27	162	1	1.19
2026-07-27	155	1	0.85
2026-07-27	58	0.896	2.49
2026-07-27	205	1	3.65
2026-07-27	81	3	1.25
2026-07-27	19	1	2.5
2026-07-27	93	1	3
2026-07-27	49	1	3
2026-07-27	43	6.391	1.79
2026-07-27	95	2.054	2.39
2026-07-27	41	3.551	1.85
2026-07-27	4	3	1.05
2026-07-27	85	1	1.49
2026-07-27	33	3.396	1.59
2026-07-27	89	8.785	0.79
2026-07-27	165	1.578	5
2026-07-27	121	9.147	1.29
2026-07-27	91	13.101	0.69
2026-07-27	127	2	2.49
2026-07-27	114	2.064	4.5
2026-07-27	215	1	2.79
2026-07-27	227	1	1.69
2026-07-27	44	3.606	1.75
2026-07-27	134	0.355	14.75
2026-07-27	107	1.729	1.99
2026-07-27	211	2	1.15
2026-07-27	48	1	1.99
2026-07-27	72	2	0.95
2026-07-27	190	4	3.15
2026-07-27	84	4	1.59
2026-07-27	108	0.132	2.35
2026-07-27	95	1.029	2.39
2026-07-27	100	0.264	2.69
2026-07-27	18	2.489	1.35
2026-07-27	53	1	2.59
2026-07-27	46	0.207	3
2026-07-27	54	2	2.59
2026-07-27	69	4	1.25
2026-07-27	138	1.142	4.59
2026-07-27	141	0.098	11.89
2026-07-27	135	0.255	12.95
2026-07-27	77	1	2.35
2026-07-27	93	4	3
2026-07-27	44	3.297	1.75
2026-07-27	137	0.256	18.75
2026-07-27	71	1	1.99
2026-07-27	216	1	2.79
2026-07-27	17	1	1.69
2026-07-27	75	2	1.59
2026-07-27	40	1	1.99
2026-07-27	236	1	2.95
2026-07-27	148	0.132	5.99
2026-07-27	207	1	1.29
2026-07-27	24	0.782	1.19
2026-07-27	30	2	1.89
2026-07-27	226	1	1.35
2026-07-27	149	0.236	4.99
2026-07-27	124	5.652	1.55
2026-07-27	89	8.886	0.79
2026-07-27	73	1	1.49
2026-07-27	122	0.037	2.99
2026-07-27	153	1	1.99
2026-07-27	125	2	2.35
2026-07-27	101	3.327	3
2026-07-27	31	0.29	5.69
2026-07-27	74	1	2.35
2026-07-27	201	0.462	1.95
2026-07-27	224	1	0.99
2026-07-27	94	1.154	2.85
2026-07-27	121	6.07	1.29
2026-07-27	28	1	2.85
2026-07-27	26	0.185	1.19
2026-07-27	111	1.691	1.75
2026-07-27	9	1	0.85
2026-07-27	109	0.32	2.59
2026-07-27	23	2	1.25
2026-07-27	18	1.593	1.35
2026-07-27	79	3	1.55
2026-07-27	195	3	2.25
2026-07-27	11	1.565	3.95
2026-07-27	195	1	2.25
2026-07-27	249	1	2.29
2026-07-27	178	0.383	3.29
2026-07-27	83	1.678	2.39
2026-07-27	99	0.829	2.99
2026-07-27	196	2	3.15
2026-07-27	88	1.114	2.19
2026-07-27	222	1	2.75
2026-07-27	113	0.014	4.25
2026-07-27	187	1.725	5.45
2026-07-27	214	1	2.79
2026-07-27	68	1	1.99
2026-07-27	213	1	2.85
2026-07-27	130	1	1.89
2026-07-27	27	1	2.59
2026-07-27	70	2	1.49
2026-07-27	209	1	1.19
2026-07-27	146	0.59	14.39
2026-07-27	194	2.625	2.75
2026-07-27	197	2.16	2.25
2026-07-27	87	2	1.39
2026-07-27	250	0.18	2.39
2026-07-27	1	1	1.5
2026-07-27	154	1	1.99
2026-07-27	130	2	1.89
2026-07-27	213	1	2.85
2026-07-27	105	1.109	1.75
2026-07-27	98	0.683	2.3
2026-07-27	76	4	0.79
2026-07-27	61	1	1.89
2026-07-27	166	3	2.45
2026-07-27	185	2	1.99
2026-07-27	16	0.88	1.25
2026-07-27	186	1	2.25
2026-07-27	47	0.187	3
2026-07-28	213	1	2.85
2026-07-28	75	2	1.59
2026-07-28	89	4.038	0.79
2026-07-28	198	1.706	1.19
2026-07-28	24	0.832	1.19
2026-07-28	125	2	2.35
2026-07-28	208	2	0.95
2026-07-28	21	1	0.99
2026-07-28	41	3.773	1.85
2026-07-28	122	0.04	2.99
2026-07-28	9	2	0.85
2026-07-28	78	2	1.09
2026-07-28	194	1.676	2.75
2026-07-28	43	6.793	1.79
2026-07-28	195	1	2.25
2026-07-28	42	4.266	1.39
2026-07-28	236	1	2.95
2026-07-28	201	0.487	1.95
2026-07-28	226	1	1.35
2026-07-28	178	0.407	3.29
2026-07-28	47	0.197	3
2026-07-28	72	3	0.95
2026-07-28	61	1	1.89
2026-07-28	135	0.172	12.95
2026-07-28	121	3.45	1.29
2026-07-28	118	0.113	4
2026-07-28	186	1	2.25
2026-07-28	227	1	1.69
2026-07-28	205	1	3.65
2026-07-28	167	1	1.59
2026-07-28	148	0.14	5.99
2026-07-28	185	1	1.99
2026-07-28	196	1	3.15
2026-07-28	76	9	0.79
2026-07-28	98	0.726	2.3
2026-07-28	193	2	2.5
2026-07-28	58	0.952	2.49
2026-07-28	194	0.509	2.75
2026-07-28	190	1	3.15
2026-07-28	52	0.879	0.99
2026-07-28	89	8.051	0.79
2026-07-28	101	2.807	3
2026-07-28	57	1	1.35
2026-07-28	250	0.192	2.39
2026-07-28	222	1	2.75
2026-07-28	117	0.364	2.5
2026-07-28	62	1	1.85
2026-07-28	113	0.014	4.25
2026-07-28	135	0.099	12.95
2026-07-28	56	2	3.49
2026-07-28	103	0.886	2.19
2026-07-28	80	1	2.99
2026-07-28	8	1	2.25
2026-07-28	154	1	1.99
2026-07-28	149	0.251	4.99
2026-07-28	162	1	1.19
2026-07-28	138	1.211	4.59
2026-07-28	111	1.8	1.75
2026-07-28	71	1	1.99
2026-07-28	50	1	3
2026-07-28	92	4.427	0.89
2026-07-28	139	0.179	14.95
2026-07-28	91	9.841	0.69
2026-07-28	134	0.209	14.75
2026-07-28	199	1.991	2.19
2026-07-28	95	3.276	2.39
2026-07-28	145	0.115	22.95
2026-07-28	175	1	1.59
2026-07-28	60	1	2.75
2026-07-28	11	1.663	3.95
2026-07-28	137	0.272	18.75
2026-07-28	249	1	2.29
2026-07-28	65	1	1.45
2026-07-28	211	2	1.15
2026-07-28	130	2	1.89
2026-07-28	28	4	2.85
2026-07-28	17	1	1.69
2026-07-28	84	4	1.59
2026-07-28	130	1	1.89
2026-07-28	12	1.213	2.25
2026-07-28	77	1	2.35
2026-07-28	133	1	1.49
2026-07-28	70	2	1.49
2026-07-28	49	1	3
2026-07-28	100	0.279	2.69
2026-07-28	187	0.8	5.45
2026-07-28	206	1	1.95
2026-07-28	194	2.96	2.75
2026-07-28	66	2	1.59
2026-07-28	114	3.329	4.5
2026-07-28	59	0.063	4
2026-07-28	106	0.593	1.99
2026-07-28	106	3.327	1.99
2026-07-28	91	4.58	0.69
2026-07-28	193	1	2.5
2026-07-28	102	0.173	1.75
2026-07-28	121	5.45	1.29
2026-07-28	48	1	1.99
2026-07-28	99	0.883	2.99
2026-07-28	155	1	0.85
2026-07-28	185	1	1.99
2026-07-28	19	1	2.5
2026-07-28	46	0.22	3
2026-07-28	97	0.166	1.75
2026-07-28	69	4	1.25
2026-07-28	112	1.378	2.59
2026-07-28	166	1	2.45
2026-07-28	224	1	0.99
2026-07-28	195	3	2.25
2026-07-28	141	0.104	11.89
2026-07-28	209	1	1.19
2026-07-28	121	4.767	1.29
2026-07-28	73	1	1.49
2026-07-28	187	1.031	5.45
2026-07-28	124	2.535	1.55
2026-07-28	152	1	1.75
2026-07-28	96	0.728	2.5
2026-07-28	127	3	2.49
2026-07-28	18	6.615	1.35
2026-07-28	213	1	2.85
2026-07-28	165	1.678	5
2026-07-28	196	1	3.15
2026-07-28	82	4	0.99
2026-07-28	68	1	1.99
2026-07-28	20	1	0.99
2026-07-28	204	1	3.09
2026-07-28	78	3	1.09
2026-07-28	56	1	3.49
2026-07-28	114	1.271	4.5
2026-07-28	35	1	1.35
2026-07-28	54	2	2.59
2026-07-28	207	1	1.29
2026-07-28	23	2	1.25
2026-07-28	121	2.085	1.29
2026-07-28	89	0.785	0.79
2026-07-28	216	1	2.79
2026-07-28	225	1	1.65
2026-07-28	101	0.727	3
2026-07-28	144	0.239	5.39
2026-07-28	93	4	3
2026-07-28	44	6.88	1.75
2026-07-28	12	0.902	2.25
2026-07-28	121	1.674	1.29
2026-07-28	94	3.291	2.85
2026-07-28	93	2	3
2026-07-28	53	1	2.59
2026-07-28	52	6.929	0.99
2026-07-28	121	2.558	1.29
2026-07-28	40	1	1.99
2026-07-28	198	3.218	1.19
2026-07-28	79	3	1.55
2026-07-28	128	1	2.25
2026-07-28	109	0.34	2.59
2026-07-28	124	2.045	1.55
2026-07-28	166	3	2.45
2026-07-28	85	1	1.49
2026-07-28	16	0.928	1.25
2026-07-28	39	1.178	3.99
2026-07-28	124	3.239	1.55
2026-07-28	197	2.804	2.25
2026-07-28	26	0.193	1.19
2026-07-28	142	0.239	6.95
2026-07-28	3	1	1.45
2026-07-28	143	1	2.99
2026-07-28	40	1	1.99
2026-07-28	55	2	2.99
2026-07-28	89	5.911	0.79
2026-07-28	93	4	3
2026-07-28	140	0.305	12.95
2026-07-28	214	1	2.79
2026-07-28	153	1	1.99
2026-07-28	81	3	1.25
2026-07-28	38	4.111	1.89
2026-07-28	215	1	2.79
2026-07-28	31	0.309	5.69
2026-07-28	44	0.451	1.75
2026-07-28	167	2	1.59
2026-07-28	158	1	2.29
2026-07-28	87	2	1.39
2026-07-28	108	0.14	2.35
2026-07-28	190	4	3.15
2026-07-28	52	5.899	0.99
2026-07-28	74	1	2.35
2026-07-28	30	1	1.89
2026-07-28	55	1	2.99
2026-07-28	218	1	1.39
2026-07-28	218	3	1.39
2026-07-28	30	2	1.89
2026-07-28	1	1	1.5
2026-07-28	83	0.23	2.39
2026-07-28	146	0.626	14.39
2026-07-28	219	1	0.99
2026-07-28	134	0.169	14.75
2026-07-28	88	1.183	2.19
2026-07-28	27	1	2.59
2026-07-28	39	0.602	3.99
2026-07-28	136	0.171	12.95
2026-07-28	4	3	1.05
2026-07-28	105	1.177	1.75
2026-07-28	33	3.61	1.59
2026-07-28	73	1	1.49
2026-07-28	107	1.839	1.99
2026-07-28	197	1.124	2.25
2026-07-28	189	2	3.15
2026-07-28	83	1.552	2.39
2026-07-29	55	2	2.99
2026-07-29	193	1	2.5
2026-07-29	98	0.77	2.3
2026-07-29	60	1	2.75
2026-07-29	101	0.983	3
2026-07-29	43	5.939	1.79
2026-07-29	227	1	1.69
2026-07-29	207	1	1.29
2026-07-29	170	1	1.29
2026-07-29	178	0.432	3.29
2026-07-29	83	1.887	2.39
2026-07-29	39	1.19	3.99
2026-07-29	54	2	2.59
2026-07-29	166	1	2.45
2026-07-29	196	1	3.15
2026-07-29	33	1.61	1.59
2026-07-29	226	1	1.35
2026-07-29	148	0.149	5.99
2026-07-29	128	1	2.25
2026-07-29	65	1	1.45
2026-07-29	225	1	1.65
2026-07-29	127	3	2.49
2026-07-29	202	1	3.15
2026-07-29	114	2.369	4.5
2026-07-29	47	0.21	3
2026-07-29	102	0.183	1.75
2026-07-29	95	0.686	2.39
2026-07-29	109	0.359	2.59
2026-07-29	194	1.716	2.75
2026-07-29	249	1	2.29
2026-07-29	48	1	1.99
2026-07-29	88	1.251	2.19
2026-07-29	62	1	1.85
2026-07-29	71	1	1.99
2026-07-29	190	1	3.15
2026-07-29	89	0.949	0.79
2026-07-29	154	1	1.99
2026-07-29	193	2	2.5
2026-07-29	53	1	2.59
2026-07-29	41	2.481	1.85
2026-07-29	74	1	2.35
2026-07-29	16	0.984	1.25
2026-07-29	101	1.28	3
2026-07-29	76	10	0.79
2026-07-29	93	3	3
2026-07-29	70	2	1.49
2026-07-29	211	2	1.15
2026-07-29	96	0.772	2.5
2026-07-29	219	1	0.99
2026-07-29	41	1.514	1.85
2026-07-29	72	3	0.95
2026-07-29	106	2.508	1.99
2026-07-29	121	8.008	1.29
2026-07-29	125	1	2.35
2026-07-29	42	4.511	1.39
2026-07-29	66	2	1.59
2026-07-29	140	0.323	12.95
2026-07-29	111	1.194	1.75
2026-07-29	190	1	3.15
2026-07-29	158	1	2.29
2026-07-29	92	4.685	0.89
2026-07-29	73	2	1.49
2026-07-29	250	0.201	2.39
2026-07-29	134	0.397	14.75
2026-07-29	69	4	1.25
2026-07-29	142	0.253	6.95
2026-07-29	166	3	2.45
2026-07-29	79	3	1.55
2026-07-29	52	8.091	0.99
2026-07-29	43	1.251	1.79
2026-07-29	196	2	3.15
2026-07-29	186	1	2.25
2026-07-29	205	1	3.65
2026-07-29	30	1	1.89
2026-07-29	213	1	2.85
2026-07-29	122	0.043	2.99
2026-07-29	12	2.244	2.25
2026-07-29	204	1	3.09
2026-07-29	23	2	1.25
2026-07-29	27	1	2.59
2026-07-29	52	4.242	0.99
2026-07-29	38	4.349	1.89
2026-07-29	155	1	0.85
2026-07-29	93	5	3
2026-07-29	20	1	0.99
2026-07-29	215	1	2.79
2026-07-29	139	0.19	14.95
2026-07-29	24	0.882	1.19
2026-07-29	124	3.019	1.55
2026-07-29	236	1	2.95
2026-07-29	121	3.992	1.29
2026-07-29	28	1	2.85
2026-07-29	189	1	3.15
2026-07-29	213	1	2.85
2026-07-29	108	0.149	2.35
2026-07-29	138	0.566	4.59
2026-07-29	80	1	2.99
2026-07-29	68	1	1.99
2026-07-29	52	2.172	0.99
2026-07-29	153	1	1.99
2026-07-29	125	2	2.35
2026-07-29	82	3	0.99
2026-07-29	201	0.518	1.95
2026-07-29	117	0.388	2.5
2026-07-29	101	1.477	3
2026-07-29	55	1	2.99
2026-07-29	159	1	1.8
2026-07-29	190	4	3.15
2026-07-29	208	2	0.95
2026-07-29	18	7	1.35
2026-07-29	8	1	2.25
2026-07-29	30	2	1.89
2026-07-29	199	2.105	2.19
2026-07-29	28	3	2.85
2026-07-29	107	1.945	1.99
2026-07-29	91	15.261	0.69
2026-07-29	95	2.782	2.39
2026-07-29	157	1	3.55
2026-07-29	160	1	1.8
2026-07-29	84	4	1.59
2026-07-29	40	1	1.99
2026-07-29	93	2	3
2026-07-29	99	0.936	2.99
2026-07-29	19	1	2.5
2026-07-29	61	1	1.89
2026-07-29	167	3	1.59
2026-07-29	149	0.265	4.99
2026-07-29	81	2	1.25
2026-07-29	4	3	1.05
2026-07-29	26	0.202	1.19
2026-07-29	136	0.181	12.95
2026-07-29	130	3	1.89
2026-07-29	152	1	1.75
2026-07-29	59	0.068	4
2026-07-29	187	1.939	5.45
2026-07-29	214	1	2.79
2026-07-29	89	18.949	0.79
2026-07-29	44	3.486	1.75
2026-07-29	124	5.258	1.55
2026-07-29	114	2.5	4.5
2026-07-29	146	0.663	14.39
2026-07-29	49	1	3
2026-07-29	85	1	1.49
2026-07-29	78	5	1.09
2026-07-29	97	0.177	1.75
2026-07-29	145	0.121	22.95
2026-07-29	75	2	1.59
2026-07-29	33	2.214	1.59
2026-07-29	218	4	1.39
2026-07-29	113	0.016	4.25
2026-07-29	144	0.252	5.39
2026-07-29	56	2	3.49
2026-07-29	121	9.163	1.29
2026-07-29	40	1	1.99
2026-07-29	165	1.558	5
2026-07-29	87	2	1.39
2026-07-29	224	1	0.99
2026-07-29	216	1	2.79
2026-07-29	175	1	1.59
2026-07-29	56	1	3.49
2026-07-29	11	1.759	3.95
2026-07-29	141	0.11	11.89
2026-07-29	77	1	2.35
2026-07-29	185	2	1.99
2026-07-29	198	5.21	1.19
2026-07-29	3	1	1.45
2026-07-29	197	4.16	2.25
2026-07-29	231	1	1.39
2026-07-29	118	0.12	4
2026-07-29	221	1	2.35
2026-07-29	103	0.936	2.19
2026-07-29	9	2	0.85
2026-07-29	58	1.008	2.49
2026-07-29	35	1	1.35
2026-07-29	110	1	3
2026-07-29	81	1	1.25
2026-07-29	143	1	2.99
2026-07-29	111	0.703	1.75
2026-07-29	165	0.218	5
2026-07-29	106	1.648	1.99
2026-07-29	57	1	1.35
2026-07-29	195	3	2.25
2026-07-29	1	1	1.5
2026-07-29	21	1	0.99
2026-07-29	189	2	3.15
2026-07-29	75	1	1.59
2026-07-29	112	0.583	2.59
2026-07-29	77	1	2.35
2026-07-29	203	1	2.89
2026-07-29	39	0.694	3.99
2026-07-29	138	0.654	4.59
2026-07-29	50	1	3
2026-07-29	17	1	1.69
2026-07-29	133	1	1.49
2026-07-29	162	1	1.19
2026-07-29	195	1	2.25
2026-07-29	94	3.484	2.85
2026-07-29	31	0.327	5.69
2026-07-29	206	1	1.95
2026-07-29	105	1.246	1.75
2026-07-29	93	1	3
2026-07-29	194	3.731	2.75
2026-07-29	137	0.288	18.75
2026-07-29	46	0.233	3
2026-07-29	112	0.876	2.59
2026-07-29	135	0.287	12.95
2026-07-29	44	4.28	1.75
2026-07-29	209	1	1.19
2026-07-29	100	0.297	2.69
2026-07-29	222	1	2.75
2026-07-30	128	1	2.25
2026-07-30	94	0.944	2.85
2026-07-30	121	8.543	1.29
2026-07-30	93	1	3
2026-07-30	89	7.709	0.79
2026-07-30	196	1	3.15
2026-07-30	87	2	1.39
2026-07-30	60	1	2.75
2026-07-30	152	1	1.75
2026-07-30	200	1	2.25
2026-07-30	94	2.733	2.85
2026-07-30	218	4	1.39
2026-07-30	39	0.669	3.99
2026-07-30	40	1	1.99
2026-07-30	187	2.048	5.45
2026-07-30	137	0.029	18.75
2026-07-30	220	1	2.75
2026-07-30	62	1	1.85
2026-07-30	57	1	1.35
2026-07-30	44	3.834	1.75
2026-07-30	53	1	2.59
2026-07-30	114	2.467	4.5
2026-07-30	118	0.125	4
2026-07-30	50	1	3
2026-07-30	199	2.224	2.19
2026-07-30	79	2	1.55
2026-07-30	28	4	2.85
2026-07-30	161	1	1.25
2026-07-30	61	1	1.89
2026-07-30	107	2.055	1.99
2026-07-30	40	1	1.99
2026-07-30	4	4	1.05
2026-07-30	99	0.987	2.99
2026-07-30	43	1.14	1.79
2026-07-30	185	2	1.99
2026-07-30	109	0.378	2.59
2026-07-30	215	1	2.79
2026-07-30	82	4	0.99
2026-07-30	190	4	3.15
2026-07-30	108	0.153	2.35
2026-07-30	39	1.321	3.99
2026-07-30	8	1	2.25
2026-07-30	31	0.344	5.69
2026-07-30	84	4	1.59
2026-07-30	65	1	1.45
2026-07-30	47	0.22	3
2026-07-30	127	1	2.49
2026-07-30	231	1	1.39
2026-07-30	77	1	2.35
2026-07-30	72	3	0.95
2026-07-30	75	3	1.59
2026-07-30	141	0.116	11.89
2026-07-30	186	1	2.25
2026-07-30	148	0.157	5.99
2026-07-30	41	1.541	1.85
2026-07-30	1	1	1.5
2026-07-30	136	0.191	12.95
2026-07-30	27	1	2.59
2026-07-30	134	0.203	14.75
2026-07-30	196	2	3.15
2026-07-30	83	1.992	2.39
2026-07-30	78	5	1.09
2026-07-30	149	0.281	4.99
2026-07-30	121	2.915	1.29
2026-07-30	30	3	1.89
2026-07-30	153	1	1.99
2026-07-30	124	2.858	1.55
2026-07-30	146	0.63	14.39
2026-07-30	207	1	1.29
2026-07-30	106	4.382	1.99
2026-07-30	59	0.07	4
2026-07-30	127	2	2.49
2026-07-30	26	0.218	1.19
2026-07-30	165	1.354	5
2026-07-30	133	1	1.49
2026-07-30	154	1	1.99
2026-07-30	195	4	2.25
2026-07-30	81	1	1.25
2026-07-30	41	2.676	1.85
2026-07-30	112	1.541	2.59
2026-07-30	12	1.364	2.25
2026-07-30	93	1	3
2026-07-30	225	1	1.65
2026-07-30	214	1	2.79
2026-07-30	88	1.32	2.19
2026-07-30	249	1	2.29
2026-07-30	236	1	2.95
2026-07-30	203	1	2.89
2026-07-30	194	2.924	2.75
2026-07-30	198	5.504	1.19
2026-07-30	130	1	1.89
2026-07-30	33	1.107	1.59
2026-07-30	209	1	1.19
2026-07-30	113	0.016	4.25
2026-07-30	166	4	2.45
2026-07-30	146	0.069	14.39
2026-07-30	38	3.392	1.89
2026-07-30	70	2	1.49
2026-07-30	144	0.267	5.39
2026-07-30	132	1	1.25
2026-07-30	140	0.341	12.95
2026-07-30	66	2	1.59
2026-07-30	3	1	1.45
2026-07-30	93	1	3
2026-07-30	158	1	2.29
2026-07-30	20	1	0.99
2026-07-30	65	1	1.45
2026-07-30	46	0.247	3
2026-07-30	85	1	1.49
2026-07-30	135	0.303	12.95
2026-07-30	18	0.519	1.35
2026-07-30	121	5.535	1.29
2026-07-30	93	4	3
2026-07-30	222	1	2.75
2026-07-30	134	0.22	14.75
2026-07-30	48	1	1.99
2026-07-30	124	5.884	1.55
2026-07-30	250	0.213	2.39
2026-07-30	91	16.101	0.69
2026-07-30	17	1	1.69
2026-07-30	117	0.408	2.5
2026-07-30	101	0.683	3
2026-07-30	78	1	1.09
2026-07-30	12	1	2.25
2026-07-30	73	2	1.49
2026-07-30	71	1	1.99
2026-07-30	158	1	2.29
2026-07-30	101	3.267	3
2026-07-30	221	1	2.35
2026-07-30	54	2	2.59
2026-07-30	52	11.263	0.99
2026-07-30	55	1	2.99
2026-07-30	170	1	1.29
2026-07-30	189	2	3.15
2026-07-30	111	2.011	1.75
2026-07-30	24	0.933	1.19
2026-07-30	157	1	3.55
2026-07-30	145	0.128	22.95
2026-07-30	165	0.52	5
2026-07-30	35	1	1.35
2026-07-30	27	1	2.59
2026-07-30	205	1	3.65
2026-07-30	19	1	2.5
2026-07-30	219	2	0.99
2026-07-30	178	0.456	3.29
2026-07-30	21	1	0.99
2026-07-30	224	1	0.99
2026-07-30	114	1.967	4.5
2026-07-30	44	4.36	1.75
2026-07-30	130	2	1.89
2026-07-30	139	0.201	14.95
2026-07-30	100	0.312	2.69
2026-07-30	121	5.349	1.29
2026-07-30	213	1	2.85
2026-07-30	97	0.183	1.75
2026-07-30	42	4.763	1.39
2026-07-30	33	2.925	1.59
2026-07-30	58	1.064	2.49
2026-07-30	9	2	0.85
2026-07-30	103	0.986	2.19
2026-07-30	160	1	1.8
2026-07-30	69	5	1.25
2026-07-30	143	1	2.99
2026-07-30	159	1	1.8
2026-07-30	23	2	1.25
2026-07-30	96	0.816	2.5
2026-07-30	95	2.498	2.39
2026-07-30	194	2.829	2.75
2026-07-30	110	1	3
2026-07-30	76	12	0.79
2026-07-30	125	2	2.35
2026-07-30	206	1	1.95
2026-07-30	216	1	2.79
2026-07-30	80	1	2.99
2026-07-30	93	3	3
2026-07-30	114	0.707	4.5
2026-07-30	52	4.051	0.99
2026-07-30	125	1	2.35
2026-07-30	92	2.697	0.89
2026-07-30	138	1.355	4.59
2026-07-30	204	1	3.09
2026-07-30	11	1.858	3.95
2026-07-30	227	1	1.69
2026-07-30	189	1	3.15
2026-07-30	211	2	1.15
2026-07-30	16	1.04	1.25
2026-07-30	202	1	3.15
2026-07-30	142	0.268	6.95
2026-07-30	247	1	1.99
2026-07-30	68	1	1.99
2026-07-30	38	1.196	1.89
2026-07-30	162	1	1.19
2026-07-30	197	4.391	2.25
2026-07-30	190	2	3.15
2026-07-30	56	1	3.49
2026-07-30	155	1	0.85
2026-07-30	167	3	1.59
2026-07-30	98	0.813	2.3
2026-07-30	43	6.453	1.79
2026-07-30	175	1	1.59
2026-07-30	95	1.167	2.39
2026-07-30	74	1	2.35
2026-07-30	102	0.193	1.75
2026-07-30	92	2.258	0.89
2026-07-30	137	0.275	18.75
2026-07-30	208	1	0.95
2026-07-30	105	1.314	1.75
2026-07-30	18	6.867	1.35
2026-07-30	201	0.549	1.95
2026-07-30	122	0.043	2.99
2026-07-30	93	1	3
2026-07-30	79	1	1.55
2026-07-30	81	3	1.25
2026-07-30	89	13.291	0.79
2026-07-30	49	1	3
2026-07-30	77	1	2.35
2026-07-30	226	1	1.35
2026-07-30	93	1	3
2026-07-30	193	3	2.5
2026-07-31	133	1	1.49
2026-07-31	93	1	3
2026-07-31	44	7.16	1.75
2026-07-31	124	7.69	1.55
2026-07-31	14	0.305	0.95
2026-07-31	46	0.317	3
2026-07-31	194	4.244	2.75
2026-07-31	206	1	1.95
2026-07-31	4	4	1.05
2026-07-31	27	1	2.59
2026-07-31	166	1	2.45
2026-07-31	99	1.174	2.99
2026-07-31	72	4	0.95
2026-07-31	92	6.056	0.89
2026-07-31	127	4	2.49
2026-07-31	185	2	1.99
2026-07-31	71	1	1.99
2026-07-31	68	1	1.99
2026-07-31	103	1.151	2.19
2026-07-31	194	2.058	2.75
2026-07-31	121	2.062	1.29
2026-07-31	69	6	1.25
2026-07-31	11	2.248	3.95
2026-07-31	91	11.957	0.69
2026-07-31	112	0.305	2.59
2026-07-31	80	1	2.99
2026-07-31	43	1.207	1.79
2026-07-31	225	1	1.65
2026-07-31	50	1	3
2026-07-31	216	1	2.79
2026-07-31	197	1.391	2.25
2026-07-31	76	3	0.79
2026-07-31	62	1	1.85
2026-07-31	124	2.903	1.55
2026-07-31	136	0.226	12.95
2026-07-31	87	3	1.39
2026-07-31	48	1	1.99
2026-07-31	227	1	1.69
2026-07-31	84	5	1.59
2026-07-31	121	6.372	1.29
2026-07-31	197	2.271	2.25
2026-07-31	207	1	1.29
2026-07-31	52	6.717	0.99
2026-07-31	190	4	3.15
2026-07-31	76	7	0.79
2026-07-31	137	0.368	18.75
2026-07-31	117	0.5	2.5
2026-07-31	214	1	2.79
2026-07-31	122	0.074	2.99
2026-07-31	49	1	3
2026-07-31	132	1	1.25
2026-07-31	140	0.3	12.95
2026-07-31	38	1.397	1.89
2026-07-31	21	1	0.99
2026-07-31	57	1	1.35
2026-07-31	205	1	3.65
2026-07-31	202	1	3.15
2026-07-31	82	3	0.99
2026-07-31	101	2.753	3
2026-07-31	1	1	1.5
2026-07-31	93	1	3
2026-07-31	134	0.137	14.75
2026-07-31	96	0.968	2.5
2026-07-31	112	1.537	2.59
2026-07-31	81	4	1.25
2026-07-31	47	0.267	3
2026-07-31	70	2	1.49
2026-07-31	8	1	2.25
2026-07-31	149	0.335	4.99
2026-07-31	93	5	3
2026-07-31	85	1	1.49
2026-07-31	224	1	0.99
2026-07-31	42	5.763	1.39
2026-07-31	218	2	1.39
2026-07-31	58	1.301	2.49
2026-07-31	196	3	3.15
2026-07-31	167	3	1.59
2026-07-31	204	1	3.09
2026-07-31	89	3.506	0.79
2026-07-31	161	1	1.25
2026-07-31	65	2	1.45
2026-07-31	61	1	1.89
2026-07-31	203	1	2.89
2026-07-31	209	2	1.19
2026-07-31	89	10.899	0.79
2026-07-31	44	2.771	1.75
2026-07-31	38	4.175	1.89
2026-07-31	12	2.849	2.25
2026-07-31	201	0.651	1.95
2026-07-31	190	3	3.15
2026-07-31	98	0.996	2.3
2026-07-31	139	0.247	14.95
2026-07-31	93	2	3
2026-07-31	114	1.664	4.5
2026-07-31	70	1	1.49
2026-07-31	3	1	1.45
2026-07-31	128	1	2.25
2026-07-31	101	2.03	3
2026-07-31	49	1	3
2026-07-31	108	0.174	2.35
2026-07-31	148	0.189	5.99
2026-07-31	187	2.488	5.45
2026-07-31	110	1	3
2026-07-31	74	1	2.35
2026-07-31	152	1	1.75
2026-07-31	130	1	1.89
2026-07-31	166	1	2.45
2026-07-31	134	0.374	14.75
2026-07-31	28	4	2.85
2026-07-31	56	1	3.49
2026-07-31	19	1	2.5
2026-07-31	199	2.543	2.19
2026-07-31	236	1	2.95
2026-07-31	75	3	1.59
2026-07-31	178	0.547	3.29
2026-07-31	189	1	3.15
2026-07-31	23	3	1.25
2026-07-31	175	1	1.59
2026-07-31	207	1	1.29
2026-07-31	61	1	1.89
2026-07-31	20	1	0.99
2026-07-31	97	0.234	1.75
2026-07-31	40	1	1.99
2026-07-31	41	2.903	1.85
2026-07-31	78	7	1.09
2026-07-31	195	3	2.25
2026-07-31	106	4	1.99
2026-07-31	39	1.609	3.99
2026-07-31	145	0.154	22.95
2026-07-31	197	1.653	2.25
2026-07-31	39	0.805	3.99
2026-07-31	215	1	2.79
2026-07-31	52	8.556	0.99
2026-07-31	162	1	1.19
2026-07-31	165	0.96	5
2026-07-31	114	1.582	4.5
2026-07-31	157	1	3.55
2026-07-31	165	0.466	5
2026-07-31	105	1.611	1.75
2026-07-31	143	1	2.99
2026-07-31	27	1	2.59
2026-07-31	155	1	0.85
2026-07-31	250	0.251	2.39
2026-07-31	154	1	1.99
2026-07-31	125	3	2.35
2026-07-31	213	1	2.85
2026-07-31	52	3.222	0.99
2026-07-31	48	1	1.99
2026-07-31	121	1.93	1.29
2026-07-31	113	0.026	4.25
2026-07-31	41	2.216	1.85
2026-07-31	121	1.581	1.29
2026-07-31	66	2	1.59
2026-07-31	9	4	0.85
2026-07-31	141	0.141	11.89
2026-07-31	95	4.477	2.39
2026-07-31	79	4	1.55
2026-07-31	102	0.233	1.75
2026-07-31	18	8.4	1.35
2026-07-31	107	2.487	1.99
2026-07-31	208	3	0.95
2026-07-31	140	0.117	12.95
2026-07-31	158	2	2.29
2026-07-31	249	1	2.29
2026-07-31	121	8.899	1.29
2026-07-31	226	2	1.35
2026-07-31	186	1	2.25
2026-07-31	138	1.649	4.59
2026-07-31	54	1	2.59
2026-07-31	219	2	0.99
2026-07-31	114	1.282	4.5
2026-07-31	160	1	1.8
2026-07-31	142	0.322	6.95
2026-07-31	43	7.983	1.79
2026-07-31	54	1	2.59
2026-07-31	222	1	2.75
2026-07-31	170	1	1.29
2026-07-31	221	1	2.35
2026-07-31	220	1	2.75
2026-07-31	100	0.379	2.69
2026-07-31	66	1	1.59
2026-07-31	109	0.456	2.59
2026-07-31	165	0.848	5
2026-07-31	59	0.095	4
2026-07-31	33	4.887	1.59
2026-07-31	146	0.848	14.39
2026-07-31	195	1	2.25
2026-07-31	111	2.417	1.75
2026-07-31	55	1	2.99
2026-07-31	198	1.076	1.19
2026-07-31	35	1	1.35
2026-07-31	56	1	3.49
2026-07-31	56	2	3.49
2026-07-31	118	0.158	4
2026-07-31	200	1	2.25
2026-07-31	91	7.594	0.69
2026-07-31	93	2	3
2026-07-31	31	0.425	5.69
2026-07-31	73	2	1.49
2026-07-31	89	10.759	0.79
2026-07-31	114	1.7	4.5
2026-07-31	76	3	0.79
2026-07-31	135	0.337	12.95
2026-07-31	53	1	2.59
2026-07-31	153	1	1.99
2026-07-31	93	3	3
2026-07-31	24	1.126	1.19
2026-07-31	16	1.28	1.25
2026-07-31	218	3	1.39
2026-07-31	185	1	1.99
2026-07-31	211	2	1.15
2026-07-31	247	1	1.99
2026-07-31	71	1	1.99
2026-07-31	30	1	1.89
2026-07-31	83	2.41	2.39
2026-07-31	26	0.252	1.19
2026-07-31	60	1	2.75
2026-07-31	28	1	2.85
2026-07-31	18	0.57	1.35
2026-07-31	30	2	1.89
2026-07-31	121	6.202	1.29
2026-07-31	17	1	1.69
2026-07-31	193	4	2.5
2026-07-31	77	2	2.35
2026-07-31	144	0.323	5.39
2026-07-31	57	1	1.35
2026-07-31	166	3	2.45
2026-07-31	194	0.644	2.75
2026-07-31	94	3.13	2.85
2026-07-31	88	1.589	2.19
2026-07-31	159	1	1.8
2026-07-31	106	1.296	1.99
2026-07-31	55	2	2.99
2026-07-31	130	3	1.89
2026-07-31	198	5.58	1.19
2026-07-31	231	1	1.39
2026-07-31	195	1	2.25
2026-07-31	94	1.323	2.85
2026-07-31	217	1	1.59